file,label_id,code,condition,condition_bn,urgency
oral_1_000000.jpg,1,oral_normal,oral_normal,স্বাভাবিক মুখের ভেতর,routine
oral_1_000001.jpg,1,oral_normal,oral_normal,স্বাভাবিক মুখের ভেতর,routine
oral_0_000002.jpg,0,oral_scc,oral_scc,মুখের ক্যানসারের মতো পরিবর্তন (OSC সন্দেহ),urgent
oral_1_000003.jpg,1,oral_normal,oral_normal,স্বাভাবিক মুখের ভেতর,routine
oral_1_000004.jpg,1,oral_normal,oral_normal,স্বাভাবিক মুখের ভেতর,routine
oral_0_000005.jpg,0,oral_scc,oral_scc,মুখের ক্যানসারের মতো পরিবর্তন (OSC সন্দেহ),urgent
oral_1_000006.jpg,1,oral_normal,oral_normal,স্বাভাবিক মুখের ভেতর,routine
oral_1_000007.jpg,1,oral_normal,oral_normal,স্বাভাবিক মুখের ভেতর,routine
oral_0_000008.jpg,0,oral_scc,oral_scc,মুখের ক্যানসারের মতো পরিবর্তন (OSC সন্দেহ),urgent
oral_0_000009.jpg,0,oral_scc,oral_scc,মুখের ক্যানসারের মতো পরিবর্তন (OSC সন্দেহ),urgent
oral_1_000010.jpg,1,oral_normal,oral_normal,স্বাভাবিক মুখের ভেতর,routine
oral_0_000011.jpg,0,oral_scc,oral_scc,মুখের ক্যানসারের মতো পরিবর্তন (OSC সন্দেহ),urgent
oral_0_000012.jpg,0,oral_scc,oral_scc,মুখের ক্যানসারের মতো পরিবর্তন (OSC সন্দেহ),urgent
oral_1_000013.jpg,1,oral_normal,oral_normal,স্বাভাবিক মুখের ভেতর,routine
oral_1_000014.jpg,1,oral_normal,oral_normal,স্বাভাবিক মুখের ভেতর,routine
oral_0_000015.jpg,0,oral_scc,oral_scc,মুখের ক্যানসারের মতো পরিবর্তন (OSC সন্দেহ),urgent
oral_0_000016.jpg,0,oral_scc,oral_scc,মুখের ক্যানসারের মতো পরিবর্তন (OSC সন্দেহ),urgent
oral_0_000017.jpg,0,oral_scc,oral_scc,মুখের ক্যানসারের মতো পরিবর্তন (OSC সন্দেহ),urgent
oral_1_000018.jpg,1,oral_normal,oral_normal,স্বাভাবিক মুখের ভেতর,routine
oral_0_000019.jpg,0,oral_scc,oral_scc,মুখের ক্যানসারের মতো পরিবর্তন (OSC সন্দেহ),urgent
oral_1_000020.jpg,1,oral_normal,oral_normal,স্বাভাবিক মুখের ভেতর,routine
oral_0_000021.jpg,0,oral_scc,oral_scc,মুখের ক্যানসারের মতো পরিবর্তন (OSC সন্দেহ),urgent
oral_1_000022.jpg,1,oral_normal,oral_normal,স্বাভাবিক মুখের ভেতর,routine
oral_1_000023.jpg,1,oral_normal,oral_normal,স্বাভাবিক মুখের ভেতর,routine
oral_0_000024.jpg,0,oral_scc,oral_scc,মুখের ক্যানসারের মতো পরিবর্তন (OSC সন্দেহ),urgent
oral_1_000025.jpg,1,oral_normal,oral_normal,স্বাভাবিক মুখের ভেতর,routine
oral_0_000026.jpg,0,oral_scc,oral_scc,মুখের ক্যানসারের মতো পরিবর্তন (OSC সন্দেহ),urgent
oral_0_000027.jpg,0,oral_scc,oral_scc,মুখের ক্যানসারের মতো পরিবর্তন (OSC সন্দেহ),urgent
oral_1_000028.jpg,1,oral_normal,oral_normal,স্বাভাবিক মুখের ভেতর,routine
oral_0_000029.jpg,0,oral_scc,oral_scc,মুখের ক্যানসারের মতো পরিবর্তন (OSC সন্দেহ),urgent
oral_0_000030.jpg,0,oral_scc,oral_scc,মুখের ক্যানসারের মতো পরিবর্তন (OSC সন্দেহ),urgent
oral_1_000031.jpg,1,oral_normal,oral_normal,স্বাভাবিক মুখের ভেতর,routine
oral_0_000032.jpg,0,oral_scc,oral_scc,মুখের ক্যানসারের মতো পরিবর্তন (OSC সন্দেহ),urgent
oral_0_000033.jpg,0,oral_scc,oral_scc,মুখের ক্যানসারের মতো পরিবর্তন (OSC সন্দেহ),urgent
oral_1_000034.jpg,1,oral_normal,oral_normal,স্বাভাবিক মুখের ভেতর,routine
oral_1_000035.jpg,1,oral_normal,oral_normal,স্বাভাবিক মুখের ভেতর,routine
oral_0_000036.jpg,0,oral_scc,oral_scc,মুখের ক্যানসারের মতো পরিবর্তন (OSC সন্দেহ),urgent
oral_1_000037.jpg,1,oral_normal,oral_normal,স্বাভাবিক মুখের ভেতর,routine
oral_1_000038.jpg,1,oral_normal,oral_normal,স্বাভাবিক মুখের ভেতর,routine
oral_1_000039.jpg,1,oral_normal,oral_normal,স্বাভাবিক মুখের ভেতর,routine
oral_1_000040.jpg,1,oral_normal,oral_normal,স্বাভাবিক মুখের ভেতর,routine
oral_0_000041.jpg,0,oral_scc,oral_scc,মুখের ক্যানসারের মতো পরিবর্তন (OSC সন্দেহ),urgent
oral_1_000042.jpg,1,oral_normal,oral_normal,স্বাভাবিক মুখের ভেতর,routine
oral_1_000043.jpg,1,oral_normal,oral_normal,স্বাভাবিক মুখের ভেতর,routine
oral_0_000044.jpg,0,oral_scc,oral_scc,মুখের ক্যানসারের মতো পরিবর্তন (OSC সন্দেহ),urgent
oral_1_000045.jpg,1,oral_normal,oral_normal,স্বাভাবিক মুখের ভেতর,routine
oral_1_000046.jpg,1,oral_normal,oral_normal,স্বাভাবিক মুখের ভেতর,routine
oral_0_000047.jpg,0,oral_scc,oral_scc,মুখের ক্যানসারের মতো পরিবর্তন (OSC সন্দেহ),urgent
oral_0_000048.jpg,0,oral_scc,oral_scc,মুখের ক্যানসারের মতো পরিবর্তন (OSC সন্দেহ),urgent
oral_0_000049.jpg,0,oral_scc,oral_scc,মুখের ক্যানসারের মতো পরিবর্তন (OSC সন্দেহ),urgent
oral_1_000050.jpg,1,oral_normal,oral_normal,স্বাভাবিক মুখের ভেতর,routine
oral_0_000051.jpg,0,oral_scc,oral_scc,মুখের ক্যানসারের মতো পরিবর্তন (OSC সন্দেহ),urgent
oral_0_000052.jpg,0,oral_scc,oral_scc,মুখের ক্যানসারের মতো পরিবর্তন (OSC সন্দেহ),urgent
oral_0_000053.jpg,0,oral_scc,oral_scc,মুখের ক্যানসারের মতো পরিবর্তন (OSC সন্দেহ),urgent
oral_0_000054.jpg,0,oral_scc,oral_scc,মুখের ক্যানসারের মতো পরিবর্তন (OSC সন্দেহ),urgent
oral_0_000055.jpg,0,oral_scc,oral_scc,মুখের ক্যানসারের মতো পরিবর্তন (OSC সন্দেহ),urgent
oral_1_000056.jpg,1,oral_normal,oral_normal,স্বাভাবিক মুখের ভেতর,routine
oral_0_000057.jpg,0,oral_scc,oral_scc,মুখের ক্যানসারের মতো পরিবর্তন (OSC সন্দেহ),urgent
oral_0_000058.jpg,0,oral_scc,oral_scc,মুখের ক্যানসারের মতো পরিবর্তন (OSC সন্দেহ),urgent
oral_0_000059.jpg,0,oral_scc,oral_scc,মুখের ক্যানসারের মতো পরিবর্তন (OSC সন্দেহ),urgent
oral_1_000060.jpg,1,oral_normal,oral_normal,স্বাভাবিক মুখের ভেতর,routine
oral_0_000061.jpg,0,oral_scc,oral_scc,মুখের ক্যানসারের মতো পরিবর্তন (OSC সন্দেহ),urgent
oral_1_000062.jpg,1,oral_normal,oral_normal,স্বাভাবিক মুখের ভেতর,routine
oral_0_000063.jpg,0,oral_scc,oral_scc,মুখের ক্যানসারের মতো পরিবর্তন (OSC সন্দেহ),urgent
oral_1_000064.jpg,1,oral_normal,oral_normal,স্বাভাবিক মুখের ভেতর,routine
oral_0_000065.jpg,0,oral_scc,oral_scc,মুখের ক্যানসারের মতো পরিবর্তন (OSC সন্দেহ),urgent
oral_0_000066.jpg,0,oral_scc,oral_scc,মুখের ক্যানসারের মতো পরিবর্তন (OSC সন্দেহ),urgent
oral_0_000067.jpg,0,oral_scc,oral_scc,মুখের ক্যানসারের মতো পরিবর্তন (OSC সন্দেহ),urgent
oral_1_000068.jpg,1,oral_normal,oral_normal,স্বাভাবিক মুখের ভেতর,routine
oral_0_000069.jpg,0,oral_scc,oral_scc,মুখের ক্যানসারের মতো পরিবর্তন (OSC সন্দেহ),urgent
oral_1_000070.jpg,1,oral_normal,oral_normal,স্বাভাবিক মুখের ভেতর,routine
oral_1_000071.jpg,1,oral_normal,oral_normal,স্বাভাবিক মুখের ভেতর,routine
oral_1_000072.jpg,1,oral_normal,oral_normal,স্বাভাবিক মুখের ভেতর,routine
oral_1_000073.jpg,1,oral_normal,oral_normal,স্বাভাবিক মুখের ভেতর,routine
oral_1_000074.jpg,1,oral_normal,oral_normal,স্বাভাবিক মুখের ভেতর,routine
oral_1_000075.jpg,1,oral_normal,oral_normal,স্বাভাবিক মুখের ভেতর,routine
oral_0_000076.jpg,0,oral_scc,oral_scc,মুখের ক্যানসারের মতো পরিবর্তন (OSC সন্দেহ),urgent
oral_1_000077.jpg,1,oral_normal,oral_normal,স্বাভাবিক মুখের ভেতর,routine
oral_0_000078.jpg,0,oral_scc,oral_scc,মুখের ক্যানসারের মতো পরিবর্তন (OSC সন্দেহ),urgent
oral_1_000079.jpg,1,oral_normal,oral_normal,স্বাভাবিক মুখের ভেতর,routine
oral_1_000080.jpg,1,oral_normal,oral_normal,স্বাভাবিক মুখের ভেতর,routine
oral_1_000081.jpg,1,oral_normal,oral_normal,স্বাভাবিক মুখের ভেতর,routine
oral_1_000082.jpg,1,oral_normal,oral_normal,স্বাভাবিক মুখের ভেতর,routine
oral_1_000083.jpg,1,oral_normal,oral_normal,স্বাভাবিক মুখের ভেতর,routine
oral_1_000084.jpg,1,oral_normal,oral_normal,স্বাভাবিক মুখের ভেতর,routine
oral_0_000085.jpg,0,oral_scc,oral_scc,মুখের ক্যানসারের মতো পরিবর্তন (OSC সন্দেহ),urgent
oral_0_000086.jpg,0,oral_scc,oral_scc,মুখের ক্যানসারের মতো পরিবর্তন (OSC সন্দেহ),urgent
oral_1_000087.jpg,1,oral_normal,oral_normal,স্বাভাবিক মুখের ভেতর,routine
oral_1_000088.jpg,1,oral_normal,oral_normal,স্বাভাবিক মুখের ভেতর,routine
oral_0_000089.jpg,0,oral_scc,oral_scc,মুখের ক্যানসারের মতো পরিবর্তন (OSC সন্দেহ),urgent
oral_1_000090.jpg,1,oral_normal,oral_normal,স্বাভাবিক মুখের ভেতর,routine
oral_0_000091.jpg,0,oral_scc,oral_scc,মুখের ক্যানসারের মতো পরিবর্তন (OSC সন্দেহ),urgent
oral_1_000092.jpg,1,oral_normal,oral_normal,স্বাভাবিক মুখের ভেতর,routine
oral_1_000093.jpg,1,oral_normal,oral_normal,স্বাভাবিক মুখের ভেতর,routine
oral_1_000094.jpg,1,oral_normal,oral_normal,স্বাভাবিক মুখের ভেতর,routine
oral_0_000095.jpg,0,oral_scc,oral_scc,মুখের ক্যানসারের মতো পরিবর্তন (OSC সন্দেহ),urgent
oral_1_000096.jpg,1,oral_normal,oral_normal,স্বাভাবিক মুখের ভেতর,routine
oral_1_000097.jpg,1,oral_normal,oral_normal,স্বাভাবিক মুখের ভেতর,routine
oral_1_000098.jpg,1,oral_normal,oral_normal,স্বাভাবিক মুখের ভেতর,routine
oral_0_000099.jpg,0,oral_scc,oral_scc,মুখের ক্যানসারের মতো পরিবর্তন (OSC সন্দেহ),urgent
oral_1_000100.jpg,1,oral_normal,oral_normal,স্বাভাবিক মুখের ভেতর,routine
oral_1_000101.jpg,1,oral_normal,oral_normal,স্বাভাবিক মুখের ভেতর,routine
oral_1_000102.jpg,1,oral_normal,oral_normal,স্বাভাবিক মুখের ভেতর,routine
oral_0_000103.jpg,0,oral_scc,oral_scc,মুখের ক্যানসারের মতো পরিবর্তন (OSC সন্দেহ),urgent
oral_1_000104.jpg,1,oral_normal,oral_normal,স্বাভাবিক মুখের ভেতর,routine
oral_0_000105.jpg,0,oral_scc,oral_scc,মুখের ক্যানসারের মতো পরিবর্তন (OSC সন্দেহ),urgent
oral_0_000106.jpg,0,oral_scc,oral_scc,মুখের ক্যানসারের মতো পরিবর্তন (OSC সন্দেহ),urgent
oral_1_000107.jpg,1,oral_normal,oral_normal,স্বাভাবিক মুখের ভেতর,routine
oral_0_000108.jpg,0,oral_scc,oral_scc,মুখের ক্যানসারের মতো পরিবর্তন (OSC সন্দেহ),urgent
oral_1_000109.jpg,1,oral_normal,oral_normal,স্বাভাবিক মুখের ভেতর,routine
oral_1_000110.jpg,1,oral_normal,oral_normal,স্বাভাবিক মুখের ভেতর,routine
oral_1_000111.jpg,1,oral_normal,oral_normal,স্বাভাবিক মুখের ভেতর,routine
oral_0_000112.jpg,0,oral_scc,oral_scc,মুখের ক্যানসারের মতো পরিবর্তন (OSC সন্দেহ),urgent
oral_1_000113.jpg,1,oral_normal,oral_normal,স্বাভাবিক মুখের ভেতর,routine
oral_1_000114.jpg,1,oral_normal,oral_normal,স্বাভাবিক মুখের ভেতর,routine
oral_1_000115.jpg,1,oral_normal,oral_normal,স্বাভাবিক মুখের ভেতর,routine
oral_1_000116.jpg,1,oral_normal,oral_normal,স্বাভাবিক মুখের ভেতর,routine
oral_1_000117.jpg,1,oral_normal,oral_normal,স্বাভাবিক মুখের ভেতর,routine
oral_1_000118.jpg,1,oral_normal,oral_normal,স্বাভাবিক মুখের ভেতর,routine
oral_0_000119.jpg,0,oral_scc,oral_scc,মুখের ক্যানসারের মতো পরিবর্তন (OSC সন্দেহ),urgent
oral_0_000120.jpg,0,oral_scc,oral_scc,মুখের ক্যানসারের মতো পরিবর্তন (OSC সন্দেহ),urgent
oral_0_000121.jpg,0,oral_scc,oral_scc,মুখের ক্যানসারের মতো পরিবর্তন (OSC সন্দেহ),urgent
oral_0_000122.jpg,0,oral_scc,oral_scc,মুখের ক্যানসারের মতো পরিবর্তন (OSC সন্দেহ),urgent
oral_0_000123.jpg,0,oral_scc,oral_scc,মুখের ক্যানসারের মতো পরিবর্তন (OSC সন্দেহ),urgent
oral_0_000124.jpg,0,oral_scc,oral_scc,মুখের ক্যানসারের মতো পরিবর্তন (OSC সন্দেহ),urgent
oral_1_000125.jpg,1,oral_normal,oral_normal,স্বাভাবিক মুখের ভেতর,routine
oral_1_000126.jpg,1,oral_normal,oral_normal,স্বাভাবিক মুখের ভেতর,routine
oral_1_000127.jpg,1,oral_normal,oral_normal,স্বাভাবিক মুখের ভেতর,routine
oral_1_000128.jpg,1,oral_normal,oral_normal,স্বাভাবিক মুখের ভেতর,routine
oral_1_000129.jpg,1,oral_normal,oral_normal,স্বাভাবিক মুখের ভেতর,routine
oral_0_000130.jpg,0,oral_scc,oral_scc,মুখের ক্যানসারের মতো পরিবর্তন (OSC সন্দেহ),urgent
oral_1_000131.jpg,1,oral_normal,oral_normal,স্বাভাবিক মুখের ভেতর,routine
oral_1_000132.jpg,1,oral_normal,oral_normal,স্বাভাবিক মুখের ভেতর,routine
oral_0_000133.jpg,0,oral_scc,oral_scc,মুখের ক্যানসারের মতো পরিবর্তন (OSC সন্দেহ),urgent
oral_0_000134.jpg,0,oral_scc,oral_scc,মুখের ক্যানসারের মতো পরিবর্তন (OSC সন্দেহ),urgent
oral_0_000135.jpg,0,oral_scc,oral_scc,মুখের ক্যানসারের মতো পরিবর্তন (OSC সন্দেহ),urgent
oral_1_000136.jpg,1,oral_normal,oral_normal,স্বাভাবিক মুখের ভেতর,routine
oral_1_000137.jpg,1,oral_normal,oral_normal,স্বাভাবিক মুখের ভেতর,routine
oral_0_000138.jpg,0,oral_scc,oral_scc,মুখের ক্যানসারের মতো পরিবর্তন (OSC সন্দেহ),urgent
oral_0_000139.jpg,0,oral_scc,oral_scc,মুখের ক্যানসারের মতো পরিবর্তন (OSC সন্দেহ),urgent
oral_0_000140.jpg,0,oral_scc,oral_scc,মুখের ক্যানসারের মতো পরিবর্তন (OSC সন্দেহ),urgent
oral_1_000141.jpg,1,oral_normal,oral_normal,স্বাভাবিক মুখের ভেতর,routine
oral_0_000142.jpg,0,oral_scc,oral_scc,মুখের ক্যানসারের মতো পরিবর্তন (OSC সন্দেহ),urgent
oral_0_000143.jpg,0,oral_scc,oral_scc,মুখের ক্যানসারের মতো পরিবর্তন (OSC সন্দেহ),urgent
oral_1_000144.jpg,1,oral_normal,oral_normal,স্বাভাবিক মুখের ভেতর,routine
oral_0_000145.jpg,0,oral_scc,oral_scc,মুখের ক্যানসারের মতো পরিবর্তন (OSC সন্দেহ),urgent
oral_0_000146.jpg,0,oral_scc,oral_scc,মুখের ক্যানসারের মতো পরিবর্তন (OSC সন্দেহ),urgent
oral_0_000147.jpg,0,oral_scc,oral_scc,মুখের ক্যানসারের মতো পরিবর্তন (OSC সন্দেহ),urgent
oral_1_000148.jpg,1,oral_normal,oral_normal,স্বাভাবিক মুখের ভেতর,routine
oral_1_000149.jpg,1,oral_normal,oral_normal,স্বাভাবিক মুখের ভেতর,routine
oral_1_000150.jpg,1,oral_normal,oral_normal,স্বাভাবিক মুখের ভেতর,routine
oral_0_000151.jpg,0,oral_scc,oral_scc,মুখের ক্যানসারের মতো পরিবর্তন (OSC সন্দেহ),urgent
oral_0_000152.jpg,0,oral_scc,oral_scc,মুখের ক্যানসারের মতো পরিবর্তন (OSC সন্দেহ),urgent
oral_1_000153.jpg,1,oral_normal,oral_normal,স্বাভাবিক মুখের ভেতর,routine
oral_1_000154.jpg,1,oral_normal,oral_normal,স্বাভাবিক মুখের ভেতর,routine
oral_1_000155.jpg,1,oral_normal,oral_normal,স্বাভাবিক মুখের ভেতর,routine
oral_1_000156.jpg,1,oral_normal,oral_normal,স্বাভাবিক মুখের ভেতর,routine
oral_1_000157.jpg,1,oral_normal,oral_normal,স্বাভাবিক মুখের ভেতর,routine
oral_0_000158.jpg,0,oral_scc,oral_scc,মুখের ক্যানসারের মতো পরিবর্তন (OSC সন্দেহ),urgent
oral_0_000159.jpg,0,oral_scc,oral_scc,মুখের ক্যানসারের মতো পরিবর্তন (OSC সন্দেহ),urgent
oral_1_000160.jpg,1,oral_normal,oral_normal,স্বাভাবিক মুখের ভেতর,routine
oral_0_000161.jpg,0,oral_scc,oral_scc,মুখের ক্যানসারের মতো পরিবর্তন (OSC সন্দেহ),urgent
oral_1_000162.jpg,1,oral_normal,oral_normal,স্বাভাবিক মুখের ভেতর,routine
oral_1_000163.jpg,1,oral_normal,oral_normal,স্বাভাবিক মুখের ভেতর,routine
oral_0_000164.jpg,0,oral_scc,oral_scc,মুখের ক্যানসারের মতো পরিবর্তন (OSC সন্দেহ),urgent
oral_1_000165.jpg,1,oral_normal,oral_normal,স্বাভাবিক মুখের ভেতর,routine
oral_1_000166.jpg,1,oral_normal,oral_normal,স্বাভাবিক মুখের ভেতর,routine
oral_1_000167.jpg,1,oral_normal,oral_normal,স্বাভাবিক মুখের ভেতর,routine
oral_1_000168.jpg,1,oral_normal,oral_normal,স্বাভাবিক মুখের ভেতর,routine
oral_0_000169.jpg,0,oral_scc,oral_scc,মুখের ক্যানসারের মতো পরিবর্তন (OSC সন্দেহ),urgent
oral_1_000170.jpg,1,oral_normal,oral_normal,স্বাভাবিক মুখের ভেতর,routine
oral_0_000171.jpg,0,oral_scc,oral_scc,মুখের ক্যানসারের মতো পরিবর্তন (OSC সন্দেহ),urgent
oral_0_000172.jpg,0,oral_scc,oral_scc,মুখের ক্যানসারের মতো পরিবর্তন (OSC সন্দেহ),urgent
oral_0_000173.jpg,0,oral_scc,oral_scc,মুখের ক্যানসারের মতো পরিবর্তন (OSC সন্দেহ),urgent
oral_1_000174.jpg,1,oral_normal,oral_normal,স্বাভাবিক মুখের ভেতর,routine
oral_0_000175.jpg,0,oral_scc,oral_scc,মুখের ক্যানসারের মতো পরিবর্তন (OSC সন্দেহ),urgent
oral_1_000176.jpg,1,oral_normal,oral_normal,স্বাভাবিক মুখের ভেতর,routine
oral_1_000177.jpg,1,oral_normal,oral_normal,স্বাভাবিক মুখের ভেতর,routine
oral_0_000178.jpg,0,oral_scc,oral_scc,মুখের ক্যানসারের মতো পরিবর্তন (OSC সন্দেহ),urgent
oral_1_000179.jpg,1,oral_normal,oral_normal,স্বাভাবিক মুখের ভেতর,routine
oral_0_000180.jpg,0,oral_scc,oral_scc,মুখের ক্যানসারের মতো পরিবর্তন (OSC সন্দেহ),urgent
oral_1_000181.jpg,1,oral_normal,oral_normal,স্বাভাবিক মুখের ভেতর,routine
oral_0_000182.jpg,0,oral_scc,oral_scc,মুখের ক্যানসারের মতো পরিবর্তন (OSC সন্দেহ),urgent
oral_1_000183.jpg,1,oral_normal,oral_normal,স্বাভাবিক মুখের ভেতর,routine
oral_1_000184.jpg,1,oral_normal,oral_normal,স্বাভাবিক মুখের ভেতর,routine
oral_1_000185.jpg,1,oral_normal,oral_normal,স্বাভাবিক মুখের ভেতর,routine
oral_1_000186.jpg,1,oral_normal,oral_normal,স্বাভাবিক মুখের ভেতর,routine
oral_1_000187.jpg,1,oral_normal,oral_normal,স্বাভাবিক মুখের ভেতর,routine
oral_1_000188.jpg,1,oral_normal,oral_normal,স্বাভাবিক মুখের ভেতর,routine
oral_1_000189.jpg,1,oral_normal,oral_normal,স্বাভাবিক মুখের ভেতর,routine
oral_1_000190.jpg,1,oral_normal,oral_normal,স্বাভাবিক মুখের ভেতর,routine
oral_0_000191.jpg,0,oral_scc,oral_scc,মুখের ক্যানসারের মতো পরিবর্তন (OSC সন্দেহ),urgent
oral_0_000192.jpg,0,oral_scc,oral_scc,মুখের ক্যানসারের মতো পরিবর্তন (OSC সন্দেহ),urgent
oral_0_000193.jpg,0,oral_scc,oral_scc,মুখের ক্যানসারের মতো পরিবর্তন (OSC সন্দেহ),urgent
oral_0_000194.jpg,0,oral_scc,oral_scc,মুখের ক্যানসারের মতো পরিবর্তন (OSC সন্দেহ),urgent
oral_0_000195.jpg,0,oral_scc,oral_scc,মুখের ক্যানসারের মতো পরিবর্তন (OSC সন্দেহ),urgent
oral_1_000196.jpg,1,oral_normal,oral_normal,স্বাভাবিক মুখের ভেতর,routine
oral_0_000197.jpg,0,oral_scc,oral_scc,মুখের ক্যানসারের মতো পরিবর্তন (OSC সন্দেহ),urgent
oral_0_000198.jpg,0,oral_scc,oral_scc,মুখের ক্যানসারের মতো পরিবর্তন (OSC সন্দেহ),urgent
oral_1_000199.jpg,1,oral_normal,oral_normal,স্বাভাবিক মুখের ভেতর,routine
oral_0_000200.jpg,0,oral_scc,oral_scc,মুখের ক্যানসারের মতো পরিবর্তন (OSC সন্দেহ),urgent
oral_0_000201.jpg,0,oral_scc,oral_scc,মুখের ক্যানসারের মতো পরিবর্তন (OSC সন্দেহ),urgent
oral_0_000202.jpg,0,oral_scc,oral_scc,মুখের ক্যানসারের মতো পরিবর্তন (OSC সন্দেহ),urgent
oral_0_000203.jpg,0,oral_scc,oral_scc,মুখের ক্যানসারের মতো পরিবর্তন (OSC সন্দেহ),urgent
oral_1_000204.jpg,1,oral_normal,oral_normal,স্বাভাবিক মুখের ভেতর,routine
oral_1_000205.jpg,1,oral_normal,oral_normal,স্বাভাবিক মুখের ভেতর,routine
oral_1_000206.jpg,1,oral_normal,oral_normal,স্বাভাবিক মুখের ভেতর,routine
oral_0_000207.jpg,0,oral_scc,oral_scc,মুখের ক্যানসারের মতো পরিবর্তন (OSC সন্দেহ),urgent
oral_1_000208.jpg,1,oral_normal,oral_normal,স্বাভাবিক মুখের ভেতর,routine
oral_1_000209.jpg,1,oral_normal,oral_normal,স্বাভাবিক মুখের ভেতর,routine
oral_1_000210.jpg,1,oral_normal,oral_normal,স্বাভাবিক মুখের ভেতর,routine
oral_1_000211.jpg,1,oral_normal,oral_normal,স্বাভাবিক মুখের ভেতর,routine
oral_1_000212.jpg,1,oral_normal,oral_normal,স্বাভাবিক মুখের ভেতর,routine
oral_0_000213.jpg,0,oral_scc,oral_scc,মুখের ক্যানসারের মতো পরিবর্তন (OSC সন্দেহ),urgent
oral_1_000214.jpg,1,oral_normal,oral_normal,স্বাভাবিক মুখের ভেতর,routine
oral_1_000215.jpg,1,oral_normal,oral_normal,স্বাভাবিক মুখের ভেতর,routine
oral_1_000216.jpg,1,oral_normal,oral_normal,স্বাভাবিক মুখের ভেতর,routine
oral_1_000217.jpg,1,oral_normal,oral_normal,স্বাভাবিক মুখের ভেতর,routine
oral_0_000218.jpg,0,oral_scc,oral_scc,মুখের ক্যানসারের মতো পরিবর্তন (OSC সন্দেহ),urgent
oral_0_000219.jpg,0,oral_scc,oral_scc,মুখের ক্যানসারের মতো পরিবর্তন (OSC সন্দেহ),urgent
oral_1_000220.jpg,1,oral_normal,oral_normal,স্বাভাবিক মুখের ভেতর,routine
oral_1_000221.jpg,1,oral_normal,oral_normal,স্বাভাবিক মুখের ভেতর,routine
oral_0_000222.jpg,0,oral_scc,oral_scc,মুখের ক্যানসারের মতো পরিবর্তন (OSC সন্দেহ),urgent
oral_1_000223.jpg,1,oral_normal,oral_normal,স্বাভাবিক মুখের ভেতর,routine
oral_1_000224.jpg,1,oral_normal,oral_normal,স্বাভাবিক মুখের ভেতর,routine
oral_1_000225.jpg,1,oral_normal,oral_normal,স্বাভাবিক মুখের ভেতর,routine
oral_0_000226.jpg,0,oral_scc,oral_scc,মুখের ক্যানসারের মতো পরিবর্তন (OSC সন্দেহ),urgent
oral_1_000227.jpg,1,oral_normal,oral_normal,স্বাভাবিক মুখের ভেতর,routine
oral_1_000228.jpg,1,oral_normal,oral_normal,স্বাভাবিক মুখের ভেতর,routine
oral_0_000229.jpg,0,oral_scc,oral_scc,মুখের ক্যানসারের মতো পরিবর্তন (OSC সন্দেহ),urgent
oral_0_000230.jpg,0,oral_scc,oral_scc,মুখের ক্যানসারের মতো পরিবর্তন (OSC সন্দেহ),urgent
oral_1_000231.jpg,1,oral_normal,oral_normal,স্বাভাবিক মুখের ভেতর,routine
oral_0_000232.jpg,0,oral_scc,oral_scc,মুখের ক্যানসারের মতো পরিবর্তন (OSC সন্দেহ),urgent
oral_1_000233.jpg,1,oral_normal,oral_normal,স্বাভাবিক মুখের ভেতর,routine
oral_1_000234.jpg,1,oral_normal,oral_normal,স্বাভাবিক মুখের ভেতর,routine
oral_0_000235.jpg,0,oral_scc,oral_scc,মুখের ক্যানসারের মতো পরিবর্তন (OSC সন্দেহ),urgent
oral_0_000236.jpg,0,oral_scc,oral_scc,মুখের ক্যানসারের মতো পরিবর্তন (OSC সন্দেহ),urgent
oral_0_000237.jpg,0,oral_scc,oral_scc,মুখের ক্যানসারের মতো পরিবর্তন (OSC সন্দেহ),urgent
oral_1_000238.jpg,1,oral_normal,oral_normal,স্বাভাবিক মুখের ভেতর,routine
oral_1_000239.jpg,1,oral_normal,oral_normal,স্বাভাবিক মুখের ভেতর,routine
oral_0_000240.jpg,0,oral_scc,oral_scc,মুখের ক্যানসারের মতো পরিবর্তন (OSC সন্দেহ),urgent
oral_0_000241.jpg,0,oral_scc,oral_scc,মুখের ক্যানসারের মতো পরিবর্তন (OSC সন্দেহ),urgent
oral_1_000242.jpg,1,oral_normal,oral_normal,স্বাভাবিক মুখের ভেতর,routine
oral_0_000243.jpg,0,oral_scc,oral_scc,মুখের ক্যানসারের মতো পরিবর্তন (OSC সন্দেহ),urgent
oral_0_000244.jpg,0,oral_scc,oral_scc,মুখের ক্যানসারের মতো পরিবর্তন (OSC সন্দেহ),urgent
oral_0_000245.jpg,0,oral_scc,oral_scc,মুখের ক্যানসারের মতো পরিবর্তন (OSC সন্দেহ),urgent
oral_1_000246.jpg,1,oral_normal,oral_normal,স্বাভাবিক মুখের ভেতর,routine
oral_0_000247.jpg,0,oral_scc,oral_scc,মুখের ক্যানসারের মতো পরিবর্তন (OSC সন্দেহ),urgent
oral_0_000248.jpg,0,oral_scc,oral_scc,মুখের ক্যানসারের মতো পরিবর্তন (OSC সন্দেহ),urgent
oral_1_000249.jpg,1,oral_normal,oral_normal,স্বাভাবিক মুখের ভেতর,routine
oral_1_000250.jpg,1,oral_normal,oral_normal,স্বাভাবিক মুখের ভেতর,routine
oral_0_000251.jpg,0,oral_scc,oral_scc,মুখের ক্যানসারের মতো পরিবর্তন (OSC সন্দেহ),urgent
oral_0_000252.jpg,0,oral_scc,oral_scc,মুখের ক্যানসারের মতো পরিবর্তন (OSC সন্দেহ),urgent
oral_0_000253.jpg,0,oral_scc,oral_scc,মুখের ক্যানসারের মতো পরিবর্তন (OSC সন্দেহ),urgent
oral_1_000254.jpg,1,oral_normal,oral_normal,স্বাভাবিক মুখের ভেতর,routine
oral_0_000255.jpg,0,oral_scc,oral_scc,মুখের ক্যানসারের মতো পরিবর্তন (OSC সন্দেহ),urgent
oral_1_000256.jpg,1,oral_normal,oral_normal,স্বাভাবিক মুখের ভেতর,routine
oral_1_000257.jpg,1,oral_normal,oral_normal,স্বাভাবিক মুখের ভেতর,routine
oral_1_000258.jpg,1,oral_normal,oral_normal,স্বাভাবিক মুখের ভেতর,routine
oral_0_000259.jpg,0,oral_scc,oral_scc,মুখের ক্যানসারের মতো পরিবর্তন (OSC সন্দেহ),urgent
oral_1_000260.jpg,1,oral_normal,oral_normal,স্বাভাবিক মুখের ভেতর,routine
oral_0_000261.jpg,0,oral_scc,oral_scc,মুখের ক্যানসারের মতো পরিবর্তন (OSC সন্দেহ),urgent
oral_1_000262.jpg,1,oral_normal,oral_normal,স্বাভাবিক মুখের ভেতর,routine
oral_1_000263.jpg,1,oral_normal,oral_normal,স্বাভাবিক মুখের ভেতর,routine
oral_1_000264.jpg,1,oral_normal,oral_normal,স্বাভাবিক মুখের ভেতর,routine
oral_1_000265.jpg,1,oral_normal,oral_normal,স্বাভাবিক মুখের ভেতর,routine
oral_0_000266.jpg,0,oral_scc,oral_scc,মুখের ক্যানসারের মতো পরিবর্তন (OSC সন্দেহ),urgent
oral_0_000267.jpg,0,oral_scc,oral_scc,মুখের ক্যানসারের মতো পরিবর্তন (OSC সন্দেহ),urgent
oral_1_000268.jpg,1,oral_normal,oral_normal,স্বাভাবিক মুখের ভেতর,routine
oral_0_000269.jpg,0,oral_scc,oral_scc,মুখের ক্যানসারের মতো পরিবর্তন (OSC সন্দেহ),urgent
oral_0_000270.jpg,0,oral_scc,oral_scc,মুখের ক্যানসারের মতো পরিবর্তন (OSC সন্দেহ),urgent
oral_0_000271.jpg,0,oral_scc,oral_scc,মুখের ক্যানসারের মতো পরিবর্তন (OSC সন্দেহ),urgent
oral_0_000272.jpg,0,oral_scc,oral_scc,মুখের ক্যানসারের মতো পরিবর্তন (OSC সন্দেহ),urgent
oral_0_000273.jpg,0,oral_scc,oral_scc,মুখের ক্যানসারের মতো পরিবর্তন (OSC সন্দেহ),urgent
oral_0_000274.jpg,0,oral_scc,oral_scc,মুখের ক্যানসারের মতো পরিবর্তন (OSC সন্দেহ),urgent
oral_1_000275.jpg,1,oral_normal,oral_normal,স্বাভাবিক মুখের ভেতর,routine
oral_0_000276.jpg,0,oral_scc,oral_scc,মুখের ক্যানসারের মতো পরিবর্তন (OSC সন্দেহ),urgent
oral_0_000277.jpg,0,oral_scc,oral_scc,মুখের ক্যানসারের মতো পরিবর্তন (OSC সন্দেহ),urgent
oral_0_000278.jpg,0,oral_scc,oral_scc,মুখের ক্যানসারের মতো পরিবর্তন (OSC সন্দেহ),urgent
oral_1_000279.jpg,1,oral_normal,oral_normal,স্বাভাবিক মুখের ভেতর,routine
oral_1_000280.jpg,1,oral_normal,oral_normal,স্বাভাবিক মুখের ভেতর,routine
oral_1_000281.jpg,1,oral_normal,oral_normal,স্বাভাবিক মুখের ভেতর,routine
oral_1_000282.jpg,1,oral_normal,oral_normal,স্বাভাবিক মুখের ভেতর,routine
oral_1_000283.jpg,1,oral_normal,oral_normal,স্বাভাবিক মুখের ভেতর,routine
oral_1_000284.jpg,1,oral_normal,oral_normal,স্বাভাবিক মুখের ভেতর,routine
oral_0_000285.jpg,0,oral_scc,oral_scc,মুখের ক্যানসারের মতো পরিবর্তন (OSC সন্দেহ),urgent
oral_0_000286.jpg,0,oral_scc,oral_scc,মুখের ক্যানসারের মতো পরিবর্তন (OSC সন্দেহ),urgent
oral_0_000287.jpg,0,oral_scc,oral_scc,মুখের ক্যানসারের মতো পরিবর্তন (OSC সন্দেহ),urgent
oral_0_000288.jpg,0,oral_scc,oral_scc,মুখের ক্যানসারের মতো পরিবর্তন (OSC সন্দেহ),urgent
oral_1_000289.jpg,1,oral_normal,oral_normal,স্বাভাবিক মুখের ভেতর,routine
oral_0_000290.jpg,0,oral_scc,oral_scc,মুখের ক্যানসারের মতো পরিবর্তন (OSC সন্দেহ),urgent
oral_0_000291.jpg,0,oral_scc,oral_scc,মুখের ক্যানসারের মতো পরিবর্তন (OSC সন্দেহ),urgent
oral_1_000292.jpg,1,oral_normal,oral_normal,স্বাভাবিক মুখের ভেতর,routine
oral_1_000293.jpg,1,oral_normal,oral_normal,স্বাভাবিক মুখের ভেতর,routine
oral_0_000294.jpg,0,oral_scc,oral_scc,মুখের ক্যানসারের মতো পরিবর্তন (OSC সন্দেহ),urgent
oral_0_000295.jpg,0,oral_scc,oral_scc,মুখের ক্যানসারের মতো পরিবর্তন (OSC সন্দেহ),urgent
oral_0_000296.jpg,0,oral_scc,oral_scc,মুখের ক্যানসারের মতো পরিবর্তন (OSC সন্দেহ),urgent
oral_0_000297.jpg,0,oral_scc,oral_scc,মুখের ক্যানসারের মতো পরিবর্তন (OSC সন্দেহ),urgent
oral_0_000298.jpg,0,oral_scc,oral_scc,মুখের ক্যানসারের মতো পরিবর্তন (OSC সন্দেহ),urgent
oral_1_000299.jpg,1,oral_normal,oral_normal,স্বাভাবিক মুখের ভেতর,routine
oral_1_000300.jpg,1,oral_normal,oral_normal,স্বাভাবিক মুখের ভেতর,routine
oral_1_000301.jpg,1,oral_normal,oral_normal,স্বাভাবিক মুখের ভেতর,routine
oral_1_000302.jpg,1,oral_normal,oral_normal,স্বাভাবিক মুখের ভেতর,routine
oral_0_000303.jpg,0,oral_scc,oral_scc,মুখের ক্যানসারের মতো পরিবর্তন (OSC সন্দেহ),urgent
oral_1_000304.jpg,1,oral_normal,oral_normal,স্বাভাবিক মুখের ভেতর,routine
oral_1_000305.jpg,1,oral_normal,oral_normal,স্বাভাবিক মুখের ভেতর,routine
oral_0_000306.jpg,0,oral_scc,oral_scc,মুখের ক্যানসারের মতো পরিবর্তন (OSC সন্দেহ),urgent
oral_1_000307.jpg,1,oral_normal,oral_normal,স্বাভাবিক মুখের ভেতর,routine
oral_1_000308.jpg,1,oral_normal,oral_normal,স্বাভাবিক মুখের ভেতর,routine
oral_1_000309.jpg,1,oral_normal,oral_normal,স্বাভাবিক মুখের ভেতর,routine
oral_0_000310.jpg,0,oral_scc,oral_scc,মুখের ক্যানসারের মতো পরিবর্তন (OSC সন্দেহ),urgent
oral_0_000311.jpg,0,oral_scc,oral_scc,মুখের ক্যানসারের মতো পরিবর্তন (OSC সন্দেহ),urgent
oral_1_000312.jpg,1,oral_normal,oral_normal,স্বাভাবিক মুখের ভেতর,routine
oral_0_000313.jpg,0,oral_scc,oral_scc,মুখের ক্যানসারের মতো পরিবর্তন (OSC সন্দেহ),urgent
oral_1_000314.jpg,1,oral_normal,oral_normal,স্বাভাবিক মুখের ভেতর,routine
oral_0_000315.jpg,0,oral_scc,oral_scc,মুখের ক্যানসারের মতো পরিবর্তন (OSC সন্দেহ),urgent
oral_0_000316.jpg,0,oral_scc,oral_scc,মুখের ক্যানসারের মতো পরিবর্তন (OSC সন্দেহ),urgent
oral_0_000317.jpg,0,oral_scc,oral_scc,মুখের ক্যানসারের মতো পরিবর্তন (OSC সন্দেহ),urgent
oral_0_000318.jpg,0,oral_scc,oral_scc,মুখের ক্যানসারের মতো পরিবর্তন (OSC সন্দেহ),urgent
oral_1_000319.jpg,1,oral_normal,oral_normal,স্বাভাবিক মুখের ভেতর,routine
oral_0_000320.jpg,0,oral_scc,oral_scc,মুখের ক্যানসারের মতো পরিবর্তন (OSC সন্দেহ),urgent
oral_0_000321.jpg,0,oral_scc,oral_scc,মুখের ক্যানসারের মতো পরিবর্তন (OSC সন্দেহ),urgent
oral_0_000322.jpg,0,oral_scc,oral_scc,মুখের ক্যানসারের মতো পরিবর্তন (OSC সন্দেহ),urgent
oral_0_000323.jpg,0,oral_scc,oral_scc,মুখের ক্যানসারের মতো পরিবর্তন (OSC সন্দেহ),urgent
oral_1_000324.jpg,1,oral_normal,oral_normal,স্বাভাবিক মুখের ভেতর,routine
oral_0_000325.jpg,0,oral_scc,oral_scc,মুখের ক্যানসারের মতো পরিবর্তন (OSC সন্দেহ),urgent
oral_1_000326.jpg,1,oral_normal,oral_normal,স্বাভাবিক মুখের ভেতর,routine
oral_1_000327.jpg,1,oral_normal,oral_normal,স্বাভাবিক মুখের ভেতর,routine
oral_1_000328.jpg,1,oral_normal,oral_normal,স্বাভাবিক মুখের ভেতর,routine
oral_1_000329.jpg,1,oral_normal,oral_normal,স্বাভাবিক মুখের ভেতর,routine
oral_0_000330.jpg,0,oral_scc,oral_scc,মুখের ক্যানসারের মতো পরিবর্তন (OSC সন্দেহ),urgent
oral_0_000331.jpg,0,oral_scc,oral_scc,মুখের ক্যানসারের মতো পরিবর্তন (OSC সন্দেহ),urgent
oral_0_000332.jpg,0,oral_scc,oral_scc,মুখের ক্যানসারের মতো পরিবর্তন (OSC সন্দেহ),urgent
oral_1_000333.jpg,1,oral_normal,oral_normal,স্বাভাবিক মুখের ভেতর,routine
oral_0_000334.jpg,0,oral_scc,oral_scc,মুখের ক্যানসারের মতো পরিবর্তন (OSC সন্দেহ),urgent
oral_1_000335.jpg,1,oral_normal,oral_normal,স্বাভাবিক মুখের ভেতর,routine
oral_1_000336.jpg,1,oral_normal,oral_normal,স্বাভাবিক মুখের ভেতর,routine
oral_0_000337.jpg,0,oral_scc,oral_scc,মুখের ক্যানসারের মতো পরিবর্তন (OSC সন্দেহ),urgent
oral_0_000338.jpg,0,oral_scc,oral_scc,মুখের ক্যানসারের মতো পরিবর্তন (OSC সন্দেহ),urgent
oral_1_000339.jpg,1,oral_normal,oral_normal,স্বাভাবিক মুখের ভেতর,routine
oral_0_000340.jpg,0,oral_scc,oral_scc,মুখের ক্যানসারের মতো পরিবর্তন (OSC সন্দেহ),urgent
oral_1_000341.jpg,1,oral_normal,oral_normal,স্বাভাবিক মুখের ভেতর,routine
oral_0_000342.jpg,0,oral_scc,oral_scc,মুখের ক্যানসারের মতো পরিবর্তন (OSC সন্দেহ),urgent
oral_0_000343.jpg,0,oral_scc,oral_scc,মুখের ক্যানসারের মতো পরিবর্তন (OSC সন্দেহ),urgent
oral_1_000344.jpg,1,oral_normal,oral_normal,স্বাভাবিক মুখের ভেতর,routine
oral_0_000345.jpg,0,oral_scc,oral_scc,মুখের ক্যানসারের মতো পরিবর্তন (OSC সন্দেহ),urgent
oral_1_000346.jpg,1,oral_normal,oral_normal,স্বাভাবিক মুখের ভেতর,routine
oral_0_000347.jpg,0,oral_scc,oral_scc,মুখের ক্যানসারের মতো পরিবর্তন (OSC সন্দেহ),urgent
oral_0_000348.jpg,0,oral_scc,oral_scc,মুখের ক্যানসারের মতো পরিবর্তন (OSC সন্দেহ),urgent
oral_0_000349.jpg,0,oral_scc,oral_scc,মুখের ক্যানসারের মতো পরিবর্তন (OSC সন্দেহ),urgent
oral_1_000350.jpg,1,oral_normal,oral_normal,স্বাভাবিক মুখের ভেতর,routine
oral_0_000351.jpg,0,oral_scc,oral_scc,মুখের ক্যানসারের মতো পরিবর্তন (OSC সন্দেহ),urgent
oral_1_000352.jpg,1,oral_normal,oral_normal,স্বাভাবিক মুখের ভেতর,routine
oral_0_000353.jpg,0,oral_scc,oral_scc,মুখের ক্যানসারের মতো পরিবর্তন (OSC সন্দেহ),urgent
oral_0_000354.jpg,0,oral_scc,oral_scc,মুখের ক্যানসারের মতো পরিবর্তন (OSC সন্দেহ),urgent
oral_0_000355.jpg,0,oral_scc,oral_scc,মুখের ক্যানসারের মতো পরিবর্তন (OSC সন্দেহ),urgent
oral_0_000356.jpg,0,oral_scc,oral_scc,মুখের ক্যানসারের মতো পরিবর্তন (OSC সন্দেহ),urgent
oral_1_000357.jpg,1,oral_normal,oral_normal,স্বাভাবিক মুখের ভেতর,routine
oral_1_000358.jpg,1,oral_normal,oral_normal,স্বাভাবিক মুখের ভেতর,routine
oral_1_000359.jpg,1,oral_normal,oral_normal,স্বাভাবিক মুখের ভেতর,routine
oral_1_000360.jpg,1,oral_normal,oral_normal,স্বাভাবিক মুখের ভেতর,routine
oral_0_000361.jpg,0,oral_scc,oral_scc,মুখের ক্যানসারের মতো পরিবর্তন (OSC সন্দেহ),urgent
oral_1_000362.jpg,1,oral_normal,oral_normal,স্বাভাবিক মুখের ভেতর,routine
oral_0_000363.jpg,0,oral_scc,oral_scc,মুখের ক্যানসারের মতো পরিবর্তন (OSC সন্দেহ),urgent
oral_1_000364.jpg,1,oral_normal,oral_normal,স্বাভাবিক মুখের ভেতর,routine
oral_1_000365.jpg,1,oral_normal,oral_normal,স্বাভাবিক মুখের ভেতর,routine
oral_0_000366.jpg,0,oral_scc,oral_scc,মুখের ক্যানসারের মতো পরিবর্তন (OSC সন্দেহ),urgent
oral_0_000367.jpg,0,oral_scc,oral_scc,মুখের ক্যানসারের মতো পরিবর্তন (OSC সন্দেহ),urgent
oral_1_000368.jpg,1,oral_normal,oral_normal,স্বাভাবিক মুখের ভেতর,routine
oral_1_000369.jpg,1,oral_normal,oral_normal,স্বাভাবিক মুখের ভেতর,routine
oral_0_000370.jpg,0,oral_scc,oral_scc,মুখের ক্যানসারের মতো পরিবর্তন (OSC সন্দেহ),urgent
oral_0_000371.jpg,0,oral_scc,oral_scc,মুখের ক্যানসারের মতো পরিবর্তন (OSC সন্দেহ),urgent
oral_0_000372.jpg,0,oral_scc,oral_scc,মুখের ক্যানসারের মতো পরিবর্তন (OSC সন্দেহ),urgent
oral_0_000373.jpg,0,oral_scc,oral_scc,মুখের ক্যানসারের মতো পরিবর্তন (OSC সন্দেহ),urgent
oral_1_000374.jpg,1,oral_normal,oral_normal,স্বাভাবিক মুখের ভেতর,routine
oral_0_000375.jpg,0,oral_scc,oral_scc,মুখের ক্যানসারের মতো পরিবর্তন (OSC সন্দেহ),urgent
oral_1_000376.jpg,1,oral_normal,oral_normal,স্বাভাবিক মুখের ভেতর,routine
oral_0_000377.jpg,0,oral_scc,oral_scc,মুখের ক্যানসারের মতো পরিবর্তন (OSC সন্দেহ),urgent
oral_1_000378.jpg,1,oral_normal,oral_normal,স্বাভাবিক মুখের ভেতর,routine
oral_0_000379.jpg,0,oral_scc,oral_scc,মুখের ক্যানসারের মতো পরিবর্তন (OSC সন্দেহ),urgent
oral_0_000380.jpg,0,oral_scc,oral_scc,মুখের ক্যানসারের মতো পরিবর্তন (OSC সন্দেহ),urgent
oral_0_000381.jpg,0,oral_scc,oral_scc,মুখের ক্যানসারের মতো পরিবর্তন (OSC সন্দেহ),urgent
oral_0_000382.jpg,0,oral_scc,oral_scc,মুখের ক্যানসারের মতো পরিবর্তন (OSC সন্দেহ),urgent
oral_1_000383.jpg,1,oral_normal,oral_normal,স্বাভাবিক মুখের ভেতর,routine
oral_1_000384.jpg,1,oral_normal,oral_normal,স্বাভাবিক মুখের ভেতর,routine
oral_1_000385.jpg,1,oral_normal,oral_normal,স্বাভাবিক মুখের ভেতর,routine
oral_1_000386.jpg,1,oral_normal,oral_normal,স্বাভাবিক মুখের ভেতর,routine
oral_1_000387.jpg,1,oral_normal,oral_normal,স্বাভাবিক মুখের ভেতর,routine
oral_0_000388.jpg,0,oral_scc,oral_scc,মুখের ক্যানসারের মতো পরিবর্তন (OSC সন্দেহ),urgent
oral_1_000389.jpg,1,oral_normal,oral_normal,স্বাভাবিক মুখের ভেতর,routine
oral_1_000390.jpg,1,oral_normal,oral_normal,স্বাভাবিক মুখের ভেতর,routine
oral_1_000391.jpg,1,oral_normal,oral_normal,স্বাভাবিক মুখের ভেতর,routine
oral_0_000392.jpg,0,oral_scc,oral_scc,মুখের ক্যানসারের মতো পরিবর্তন (OSC সন্দেহ),urgent
oral_1_000393.jpg,1,oral_normal,oral_normal,স্বাভাবিক মুখের ভেতর,routine
oral_1_000394.jpg,1,oral_normal,oral_normal,স্বাভাবিক মুখের ভেতর,routine
oral_1_000395.jpg,1,oral_normal,oral_normal,স্বাভাবিক মুখের ভেতর,routine
oral_1_000396.jpg,1,oral_normal,oral_normal,স্বাভাবিক মুখের ভেতর,routine
oral_1_000397.jpg,1,oral_normal,oral_normal,স্বাভাবিক মুখের ভেতর,routine
oral_1_000398.jpg,1,oral_normal,oral_normal,স্বাভাবিক মুখের ভেতর,routine
oral_1_000399.jpg,1,oral_normal,oral_normal,স্বাভাবিক মুখের ভেতর,routine
oral_1_000400.jpg,1,oral_normal,oral_normal,স্বাভাবিক মুখের ভেতর,routine
oral_1_000401.jpg,1,oral_normal,oral_normal,স্বাভাবিক মুখের ভেতর,routine
oral_0_000402.jpg,0,oral_scc,oral_scc,মুখের ক্যানসারের মতো পরিবর্তন (OSC সন্দেহ),urgent
oral_1_000403.jpg,1,oral_normal,oral_normal,স্বাভাবিক মুখের ভেতর,routine
oral_0_000404.jpg,0,oral_scc,oral_scc,মুখের ক্যানসারের মতো পরিবর্তন (OSC সন্দেহ),urgent
oral_1_000405.jpg,1,oral_normal,oral_normal,স্বাভাবিক মুখের ভেতর,routine
oral_1_000406.jpg,1,oral_normal,oral_normal,স্বাভাবিক মুখের ভেতর,routine
oral_0_000407.jpg,0,oral_scc,oral_scc,মুখের ক্যানসারের মতো পরিবর্তন (OSC সন্দেহ),urgent
oral_1_000408.jpg,1,oral_normal,oral_normal,স্বাভাবিক মুখের ভেতর,routine
oral_1_000409.jpg,1,oral_normal,oral_normal,স্বাভাবিক মুখের ভেতর,routine
oral_0_000410.jpg,0,oral_scc,oral_scc,মুখের ক্যানসারের মতো পরিবর্তন (OSC সন্দেহ),urgent
oral_0_000411.jpg,0,oral_scc,oral_scc,মুখের ক্যানসারের মতো পরিবর্তন (OSC সন্দেহ),urgent
oral_0_000412.jpg,0,oral_scc,oral_scc,মুখের ক্যানসারের মতো পরিবর্তন (OSC সন্দেহ),urgent
oral_1_000413.jpg,1,oral_normal,oral_normal,স্বাভাবিক মুখের ভেতর,routine
oral_1_000414.jpg,1,oral_normal,oral_normal,স্বাভাবিক মুখের ভেতর,routine
oral_1_000415.jpg,1,oral_normal,oral_normal,স্বাভাবিক মুখের ভেতর,routine
oral_1_000416.jpg,1,oral_normal,oral_normal,স্বাভাবিক মুখের ভেতর,routine
oral_0_000417.jpg,0,oral_scc,oral_scc,মুখের ক্যানসারের মতো পরিবর্তন (OSC সন্দেহ),urgent
oral_0_000418.jpg,0,oral_scc,oral_scc,মুখের ক্যানসারের মতো পরিবর্তন (OSC সন্দেহ),urgent
oral_1_000419.jpg,1,oral_normal,oral_normal,স্বাভাবিক মুখের ভেতর,routine
oral_0_000420.jpg,0,oral_scc,oral_scc,মুখের ক্যানসারের মতো পরিবর্তন (OSC সন্দেহ),urgent
oral_0_000421.jpg,0,oral_scc,oral_scc,মুখের ক্যানসারের মতো পরিবর্তন (OSC সন্দেহ),urgent
oral_1_000422.jpg,1,oral_normal,oral_normal,স্বাভাবিক মুখের ভেতর,routine
oral_0_000423.jpg,0,oral_scc,oral_scc,মুখের ক্যানসারের মতো পরিবর্তন (OSC সন্দেহ),urgent
oral_0_000424.jpg,0,oral_scc,oral_scc,মুখের ক্যানসারের মতো পরিবর্তন (OSC সন্দেহ),urgent
oral_1_000425.jpg,1,oral_normal,oral_normal,স্বাভাবিক মুখের ভেতর,routine
oral_1_000426.jpg,1,oral_normal,oral_normal,স্বাভাবিক মুখের ভেতর,routine
oral_0_000427.jpg,0,oral_scc,oral_scc,মুখের ক্যানসারের মতো পরিবর্তন (OSC সন্দেহ),urgent
oral_1_000428.jpg,1,oral_normal,oral_normal,স্বাভাবিক মুখের ভেতর,routine
oral_0_000429.jpg,0,oral_scc,oral_scc,মুখের ক্যানসারের মতো পরিবর্তন (OSC সন্দেহ),urgent
oral_1_000430.jpg,1,oral_normal,oral_normal,স্বাভাবিক মুখের ভেতর,routine
oral_0_000431.jpg,0,oral_scc,oral_scc,মুখের ক্যানসারের মতো পরিবর্তন (OSC সন্দেহ),urgent
oral_1_000432.jpg,1,oral_normal,oral_normal,স্বাভাবিক মুখের ভেতর,routine
oral_0_000433.jpg,0,oral_scc,oral_scc,মুখের ক্যানসারের মতো পরিবর্তন (OSC সন্দেহ),urgent
oral_0_000434.jpg,0,oral_scc,oral_scc,মুখের ক্যানসারের মতো পরিবর্তন (OSC সন্দেহ),urgent
oral_0_000435.jpg,0,oral_scc,oral_scc,মুখের ক্যানসারের মতো পরিবর্তন (OSC সন্দেহ),urgent
oral_0_000436.jpg,0,oral_scc,oral_scc,মুখের ক্যানসারের মতো পরিবর্তন (OSC সন্দেহ),urgent
oral_0_000437.jpg,0,oral_scc,oral_scc,মুখের ক্যানসারের মতো পরিবর্তন (OSC সন্দেহ),urgent
oral_0_000438.jpg,0,oral_scc,oral_scc,মুখের ক্যানসারের মতো পরিবর্তন (OSC সন্দেহ),urgent
oral_0_000439.jpg,0,oral_scc,oral_scc,মুখের ক্যানসারের মতো পরিবর্তন (OSC সন্দেহ),urgent
oral_1_000440.jpg,1,oral_normal,oral_normal,স্বাভাবিক মুখের ভেতর,routine
oral_0_000441.jpg,0,oral_scc,oral_scc,মুখের ক্যানসারের মতো পরিবর্তন (OSC সন্দেহ),urgent
oral_0_000442.jpg,0,oral_scc,oral_scc,মুখের ক্যানসারের মতো পরিবর্তন (OSC সন্দেহ),urgent
oral_1_000443.jpg,1,oral_normal,oral_normal,স্বাভাবিক মুখের ভেতর,routine
oral_1_000444.jpg,1,oral_normal,oral_normal,স্বাভাবিক মুখের ভেতর,routine
oral_0_000445.jpg,0,oral_scc,oral_scc,মুখের ক্যানসারের মতো পরিবর্তন (OSC সন্দেহ),urgent
oral_0_000446.jpg,0,oral_scc,oral_scc,মুখের ক্যানসারের মতো পরিবর্তন (OSC সন্দেহ),urgent
oral_1_000447.jpg,1,oral_normal,oral_normal,স্বাভাবিক মুখের ভেতর,routine
oral_0_000448.jpg,0,oral_scc,oral_scc,মুখের ক্যানসারের মতো পরিবর্তন (OSC সন্দেহ),urgent
oral_0_000449.jpg,0,oral_scc,oral_scc,মুখের ক্যানসারের মতো পরিবর্তন (OSC সন্দেহ),urgent
oral_0_000450.jpg,0,oral_scc,oral_scc,মুখের ক্যানসারের মতো পরিবর্তন (OSC সন্দেহ),urgent
oral_1_000451.jpg,1,oral_normal,oral_normal,স্বাভাবিক মুখের ভেতর,routine
oral_0_000452.jpg,0,oral_scc,oral_scc,মুখের ক্যানসারের মতো পরিবর্তন (OSC সন্দেহ),urgent
oral_0_000453.jpg,0,oral_scc,oral_scc,মুখের ক্যানসারের মতো পরিবর্তন (OSC সন্দেহ),urgent
oral_1_000454.jpg,1,oral_normal,oral_normal,স্বাভাবিক মুখের ভেতর,routine
oral_0_000455.jpg,0,oral_scc,oral_scc,মুখের ক্যানসারের মতো পরিবর্তন (OSC সন্দেহ),urgent
oral_0_000456.jpg,0,oral_scc,oral_scc,মুখের ক্যানসারের মতো পরিবর্তন (OSC সন্দেহ),urgent
oral_1_000457.jpg,1,oral_normal,oral_normal,স্বাভাবিক মুখের ভেতর,routine
oral_1_000458.jpg,1,oral_normal,oral_normal,স্বাভাবিক মুখের ভেতর,routine
oral_0_000459.jpg,0,oral_scc,oral_scc,মুখের ক্যানসারের মতো পরিবর্তন (OSC সন্দেহ),urgent
oral_0_000460.jpg,0,oral_scc,oral_scc,মুখের ক্যানসারের মতো পরিবর্তন (OSC সন্দেহ),urgent
oral_0_000461.jpg,0,oral_scc,oral_scc,মুখের ক্যানসারের মতো পরিবর্তন (OSC সন্দেহ),urgent
oral_0_000462.jpg,0,oral_scc,oral_scc,মুখের ক্যানসারের মতো পরিবর্তন (OSC সন্দেহ),urgent
oral_0_000463.jpg,0,oral_scc,oral_scc,মুখের ক্যানসারের মতো পরিবর্তন (OSC সন্দেহ),urgent
oral_1_000464.jpg,1,oral_normal,oral_normal,স্বাভাবিক মুখের ভেতর,routine
oral_0_000465.jpg,0,oral_scc,oral_scc,মুখের ক্যানসারের মতো পরিবর্তন (OSC সন্দেহ),urgent
oral_0_000466.jpg,0,oral_scc,oral_scc,মুখের ক্যানসারের মতো পরিবর্তন (OSC সন্দেহ),urgent
oral_0_000467.jpg,0,oral_scc,oral_scc,মুখের ক্যানসারের মতো পরিবর্তন (OSC সন্দেহ),urgent
oral_0_000468.jpg,0,oral_scc,oral_scc,মুখের ক্যানসারের মতো পরিবর্তন (OSC সন্দেহ),urgent
oral_1_000469.jpg,1,oral_normal,oral_normal,স্বাভাবিক মুখের ভেতর,routine
oral_1_000470.jpg,1,oral_normal,oral_normal,স্বাভাবিক মুখের ভেতর,routine
oral_0_000471.jpg,0,oral_scc,oral_scc,মুখের ক্যানসারের মতো পরিবর্তন (OSC সন্দেহ),urgent
oral_1_000472.jpg,1,oral_normal,oral_normal,স্বাভাবিক মুখের ভেতর,routine
oral_0_000473.jpg,0,oral_scc,oral_scc,মুখের ক্যানসারের মতো পরিবর্তন (OSC সন্দেহ),urgent
oral_0_000474.jpg,0,oral_scc,oral_scc,মুখের ক্যানসারের মতো পরিবর্তন (OSC সন্দেহ),urgent
oral_1_000475.jpg,1,oral_normal,oral_normal,স্বাভাবিক মুখের ভেতর,routine
oral_0_000476.jpg,0,oral_scc,oral_scc,মুখের ক্যানসারের মতো পরিবর্তন (OSC সন্দেহ),urgent
oral_0_000477.jpg,0,oral_scc,oral_scc,মুখের ক্যানসারের মতো পরিবর্তন (OSC সন্দেহ),urgent
oral_1_000478.jpg,1,oral_normal,oral_normal,স্বাভাবিক মুখের ভেতর,routine
oral_1_000479.jpg,1,oral_normal,oral_normal,স্বাভাবিক মুখের ভেতর,routine
oral_1_000480.jpg,1,oral_normal,oral_normal,স্বাভাবিক মুখের ভেতর,routine
oral_1_000481.jpg,1,oral_normal,oral_normal,স্বাভাবিক মুখের ভেতর,routine
oral_0_000482.jpg,0,oral_scc,oral_scc,মুখের ক্যানসারের মতো পরিবর্তন (OSC সন্দেহ),urgent
oral_0_000483.jpg,0,oral_scc,oral_scc,মুখের ক্যানসারের মতো পরিবর্তন (OSC সন্দেহ),urgent
oral_1_000484.jpg,1,oral_normal,oral_normal,স্বাভাবিক মুখের ভেতর,routine
oral_1_000485.jpg,1,oral_normal,oral_normal,স্বাভাবিক মুখের ভেতর,routine
oral_0_000486.jpg,0,oral_scc,oral_scc,মুখের ক্যানসারের মতো পরিবর্তন (OSC সন্দেহ),urgent
oral_0_000487.jpg,0,oral_scc,oral_scc,মুখের ক্যানসারের মতো পরিবর্তন (OSC সন্দেহ),urgent
oral_0_000488.jpg,0,oral_scc,oral_scc,মুখের ক্যানসারের মতো পরিবর্তন (OSC সন্দেহ),urgent
oral_0_000489.jpg,0,oral_scc,oral_scc,মুখের ক্যানসারের মতো পরিবর্তন (OSC সন্দেহ),urgent
oral_0_000490.jpg,0,oral_scc,oral_scc,মুখের ক্যানসারের মতো পরিবর্তন (OSC সন্দেহ),urgent
oral_0_000491.jpg,0,oral_scc,oral_scc,মুখের ক্যানসারের মতো পরিবর্তন (OSC সন্দেহ),urgent
oral_0_000492.jpg,0,oral_scc,oral_scc,মুখের ক্যানসারের মতো পরিবর্তন (OSC সন্দেহ),urgent
oral_1_000493.jpg,1,oral_normal,oral_normal,স্বাভাবিক মুখের ভেতর,routine
oral_0_000494.jpg,0,oral_scc,oral_scc,মুখের ক্যানসারের মতো পরিবর্তন (OSC সন্দেহ),urgent
oral_1_000495.jpg,1,oral_normal,oral_normal,স্বাভাবিক মুখের ভেতর,routine
oral_1_000496.jpg,1,oral_normal,oral_normal,স্বাভাবিক মুখের ভেতর,routine
oral_1_000497.jpg,1,oral_normal,oral_normal,স্বাভাবিক মুখের ভেতর,routine
oral_0_000498.jpg,0,oral_scc,oral_scc,মুখের ক্যানসারের মতো পরিবর্তন (OSC সন্দেহ),urgent
oral_1_000499.jpg,1,oral_normal,oral_normal,স্বাভাবিক মুখের ভেতর,routine
oral_1_000500.jpg,1,oral_normal,oral_normal,স্বাভাবিক মুখের ভেতর,routine
oral_0_000501.jpg,0,oral_scc,oral_scc,মুখের ক্যানসারের মতো পরিবর্তন (OSC সন্দেহ),urgent
oral_0_000502.jpg,0,oral_scc,oral_scc,মুখের ক্যানসারের মতো পরিবর্তন (OSC সন্দেহ),urgent
oral_0_000503.jpg,0,oral_scc,oral_scc,মুখের ক্যানসারের মতো পরিবর্তন (OSC সন্দেহ),urgent
oral_1_000504.jpg,1,oral_normal,oral_normal,স্বাভাবিক মুখের ভেতর,routine
oral_0_000505.jpg,0,oral_scc,oral_scc,মুখের ক্যানসারের মতো পরিবর্তন (OSC সন্দেহ),urgent
oral_0_000506.jpg,0,oral_scc,oral_scc,মুখের ক্যানসারের মতো পরিবর্তন (OSC সন্দেহ),urgent
oral_0_000507.jpg,0,oral_scc,oral_scc,মুখের ক্যানসারের মতো পরিবর্তন (OSC সন্দেহ),urgent
oral_1_000508.jpg,1,oral_normal,oral_normal,স্বাভাবিক মুখের ভেতর,routine
oral_0_000509.jpg,0,oral_scc,oral_scc,মুখের ক্যানসারের মতো পরিবর্তন (OSC সন্দেহ),urgent
oral_1_000510.jpg,1,oral_normal,oral_normal,স্বাভাবিক মুখের ভেতর,routine
oral_0_000511.jpg,0,oral_scc,oral_scc,মুখের ক্যানসারের মতো পরিবর্তন (OSC সন্দেহ),urgent
oral_1_000512.jpg,1,oral_normal,oral_normal,স্বাভাবিক মুখের ভেতর,routine
oral_0_000513.jpg,0,oral_scc,oral_scc,মুখের ক্যানসারের মতো পরিবর্তন (OSC সন্দেহ),urgent
oral_0_000514.jpg,0,oral_scc,oral_scc,মুখের ক্যানসারের মতো পরিবর্তন (OSC সন্দেহ),urgent
oral_1_000515.jpg,1,oral_normal,oral_normal,স্বাভাবিক মুখের ভেতর,routine
oral_0_000516.jpg,0,oral_scc,oral_scc,মুখের ক্যানসারের মতো পরিবর্তন (OSC সন্দেহ),urgent
oral_0_000517.jpg,0,oral_scc,oral_scc,মুখের ক্যানসারের মতো পরিবর্তন (OSC সন্দেহ),urgent
oral_1_000518.jpg,1,oral_normal,oral_normal,স্বাভাবিক মুখের ভেতর,routine
oral_1_000519.jpg,1,oral_normal,oral_normal,স্বাভাবিক মুখের ভেতর,routine
oral_0_000520.jpg,0,oral_scc,oral_scc,মুখের ক্যানসারের মতো পরিবর্তন (OSC সন্দেহ),urgent
oral_0_000521.jpg,0,oral_scc,oral_scc,মুখের ক্যানসারের মতো পরিবর্তন (OSC সন্দেহ),urgent
oral_0_000522.jpg,0,oral_scc,oral_scc,মুখের ক্যানসারের মতো পরিবর্তন (OSC সন্দেহ),urgent
oral_1_000523.jpg,1,oral_normal,oral_normal,স্বাভাবিক মুখের ভেতর,routine
oral_0_000524.jpg,0,oral_scc,oral_scc,মুখের ক্যানসারের মতো পরিবর্তন (OSC সন্দেহ),urgent
oral_1_000525.jpg,1,oral_normal,oral_normal,স্বাভাবিক মুখের ভেতর,routine
oral_1_000526.jpg,1,oral_normal,oral_normal,স্বাভাবিক মুখের ভেতর,routine
oral_0_000527.jpg,0,oral_scc,oral_scc,মুখের ক্যানসারের মতো পরিবর্তন (OSC সন্দেহ),urgent
oral_0_000528.jpg,0,oral_scc,oral_scc,মুখের ক্যানসারের মতো পরিবর্তন (OSC সন্দেহ),urgent
oral_0_000529.jpg,0,oral_scc,oral_scc,মুখের ক্যানসারের মতো পরিবর্তন (OSC সন্দেহ),urgent
oral_1_000530.jpg,1,oral_normal,oral_normal,স্বাভাবিক মুখের ভেতর,routine
oral_0_000531.jpg,0,oral_scc,oral_scc,মুখের ক্যানসারের মতো পরিবর্তন (OSC সন্দেহ),urgent
oral_1_000532.jpg,1,oral_normal,oral_normal,স্বাভাবিক মুখের ভেতর,routine
oral_0_000533.jpg,0,oral_scc,oral_scc,মুখের ক্যানসারের মতো পরিবর্তন (OSC সন্দেহ),urgent
oral_1_000534.jpg,1,oral_normal,oral_normal,স্বাভাবিক মুখের ভেতর,routine
oral_0_000535.jpg,0,oral_scc,oral_scc,মুখের ক্যানসারের মতো পরিবর্তন (OSC সন্দেহ),urgent
oral_1_000536.jpg,1,oral_normal,oral_normal,স্বাভাবিক মুখের ভেতর,routine
oral_1_000537.jpg,1,oral_normal,oral_normal,স্বাভাবিক মুখের ভেতর,routine
oral_1_000538.jpg,1,oral_normal,oral_normal,স্বাভাবিক মুখের ভেতর,routine
oral_0_000539.jpg,0,oral_scc,oral_scc,মুখের ক্যানসারের মতো পরিবর্তন (OSC সন্দেহ),urgent
oral_1_000540.jpg,1,oral_normal,oral_normal,স্বাভাবিক মুখের ভেতর,routine
oral_0_000541.jpg,0,oral_scc,oral_scc,মুখের ক্যানসারের মতো পরিবর্তন (OSC সন্দেহ),urgent
oral_0_000542.jpg,0,oral_scc,oral_scc,মুখের ক্যানসারের মতো পরিবর্তন (OSC সন্দেহ),urgent
oral_0_000543.jpg,0,oral_scc,oral_scc,মুখের ক্যানসারের মতো পরিবর্তন (OSC সন্দেহ),urgent
oral_0_000544.jpg,0,oral_scc,oral_scc,মুখের ক্যানসারের মতো পরিবর্তন (OSC সন্দেহ),urgent
oral_1_000545.jpg,1,oral_normal,oral_normal,স্বাভাবিক মুখের ভেতর,routine
oral_1_000546.jpg,1,oral_normal,oral_normal,স্বাভাবিক মুখের ভেতর,routine
oral_0_000547.jpg,0,oral_scc,oral_scc,মুখের ক্যানসারের মতো পরিবর্তন (OSC সন্দেহ),urgent
oral_0_000548.jpg,0,oral_scc,oral_scc,মুখের ক্যানসারের মতো পরিবর্তন (OSC সন্দেহ),urgent
oral_1_000549.jpg,1,oral_normal,oral_normal,স্বাভাবিক মুখের ভেতর,routine
oral_1_000550.jpg,1,oral_normal,oral_normal,স্বাভাবিক মুখের ভেতর,routine
oral_0_000551.jpg,0,oral_scc,oral_scc,মুখের ক্যানসারের মতো পরিবর্তন (OSC সন্দেহ),urgent
oral_1_000552.jpg,1,oral_normal,oral_normal,স্বাভাবিক মুখের ভেতর,routine
oral_0_000553.jpg,0,oral_scc,oral_scc,মুখের ক্যানসারের মতো পরিবর্তন (OSC সন্দেহ),urgent
oral_0_000554.jpg,0,oral_scc,oral_scc,মুখের ক্যানসারের মতো পরিবর্তন (OSC সন্দেহ),urgent
oral_1_000555.jpg,1,oral_normal,oral_normal,স্বাভাবিক মুখের ভেতর,routine
oral_0_000556.jpg,0,oral_scc,oral_scc,মুখের ক্যানসারের মতো পরিবর্তন (OSC সন্দেহ),urgent
oral_0_000557.jpg,0,oral_scc,oral_scc,মুখের ক্যানসারের মতো পরিবর্তন (OSC সন্দেহ),urgent
oral_1_000558.jpg,1,oral_normal,oral_normal,স্বাভাবিক মুখের ভেতর,routine
oral_0_000559.jpg,0,oral_scc,oral_scc,মুখের ক্যানসারের মতো পরিবর্তন (OSC সন্দেহ),urgent
oral_1_000560.jpg,1,oral_normal,oral_normal,স্বাভাবিক মুখের ভেতর,routine
oral_0_000561.jpg,0,oral_scc,oral_scc,মুখের ক্যানসারের মতো পরিবর্তন (OSC সন্দেহ),urgent
oral_0_000562.jpg,0,oral_scc,oral_scc,মুখের ক্যানসারের মতো পরিবর্তন (OSC সন্দেহ),urgent
oral_1_000563.jpg,1,oral_normal,oral_normal,স্বাভাবিক মুখের ভেতর,routine
oral_0_000564.jpg,0,oral_scc,oral_scc,মুখের ক্যানসারের মতো পরিবর্তন (OSC সন্দেহ),urgent
oral_1_000565.jpg,1,oral_normal,oral_normal,স্বাভাবিক মুখের ভেতর,routine
oral_0_000566.jpg,0,oral_scc,oral_scc,মুখের ক্যানসারের মতো পরিবর্তন (OSC সন্দেহ),urgent
oral_1_000567.jpg,1,oral_normal,oral_normal,স্বাভাবিক মুখের ভেতর,routine
oral_1_000568.jpg,1,oral_normal,oral_normal,স্বাভাবিক মুখের ভেতর,routine
oral_0_000569.jpg,0,oral_scc,oral_scc,মুখের ক্যানসারের মতো পরিবর্তন (OSC সন্দেহ),urgent
oral_0_000570.jpg,0,oral_scc,oral_scc,মুখের ক্যানসারের মতো পরিবর্তন (OSC সন্দেহ),urgent
oral_1_000571.jpg,1,oral_normal,oral_normal,স্বাভাবিক মুখের ভেতর,routine
oral_1_000572.jpg,1,oral_normal,oral_normal,স্বাভাবিক মুখের ভেতর,routine
oral_1_000573.jpg,1,oral_normal,oral_normal,স্বাভাবিক মুখের ভেতর,routine
oral_1_000574.jpg,1,oral_normal,oral_normal,স্বাভাবিক মুখের ভেতর,routine
oral_1_000575.jpg,1,oral_normal,oral_normal,স্বাভাবিক মুখের ভেতর,routine
oral_0_000576.jpg,0,oral_scc,oral_scc,মুখের ক্যানসারের মতো পরিবর্তন (OSC সন্দেহ),urgent
oral_1_000577.jpg,1,oral_normal,oral_normal,স্বাভাবিক মুখের ভেতর,routine
oral_0_000578.jpg,0,oral_scc,oral_scc,মুখের ক্যানসারের মতো পরিবর্তন (OSC সন্দেহ),urgent
oral_0_000579.jpg,0,oral_scc,oral_scc,মুখের ক্যানসারের মতো পরিবর্তন (OSC সন্দেহ),urgent
oral_0_000580.jpg,0,oral_scc,oral_scc,মুখের ক্যানসারের মতো পরিবর্তন (OSC সন্দেহ),urgent
oral_0_000581.jpg,0,oral_scc,oral_scc,মুখের ক্যানসারের মতো পরিবর্তন (OSC সন্দেহ),urgent
oral_1_000582.jpg,1,oral_normal,oral_normal,স্বাভাবিক মুখের ভেতর,routine
oral_1_000583.jpg,1,oral_normal,oral_normal,স্বাভাবিক মুখের ভেতর,routine
oral_1_000584.jpg,1,oral_normal,oral_normal,স্বাভাবিক মুখের ভেতর,routine
oral_0_000585.jpg,0,oral_scc,oral_scc,মুখের ক্যানসারের মতো পরিবর্তন (OSC সন্দেহ),urgent
oral_1_000586.jpg,1,oral_normal,oral_normal,স্বাভাবিক মুখের ভেতর,routine
oral_1_000587.jpg,1,oral_normal,oral_normal,স্বাভাবিক মুখের ভেতর,routine
oral_0_000588.jpg,0,oral_scc,oral_scc,মুখের ক্যানসারের মতো পরিবর্তন (OSC সন্দেহ),urgent
oral_0_000589.jpg,0,oral_scc,oral_scc,মুখের ক্যানসারের মতো পরিবর্তন (OSC সন্দেহ),urgent
oral_0_000590.jpg,0,oral_scc,oral_scc,মুখের ক্যানসারের মতো পরিবর্তন (OSC সন্দেহ),urgent
oral_0_000591.jpg,0,oral_scc,oral_scc,মুখের ক্যানসারের মতো পরিবর্তন (OSC সন্দেহ),urgent
oral_1_000592.jpg,1,oral_normal,oral_normal,স্বাভাবিক মুখের ভেতর,routine
oral_0_000593.jpg,0,oral_scc,oral_scc,মুখের ক্যানসারের মতো পরিবর্তন (OSC সন্দেহ),urgent
oral_1_000594.jpg,1,oral_normal,oral_normal,স্বাভাবিক মুখের ভেতর,routine
oral_0_000595.jpg,0,oral_scc,oral_scc,মুখের ক্যানসারের মতো পরিবর্তন (OSC সন্দেহ),urgent
oral_0_000596.jpg,0,oral_scc,oral_scc,মুখের ক্যানসারের মতো পরিবর্তন (OSC সন্দেহ),urgent
oral_0_000597.jpg,0,oral_scc,oral_scc,মুখের ক্যানসারের মতো পরিবর্তন (OSC সন্দেহ),urgent
oral_1_000598.jpg,1,oral_normal,oral_normal,স্বাভাবিক মুখের ভেতর,routine
oral_0_000599.jpg,0,oral_scc,oral_scc,মুখের ক্যানসারের মতো পরিবর্তন (OSC সন্দেহ),urgent
oral_0_000600.jpg,0,oral_scc,oral_scc,মুখের ক্যানসারের মতো পরিবর্তন (OSC সন্দেহ),urgent
oral_0_000601.jpg,0,oral_scc,oral_scc,মুখের ক্যানসারের মতো পরিবর্তন (OSC সন্দেহ),urgent
oral_0_000602.jpg,0,oral_scc,oral_scc,মুখের ক্যানসারের মতো পরিবর্তন (OSC সন্দেহ),urgent
oral_1_000603.jpg,1,oral_normal,oral_normal,স্বাভাবিক মুখের ভেতর,routine
oral_1_000604.jpg,1,oral_normal,oral_normal,স্বাভাবিক মুখের ভেতর,routine
oral_0_000605.jpg,0,oral_scc,oral_scc,মুখের ক্যানসারের মতো পরিবর্তন (OSC সন্দেহ),urgent
oral_1_000606.jpg,1,oral_normal,oral_normal,স্বাভাবিক মুখের ভেতর,routine
oral_0_000607.jpg,0,oral_scc,oral_scc,মুখের ক্যানসারের মতো পরিবর্তন (OSC সন্দেহ),urgent
oral_0_000608.jpg,0,oral_scc,oral_scc,মুখের ক্যানসারের মতো পরিবর্তন (OSC সন্দেহ),urgent
oral_1_000609.jpg,1,oral_normal,oral_normal,স্বাভাবিক মুখের ভেতর,routine
oral_1_000610.jpg,1,oral_normal,oral_normal,স্বাভাবিক মুখের ভেতর,routine
oral_1_000611.jpg,1,oral_normal,oral_normal,স্বাভাবিক মুখের ভেতর,routine
oral_1_000612.jpg,1,oral_normal,oral_normal,স্বাভাবিক মুখের ভেতর,routine
oral_1_000613.jpg,1,oral_normal,oral_normal,স্বাভাবিক মুখের ভেতর,routine
oral_1_000614.jpg,1,oral_normal,oral_normal,স্বাভাবিক মুখের ভেতর,routine
oral_1_000615.jpg,1,oral_normal,oral_normal,স্বাভাবিক মুখের ভেতর,routine
oral_0_000616.jpg,0,oral_scc,oral_scc,মুখের ক্যানসারের মতো পরিবর্তন (OSC সন্দেহ),urgent
oral_1_000617.jpg,1,oral_normal,oral_normal,স্বাভাবিক মুখের ভেতর,routine
oral_1_000618.jpg,1,oral_normal,oral_normal,স্বাভাবিক মুখের ভেতর,routine
oral_1_000619.jpg,1,oral_normal,oral_normal,স্বাভাবিক মুখের ভেতর,routine
oral_0_000620.jpg,0,oral_scc,oral_scc,মুখের ক্যানসারের মতো পরিবর্তন (OSC সন্দেহ),urgent
oral_1_000621.jpg,1,oral_normal,oral_normal,স্বাভাবিক মুখের ভেতর,routine
oral_0_000622.jpg,0,oral_scc,oral_scc,মুখের ক্যানসারের মতো পরিবর্তন (OSC সন্দেহ),urgent
oral_1_000623.jpg,1,oral_normal,oral_normal,স্বাভাবিক মুখের ভেতর,routine
oral_0_000624.jpg,0,oral_scc,oral_scc,মুখের ক্যানসারের মতো পরিবর্তন (OSC সন্দেহ),urgent
oral_0_000625.jpg,0,oral_scc,oral_scc,মুখের ক্যানসারের মতো পরিবর্তন (OSC সন্দেহ),urgent
oral_1_000626.jpg,1,oral_normal,oral_normal,স্বাভাবিক মুখের ভেতর,routine
oral_0_000627.jpg,0,oral_scc,oral_scc,মুখের ক্যানসারের মতো পরিবর্তন (OSC সন্দেহ),urgent
oral_1_000628.jpg,1,oral_normal,oral_normal,স্বাভাবিক মুখের ভেতর,routine
oral_0_000629.jpg,0,oral_scc,oral_scc,মুখের ক্যানসারের মতো পরিবর্তন (OSC সন্দেহ),urgent
oral_1_000630.jpg,1,oral_normal,oral_normal,স্বাভাবিক মুখের ভেতর,routine
oral_1_000631.jpg,1,oral_normal,oral_normal,স্বাভাবিক মুখের ভেতর,routine
oral_1_000632.jpg,1,oral_normal,oral_normal,স্বাভাবিক মুখের ভেতর,routine
oral_1_000633.jpg,1,oral_normal,oral_normal,স্বাভাবিক মুখের ভেতর,routine
oral_0_000634.jpg,0,oral_scc,oral_scc,মুখের ক্যানসারের মতো পরিবর্তন (OSC সন্দেহ),urgent
oral_1_000635.jpg,1,oral_normal,oral_normal,স্বাভাবিক মুখের ভেতর,routine
oral_0_000636.jpg,0,oral_scc,oral_scc,মুখের ক্যানসারের মতো পরিবর্তন (OSC সন্দেহ),urgent
oral_1_000637.jpg,1,oral_normal,oral_normal,স্বাভাবিক মুখের ভেতর,routine
oral_0_000638.jpg,0,oral_scc,oral_scc,মুখের ক্যানসারের মতো পরিবর্তন (OSC সন্দেহ),urgent
oral_0_000639.jpg,0,oral_scc,oral_scc,মুখের ক্যানসারের মতো পরিবর্তন (OSC সন্দেহ),urgent
oral_0_000640.jpg,0,oral_scc,oral_scc,মুখের ক্যানসারের মতো পরিবর্তন (OSC সন্দেহ),urgent
oral_1_000641.jpg,1,oral_normal,oral_normal,স্বাভাবিক মুখের ভেতর,routine
oral_1_000642.jpg,1,oral_normal,oral_normal,স্বাভাবিক মুখের ভেতর,routine
oral_1_000643.jpg,1,oral_normal,oral_normal,স্বাভাবিক মুখের ভেতর,routine
oral_1_000644.jpg,1,oral_normal,oral_normal,স্বাভাবিক মুখের ভেতর,routine
oral_0_000645.jpg,0,oral_scc,oral_scc,মুখের ক্যানসারের মতো পরিবর্তন (OSC সন্দেহ),urgent
oral_1_000646.jpg,1,oral_normal,oral_normal,স্বাভাবিক মুখের ভেতর,routine
oral_1_000647.jpg,1,oral_normal,oral_normal,স্বাভাবিক মুখের ভেতর,routine
oral_0_000648.jpg,0,oral_scc,oral_scc,মুখের ক্যানসারের মতো পরিবর্তন (OSC সন্দেহ),urgent
oral_1_000649.jpg,1,oral_normal,oral_normal,স্বাভাবিক মুখের ভেতর,routine
oral_0_000650.jpg,0,oral_scc,oral_scc,মুখের ক্যানসারের মতো পরিবর্তন (OSC সন্দেহ),urgent
oral_1_000651.jpg,1,oral_normal,oral_normal,স্বাভাবিক মুখের ভেতর,routine
oral_0_000652.jpg,0,oral_scc,oral_scc,মুখের ক্যানসারের মতো পরিবর্তন (OSC সন্দেহ),urgent
oral_1_000653.jpg,1,oral_normal,oral_normal,স্বাভাবিক মুখের ভেতর,routine
oral_1_000654.jpg,1,oral_normal,oral_normal,স্বাভাবিক মুখের ভেতর,routine
oral_1_000655.jpg,1,oral_normal,oral_normal,স্বাভাবিক মুখের ভেতর,routine
oral_0_000656.jpg,0,oral_scc,oral_scc,মুখের ক্যানসারের মতো পরিবর্তন (OSC সন্দেহ),urgent
oral_0_000657.jpg,0,oral_scc,oral_scc,মুখের ক্যানসারের মতো পরিবর্তন (OSC সন্দেহ),urgent
oral_0_000658.jpg,0,oral_scc,oral_scc,মুখের ক্যানসারের মতো পরিবর্তন (OSC সন্দেহ),urgent
oral_0_000659.jpg,0,oral_scc,oral_scc,মুখের ক্যানসারের মতো পরিবর্তন (OSC সন্দেহ),urgent
oral_1_000660.jpg,1,oral_normal,oral_normal,স্বাভাবিক মুখের ভেতর,routine
oral_0_000661.jpg,0,oral_scc,oral_scc,মুখের ক্যানসারের মতো পরিবর্তন (OSC সন্দেহ),urgent
oral_1_000662.jpg,1,oral_normal,oral_normal,স্বাভাবিক মুখের ভেতর,routine
oral_0_000663.jpg,0,oral_scc,oral_scc,মুখের ক্যানসারের মতো পরিবর্তন (OSC সন্দেহ),urgent
oral_0_000664.jpg,0,oral_scc,oral_scc,মুখের ক্যানসারের মতো পরিবর্তন (OSC সন্দেহ),urgent
oral_0_000665.jpg,0,oral_scc,oral_scc,মুখের ক্যানসারের মতো পরিবর্তন (OSC সন্দেহ),urgent
oral_0_000666.jpg,0,oral_scc,oral_scc,মুখের ক্যানসারের মতো পরিবর্তন (OSC সন্দেহ),urgent
oral_0_000667.jpg,0,oral_scc,oral_scc,মুখের ক্যানসারের মতো পরিবর্তন (OSC সন্দেহ),urgent
oral_0_000668.jpg,0,oral_scc,oral_scc,মুখের ক্যানসারের মতো পরিবর্তন (OSC সন্দেহ),urgent
oral_0_000669.jpg,0,oral_scc,oral_scc,মুখের ক্যানসারের মতো পরিবর্তন (OSC সন্দেহ),urgent
oral_1_000670.jpg,1,oral_normal,oral_normal,স্বাভাবিক মুখের ভেতর,routine
oral_1_000671.jpg,1,oral_normal,oral_normal,স্বাভাবিক মুখের ভেতর,routine
oral_1_000672.jpg,1,oral_normal,oral_normal,স্বাভাবিক মুখের ভেতর,routine
oral_0_000673.jpg,0,oral_scc,oral_scc,মুখের ক্যানসারের মতো পরিবর্তন (OSC সন্দেহ),urgent
oral_1_000674.jpg,1,oral_normal,oral_normal,স্বাভাবিক মুখের ভেতর,routine
oral_1_000675.jpg,1,oral_normal,oral_normal,স্বাভাবিক মুখের ভেতর,routine
oral_0_000676.jpg,0,oral_scc,oral_scc,মুখের ক্যানসারের মতো পরিবর্তন (OSC সন্দেহ),urgent
oral_0_000677.jpg,0,oral_scc,oral_scc,মুখের ক্যানসারের মতো পরিবর্তন (OSC সন্দেহ),urgent
oral_1_000678.jpg,1,oral_normal,oral_normal,স্বাভাবিক মুখের ভেতর,routine
oral_0_000679.jpg,0,oral_scc,oral_scc,মুখের ক্যানসারের মতো পরিবর্তন (OSC সন্দেহ),urgent
oral_1_000680.jpg,1,oral_normal,oral_normal,স্বাভাবিক মুখের ভেতর,routine
oral_0_000681.jpg,0,oral_scc,oral_scc,মুখের ক্যানসারের মতো পরিবর্তন (OSC সন্দেহ),urgent
oral_1_000682.jpg,1,oral_normal,oral_normal,স্বাভাবিক মুখের ভেতর,routine
oral_0_000683.jpg,0,oral_scc,oral_scc,মুখের ক্যানসারের মতো পরিবর্তন (OSC সন্দেহ),urgent
oral_0_000684.jpg,0,oral_scc,oral_scc,মুখের ক্যানসারের মতো পরিবর্তন (OSC সন্দেহ),urgent
oral_1_000685.jpg,1,oral_normal,oral_normal,স্বাভাবিক মুখের ভেতর,routine
oral_0_000686.jpg,0,oral_scc,oral_scc,মুখের ক্যানসারের মতো পরিবর্তন (OSC সন্দেহ),urgent
oral_0_000687.jpg,0,oral_scc,oral_scc,মুখের ক্যানসারের মতো পরিবর্তন (OSC সন্দেহ),urgent
oral_0_000688.jpg,0,oral_scc,oral_scc,মুখের ক্যানসারের মতো পরিবর্তন (OSC সন্দেহ),urgent
oral_0_000689.jpg,0,oral_scc,oral_scc,মুখের ক্যানসারের মতো পরিবর্তন (OSC সন্দেহ),urgent
oral_1_000690.jpg,1,oral_normal,oral_normal,স্বাভাবিক মুখের ভেতর,routine
oral_0_000691.jpg,0,oral_scc,oral_scc,মুখের ক্যানসারের মতো পরিবর্তন (OSC সন্দেহ),urgent
oral_1_000692.jpg,1,oral_normal,oral_normal,স্বাভাবিক মুখের ভেতর,routine
oral_0_000693.jpg,0,oral_scc,oral_scc,মুখের ক্যানসারের মতো পরিবর্তন (OSC সন্দেহ),urgent
oral_0_000694.jpg,0,oral_scc,oral_scc,মুখের ক্যানসারের মতো পরিবর্তন (OSC সন্দেহ),urgent
oral_1_000695.jpg,1,oral_normal,oral_normal,স্বাভাবিক মুখের ভেতর,routine
oral_0_000696.jpg,0,oral_scc,oral_scc,মুখের ক্যানসারের মতো পরিবর্তন (OSC সন্দেহ),urgent
oral_0_000697.jpg,0,oral_scc,oral_scc,মুখের ক্যানসারের মতো পরিবর্তন (OSC সন্দেহ),urgent
oral_0_000698.jpg,0,oral_scc,oral_scc,মুখের ক্যানসারের মতো পরিবর্তন (OSC সন্দেহ),urgent
oral_0_000699.jpg,0,oral_scc,oral_scc,মুখের ক্যানসারের মতো পরিবর্তন (OSC সন্দেহ),urgent
oral_1_000700.jpg,1,oral_normal,oral_normal,স্বাভাবিক মুখের ভেতর,routine
oral_1_000701.jpg,1,oral_normal,oral_normal,স্বাভাবিক মুখের ভেতর,routine
oral_0_000702.jpg,0,oral_scc,oral_scc,মুখের ক্যানসারের মতো পরিবর্তন (OSC সন্দেহ),urgent
oral_1_000703.jpg,1,oral_normal,oral_normal,স্বাভাবিক মুখের ভেতর,routine
oral_0_000704.jpg,0,oral_scc,oral_scc,মুখের ক্যানসারের মতো পরিবর্তন (OSC সন্দেহ),urgent
oral_0_000705.jpg,0,oral_scc,oral_scc,মুখের ক্যানসারের মতো পরিবর্তন (OSC সন্দেহ),urgent
oral_0_000706.jpg,0,oral_scc,oral_scc,মুখের ক্যানসারের মতো পরিবর্তন (OSC সন্দেহ),urgent
oral_1_000707.jpg,1,oral_normal,oral_normal,স্বাভাবিক মুখের ভেতর,routine
oral_0_000708.jpg,0,oral_scc,oral_scc,মুখের ক্যানসারের মতো পরিবর্তন (OSC সন্দেহ),urgent
oral_0_000709.jpg,0,oral_scc,oral_scc,মুখের ক্যানসারের মতো পরিবর্তন (OSC সন্দেহ),urgent
oral_1_000710.jpg,1,oral_normal,oral_normal,স্বাভাবিক মুখের ভেতর,routine
oral_1_000711.jpg,1,oral_normal,oral_normal,স্বাভাবিক মুখের ভেতর,routine
oral_1_000712.jpg,1,oral_normal,oral_normal,স্বাভাবিক মুখের ভেতর,routine
oral_0_000713.jpg,0,oral_scc,oral_scc,মুখের ক্যানসারের মতো পরিবর্তন (OSC সন্দেহ),urgent
oral_1_000714.jpg,1,oral_normal,oral_normal,স্বাভাবিক মুখের ভেতর,routine
oral_0_000715.jpg,0,oral_scc,oral_scc,মুখের ক্যানসারের মতো পরিবর্তন (OSC সন্দেহ),urgent
oral_1_000716.jpg,1,oral_normal,oral_normal,স্বাভাবিক মুখের ভেতর,routine
oral_0_000717.jpg,0,oral_scc,oral_scc,মুখের ক্যানসারের মতো পরিবর্তন (OSC সন্দেহ),urgent
oral_1_000718.jpg,1,oral_normal,oral_normal,স্বাভাবিক মুখের ভেতর,routine
oral_0_000719.jpg,0,oral_scc,oral_scc,মুখের ক্যানসারের মতো পরিবর্তন (OSC সন্দেহ),urgent
oral_0_000720.jpg,0,oral_scc,oral_scc,মুখের ক্যানসারের মতো পরিবর্তন (OSC সন্দেহ),urgent
oral_0_000721.jpg,0,oral_scc,oral_scc,মুখের ক্যানসারের মতো পরিবর্তন (OSC সন্দেহ),urgent
oral_1_000722.jpg,1,oral_normal,oral_normal,স্বাভাবিক মুখের ভেতর,routine
oral_0_000723.jpg,0,oral_scc,oral_scc,মুখের ক্যানসারের মতো পরিবর্তন (OSC সন্দেহ),urgent
oral_1_000724.jpg,1,oral_normal,oral_normal,স্বাভাবিক মুখের ভেতর,routine
oral_1_000725.jpg,1,oral_normal,oral_normal,স্বাভাবিক মুখের ভেতর,routine
oral_1_000726.jpg,1,oral_normal,oral_normal,স্বাভাবিক মুখের ভেতর,routine
oral_1_000727.jpg,1,oral_normal,oral_normal,স্বাভাবিক মুখের ভেতর,routine
oral_1_000728.jpg,1,oral_normal,oral_normal,স্বাভাবিক মুখের ভেতর,routine
oral_1_000729.jpg,1,oral_normal,oral_normal,স্বাভাবিক মুখের ভেতর,routine
oral_0_000730.jpg,0,oral_scc,oral_scc,মুখের ক্যানসারের মতো পরিবর্তন (OSC সন্দেহ),urgent
oral_0_000731.jpg,0,oral_scc,oral_scc,মুখের ক্যানসারের মতো পরিবর্তন (OSC সন্দেহ),urgent
oral_1_000732.jpg,1,oral_normal,oral_normal,স্বাভাবিক মুখের ভেতর,routine
oral_1_000733.jpg,1,oral_normal,oral_normal,স্বাভাবিক মুখের ভেতর,routine
oral_0_000734.jpg,0,oral_scc,oral_scc,মুখের ক্যানসারের মতো পরিবর্তন (OSC সন্দেহ),urgent
oral_0_000735.jpg,0,oral_scc,oral_scc,মুখের ক্যানসারের মতো পরিবর্তন (OSC সন্দেহ),urgent
oral_1_000736.jpg,1,oral_normal,oral_normal,স্বাভাবিক মুখের ভেতর,routine
oral_1_000737.jpg,1,oral_normal,oral_normal,স্বাভাবিক মুখের ভেতর,routine
oral_0_000738.jpg,0,oral_scc,oral_scc,মুখের ক্যানসারের মতো পরিবর্তন (OSC সন্দেহ),urgent
oral_0_000739.jpg,0,oral_scc,oral_scc,মুখের ক্যানসারের মতো পরিবর্তন (OSC সন্দেহ),urgent
oral_1_000740.jpg,1,oral_normal,oral_normal,স্বাভাবিক মুখের ভেতর,routine
oral_0_000741.jpg,0,oral_scc,oral_scc,মুখের ক্যানসারের মতো পরিবর্তন (OSC সন্দেহ),urgent
oral_0_000742.jpg,0,oral_scc,oral_scc,মুখের ক্যানসারের মতো পরিবর্তন (OSC সন্দেহ),urgent
oral_0_000743.jpg,0,oral_scc,oral_scc,মুখের ক্যানসারের মতো পরিবর্তন (OSC সন্দেহ),urgent
oral_0_000744.jpg,0,oral_scc,oral_scc,মুখের ক্যানসারের মতো পরিবর্তন (OSC সন্দেহ),urgent
oral_0_000745.jpg,0,oral_scc,oral_scc,মুখের ক্যানসারের মতো পরিবর্তন (OSC সন্দেহ),urgent
oral_0_000746.jpg,0,oral_scc,oral_scc,মুখের ক্যানসারের মতো পরিবর্তন (OSC সন্দেহ),urgent
oral_1_000747.jpg,1,oral_normal,oral_normal,স্বাভাবিক মুখের ভেতর,routine
oral_1_000748.jpg,1,oral_normal,oral_normal,স্বাভাবিক মুখের ভেতর,routine
oral_1_000749.jpg,1,oral_normal,oral_normal,স্বাভাবিক মুখের ভেতর,routine
oral_0_000750.jpg,0,oral_scc,oral_scc,মুখের ক্যানসারের মতো পরিবর্তন (OSC সন্দেহ),urgent
oral_0_000751.jpg,0,oral_scc,oral_scc,মুখের ক্যানসারের মতো পরিবর্তন (OSC সন্দেহ),urgent
oral_0_000752.jpg,0,oral_scc,oral_scc,মুখের ক্যানসারের মতো পরিবর্তন (OSC সন্দেহ),urgent
oral_0_000753.jpg,0,oral_scc,oral_scc,মুখের ক্যানসারের মতো পরিবর্তন (OSC সন্দেহ),urgent
oral_0_000754.jpg,0,oral_scc,oral_scc,মুখের ক্যানসারের মতো পরিবর্তন (OSC সন্দেহ),urgent
oral_0_000755.jpg,0,oral_scc,oral_scc,মুখের ক্যানসারের মতো পরিবর্তন (OSC সন্দেহ),urgent
oral_1_000756.jpg,1,oral_normal,oral_normal,স্বাভাবিক মুখের ভেতর,routine
oral_1_000757.jpg,1,oral_normal,oral_normal,স্বাভাবিক মুখের ভেতর,routine
oral_1_000758.jpg,1,oral_normal,oral_normal,স্বাভাবিক মুখের ভেতর,routine
oral_0_000759.jpg,0,oral_scc,oral_scc,মুখের ক্যানসারের মতো পরিবর্তন (OSC সন্দেহ),urgent
oral_0_000760.jpg,0,oral_scc,oral_scc,মুখের ক্যানসারের মতো পরিবর্তন (OSC সন্দেহ),urgent
oral_0_000761.jpg,0,oral_scc,oral_scc,মুখের ক্যানসারের মতো পরিবর্তন (OSC সন্দেহ),urgent
oral_0_000762.jpg,0,oral_scc,oral_scc,মুখের ক্যানসারের মতো পরিবর্তন (OSC সন্দেহ),urgent
oral_0_000763.jpg,0,oral_scc,oral_scc,মুখের ক্যানসারের মতো পরিবর্তন (OSC সন্দেহ),urgent
oral_0_000764.jpg,0,oral_scc,oral_scc,মুখের ক্যানসারের মতো পরিবর্তন (OSC সন্দেহ),urgent
oral_1_000765.jpg,1,oral_normal,oral_normal,স্বাভাবিক মুখের ভেতর,routine
oral_0_000766.jpg,0,oral_scc,oral_scc,মুখের ক্যানসারের মতো পরিবর্তন (OSC সন্দেহ),urgent
oral_0_000767.jpg,0,oral_scc,oral_scc,মুখের ক্যানসারের মতো পরিবর্তন (OSC সন্দেহ),urgent
oral_1_000768.jpg,1,oral_normal,oral_normal,স্বাভাবিক মুখের ভেতর,routine
oral_0_000769.jpg,0,oral_scc,oral_scc,মুখের ক্যানসারের মতো পরিবর্তন (OSC সন্দেহ),urgent
oral_1_000770.jpg,1,oral_normal,oral_normal,স্বাভাবিক মুখের ভেতর,routine
oral_1_000771.jpg,1,oral_normal,oral_normal,স্বাভাবিক মুখের ভেতর,routine
oral_0_000772.jpg,0,oral_scc,oral_scc,মুখের ক্যানসারের মতো পরিবর্তন (OSC সন্দেহ),urgent
oral_0_000773.jpg,0,oral_scc,oral_scc,মুখের ক্যানসারের মতো পরিবর্তন (OSC সন্দেহ),urgent
oral_0_000774.jpg,0,oral_scc,oral_scc,মুখের ক্যানসারের মতো পরিবর্তন (OSC সন্দেহ),urgent
oral_0_000775.jpg,0,oral_scc,oral_scc,মুখের ক্যানসারের মতো পরিবর্তন (OSC সন্দেহ),urgent
oral_0_000776.jpg,0,oral_scc,oral_scc,মুখের ক্যানসারের মতো পরিবর্তন (OSC সন্দেহ),urgent
oral_1_000777.jpg,1,oral_normal,oral_normal,স্বাভাবিক মুখের ভেতর,routine
oral_0_000778.jpg,0,oral_scc,oral_scc,মুখের ক্যানসারের মতো পরিবর্তন (OSC সন্দেহ),urgent
oral_0_000779.jpg,0,oral_scc,oral_scc,মুখের ক্যানসারের মতো পরিবর্তন (OSC সন্দেহ),urgent
oral_1_000780.jpg,1,oral_normal,oral_normal,স্বাভাবিক মুখের ভেতর,routine
oral_0_000781.jpg,0,oral_scc,oral_scc,মুখের ক্যানসারের মতো পরিবর্তন (OSC সন্দেহ),urgent
oral_1_000782.jpg,1,oral_normal,oral_normal,স্বাভাবিক মুখের ভেতর,routine
oral_0_000783.jpg,0,oral_scc,oral_scc,মুখের ক্যানসারের মতো পরিবর্তন (OSC সন্দেহ),urgent
oral_0_000784.jpg,0,oral_scc,oral_scc,মুখের ক্যানসারের মতো পরিবর্তন (OSC সন্দেহ),urgent
oral_1_000785.jpg,1,oral_normal,oral_normal,স্বাভাবিক মুখের ভেতর,routine
oral_1_000786.jpg,1,oral_normal,oral_normal,স্বাভাবিক মুখের ভেতর,routine
oral_0_000787.jpg,0,oral_scc,oral_scc,মুখের ক্যানসারের মতো পরিবর্তন (OSC সন্দেহ),urgent
oral_1_000788.jpg,1,oral_normal,oral_normal,স্বাভাবিক মুখের ভেতর,routine
oral_1_000789.jpg,1,oral_normal,oral_normal,স্বাভাবিক মুখের ভেতর,routine
oral_0_000790.jpg,0,oral_scc,oral_scc,মুখের ক্যানসারের মতো পরিবর্তন (OSC সন্দেহ),urgent
oral_0_000791.jpg,0,oral_scc,oral_scc,মুখের ক্যানসারের মতো পরিবর্তন (OSC সন্দেহ),urgent
oral_1_000792.jpg,1,oral_normal,oral_normal,স্বাভাবিক মুখের ভেতর,routine
oral_1_000793.jpg,1,oral_normal,oral_normal,স্বাভাবিক মুখের ভেতর,routine
oral_1_000794.jpg,1,oral_normal,oral_normal,স্বাভাবিক মুখের ভেতর,routine
oral_1_000795.jpg,1,oral_normal,oral_normal,স্বাভাবিক মুখের ভেতর,routine
oral_1_000796.jpg,1,oral_normal,oral_normal,স্বাভাবিক মুখের ভেতর,routine
oral_1_000797.jpg,1,oral_normal,oral_normal,স্বাভাবিক মুখের ভেতর,routine
oral_1_000798.jpg,1,oral_normal,oral_normal,স্বাভাবিক মুখের ভেতর,routine
oral_1_000799.jpg,1,oral_normal,oral_normal,স্বাভাবিক মুখের ভেতর,routine
oral_1_000800.jpg,1,oral_normal,oral_normal,স্বাভাবিক মুখের ভেতর,routine
oral_1_000801.jpg,1,oral_normal,oral_normal,স্বাভাবিক মুখের ভেতর,routine
oral_1_000802.jpg,1,oral_normal,oral_normal,স্বাভাবিক মুখের ভেতর,routine
oral_0_000803.jpg,0,oral_scc,oral_scc,মুখের ক্যানসারের মতো পরিবর্তন (OSC সন্দেহ),urgent
oral_0_000804.jpg,0,oral_scc,oral_scc,মুখের ক্যানসারের মতো পরিবর্তন (OSC সন্দেহ),urgent
oral_0_000805.jpg,0,oral_scc,oral_scc,মুখের ক্যানসারের মতো পরিবর্তন (OSC সন্দেহ),urgent
oral_0_000806.jpg,0,oral_scc,oral_scc,মুখের ক্যানসারের মতো পরিবর্তন (OSC সন্দেহ),urgent
oral_0_000807.jpg,0,oral_scc,oral_scc,মুখের ক্যানসারের মতো পরিবর্তন (OSC সন্দেহ),urgent
oral_0_000808.jpg,0,oral_scc,oral_scc,মুখের ক্যানসারের মতো পরিবর্তন (OSC সন্দেহ),urgent
oral_0_000809.jpg,0,oral_scc,oral_scc,মুখের ক্যানসারের মতো পরিবর্তন (OSC সন্দেহ),urgent
oral_0_000810.jpg,0,oral_scc,oral_scc,মুখের ক্যানসারের মতো পরিবর্তন (OSC সন্দেহ),urgent
oral_0_000811.jpg,0,oral_scc,oral_scc,মুখের ক্যানসারের মতো পরিবর্তন (OSC সন্দেহ),urgent
oral_1_000812.jpg,1,oral_normal,oral_normal,স্বাভাবিক মুখের ভেতর,routine
oral_0_000813.jpg,0,oral_scc,oral_scc,মুখের ক্যানসারের মতো পরিবর্তন (OSC সন্দেহ),urgent
oral_0_000814.jpg,0,oral_scc,oral_scc,মুখের ক্যানসারের মতো পরিবর্তন (OSC সন্দেহ),urgent
oral_1_000815.jpg,1,oral_normal,oral_normal,স্বাভাবিক মুখের ভেতর,routine
oral_0_000816.jpg,0,oral_scc,oral_scc,মুখের ক্যানসারের মতো পরিবর্তন (OSC সন্দেহ),urgent
oral_1_000817.jpg,1,oral_normal,oral_normal,স্বাভাবিক মুখের ভেতর,routine
oral_1_000818.jpg,1,oral_normal,oral_normal,স্বাভাবিক মুখের ভেতর,routine
oral_1_000819.jpg,1,oral_normal,oral_normal,স্বাভাবিক মুখের ভেতর,routine
oral_1_000820.jpg,1,oral_normal,oral_normal,স্বাভাবিক মুখের ভেতর,routine
oral_0_000821.jpg,0,oral_scc,oral_scc,মুখের ক্যানসারের মতো পরিবর্তন (OSC সন্দেহ),urgent
oral_0_000822.jpg,0,oral_scc,oral_scc,মুখের ক্যানসারের মতো পরিবর্তন (OSC সন্দেহ),urgent
oral_1_000823.jpg,1,oral_normal,oral_normal,স্বাভাবিক মুখের ভেতর,routine
oral_1_000824.jpg,1,oral_normal,oral_normal,স্বাভাবিক মুখের ভেতর,routine
oral_0_000825.jpg,0,oral_scc,oral_scc,মুখের ক্যানসারের মতো পরিবর্তন (OSC সন্দেহ),urgent
oral_0_000826.jpg,0,oral_scc,oral_scc,মুখের ক্যানসারের মতো পরিবর্তন (OSC সন্দেহ),urgent
oral_1_000827.jpg,1,oral_normal,oral_normal,স্বাভাবিক মুখের ভেতর,routine
oral_0_000828.jpg,0,oral_scc,oral_scc,মুখের ক্যানসারের মতো পরিবর্তন (OSC সন্দেহ),urgent
oral_1_000829.jpg,1,oral_normal,oral_normal,স্বাভাবিক মুখের ভেতর,routine
oral_1_000830.jpg,1,oral_normal,oral_normal,স্বাভাবিক মুখের ভেতর,routine
oral_1_000831.jpg,1,oral_normal,oral_normal,স্বাভাবিক মুখের ভেতর,routine
oral_1_000832.jpg,1,oral_normal,oral_normal,স্বাভাবিক মুখের ভেতর,routine
oral_1_000833.jpg,1,oral_normal,oral_normal,স্বাভাবিক মুখের ভেতর,routine
oral_0_000834.jpg,0,oral_scc,oral_scc,মুখের ক্যানসারের মতো পরিবর্তন (OSC সন্দেহ),urgent
oral_1_000835.jpg,1,oral_normal,oral_normal,স্বাভাবিক মুখের ভেতর,routine
oral_1_000836.jpg,1,oral_normal,oral_normal,স্বাভাবিক মুখের ভেতর,routine
oral_0_000837.jpg,0,oral_scc,oral_scc,মুখের ক্যানসারের মতো পরিবর্তন (OSC সন্দেহ),urgent
oral_0_000838.jpg,0,oral_scc,oral_scc,মুখের ক্যানসারের মতো পরিবর্তন (OSC সন্দেহ),urgent
oral_1_000839.jpg,1,oral_normal,oral_normal,স্বাভাবিক মুখের ভেতর,routine
oral_0_000840.jpg,0,oral_scc,oral_scc,মুখের ক্যানসারের মতো পরিবর্তন (OSC সন্দেহ),urgent
oral_0_000841.jpg,0,oral_scc,oral_scc,মুখের ক্যানসারের মতো পরিবর্তন (OSC সন্দেহ),urgent
oral_1_000842.jpg,1,oral_normal,oral_normal,স্বাভাবিক মুখের ভেতর,routine
oral_0_000843.jpg,0,oral_scc,oral_scc,মুখের ক্যানসারের মতো পরিবর্তন (OSC সন্দেহ),urgent
oral_1_000844.jpg,1,oral_normal,oral_normal,স্বাভাবিক মুখের ভেতর,routine
oral_1_000845.jpg,1,oral_normal,oral_normal,স্বাভাবিক মুখের ভেতর,routine
oral_1_000846.jpg,1,oral_normal,oral_normal,স্বাভাবিক মুখের ভেতর,routine
oral_1_000847.jpg,1,oral_normal,oral_normal,স্বাভাবিক মুখের ভেতর,routine
oral_0_000848.jpg,0,oral_scc,oral_scc,মুখের ক্যানসারের মতো পরিবর্তন (OSC সন্দেহ),urgent
oral_1_000849.jpg,1,oral_normal,oral_normal,স্বাভাবিক মুখের ভেতর,routine
oral_0_000850.jpg,0,oral_scc,oral_scc,মুখের ক্যানসারের মতো পরিবর্তন (OSC সন্দেহ),urgent
oral_1_000851.jpg,1,oral_normal,oral_normal,স্বাভাবিক মুখের ভেতর,routine
oral_1_000852.jpg,1,oral_normal,oral_normal,স্বাভাবিক মুখের ভেতর,routine
oral_0_000853.jpg,0,oral_scc,oral_scc,মুখের ক্যানসারের মতো পরিবর্তন (OSC সন্দেহ),urgent
oral_1_000854.jpg,1,oral_normal,oral_normal,স্বাভাবিক মুখের ভেতর,routine
oral_1_000855.jpg,1,oral_normal,oral_normal,স্বাভাবিক মুখের ভেতর,routine
oral_1_000856.jpg,1,oral_normal,oral_normal,স্বাভাবিক মুখের ভেতর,routine
oral_1_000857.jpg,1,oral_normal,oral_normal,স্বাভাবিক মুখের ভেতর,routine
oral_0_000858.jpg,0,oral_scc,oral_scc,মুখের ক্যানসারের মতো পরিবর্তন (OSC সন্দেহ),urgent
oral_1_000859.jpg,1,oral_normal,oral_normal,স্বাভাবিক মুখের ভেতর,routine
oral_1_000860.jpg,1,oral_normal,oral_normal,স্বাভাবিক মুখের ভেতর,routine
oral_0_000861.jpg,0,oral_scc,oral_scc,মুখের ক্যানসারের মতো পরিবর্তন (OSC সন্দেহ),urgent
oral_1_000862.jpg,1,oral_normal,oral_normal,স্বাভাবিক মুখের ভেতর,routine
oral_0_000863.jpg,0,oral_scc,oral_scc,মুখের ক্যানসারের মতো পরিবর্তন (OSC সন্দেহ),urgent
oral_0_000864.jpg,0,oral_scc,oral_scc,মুখের ক্যানসারের মতো পরিবর্তন (OSC সন্দেহ),urgent
oral_1_000865.jpg,1,oral_normal,oral_normal,স্বাভাবিক মুখের ভেতর,routine
oral_0_000866.jpg,0,oral_scc,oral_scc,মুখের ক্যানসারের মতো পরিবর্তন (OSC সন্দেহ),urgent
oral_1_000867.jpg,1,oral_normal,oral_normal,স্বাভাবিক মুখের ভেতর,routine
oral_0_000868.jpg,0,oral_scc,oral_scc,মুখের ক্যানসারের মতো পরিবর্তন (OSC সন্দেহ),urgent
oral_1_000869.jpg,1,oral_normal,oral_normal,স্বাভাবিক মুখের ভেতর,routine
oral_1_000870.jpg,1,oral_normal,oral_normal,স্বাভাবিক মুখের ভেতর,routine
oral_0_000871.jpg,0,oral_scc,oral_scc,মুখের ক্যানসারের মতো পরিবর্তন (OSC সন্দেহ),urgent
oral_1_000872.jpg,1,oral_normal,oral_normal,স্বাভাবিক মুখের ভেতর,routine
oral_1_000873.jpg,1,oral_normal,oral_normal,স্বাভাবিক মুখের ভেতর,routine
oral_0_000874.jpg,0,oral_scc,oral_scc,মুখের ক্যানসারের মতো পরিবর্তন (OSC সন্দেহ),urgent
oral_0_000875.jpg,0,oral_scc,oral_scc,মুখের ক্যানসারের মতো পরিবর্তন (OSC সন্দেহ),urgent
oral_0_000876.jpg,0,oral_scc,oral_scc,মুখের ক্যানসারের মতো পরিবর্তন (OSC সন্দেহ),urgent
oral_1_000877.jpg,1,oral_normal,oral_normal,স্বাভাবিক মুখের ভেতর,routine
oral_0_000878.jpg,0,oral_scc,oral_scc,মুখের ক্যানসারের মতো পরিবর্তন (OSC সন্দেহ),urgent
oral_0_000879.jpg,0,oral_scc,oral_scc,মুখের ক্যানসারের মতো পরিবর্তন (OSC সন্দেহ),urgent
oral_1_000880.jpg,1,oral_normal,oral_normal,স্বাভাবিক মুখের ভেতর,routine
oral_1_000881.jpg,1,oral_normal,oral_normal,স্বাভাবিক মুখের ভেতর,routine
oral_1_000882.jpg,1,oral_normal,oral_normal,স্বাভাবিক মুখের ভেতর,routine
oral_1_000883.jpg,1,oral_normal,oral_normal,স্বাভাবিক মুখের ভেতর,routine
oral_1_000884.jpg,1,oral_normal,oral_normal,স্বাভাবিক মুখের ভেতর,routine
oral_0_000885.jpg,0,oral_scc,oral_scc,মুখের ক্যানসারের মতো পরিবর্তন (OSC সন্দেহ),urgent
oral_1_000886.jpg,1,oral_normal,oral_normal,স্বাভাবিক মুখের ভেতর,routine
oral_0_000887.jpg,0,oral_scc,oral_scc,মুখের ক্যানসারের মতো পরিবর্তন (OSC সন্দেহ),urgent
oral_0_000888.jpg,0,oral_scc,oral_scc,মুখের ক্যানসারের মতো পরিবর্তন (OSC সন্দেহ),urgent
oral_0_000889.jpg,0,oral_scc,oral_scc,মুখের ক্যানসারের মতো পরিবর্তন (OSC সন্দেহ),urgent
oral_0_000890.jpg,0,oral_scc,oral_scc,মুখের ক্যানসারের মতো পরিবর্তন (OSC সন্দেহ),urgent
oral_0_000891.jpg,0,oral_scc,oral_scc,মুখের ক্যানসারের মতো পরিবর্তন (OSC সন্দেহ),urgent
oral_0_000892.jpg,0,oral_scc,oral_scc,মুখের ক্যানসারের মতো পরিবর্তন (OSC সন্দেহ),urgent
oral_0_000893.jpg,0,oral_scc,oral_scc,মুখের ক্যানসারের মতো পরিবর্তন (OSC সন্দেহ),urgent
oral_0_000894.jpg,0,oral_scc,oral_scc,মুখের ক্যানসারের মতো পরিবর্তন (OSC সন্দেহ),urgent
oral_1_000895.jpg,1,oral_normal,oral_normal,স্বাভাবিক মুখের ভেতর,routine
oral_0_000896.jpg,0,oral_scc,oral_scc,মুখের ক্যানসারের মতো পরিবর্তন (OSC সন্দেহ),urgent
oral_0_000897.jpg,0,oral_scc,oral_scc,মুখের ক্যানসারের মতো পরিবর্তন (OSC সন্দেহ),urgent
oral_1_000898.jpg,1,oral_normal,oral_normal,স্বাভাবিক মুখের ভেতর,routine
oral_0_000899.jpg,0,oral_scc,oral_scc,মুখের ক্যানসারের মতো পরিবর্তন (OSC সন্দেহ),urgent
oral_0_000900.jpg,0,oral_scc,oral_scc,মুখের ক্যানসারের মতো পরিবর্তন (OSC সন্দেহ),urgent
oral_0_000901.jpg,0,oral_scc,oral_scc,মুখের ক্যানসারের মতো পরিবর্তন (OSC সন্দেহ),urgent
oral_0_000902.jpg,0,oral_scc,oral_scc,মুখের ক্যানসারের মতো পরিবর্তন (OSC সন্দেহ),urgent
oral_0_000903.jpg,0,oral_scc,oral_scc,মুখের ক্যানসারের মতো পরিবর্তন (OSC সন্দেহ),urgent
oral_1_000904.jpg,1,oral_normal,oral_normal,স্বাভাবিক মুখের ভেতর,routine
oral_1_000905.jpg,1,oral_normal,oral_normal,স্বাভাবিক মুখের ভেতর,routine
oral_0_000906.jpg,0,oral_scc,oral_scc,মুখের ক্যানসারের মতো পরিবর্তন (OSC সন্দেহ),urgent
oral_0_000907.jpg,0,oral_scc,oral_scc,মুখের ক্যানসারের মতো পরিবর্তন (OSC সন্দেহ),urgent
oral_1_000908.jpg,1,oral_normal,oral_normal,স্বাভাবিক মুখের ভেতর,routine
oral_1_000909.jpg,1,oral_normal,oral_normal,স্বাভাবিক মুখের ভেতর,routine
oral_0_000910.jpg,0,oral_scc,oral_scc,মুখের ক্যানসারের মতো পরিবর্তন (OSC সন্দেহ),urgent
oral_1_000911.jpg,1,oral_normal,oral_normal,স্বাভাবিক মুখের ভেতর,routine
oral_1_000912.jpg,1,oral_normal,oral_normal,স্বাভাবিক মুখের ভেতর,routine
oral_1_000913.jpg,1,oral_normal,oral_normal,স্বাভাবিক মুখের ভেতর,routine
oral_0_000914.jpg,0,oral_scc,oral_scc,মুখের ক্যানসারের মতো পরিবর্তন (OSC সন্দেহ),urgent
oral_1_000915.jpg,1,oral_normal,oral_normal,স্বাভাবিক মুখের ভেতর,routine
oral_1_000916.jpg,1,oral_normal,oral_normal,স্বাভাবিক মুখের ভেতর,routine
oral_1_000917.jpg,1,oral_normal,oral_normal,স্বাভাবিক মুখের ভেতর,routine
oral_1_000918.jpg,1,oral_normal,oral_normal,স্বাভাবিক মুখের ভেতর,routine
oral_1_000919.jpg,1,oral_normal,oral_normal,স্বাভাবিক মুখের ভেতর,routine
oral_1_000920.jpg,1,oral_normal,oral_normal,স্বাভাবিক মুখের ভেতর,routine
oral_0_000921.jpg,0,oral_scc,oral_scc,মুখের ক্যানসারের মতো পরিবর্তন (OSC সন্দেহ),urgent
oral_1_000922.jpg,1,oral_normal,oral_normal,স্বাভাবিক মুখের ভেতর,routine
oral_0_000923.jpg,0,oral_scc,oral_scc,মুখের ক্যানসারের মতো পরিবর্তন (OSC সন্দেহ),urgent
oral_0_000924.jpg,0,oral_scc,oral_scc,মুখের ক্যানসারের মতো পরিবর্তন (OSC সন্দেহ),urgent
oral_1_000925.jpg,1,oral_normal,oral_normal,স্বাভাবিক মুখের ভেতর,routine
oral_1_000926.jpg,1,oral_normal,oral_normal,স্বাভাবিক মুখের ভেতর,routine
oral_0_000927.jpg,0,oral_scc,oral_scc,মুখের ক্যানসারের মতো পরিবর্তন (OSC সন্দেহ),urgent
oral_0_000928.jpg,0,oral_scc,oral_scc,মুখের ক্যানসারের মতো পরিবর্তন (OSC সন্দেহ),urgent
oral_0_000929.jpg,0,oral_scc,oral_scc,মুখের ক্যানসারের মতো পরিবর্তন (OSC সন্দেহ),urgent
oral_0_000930.jpg,0,oral_scc,oral_scc,মুখের ক্যানসারের মতো পরিবর্তন (OSC সন্দেহ),urgent
oral_0_000931.jpg,0,oral_scc,oral_scc,মুখের ক্যানসারের মতো পরিবর্তন (OSC সন্দেহ),urgent
oral_1_000932.jpg,1,oral_normal,oral_normal,স্বাভাবিক মুখের ভেতর,routine
oral_0_000933.jpg,0,oral_scc,oral_scc,মুখের ক্যানসারের মতো পরিবর্তন (OSC সন্দেহ),urgent
oral_0_000934.jpg,0,oral_scc,oral_scc,মুখের ক্যানসারের মতো পরিবর্তন (OSC সন্দেহ),urgent
oral_0_000935.jpg,0,oral_scc,oral_scc,মুখের ক্যানসারের মতো পরিবর্তন (OSC সন্দেহ),urgent
oral_1_000936.jpg,1,oral_normal,oral_normal,স্বাভাবিক মুখের ভেতর,routine
oral_1_000937.jpg,1,oral_normal,oral_normal,স্বাভাবিক মুখের ভেতর,routine
oral_0_000938.jpg,0,oral_scc,oral_scc,মুখের ক্যানসারের মতো পরিবর্তন (OSC সন্দেহ),urgent
oral_0_000939.jpg,0,oral_scc,oral_scc,মুখের ক্যানসারের মতো পরিবর্তন (OSC সন্দেহ),urgent
oral_1_000940.jpg,1,oral_normal,oral_normal,স্বাভাবিক মুখের ভেতর,routine
oral_1_000941.jpg,1,oral_normal,oral_normal,স্বাভাবিক মুখের ভেতর,routine
oral_0_000942.jpg,0,oral_scc,oral_scc,মুখের ক্যানসারের মতো পরিবর্তন (OSC সন্দেহ),urgent
oral_0_000943.jpg,0,oral_scc,oral_scc,মুখের ক্যানসারের মতো পরিবর্তন (OSC সন্দেহ),urgent
oral_1_000944.jpg,1,oral_normal,oral_normal,স্বাভাবিক মুখের ভেতর,routine
oral_1_000945.jpg,1,oral_normal,oral_normal,স্বাভাবিক মুখের ভেতর,routine
oral_0_000946.jpg,0,oral_scc,oral_scc,মুখের ক্যানসারের মতো পরিবর্তন (OSC সন্দেহ),urgent
oral_0_000947.jpg,0,oral_scc,oral_scc,মুখের ক্যানসারের মতো পরিবর্তন (OSC সন্দেহ),urgent
oral_0_000948.jpg,0,oral_scc,oral_scc,মুখের ক্যানসারের মতো পরিবর্তন (OSC সন্দেহ),urgent
oral_0_000949.jpg,0,oral_scc,oral_scc,মুখের ক্যানসারের মতো পরিবর্তন (OSC সন্দেহ),urgent
oral_1_000950.jpg,1,oral_normal,oral_normal,স্বাভাবিক মুখের ভেতর,routine
oral_1_000951.jpg,1,oral_normal,oral_normal,স্বাভাবিক মুখের ভেতর,routine
oral_1_000952.jpg,1,oral_normal,oral_normal,স্বাভাবিক মুখের ভেতর,routine
oral_1_000953.jpg,1,oral_normal,oral_normal,স্বাভাবিক মুখের ভেতর,routine
oral_0_000954.jpg,0,oral_scc,oral_scc,মুখের ক্যানসারের মতো পরিবর্তন (OSC সন্দেহ),urgent
oral_1_000955.jpg,1,oral_normal,oral_normal,স্বাভাবিক মুখের ভেতর,routine
oral_0_000956.jpg,0,oral_scc,oral_scc,মুখের ক্যানসারের মতো পরিবর্তন (OSC সন্দেহ),urgent
oral_1_000957.jpg,1,oral_normal,oral_normal,স্বাভাবিক মুখের ভেতর,routine
oral_1_000958.jpg,1,oral_normal,oral_normal,স্বাভাবিক মুখের ভেতর,routine
oral_0_000959.jpg,0,oral_scc,oral_scc,মুখের ক্যানসারের মতো পরিবর্তন (OSC সন্দেহ),urgent
oral_0_000960.jpg,0,oral_scc,oral_scc,মুখের ক্যানসারের মতো পরিবর্তন (OSC সন্দেহ),urgent
oral_0_000961.jpg,0,oral_scc,oral_scc,মুখের ক্যানসারের মতো পরিবর্তন (OSC সন্দেহ),urgent
oral_1_000962.jpg,1,oral_normal,oral_normal,স্বাভাবিক মুখের ভেতর,routine
oral_0_000963.jpg,0,oral_scc,oral_scc,মুখের ক্যানসারের মতো পরিবর্তন (OSC সন্দেহ),urgent
oral_1_000964.jpg,1,oral_normal,oral_normal,স্বাভাবিক মুখের ভেতর,routine
oral_1_000965.jpg,1,oral_normal,oral_normal,স্বাভাবিক মুখের ভেতর,routine
oral_1_000966.jpg,1,oral_normal,oral_normal,স্বাভাবিক মুখের ভেতর,routine
oral_1_000967.jpg,1,oral_normal,oral_normal,স্বাভাবিক মুখের ভেতর,routine
oral_0_000968.jpg,0,oral_scc,oral_scc,মুখের ক্যানসারের মতো পরিবর্তন (OSC সন্দেহ),urgent
oral_0_000969.jpg,0,oral_scc,oral_scc,মুখের ক্যানসারের মতো পরিবর্তন (OSC সন্দেহ),urgent
oral_0_000970.jpg,0,oral_scc,oral_scc,মুখের ক্যানসারের মতো পরিবর্তন (OSC সন্দেহ),urgent
oral_0_000971.jpg,0,oral_scc,oral_scc,মুখের ক্যানসারের মতো পরিবর্তন (OSC সন্দেহ),urgent
oral_0_000972.jpg,0,oral_scc,oral_scc,মুখের ক্যানসারের মতো পরিবর্তন (OSC সন্দেহ),urgent
oral_1_000973.jpg,1,oral_normal,oral_normal,স্বাভাবিক মুখের ভেতর,routine
oral_1_000974.jpg,1,oral_normal,oral_normal,স্বাভাবিক মুখের ভেতর,routine
oral_0_000975.jpg,0,oral_scc,oral_scc,মুখের ক্যানসারের মতো পরিবর্তন (OSC সন্দেহ),urgent
oral_0_000976.jpg,0,oral_scc,oral_scc,মুখের ক্যানসারের মতো পরিবর্তন (OSC সন্দেহ),urgent
oral_1_000977.jpg,1,oral_normal,oral_normal,স্বাভাবিক মুখের ভেতর,routine
oral_0_000978.jpg,0,oral_scc,oral_scc,মুখের ক্যানসারের মতো পরিবর্তন (OSC সন্দেহ),urgent
oral_0_000979.jpg,0,oral_scc,oral_scc,মুখের ক্যানসারের মতো পরিবর্তন (OSC সন্দেহ),urgent
oral_1_000980.jpg,1,oral_normal,oral_normal,স্বাভাবিক মুখের ভেতর,routine
oral_1_000981.jpg,1,oral_normal,oral_normal,স্বাভাবিক মুখের ভেতর,routine
oral_0_000982.jpg,0,oral_scc,oral_scc,মুখের ক্যানসারের মতো পরিবর্তন (OSC সন্দেহ),urgent
oral_1_000983.jpg,1,oral_normal,oral_normal,স্বাভাবিক মুখের ভেতর,routine
oral_0_000984.jpg,0,oral_scc,oral_scc,মুখের ক্যানসারের মতো পরিবর্তন (OSC সন্দেহ),urgent
oral_1_000985.jpg,1,oral_normal,oral_normal,স্বাভাবিক মুখের ভেতর,routine
oral_1_000986.jpg,1,oral_normal,oral_normal,স্বাভাবিক মুখের ভেতর,routine
oral_1_000987.jpg,1,oral_normal,oral_normal,স্বাভাবিক মুখের ভেতর,routine
oral_1_000988.jpg,1,oral_normal,oral_normal,স্বাভাবিক মুখের ভেতর,routine
oral_0_000989.jpg,0,oral_scc,oral_scc,মুখের ক্যানসারের মতো পরিবর্তন (OSC সন্দেহ),urgent
oral_1_000990.jpg,1,oral_normal,oral_normal,স্বাভাবিক মুখের ভেতর,routine
oral_0_000991.jpg,0,oral_scc,oral_scc,মুখের ক্যানসারের মতো পরিবর্তন (OSC সন্দেহ),urgent
oral_1_000992.jpg,1,oral_normal,oral_normal,স্বাভাবিক মুখের ভেতর,routine
oral_1_000993.jpg,1,oral_normal,oral_normal,স্বাভাবিক মুখের ভেতর,routine
oral_0_000994.jpg,0,oral_scc,oral_scc,মুখের ক্যানসারের মতো পরিবর্তন (OSC সন্দেহ),urgent
oral_1_000995.jpg,1,oral_normal,oral_normal,স্বাভাবিক মুখের ভেতর,routine
oral_1_000996.jpg,1,oral_normal,oral_normal,স্বাভাবিক মুখের ভেতর,routine
oral_0_000997.jpg,0,oral_scc,oral_scc,মুখের ক্যানসারের মতো পরিবর্তন (OSC সন্দেহ),urgent
oral_1_000998.jpg,1,oral_normal,oral_normal,স্বাভাবিক মুখের ভেতর,routine
oral_0_000999.jpg,0,oral_scc,oral_scc,মুখের ক্যানসারের মতো পরিবর্তন (OSC সন্দেহ),urgent
oral_0_001000.jpg,0,oral_scc,oral_scc,মুখের ক্যানসারের মতো পরিবর্তন (OSC সন্দেহ),urgent
oral_0_001001.jpg,0,oral_scc,oral_scc,মুখের ক্যানসারের মতো পরিবর্তন (OSC সন্দেহ),urgent
oral_1_001002.jpg,1,oral_normal,oral_normal,স্বাভাবিক মুখের ভেতর,routine
oral_1_001003.jpg,1,oral_normal,oral_normal,স্বাভাবিক মুখের ভেতর,routine
oral_0_001004.jpg,0,oral_scc,oral_scc,মুখের ক্যানসারের মতো পরিবর্তন (OSC সন্দেহ),urgent
oral_1_001005.jpg,1,oral_normal,oral_normal,স্বাভাবিক মুখের ভেতর,routine
oral_1_001006.jpg,1,oral_normal,oral_normal,স্বাভাবিক মুখের ভেতর,routine
oral_1_001007.jpg,1,oral_normal,oral_normal,স্বাভাবিক মুখের ভেতর,routine
oral_1_001008.jpg,1,oral_normal,oral_normal,স্বাভাবিক মুখের ভেতর,routine
oral_1_001009.jpg,1,oral_normal,oral_normal,স্বাভাবিক মুখের ভেতর,routine
oral_1_001010.jpg,1,oral_normal,oral_normal,স্বাভাবিক মুখের ভেতর,routine
oral_1_001011.jpg,1,oral_normal,oral_normal,স্বাভাবিক মুখের ভেতর,routine
oral_0_001012.jpg,0,oral_scc,oral_scc,মুখের ক্যানসারের মতো পরিবর্তন (OSC সন্দেহ),urgent
oral_0_001013.jpg,0,oral_scc,oral_scc,মুখের ক্যানসারের মতো পরিবর্তন (OSC সন্দেহ),urgent
oral_0_001014.jpg,0,oral_scc,oral_scc,মুখের ক্যানসারের মতো পরিবর্তন (OSC সন্দেহ),urgent
oral_0_001015.jpg,0,oral_scc,oral_scc,মুখের ক্যানসারের মতো পরিবর্তন (OSC সন্দেহ),urgent
oral_0_001016.jpg,0,oral_scc,oral_scc,মুখের ক্যানসারের মতো পরিবর্তন (OSC সন্দেহ),urgent
oral_0_001017.jpg,0,oral_scc,oral_scc,মুখের ক্যানসারের মতো পরিবর্তন (OSC সন্দেহ),urgent
oral_1_001018.jpg,1,oral_normal,oral_normal,স্বাভাবিক মুখের ভেতর,routine
oral_0_001019.jpg,0,oral_scc,oral_scc,মুখের ক্যানসারের মতো পরিবর্তন (OSC সন্দেহ),urgent
oral_1_001020.jpg,1,oral_normal,oral_normal,স্বাভাবিক মুখের ভেতর,routine
oral_1_001021.jpg,1,oral_normal,oral_normal,স্বাভাবিক মুখের ভেতর,routine
oral_0_001022.jpg,0,oral_scc,oral_scc,মুখের ক্যানসারের মতো পরিবর্তন (OSC সন্দেহ),urgent
oral_0_001023.jpg,0,oral_scc,oral_scc,মুখের ক্যানসারের মতো পরিবর্তন (OSC সন্দেহ),urgent
oral_0_001024.jpg,0,oral_scc,oral_scc,মুখের ক্যানসারের মতো পরিবর্তন (OSC সন্দেহ),urgent
oral_1_001025.jpg,1,oral_normal,oral_normal,স্বাভাবিক মুখের ভেতর,routine
oral_0_001026.jpg,0,oral_scc,oral_scc,মুখের ক্যানসারের মতো পরিবর্তন (OSC সন্দেহ),urgent
oral_0_001027.jpg,0,oral_scc,oral_scc,মুখের ক্যানসারের মতো পরিবর্তন (OSC সন্দেহ),urgent
oral_1_001028.jpg,1,oral_normal,oral_normal,স্বাভাবিক মুখের ভেতর,routine
oral_1_001029.jpg,1,oral_normal,oral_normal,স্বাভাবিক মুখের ভেতর,routine
oral_0_001030.jpg,0,oral_scc,oral_scc,মুখের ক্যানসারের মতো পরিবর্তন (OSC সন্দেহ),urgent
oral_1_001031.jpg,1,oral_normal,oral_normal,স্বাভাবিক মুখের ভেতর,routine
oral_0_001032.jpg,0,oral_scc,oral_scc,মুখের ক্যানসারের মতো পরিবর্তন (OSC সন্দেহ),urgent
oral_0_001033.jpg,0,oral_scc,oral_scc,মুখের ক্যানসারের মতো পরিবর্তন (OSC সন্দেহ),urgent
oral_1_001034.jpg,1,oral_normal,oral_normal,স্বাভাবিক মুখের ভেতর,routine
oral_0_001035.jpg,0,oral_scc,oral_scc,মুখের ক্যানসারের মতো পরিবর্তন (OSC সন্দেহ),urgent
oral_0_001036.jpg,0,oral_scc,oral_scc,মুখের ক্যানসারের মতো পরিবর্তন (OSC সন্দেহ),urgent
oral_1_001037.jpg,1,oral_normal,oral_normal,স্বাভাবিক মুখের ভেতর,routine
oral_1_001038.jpg,1,oral_normal,oral_normal,স্বাভাবিক মুখের ভেতর,routine
oral_0_001039.jpg,0,oral_scc,oral_scc,মুখের ক্যানসারের মতো পরিবর্তন (OSC সন্দেহ),urgent
oral_1_001040.jpg,1,oral_normal,oral_normal,স্বাভাবিক মুখের ভেতর,routine
oral_0_001041.jpg,0,oral_scc,oral_scc,মুখের ক্যানসারের মতো পরিবর্তন (OSC সন্দেহ),urgent
oral_1_001042.jpg,1,oral_normal,oral_normal,স্বাভাবিক মুখের ভেতর,routine
oral_1_001043.jpg,1,oral_normal,oral_normal,স্বাভাবিক মুখের ভেতর,routine
oral_1_001044.jpg,1,oral_normal,oral_normal,স্বাভাবিক মুখের ভেতর,routine
oral_0_001045.jpg,0,oral_scc,oral_scc,মুখের ক্যানসারের মতো পরিবর্তন (OSC সন্দেহ),urgent
oral_0_001046.jpg,0,oral_scc,oral_scc,মুখের ক্যানসারের মতো পরিবর্তন (OSC সন্দেহ),urgent
oral_0_001047.jpg,0,oral_scc,oral_scc,মুখের ক্যানসারের মতো পরিবর্তন (OSC সন্দেহ),urgent
oral_1_001048.jpg,1,oral_normal,oral_normal,স্বাভাবিক মুখের ভেতর,routine
oral_0_001049.jpg,0,oral_scc,oral_scc,মুখের ক্যানসারের মতো পরিবর্তন (OSC সন্দেহ),urgent
oral_1_001050.jpg,1,oral_normal,oral_normal,স্বাভাবিক মুখের ভেতর,routine
oral_1_001051.jpg,1,oral_normal,oral_normal,স্বাভাবিক মুখের ভেতর,routine
oral_1_001052.jpg,1,oral_normal,oral_normal,স্বাভাবিক মুখের ভেতর,routine
oral_0_001053.jpg,0,oral_scc,oral_scc,মুখের ক্যানসারের মতো পরিবর্তন (OSC সন্দেহ),urgent
oral_1_001054.jpg,1,oral_normal,oral_normal,স্বাভাবিক মুখের ভেতর,routine
oral_1_001055.jpg,1,oral_normal,oral_normal,স্বাভাবিক মুখের ভেতর,routine
oral_1_001056.jpg,1,oral_normal,oral_normal,স্বাভাবিক মুখের ভেতর,routine
oral_0_001057.jpg,0,oral_scc,oral_scc,মুখের ক্যানসারের মতো পরিবর্তন (OSC সন্দেহ),urgent
oral_1_001058.jpg,1,oral_normal,oral_normal,স্বাভাবিক মুখের ভেতর,routine
oral_1_001059.jpg,1,oral_normal,oral_normal,স্বাভাবিক মুখের ভেতর,routine
oral_1_001060.jpg,1,oral_normal,oral_normal,স্বাভাবিক মুখের ভেতর,routine
oral_1_001061.jpg,1,oral_normal,oral_normal,স্বাভাবিক মুখের ভেতর,routine
oral_1_001062.jpg,1,oral_normal,oral_normal,স্বাভাবিক মুখের ভেতর,routine
oral_0_001063.jpg,0,oral_scc,oral_scc,মুখের ক্যানসারের মতো পরিবর্তন (OSC সন্দেহ),urgent
oral_0_001064.jpg,0,oral_scc,oral_scc,মুখের ক্যানসারের মতো পরিবর্তন (OSC সন্দেহ),urgent
oral_0_001065.jpg,0,oral_scc,oral_scc,মুখের ক্যানসারের মতো পরিবর্তন (OSC সন্দেহ),urgent
oral_0_001066.jpg,0,oral_scc,oral_scc,মুখের ক্যানসারের মতো পরিবর্তন (OSC সন্দেহ),urgent
oral_0_001067.jpg,0,oral_scc,oral_scc,মুখের ক্যানসারের মতো পরিবর্তন (OSC সন্দেহ),urgent
oral_0_001068.jpg,0,oral_scc,oral_scc,মুখের ক্যানসারের মতো পরিবর্তন (OSC সন্দেহ),urgent
oral_1_001069.jpg,1,oral_normal,oral_normal,স্বাভাবিক মুখের ভেতর,routine
oral_1_001070.jpg,1,oral_normal,oral_normal,স্বাভাবিক মুখের ভেতর,routine
oral_0_001071.jpg,0,oral_scc,oral_scc,মুখের ক্যানসারের মতো পরিবর্তন (OSC সন্দেহ),urgent
oral_0_001072.jpg,0,oral_scc,oral_scc,মুখের ক্যানসারের মতো পরিবর্তন (OSC সন্দেহ),urgent
oral_1_001073.jpg,1,oral_normal,oral_normal,স্বাভাবিক মুখের ভেতর,routine
oral_1_001074.jpg,1,oral_normal,oral_normal,স্বাভাবিক মুখের ভেতর,routine
oral_0_001075.jpg,0,oral_scc,oral_scc,মুখের ক্যানসারের মতো পরিবর্তন (OSC সন্দেহ),urgent
oral_1_001076.jpg,1,oral_normal,oral_normal,স্বাভাবিক মুখের ভেতর,routine
oral_0_001077.jpg,0,oral_scc,oral_scc,মুখের ক্যানসারের মতো পরিবর্তন (OSC সন্দেহ),urgent
oral_1_001078.jpg,1,oral_normal,oral_normal,স্বাভাবিক মুখের ভেতর,routine
oral_1_001079.jpg,1,oral_normal,oral_normal,স্বাভাবিক মুখের ভেতর,routine
oral_1_001080.jpg,1,oral_normal,oral_normal,স্বাভাবিক মুখের ভেতর,routine
oral_1_001081.jpg,1,oral_normal,oral_normal,স্বাভাবিক মুখের ভেতর,routine
oral_1_001082.jpg,1,oral_normal,oral_normal,স্বাভাবিক মুখের ভেতর,routine
oral_1_001083.jpg,1,oral_normal,oral_normal,স্বাভাবিক মুখের ভেতর,routine
oral_1_001084.jpg,1,oral_normal,oral_normal,স্বাভাবিক মুখের ভেতর,routine
oral_0_001085.jpg,0,oral_scc,oral_scc,মুখের ক্যানসারের মতো পরিবর্তন (OSC সন্দেহ),urgent
oral_1_001086.jpg,1,oral_normal,oral_normal,স্বাভাবিক মুখের ভেতর,routine
oral_1_001087.jpg,1,oral_normal,oral_normal,স্বাভাবিক মুখের ভেতর,routine
oral_0_001088.jpg,0,oral_scc,oral_scc,মুখের ক্যানসারের মতো পরিবর্তন (OSC সন্দেহ),urgent
oral_1_001089.jpg,1,oral_normal,oral_normal,স্বাভাবিক মুখের ভেতর,routine
oral_0_001090.jpg,0,oral_scc,oral_scc,মুখের ক্যানসারের মতো পরিবর্তন (OSC সন্দেহ),urgent
oral_0_001091.jpg,0,oral_scc,oral_scc,মুখের ক্যানসারের মতো পরিবর্তন (OSC সন্দেহ),urgent
oral_0_001092.jpg,0,oral_scc,oral_scc,মুখের ক্যানসারের মতো পরিবর্তন (OSC সন্দেহ),urgent
oral_1_001093.jpg,1,oral_normal,oral_normal,স্বাভাবিক মুখের ভেতর,routine
oral_1_001094.jpg,1,oral_normal,oral_normal,স্বাভাবিক মুখের ভেতর,routine
oral_0_001095.jpg,0,oral_scc,oral_scc,মুখের ক্যানসারের মতো পরিবর্তন (OSC সন্দেহ),urgent
oral_0_001096.jpg,0,oral_scc,oral_scc,মুখের ক্যানসারের মতো পরিবর্তন (OSC সন্দেহ),urgent
oral_0_001097.jpg,0,oral_scc,oral_scc,মুখের ক্যানসারের মতো পরিবর্তন (OSC সন্দেহ),urgent
oral_0_001098.jpg,0,oral_scc,oral_scc,মুখের ক্যানসারের মতো পরিবর্তন (OSC সন্দেহ),urgent
oral_1_001099.jpg,1,oral_normal,oral_normal,স্বাভাবিক মুখের ভেতর,routine
oral_1_001100.jpg,1,oral_normal,oral_normal,স্বাভাবিক মুখের ভেতর,routine
oral_0_001101.jpg,0,oral_scc,oral_scc,মুখের ক্যানসারের মতো পরিবর্তন (OSC সন্দেহ),urgent
oral_1_001102.jpg,1,oral_normal,oral_normal,স্বাভাবিক মুখের ভেতর,routine
oral_0_001103.jpg,0,oral_scc,oral_scc,মুখের ক্যানসারের মতো পরিবর্তন (OSC সন্দেহ),urgent
oral_0_001104.jpg,0,oral_scc,oral_scc,মুখের ক্যানসারের মতো পরিবর্তন (OSC সন্দেহ),urgent
oral_0_001105.jpg,0,oral_scc,oral_scc,মুখের ক্যানসারের মতো পরিবর্তন (OSC সন্দেহ),urgent
oral_0_001106.jpg,0,oral_scc,oral_scc,মুখের ক্যানসারের মতো পরিবর্তন (OSC সন্দেহ),urgent
oral_0_001107.jpg,0,oral_scc,oral_scc,মুখের ক্যানসারের মতো পরিবর্তন (OSC সন্দেহ),urgent
oral_1_001108.jpg,1,oral_normal,oral_normal,স্বাভাবিক মুখের ভেতর,routine
oral_0_001109.jpg,0,oral_scc,oral_scc,মুখের ক্যানসারের মতো পরিবর্তন (OSC সন্দেহ),urgent
oral_0_001110.jpg,0,oral_scc,oral_scc,মুখের ক্যানসারের মতো পরিবর্তন (OSC সন্দেহ),urgent
oral_0_001111.jpg,0,oral_scc,oral_scc,মুখের ক্যানসারের মতো পরিবর্তন (OSC সন্দেহ),urgent
oral_1_001112.jpg,1,oral_normal,oral_normal,স্বাভাবিক মুখের ভেতর,routine
oral_1_001113.jpg,1,oral_normal,oral_normal,স্বাভাবিক মুখের ভেতর,routine
oral_1_001114.jpg,1,oral_normal,oral_normal,স্বাভাবিক মুখের ভেতর,routine
oral_1_001115.jpg,1,oral_normal,oral_normal,স্বাভাবিক মুখের ভেতর,routine
oral_1_001116.jpg,1,oral_normal,oral_normal,স্বাভাবিক মুখের ভেতর,routine
oral_0_001117.jpg,0,oral_scc,oral_scc,মুখের ক্যানসারের মতো পরিবর্তন (OSC সন্দেহ),urgent
oral_1_001118.jpg,1,oral_normal,oral_normal,স্বাভাবিক মুখের ভেতর,routine
oral_0_001119.jpg,0,oral_scc,oral_scc,মুখের ক্যানসারের মতো পরিবর্তন (OSC সন্দেহ),urgent
oral_1_001120.jpg,1,oral_normal,oral_normal,স্বাভাবিক মুখের ভেতর,routine
oral_0_001121.jpg,0,oral_scc,oral_scc,মুখের ক্যানসারের মতো পরিবর্তন (OSC সন্দেহ),urgent
oral_1_001122.jpg,1,oral_normal,oral_normal,স্বাভাবিক মুখের ভেতর,routine
oral_1_001123.jpg,1,oral_normal,oral_normal,স্বাভাবিক মুখের ভেতর,routine
oral_0_001124.jpg,0,oral_scc,oral_scc,মুখের ক্যানসারের মতো পরিবর্তন (OSC সন্দেহ),urgent
oral_0_001125.jpg,0,oral_scc,oral_scc,মুখের ক্যানসারের মতো পরিবর্তন (OSC সন্দেহ),urgent
oral_0_001126.jpg,0,oral_scc,oral_scc,মুখের ক্যানসারের মতো পরিবর্তন (OSC সন্দেহ),urgent
oral_1_001127.jpg,1,oral_normal,oral_normal,স্বাভাবিক মুখের ভেতর,routine
oral_1_001128.jpg,1,oral_normal,oral_normal,স্বাভাবিক মুখের ভেতর,routine
oral_1_001129.jpg,1,oral_normal,oral_normal,স্বাভাবিক মুখের ভেতর,routine
oral_0_001130.jpg,0,oral_scc,oral_scc,মুখের ক্যানসারের মতো পরিবর্তন (OSC সন্দেহ),urgent
oral_0_001131.jpg,0,oral_scc,oral_scc,মুখের ক্যানসারের মতো পরিবর্তন (OSC সন্দেহ),urgent
oral_0_001132.jpg,0,oral_scc,oral_scc,মুখের ক্যানসারের মতো পরিবর্তন (OSC সন্দেহ),urgent
oral_0_001133.jpg,0,oral_scc,oral_scc,মুখের ক্যানসারের মতো পরিবর্তন (OSC সন্দেহ),urgent
oral_0_001134.jpg,0,oral_scc,oral_scc,মুখের ক্যানসারের মতো পরিবর্তন (OSC সন্দেহ),urgent
oral_1_001135.jpg,1,oral_normal,oral_normal,স্বাভাবিক মুখের ভেতর,routine
oral_1_001136.jpg,1,oral_normal,oral_normal,স্বাভাবিক মুখের ভেতর,routine
oral_1_001137.jpg,1,oral_normal,oral_normal,স্বাভাবিক মুখের ভেতর,routine
oral_1_001138.jpg,1,oral_normal,oral_normal,স্বাভাবিক মুখের ভেতর,routine
oral_1_001139.jpg,1,oral_normal,oral_normal,স্বাভাবিক মুখের ভেতর,routine
oral_0_001140.jpg,0,oral_scc,oral_scc,মুখের ক্যানসারের মতো পরিবর্তন (OSC সন্দেহ),urgent
oral_1_001141.jpg,1,oral_normal,oral_normal,স্বাভাবিক মুখের ভেতর,routine
oral_0_001142.jpg,0,oral_scc,oral_scc,মুখের ক্যানসারের মতো পরিবর্তন (OSC সন্দেহ),urgent
oral_0_001143.jpg,0,oral_scc,oral_scc,মুখের ক্যানসারের মতো পরিবর্তন (OSC সন্দেহ),urgent
oral_0_001144.jpg,0,oral_scc,oral_scc,মুখের ক্যানসারের মতো পরিবর্তন (OSC সন্দেহ),urgent
oral_0_001145.jpg,0,oral_scc,oral_scc,মুখের ক্যানসারের মতো পরিবর্তন (OSC সন্দেহ),urgent
oral_0_001146.jpg,0,oral_scc,oral_scc,মুখের ক্যানসারের মতো পরিবর্তন (OSC সন্দেহ),urgent
oral_1_001147.jpg,1,oral_normal,oral_normal,স্বাভাবিক মুখের ভেতর,routine
oral_0_001148.jpg,0,oral_scc,oral_scc,মুখের ক্যানসারের মতো পরিবর্তন (OSC সন্দেহ),urgent
oral_0_001149.jpg,0,oral_scc,oral_scc,মুখের ক্যানসারের মতো পরিবর্তন (OSC সন্দেহ),urgent
oral_1_001150.jpg,1,oral_normal,oral_normal,স্বাভাবিক মুখের ভেতর,routine
oral_1_001151.jpg,1,oral_normal,oral_normal,স্বাভাবিক মুখের ভেতর,routine
oral_0_001152.jpg,0,oral_scc,oral_scc,মুখের ক্যানসারের মতো পরিবর্তন (OSC সন্দেহ),urgent
oral_0_001153.jpg,0,oral_scc,oral_scc,মুখের ক্যানসারের মতো পরিবর্তন (OSC সন্দেহ),urgent
oral_1_001154.jpg,1,oral_normal,oral_normal,স্বাভাবিক মুখের ভেতর,routine
oral_0_001155.jpg,0,oral_scc,oral_scc,মুখের ক্যানসারের মতো পরিবর্তন (OSC সন্দেহ),urgent
oral_0_001156.jpg,0,oral_scc,oral_scc,মুখের ক্যানসারের মতো পরিবর্তন (OSC সন্দেহ),urgent
oral_0_001157.jpg,0,oral_scc,oral_scc,মুখের ক্যানসারের মতো পরিবর্তন (OSC সন্দেহ),urgent
oral_1_001158.jpg,1,oral_normal,oral_normal,স্বাভাবিক মুখের ভেতর,routine
oral_1_001159.jpg,1,oral_normal,oral_normal,স্বাভাবিক মুখের ভেতর,routine
oral_1_001160.jpg,1,oral_normal,oral_normal,স্বাভাবিক মুখের ভেতর,routine
oral_0_001161.jpg,0,oral_scc,oral_scc,মুখের ক্যানসারের মতো পরিবর্তন (OSC সন্দেহ),urgent
oral_1_001162.jpg,1,oral_normal,oral_normal,স্বাভাবিক মুখের ভেতর,routine
oral_1_001163.jpg,1,oral_normal,oral_normal,স্বাভাবিক মুখের ভেতর,routine
oral_1_001164.jpg,1,oral_normal,oral_normal,স্বাভাবিক মুখের ভেতর,routine
oral_0_001165.jpg,0,oral_scc,oral_scc,মুখের ক্যানসারের মতো পরিবর্তন (OSC সন্দেহ),urgent
oral_1_001166.jpg,1,oral_normal,oral_normal,স্বাভাবিক মুখের ভেতর,routine
oral_0_001167.jpg,0,oral_scc,oral_scc,মুখের ক্যানসারের মতো পরিবর্তন (OSC সন্দেহ),urgent
oral_1_001168.jpg,1,oral_normal,oral_normal,স্বাভাবিক মুখের ভেতর,routine
oral_1_001169.jpg,1,oral_normal,oral_normal,স্বাভাবিক মুখের ভেতর,routine
oral_1_001170.jpg,1,oral_normal,oral_normal,স্বাভাবিক মুখের ভেতর,routine
oral_1_001171.jpg,1,oral_normal,oral_normal,স্বাভাবিক মুখের ভেতর,routine
oral_1_001172.jpg,1,oral_normal,oral_normal,স্বাভাবিক মুখের ভেতর,routine
oral_0_001173.jpg,0,oral_scc,oral_scc,মুখের ক্যানসারের মতো পরিবর্তন (OSC সন্দেহ),urgent
oral_1_001174.jpg,1,oral_normal,oral_normal,স্বাভাবিক মুখের ভেতর,routine
oral_1_001175.jpg,1,oral_normal,oral_normal,স্বাভাবিক মুখের ভেতর,routine
oral_1_001176.jpg,1,oral_normal,oral_normal,স্বাভাবিক মুখের ভেতর,routine
oral_1_001177.jpg,1,oral_normal,oral_normal,স্বাভাবিক মুখের ভেতর,routine
oral_0_001178.jpg,0,oral_scc,oral_scc,মুখের ক্যানসারের মতো পরিবর্তন (OSC সন্দেহ),urgent
oral_1_001179.jpg,1,oral_normal,oral_normal,স্বাভাবিক মুখের ভেতর,routine
oral_0_001180.jpg,0,oral_scc,oral_scc,মুখের ক্যানসারের মতো পরিবর্তন (OSC সন্দেহ),urgent
oral_0_001181.jpg,0,oral_scc,oral_scc,মুখের ক্যানসারের মতো পরিবর্তন (OSC সন্দেহ),urgent
oral_0_001182.jpg,0,oral_scc,oral_scc,মুখের ক্যানসারের মতো পরিবর্তন (OSC সন্দেহ),urgent
oral_0_001183.jpg,0,oral_scc,oral_scc,মুখের ক্যানসারের মতো পরিবর্তন (OSC সন্দেহ),urgent
oral_0_001184.jpg,0,oral_scc,oral_scc,মুখের ক্যানসারের মতো পরিবর্তন (OSC সন্দেহ),urgent
oral_1_001185.jpg,1,oral_normal,oral_normal,স্বাভাবিক মুখের ভেতর,routine
oral_0_001186.jpg,0,oral_scc,oral_scc,মুখের ক্যানসারের মতো পরিবর্তন (OSC সন্দেহ),urgent
oral_1_001187.jpg,1,oral_normal,oral_normal,স্বাভাবিক মুখের ভেতর,routine
oral_1_001188.jpg,1,oral_normal,oral_normal,স্বাভাবিক মুখের ভেতর,routine
oral_0_001189.jpg,0,oral_scc,oral_scc,মুখের ক্যানসারের মতো পরিবর্তন (OSC সন্দেহ),urgent
oral_1_001190.jpg,1,oral_normal,oral_normal,স্বাভাবিক মুখের ভেতর,routine
oral_0_001191.jpg,0,oral_scc,oral_scc,মুখের ক্যানসারের মতো পরিবর্তন (OSC সন্দেহ),urgent
oral_1_001192.jpg,1,oral_normal,oral_normal,স্বাভাবিক মুখের ভেতর,routine
oral_1_001193.jpg,1,oral_normal,oral_normal,স্বাভাবিক মুখের ভেতর,routine
oral_0_001194.jpg,0,oral_scc,oral_scc,মুখের ক্যানসারের মতো পরিবর্তন (OSC সন্দেহ),urgent
oral_1_001195.jpg,1,oral_normal,oral_normal,স্বাভাবিক মুখের ভেতর,routine
oral_0_001196.jpg,0,oral_scc,oral_scc,মুখের ক্যানসারের মতো পরিবর্তন (OSC সন্দেহ),urgent
oral_0_001197.jpg,0,oral_scc,oral_scc,মুখের ক্যানসারের মতো পরিবর্তন (OSC সন্দেহ),urgent
oral_1_001198.jpg,1,oral_normal,oral_normal,স্বাভাবিক মুখের ভেতর,routine
oral_0_001199.jpg,0,oral_scc,oral_scc,মুখের ক্যানসারের মতো পরিবর্তন (OSC সন্দেহ),urgent
oral_0_001200.jpg,0,oral_scc,oral_scc,মুখের ক্যানসারের মতো পরিবর্তন (OSC সন্দেহ),urgent
oral_1_001201.jpg,1,oral_normal,oral_normal,স্বাভাবিক মুখের ভেতর,routine
oral_0_001202.jpg,0,oral_scc,oral_scc,মুখের ক্যানসারের মতো পরিবর্তন (OSC সন্দেহ),urgent
oral_0_001203.jpg,0,oral_scc,oral_scc,মুখের ক্যানসারের মতো পরিবর্তন (OSC সন্দেহ),urgent
oral_0_001204.jpg,0,oral_scc,oral_scc,মুখের ক্যানসারের মতো পরিবর্তন (OSC সন্দেহ),urgent
oral_0_001205.jpg,0,oral_scc,oral_scc,মুখের ক্যানসারের মতো পরিবর্তন (OSC সন্দেহ),urgent
oral_1_001206.jpg,1,oral_normal,oral_normal,স্বাভাবিক মুখের ভেতর,routine
oral_0_001207.jpg,0,oral_scc,oral_scc,মুখের ক্যানসারের মতো পরিবর্তন (OSC সন্দেহ),urgent
oral_0_001208.jpg,0,oral_scc,oral_scc,মুখের ক্যানসারের মতো পরিবর্তন (OSC সন্দেহ),urgent
oral_0_001209.jpg,0,oral_scc,oral_scc,মুখের ক্যানসারের মতো পরিবর্তন (OSC সন্দেহ),urgent
oral_1_001210.jpg,1,oral_normal,oral_normal,স্বাভাবিক মুখের ভেতর,routine
oral_0_001211.jpg,0,oral_scc,oral_scc,মুখের ক্যানসারের মতো পরিবর্তন (OSC সন্দেহ),urgent
oral_0_001212.jpg,0,oral_scc,oral_scc,মুখের ক্যানসারের মতো পরিবর্তন (OSC সন্দেহ),urgent
oral_0_001213.jpg,0,oral_scc,oral_scc,মুখের ক্যানসারের মতো পরিবর্তন (OSC সন্দেহ),urgent
oral_1_001214.jpg,1,oral_normal,oral_normal,স্বাভাবিক মুখের ভেতর,routine
oral_1_001215.jpg,1,oral_normal,oral_normal,স্বাভাবিক মুখের ভেতর,routine
oral_1_001216.jpg,1,oral_normal,oral_normal,স্বাভাবিক মুখের ভেতর,routine
oral_1_001217.jpg,1,oral_normal,oral_normal,স্বাভাবিক মুখের ভেতর,routine
oral_0_001218.jpg,0,oral_scc,oral_scc,মুখের ক্যানসারের মতো পরিবর্তন (OSC সন্দেহ),urgent
oral_0_001219.jpg,0,oral_scc,oral_scc,মুখের ক্যানসারের মতো পরিবর্তন (OSC সন্দেহ),urgent
oral_1_001220.jpg,1,oral_normal,oral_normal,স্বাভাবিক মুখের ভেতর,routine
oral_1_001221.jpg,1,oral_normal,oral_normal,স্বাভাবিক মুখের ভেতর,routine
oral_0_001222.jpg,0,oral_scc,oral_scc,মুখের ক্যানসারের মতো পরিবর্তন (OSC সন্দেহ),urgent
oral_1_001223.jpg,1,oral_normal,oral_normal,স্বাভাবিক মুখের ভেতর,routine
oral_0_001224.jpg,0,oral_scc,oral_scc,মুখের ক্যানসারের মতো পরিবর্তন (OSC সন্দেহ),urgent
oral_0_001225.jpg,0,oral_scc,oral_scc,মুখের ক্যানসারের মতো পরিবর্তন (OSC সন্দেহ),urgent
oral_1_001226.jpg,1,oral_normal,oral_normal,স্বাভাবিক মুখের ভেতর,routine
oral_1_001227.jpg,1,oral_normal,oral_normal,স্বাভাবিক মুখের ভেতর,routine
oral_1_001228.jpg,1,oral_normal,oral_normal,স্বাভাবিক মুখের ভেতর,routine
oral_0_001229.jpg,0,oral_scc,oral_scc,মুখের ক্যানসারের মতো পরিবর্তন (OSC সন্দেহ),urgent
oral_0_001230.jpg,0,oral_scc,oral_scc,মুখের ক্যানসারের মতো পরিবর্তন (OSC সন্দেহ),urgent
oral_1_001231.jpg,1,oral_normal,oral_normal,স্বাভাবিক মুখের ভেতর,routine
oral_1_001232.jpg,1,oral_normal,oral_normal,স্বাভাবিক মুখের ভেতর,routine
oral_0_001233.jpg,0,oral_scc,oral_scc,মুখের ক্যানসারের মতো পরিবর্তন (OSC সন্দেহ),urgent
oral_1_001234.jpg,1,oral_normal,oral_normal,স্বাভাবিক মুখের ভেতর,routine
oral_1_001235.jpg,1,oral_normal,oral_normal,স্বাভাবিক মুখের ভেতর,routine
oral_1_001236.jpg,1,oral_normal,oral_normal,স্বাভাবিক মুখের ভেতর,routine
oral_0_001237.jpg,0,oral_scc,oral_scc,মুখের ক্যানসারের মতো পরিবর্তন (OSC সন্দেহ),urgent
oral_1_001238.jpg,1,oral_normal,oral_normal,স্বাভাবিক মুখের ভেতর,routine
oral_1_001239.jpg,1,oral_normal,oral_normal,স্বাভাবিক মুখের ভেতর,routine
oral_0_001240.jpg,0,oral_scc,oral_scc,মুখের ক্যানসারের মতো পরিবর্তন (OSC সন্দেহ),urgent
oral_1_001241.jpg,1,oral_normal,oral_normal,স্বাভাবিক মুখের ভেতর,routine
oral_1_001242.jpg,1,oral_normal,oral_normal,স্বাভাবিক মুখের ভেতর,routine
oral_0_001243.jpg,0,oral_scc,oral_scc,মুখের ক্যানসারের মতো পরিবর্তন (OSC সন্দেহ),urgent
oral_0_001244.jpg,0,oral_scc,oral_scc,মুখের ক্যানসারের মতো পরিবর্তন (OSC সন্দেহ),urgent
oral_1_001245.jpg,1,oral_normal,oral_normal,স্বাভাবিক মুখের ভেতর,routine
oral_1_001246.jpg,1,oral_normal,oral_normal,স্বাভাবিক মুখের ভেতর,routine
oral_1_001247.jpg,1,oral_normal,oral_normal,স্বাভাবিক মুখের ভেতর,routine
oral_0_001248.jpg,0,oral_scc,oral_scc,মুখের ক্যানসারের মতো পরিবর্তন (OSC সন্দেহ),urgent
oral_1_001249.jpg,1,oral_normal,oral_normal,স্বাভাবিক মুখের ভেতর,routine
oral_0_001250.jpg,0,oral_scc,oral_scc,মুখের ক্যানসারের মতো পরিবর্তন (OSC সন্দেহ),urgent
oral_1_001251.jpg,1,oral_normal,oral_normal,স্বাভাবিক মুখের ভেতর,routine
oral_1_001252.jpg,1,oral_normal,oral_normal,স্বাভাবিক মুখের ভেতর,routine
oral_0_001253.jpg,0,oral_scc,oral_scc,মুখের ক্যানসারের মতো পরিবর্তন (OSC সন্দেহ),urgent
oral_1_001254.jpg,1,oral_normal,oral_normal,স্বাভাবিক মুখের ভেতর,routine
oral_1_001255.jpg,1,oral_normal,oral_normal,স্বাভাবিক মুখের ভেতর,routine
oral_1_001256.jpg,1,oral_normal,oral_normal,স্বাভাবিক মুখের ভেতর,routine
oral_1_001257.jpg,1,oral_normal,oral_normal,স্বাভাবিক মুখের ভেতর,routine
oral_1_001258.jpg,1,oral_normal,oral_normal,স্বাভাবিক মুখের ভেতর,routine
oral_1_001259.jpg,1,oral_normal,oral_normal,স্বাভাবিক মুখের ভেতর,routine
oral_1_001260.jpg,1,oral_normal,oral_normal,স্বাভাবিক মুখের ভেতর,routine
oral_1_001261.jpg,1,oral_normal,oral_normal,স্বাভাবিক মুখের ভেতর,routine
oral_1_001262.jpg,1,oral_normal,oral_normal,স্বাভাবিক মুখের ভেতর,routine
oral_0_001263.jpg,0,oral_scc,oral_scc,মুখের ক্যানসারের মতো পরিবর্তন (OSC সন্দেহ),urgent
oral_1_001264.jpg,1,oral_normal,oral_normal,স্বাভাবিক মুখের ভেতর,routine
oral_0_001265.jpg,0,oral_scc,oral_scc,মুখের ক্যানসারের মতো পরিবর্তন (OSC সন্দেহ),urgent
oral_0_001266.jpg,0,oral_scc,oral_scc,মুখের ক্যানসারের মতো পরিবর্তন (OSC সন্দেহ),urgent
oral_0_001267.jpg,0,oral_scc,oral_scc,মুখের ক্যানসারের মতো পরিবর্তন (OSC সন্দেহ),urgent
oral_1_001268.jpg,1,oral_normal,oral_normal,স্বাভাবিক মুখের ভেতর,routine
oral_0_001269.jpg,0,oral_scc,oral_scc,মুখের ক্যানসারের মতো পরিবর্তন (OSC সন্দেহ),urgent
oral_1_001270.jpg,1,oral_normal,oral_normal,স্বাভাবিক মুখের ভেতর,routine
oral_1_001271.jpg,1,oral_normal,oral_normal,স্বাভাবিক মুখের ভেতর,routine
oral_1_001272.jpg,1,oral_normal,oral_normal,স্বাভাবিক মুখের ভেতর,routine
oral_0_001273.jpg,0,oral_scc,oral_scc,মুখের ক্যানসারের মতো পরিবর্তন (OSC সন্দেহ),urgent
oral_1_001274.jpg,1,oral_normal,oral_normal,স্বাভাবিক মুখের ভেতর,routine
oral_0_001275.jpg,0,oral_scc,oral_scc,মুখের ক্যানসারের মতো পরিবর্তন (OSC সন্দেহ),urgent
oral_0_001276.jpg,0,oral_scc,oral_scc,মুখের ক্যানসারের মতো পরিবর্তন (OSC সন্দেহ),urgent
oral_0_001277.jpg,0,oral_scc,oral_scc,মুখের ক্যানসারের মতো পরিবর্তন (OSC সন্দেহ),urgent
oral_1_001278.jpg,1,oral_normal,oral_normal,স্বাভাবিক মুখের ভেতর,routine
oral_0_001279.jpg,0,oral_scc,oral_scc,মুখের ক্যানসারের মতো পরিবর্তন (OSC সন্দেহ),urgent
oral_1_001280.jpg,1,oral_normal,oral_normal,স্বাভাবিক মুখের ভেতর,routine
oral_1_001281.jpg,1,oral_normal,oral_normal,স্বাভাবিক মুখের ভেতর,routine
oral_1_001282.jpg,1,oral_normal,oral_normal,স্বাভাবিক মুখের ভেতর,routine
oral_1_001283.jpg,1,oral_normal,oral_normal,স্বাভাবিক মুখের ভেতর,routine
oral_1_001284.jpg,1,oral_normal,oral_normal,স্বাভাবিক মুখের ভেতর,routine
oral_0_001285.jpg,0,oral_scc,oral_scc,মুখের ক্যানসারের মতো পরিবর্তন (OSC সন্দেহ),urgent
oral_1_001286.jpg,1,oral_normal,oral_normal,স্বাভাবিক মুখের ভেতর,routine
oral_1_001287.jpg,1,oral_normal,oral_normal,স্বাভাবিক মুখের ভেতর,routine
oral_1_001288.jpg,1,oral_normal,oral_normal,স্বাভাবিক মুখের ভেতর,routine
oral_0_001289.jpg,0,oral_scc,oral_scc,মুখের ক্যানসারের মতো পরিবর্তন (OSC সন্দেহ),urgent
oral_0_001290.jpg,0,oral_scc,oral_scc,মুখের ক্যানসারের মতো পরিবর্তন (OSC সন্দেহ),urgent
oral_1_001291.jpg,1,oral_normal,oral_normal,স্বাভাবিক মুখের ভেতর,routine
oral_0_001292.jpg,0,oral_scc,oral_scc,মুখের ক্যানসারের মতো পরিবর্তন (OSC সন্দেহ),urgent
oral_0_001293.jpg,0,oral_scc,oral_scc,মুখের ক্যানসারের মতো পরিবর্তন (OSC সন্দেহ),urgent
oral_0_001294.jpg,0,oral_scc,oral_scc,মুখের ক্যানসারের মতো পরিবর্তন (OSC সন্দেহ),urgent
oral_1_001295.jpg,1,oral_normal,oral_normal,স্বাভাবিক মুখের ভেতর,routine
oral_0_001296.jpg,0,oral_scc,oral_scc,মুখের ক্যানসারের মতো পরিবর্তন (OSC সন্দেহ),urgent
oral_1_001297.jpg,1,oral_normal,oral_normal,স্বাভাবিক মুখের ভেতর,routine
oral_0_001298.jpg,0,oral_scc,oral_scc,মুখের ক্যানসারের মতো পরিবর্তন (OSC সন্দেহ),urgent
oral_0_001299.jpg,0,oral_scc,oral_scc,মুখের ক্যানসারের মতো পরিবর্তন (OSC সন্দেহ),urgent
oral_0_001300.jpg,0,oral_scc,oral_scc,মুখের ক্যানসারের মতো পরিবর্তন (OSC সন্দেহ),urgent
oral_0_001301.jpg,0,oral_scc,oral_scc,মুখের ক্যানসারের মতো পরিবর্তন (OSC সন্দেহ),urgent
oral_0_001302.jpg,0,oral_scc,oral_scc,মুখের ক্যানসারের মতো পরিবর্তন (OSC সন্দেহ),urgent
oral_1_001303.jpg,1,oral_normal,oral_normal,স্বাভাবিক মুখের ভেতর,routine
oral_0_001304.jpg,0,oral_scc,oral_scc,মুখের ক্যানসারের মতো পরিবর্তন (OSC সন্দেহ),urgent
oral_0_001305.jpg,0,oral_scc,oral_scc,মুখের ক্যানসারের মতো পরিবর্তন (OSC সন্দেহ),urgent
oral_0_001306.jpg,0,oral_scc,oral_scc,মুখের ক্যানসারের মতো পরিবর্তন (OSC সন্দেহ),urgent
oral_0_001307.jpg,0,oral_scc,oral_scc,মুখের ক্যানসারের মতো পরিবর্তন (OSC সন্দেহ),urgent
oral_1_001308.jpg,1,oral_normal,oral_normal,স্বাভাবিক মুখের ভেতর,routine
oral_1_001309.jpg,1,oral_normal,oral_normal,স্বাভাবিক মুখের ভেতর,routine
oral_0_001310.jpg,0,oral_scc,oral_scc,মুখের ক্যানসারের মতো পরিবর্তন (OSC সন্দেহ),urgent
oral_0_001311.jpg,0,oral_scc,oral_scc,মুখের ক্যানসারের মতো পরিবর্তন (OSC সন্দেহ),urgent
oral_0_001312.jpg,0,oral_scc,oral_scc,মুখের ক্যানসারের মতো পরিবর্তন (OSC সন্দেহ),urgent
oral_1_001313.jpg,1,oral_normal,oral_normal,স্বাভাবিক মুখের ভেতর,routine
oral_1_001314.jpg,1,oral_normal,oral_normal,স্বাভাবিক মুখের ভেতর,routine
oral_1_001315.jpg,1,oral_normal,oral_normal,স্বাভাবিক মুখের ভেতর,routine
oral_0_001316.jpg,0,oral_scc,oral_scc,মুখের ক্যানসারের মতো পরিবর্তন (OSC সন্দেহ),urgent
oral_0_001317.jpg,0,oral_scc,oral_scc,মুখের ক্যানসারের মতো পরিবর্তন (OSC সন্দেহ),urgent
oral_1_001318.jpg,1,oral_normal,oral_normal,স্বাভাবিক মুখের ভেতর,routine
oral_0_001319.jpg,0,oral_scc,oral_scc,মুখের ক্যানসারের মতো পরিবর্তন (OSC সন্দেহ),urgent
oral_0_001320.jpg,0,oral_scc,oral_scc,মুখের ক্যানসারের মতো পরিবর্তন (OSC সন্দেহ),urgent
oral_0_001321.jpg,0,oral_scc,oral_scc,মুখের ক্যানসারের মতো পরিবর্তন (OSC সন্দেহ),urgent
oral_1_001322.jpg,1,oral_normal,oral_normal,স্বাভাবিক মুখের ভেতর,routine
oral_0_001323.jpg,0,oral_scc,oral_scc,মুখের ক্যানসারের মতো পরিবর্তন (OSC সন্দেহ),urgent
oral_0_001324.jpg,0,oral_scc,oral_scc,মুখের ক্যানসারের মতো পরিবর্তন (OSC সন্দেহ),urgent
oral_0_001325.jpg,0,oral_scc,oral_scc,মুখের ক্যানসারের মতো পরিবর্তন (OSC সন্দেহ),urgent
oral_1_001326.jpg,1,oral_normal,oral_normal,স্বাভাবিক মুখের ভেতর,routine
oral_1_001327.jpg,1,oral_normal,oral_normal,স্বাভাবিক মুখের ভেতর,routine
oral_0_001328.jpg,0,oral_scc,oral_scc,মুখের ক্যানসারের মতো পরিবর্তন (OSC সন্দেহ),urgent
oral_0_001329.jpg,0,oral_scc,oral_scc,মুখের ক্যানসারের মতো পরিবর্তন (OSC সন্দেহ),urgent
oral_0_001330.jpg,0,oral_scc,oral_scc,মুখের ক্যানসারের মতো পরিবর্তন (OSC সন্দেহ),urgent
oral_0_001331.jpg,0,oral_scc,oral_scc,মুখের ক্যানসারের মতো পরিবর্তন (OSC সন্দেহ),urgent
oral_1_001332.jpg,1,oral_normal,oral_normal,স্বাভাবিক মুখের ভেতর,routine
oral_0_001333.jpg,0,oral_scc,oral_scc,মুখের ক্যানসারের মতো পরিবর্তন (OSC সন্দেহ),urgent
oral_0_001334.jpg,0,oral_scc,oral_scc,মুখের ক্যানসারের মতো পরিবর্তন (OSC সন্দেহ),urgent
oral_1_001335.jpg,1,oral_normal,oral_normal,স্বাভাবিক মুখের ভেতর,routine
oral_0_001336.jpg,0,oral_scc,oral_scc,মুখের ক্যানসারের মতো পরিবর্তন (OSC সন্দেহ),urgent
oral_1_001337.jpg,1,oral_normal,oral_normal,স্বাভাবিক মুখের ভেতর,routine
oral_1_001338.jpg,1,oral_normal,oral_normal,স্বাভাবিক মুখের ভেতর,routine
oral_1_001339.jpg,1,oral_normal,oral_normal,স্বাভাবিক মুখের ভেতর,routine
oral_1_001340.jpg,1,oral_normal,oral_normal,স্বাভাবিক মুখের ভেতর,routine
oral_0_001341.jpg,0,oral_scc,oral_scc,মুখের ক্যানসারের মতো পরিবর্তন (OSC সন্দেহ),urgent
oral_0_001342.jpg,0,oral_scc,oral_scc,মুখের ক্যানসারের মতো পরিবর্তন (OSC সন্দেহ),urgent
oral_0_001343.jpg,0,oral_scc,oral_scc,মুখের ক্যানসারের মতো পরিবর্তন (OSC সন্দেহ),urgent
oral_1_001344.jpg,1,oral_normal,oral_normal,স্বাভাবিক মুখের ভেতর,routine
oral_1_001345.jpg,1,oral_normal,oral_normal,স্বাভাবিক মুখের ভেতর,routine
oral_1_001346.jpg,1,oral_normal,oral_normal,স্বাভাবিক মুখের ভেতর,routine
oral_1_001347.jpg,1,oral_normal,oral_normal,স্বাভাবিক মুখের ভেতর,routine
oral_1_001348.jpg,1,oral_normal,oral_normal,স্বাভাবিক মুখের ভেতর,routine
oral_0_001349.jpg,0,oral_scc,oral_scc,মুখের ক্যানসারের মতো পরিবর্তন (OSC সন্দেহ),urgent
oral_1_001350.jpg,1,oral_normal,oral_normal,স্বাভাবিক মুখের ভেতর,routine
oral_1_001351.jpg,1,oral_normal,oral_normal,স্বাভাবিক মুখের ভেতর,routine
oral_0_001352.jpg,0,oral_scc,oral_scc,মুখের ক্যানসারের মতো পরিবর্তন (OSC সন্দেহ),urgent
oral_1_001353.jpg,1,oral_normal,oral_normal,স্বাভাবিক মুখের ভেতর,routine
oral_1_001354.jpg,1,oral_normal,oral_normal,স্বাভাবিক মুখের ভেতর,routine
oral_1_001355.jpg,1,oral_normal,oral_normal,স্বাভাবিক মুখের ভেতর,routine
oral_1_001356.jpg,1,oral_normal,oral_normal,স্বাভাবিক মুখের ভেতর,routine
oral_1_001357.jpg,1,oral_normal,oral_normal,স্বাভাবিক মুখের ভেতর,routine
oral_0_001358.jpg,0,oral_scc,oral_scc,মুখের ক্যানসারের মতো পরিবর্তন (OSC সন্দেহ),urgent
oral_1_001359.jpg,1,oral_normal,oral_normal,স্বাভাবিক মুখের ভেতর,routine
oral_1_001360.jpg,1,oral_normal,oral_normal,স্বাভাবিক মুখের ভেতর,routine
oral_1_001361.jpg,1,oral_normal,oral_normal,স্বাভাবিক মুখের ভেতর,routine
oral_1_001362.jpg,1,oral_normal,oral_normal,স্বাভাবিক মুখের ভেতর,routine
oral_0_001363.jpg,0,oral_scc,oral_scc,মুখের ক্যানসারের মতো পরিবর্তন (OSC সন্দেহ),urgent
oral_1_001364.jpg,1,oral_normal,oral_normal,স্বাভাবিক মুখের ভেতর,routine
oral_0_001365.jpg,0,oral_scc,oral_scc,মুখের ক্যানসারের মতো পরিবর্তন (OSC সন্দেহ),urgent
oral_1_001366.jpg,1,oral_normal,oral_normal,স্বাভাবিক মুখের ভেতর,routine
oral_1_001367.jpg,1,oral_normal,oral_normal,স্বাভাবিক মুখের ভেতর,routine
oral_1_001368.jpg,1,oral_normal,oral_normal,স্বাভাবিক মুখের ভেতর,routine
oral_0_001369.jpg,0,oral_scc,oral_scc,মুখের ক্যানসারের মতো পরিবর্তন (OSC সন্দেহ),urgent
oral_0_001370.jpg,0,oral_scc,oral_scc,মুখের ক্যানসারের মতো পরিবর্তন (OSC সন্দেহ),urgent
oral_1_001371.jpg,1,oral_normal,oral_normal,স্বাভাবিক মুখের ভেতর,routine
oral_1_001372.jpg,1,oral_normal,oral_normal,স্বাভাবিক মুখের ভেতর,routine
oral_1_001373.jpg,1,oral_normal,oral_normal,স্বাভাবিক মুখের ভেতর,routine
oral_1_001374.jpg,1,oral_normal,oral_normal,স্বাভাবিক মুখের ভেতর,routine
oral_1_001375.jpg,1,oral_normal,oral_normal,স্বাভাবিক মুখের ভেতর,routine
oral_1_001376.jpg,1,oral_normal,oral_normal,স্বাভাবিক মুখের ভেতর,routine
oral_1_001377.jpg,1,oral_normal,oral_normal,স্বাভাবিক মুখের ভেতর,routine
oral_0_001378.jpg,0,oral_scc,oral_scc,মুখের ক্যানসারের মতো পরিবর্তন (OSC সন্দেহ),urgent
oral_1_001379.jpg,1,oral_normal,oral_normal,স্বাভাবিক মুখের ভেতর,routine
oral_0_001380.jpg,0,oral_scc,oral_scc,মুখের ক্যানসারের মতো পরিবর্তন (OSC সন্দেহ),urgent
oral_1_001381.jpg,1,oral_normal,oral_normal,স্বাভাবিক মুখের ভেতর,routine
oral_0_001382.jpg,0,oral_scc,oral_scc,মুখের ক্যানসারের মতো পরিবর্তন (OSC সন্দেহ),urgent
oral_0_001383.jpg,0,oral_scc,oral_scc,মুখের ক্যানসারের মতো পরিবর্তন (OSC সন্দেহ),urgent
oral_0_001384.jpg,0,oral_scc,oral_scc,মুখের ক্যানসারের মতো পরিবর্তন (OSC সন্দেহ),urgent
oral_1_001385.jpg,1,oral_normal,oral_normal,স্বাভাবিক মুখের ভেতর,routine
oral_1_001386.jpg,1,oral_normal,oral_normal,স্বাভাবিক মুখের ভেতর,routine
oral_0_001387.jpg,0,oral_scc,oral_scc,মুখের ক্যানসারের মতো পরিবর্তন (OSC সন্দেহ),urgent
oral_0_001388.jpg,0,oral_scc,oral_scc,মুখের ক্যানসারের মতো পরিবর্তন (OSC সন্দেহ),urgent
oral_1_001389.jpg,1,oral_normal,oral_normal,স্বাভাবিক মুখের ভেতর,routine
oral_1_001390.jpg,1,oral_normal,oral_normal,স্বাভাবিক মুখের ভেতর,routine
oral_0_001391.jpg,0,oral_scc,oral_scc,মুখের ক্যানসারের মতো পরিবর্তন (OSC সন্দেহ),urgent
oral_0_001392.jpg,0,oral_scc,oral_scc,মুখের ক্যানসারের মতো পরিবর্তন (OSC সন্দেহ),urgent
oral_1_001393.jpg,1,oral_normal,oral_normal,স্বাভাবিক মুখের ভেতর,routine
oral_0_001394.jpg,0,oral_scc,oral_scc,মুখের ক্যানসারের মতো পরিবর্তন (OSC সন্দেহ),urgent
oral_1_001395.jpg,1,oral_normal,oral_normal,স্বাভাবিক মুখের ভেতর,routine
oral_0_001396.jpg,0,oral_scc,oral_scc,মুখের ক্যানসারের মতো পরিবর্তন (OSC সন্দেহ),urgent
oral_0_001397.jpg,0,oral_scc,oral_scc,মুখের ক্যানসারের মতো পরিবর্তন (OSC সন্দেহ),urgent
oral_1_001398.jpg,1,oral_normal,oral_normal,স্বাভাবিক মুখের ভেতর,routine
oral_0_001399.jpg,0,oral_scc,oral_scc,মুখের ক্যানসারের মতো পরিবর্তন (OSC সন্দেহ),urgent
oral_0_001400.jpg,0,oral_scc,oral_scc,মুখের ক্যানসারের মতো পরিবর্তন (OSC সন্দেহ),urgent
oral_1_001401.jpg,1,oral_normal,oral_normal,স্বাভাবিক মুখের ভেতর,routine
oral_0_001402.jpg,0,oral_scc,oral_scc,মুখের ক্যানসারের মতো পরিবর্তন (OSC সন্দেহ),urgent
oral_0_001403.jpg,0,oral_scc,oral_scc,মুখের ক্যানসারের মতো পরিবর্তন (OSC সন্দেহ),urgent
oral_1_001404.jpg,1,oral_normal,oral_normal,স্বাভাবিক মুখের ভেতর,routine
oral_0_001405.jpg,0,oral_scc,oral_scc,মুখের ক্যানসারের মতো পরিবর্তন (OSC সন্দেহ),urgent
oral_1_001406.jpg,1,oral_normal,oral_normal,স্বাভাবিক মুখের ভেতর,routine
oral_1_001407.jpg,1,oral_normal,oral_normal,স্বাভাবিক মুখের ভেতর,routine
oral_0_001408.jpg,0,oral_scc,oral_scc,মুখের ক্যানসারের মতো পরিবর্তন (OSC সন্দেহ),urgent
oral_1_001409.jpg,1,oral_normal,oral_normal,স্বাভাবিক মুখের ভেতর,routine
oral_1_001410.jpg,1,oral_normal,oral_normal,স্বাভাবিক মুখের ভেতর,routine
oral_1_001411.jpg,1,oral_normal,oral_normal,স্বাভাবিক মুখের ভেতর,routine
oral_0_001412.jpg,0,oral_scc,oral_scc,মুখের ক্যানসারের মতো পরিবর্তন (OSC সন্দেহ),urgent
oral_1_001413.jpg,1,oral_normal,oral_normal,স্বাভাবিক মুখের ভেতর,routine
oral_1_001414.jpg,1,oral_normal,oral_normal,স্বাভাবিক মুখের ভেতর,routine
oral_0_001415.jpg,0,oral_scc,oral_scc,মুখের ক্যানসারের মতো পরিবর্তন (OSC সন্দেহ),urgent
oral_0_001416.jpg,0,oral_scc,oral_scc,মুখের ক্যানসারের মতো পরিবর্তন (OSC সন্দেহ),urgent
oral_0_001417.jpg,0,oral_scc,oral_scc,মুখের ক্যানসারের মতো পরিবর্তন (OSC সন্দেহ),urgent
oral_0_001418.jpg,0,oral_scc,oral_scc,মুখের ক্যানসারের মতো পরিবর্তন (OSC সন্দেহ),urgent
oral_1_001419.jpg,1,oral_normal,oral_normal,স্বাভাবিক মুখের ভেতর,routine
oral_1_001420.jpg,1,oral_normal,oral_normal,স্বাভাবিক মুখের ভেতর,routine
oral_0_001421.jpg,0,oral_scc,oral_scc,মুখের ক্যানসারের মতো পরিবর্তন (OSC সন্দেহ),urgent
oral_0_001422.jpg,0,oral_scc,oral_scc,মুখের ক্যানসারের মতো পরিবর্তন (OSC সন্দেহ),urgent
oral_0_001423.jpg,0,oral_scc,oral_scc,মুখের ক্যানসারের মতো পরিবর্তন (OSC সন্দেহ),urgent
oral_1_001424.jpg,1,oral_normal,oral_normal,স্বাভাবিক মুখের ভেতর,routine
oral_1_001425.jpg,1,oral_normal,oral_normal,স্বাভাবিক মুখের ভেতর,routine
oral_0_001426.jpg,0,oral_scc,oral_scc,মুখের ক্যানসারের মতো পরিবর্তন (OSC সন্দেহ),urgent
oral_1_001427.jpg,1,oral_normal,oral_normal,স্বাভাবিক মুখের ভেতর,routine
oral_0_001428.jpg,0,oral_scc,oral_scc,মুখের ক্যানসারের মতো পরিবর্তন (OSC সন্দেহ),urgent
oral_1_001429.jpg,1,oral_normal,oral_normal,স্বাভাবিক মুখের ভেতর,routine
oral_1_001430.jpg,1,oral_normal,oral_normal,স্বাভাবিক মুখের ভেতর,routine
oral_1_001431.jpg,1,oral_normal,oral_normal,স্বাভাবিক মুখের ভেতর,routine
oral_1_001432.jpg,1,oral_normal,oral_normal,স্বাভাবিক মুখের ভেতর,routine
oral_0_001433.jpg,0,oral_scc,oral_scc,মুখের ক্যানসারের মতো পরিবর্তন (OSC সন্দেহ),urgent
oral_0_001434.jpg,0,oral_scc,oral_scc,মুখের ক্যানসারের মতো পরিবর্তন (OSC সন্দেহ),urgent
oral_0_001435.jpg,0,oral_scc,oral_scc,মুখের ক্যানসারের মতো পরিবর্তন (OSC সন্দেহ),urgent
oral_0_001436.jpg,0,oral_scc,oral_scc,মুখের ক্যানসারের মতো পরিবর্তন (OSC সন্দেহ),urgent
oral_0_001437.jpg,0,oral_scc,oral_scc,মুখের ক্যানসারের মতো পরিবর্তন (OSC সন্দেহ),urgent
oral_0_001438.jpg,0,oral_scc,oral_scc,মুখের ক্যানসারের মতো পরিবর্তন (OSC সন্দেহ),urgent
oral_0_001439.jpg,0,oral_scc,oral_scc,মুখের ক্যানসারের মতো পরিবর্তন (OSC সন্দেহ),urgent
oral_1_001440.jpg,1,oral_normal,oral_normal,স্বাভাবিক মুখের ভেতর,routine
oral_0_001441.jpg,0,oral_scc,oral_scc,মুখের ক্যানসারের মতো পরিবর্তন (OSC সন্দেহ),urgent
oral_0_001442.jpg,0,oral_scc,oral_scc,মুখের ক্যানসারের মতো পরিবর্তন (OSC সন্দেহ),urgent
oral_0_001443.jpg,0,oral_scc,oral_scc,মুখের ক্যানসারের মতো পরিবর্তন (OSC সন্দেহ),urgent
oral_0_001444.jpg,0,oral_scc,oral_scc,মুখের ক্যানসারের মতো পরিবর্তন (OSC সন্দেহ),urgent
oral_0_001445.jpg,0,oral_scc,oral_scc,মুখের ক্যানসারের মতো পরিবর্তন (OSC সন্দেহ),urgent
oral_1_001446.jpg,1,oral_normal,oral_normal,স্বাভাবিক মুখের ভেতর,routine
oral_1_001447.jpg,1,oral_normal,oral_normal,স্বাভাবিক মুখের ভেতর,routine
oral_1_001448.jpg,1,oral_normal,oral_normal,স্বাভাবিক মুখের ভেতর,routine
oral_1_001449.jpg,1,oral_normal,oral_normal,স্বাভাবিক মুখের ভেতর,routine
oral_0_001450.jpg,0,oral_scc,oral_scc,মুখের ক্যানসারের মতো পরিবর্তন (OSC সন্দেহ),urgent
oral_1_001451.jpg,1,oral_normal,oral_normal,স্বাভাবিক মুখের ভেতর,routine
oral_1_001452.jpg,1,oral_normal,oral_normal,স্বাভাবিক মুখের ভেতর,routine
oral_1_001453.jpg,1,oral_normal,oral_normal,স্বাভাবিক মুখের ভেতর,routine
oral_1_001454.jpg,1,oral_normal,oral_normal,স্বাভাবিক মুখের ভেতর,routine
oral_0_001455.jpg,0,oral_scc,oral_scc,মুখের ক্যানসারের মতো পরিবর্তন (OSC সন্দেহ),urgent
oral_1_001456.jpg,1,oral_normal,oral_normal,স্বাভাবিক মুখের ভেতর,routine
oral_1_001457.jpg,1,oral_normal,oral_normal,স্বাভাবিক মুখের ভেতর,routine
oral_1_001458.jpg,1,oral_normal,oral_normal,স্বাভাবিক মুখের ভেতর,routine
oral_0_001459.jpg,0,oral_scc,oral_scc,মুখের ক্যানসারের মতো পরিবর্তন (OSC সন্দেহ),urgent
oral_1_001460.jpg,1,oral_normal,oral_normal,স্বাভাবিক মুখের ভেতর,routine
oral_1_001461.jpg,1,oral_normal,oral_normal,স্বাভাবিক মুখের ভেতর,routine
oral_0_001462.jpg,0,oral_scc,oral_scc,মুখের ক্যানসারের মতো পরিবর্তন (OSC সন্দেহ),urgent
oral_0_001463.jpg,0,oral_scc,oral_scc,মুখের ক্যানসারের মতো পরিবর্তন (OSC সন্দেহ),urgent
oral_0_001464.jpg,0,oral_scc,oral_scc,মুখের ক্যানসারের মতো পরিবর্তন (OSC সন্দেহ),urgent
oral_0_001465.jpg,0,oral_scc,oral_scc,মুখের ক্যানসারের মতো পরিবর্তন (OSC সন্দেহ),urgent
oral_0_001466.jpg,0,oral_scc,oral_scc,মুখের ক্যানসারের মতো পরিবর্তন (OSC সন্দেহ),urgent
oral_0_001467.jpg,0,oral_scc,oral_scc,মুখের ক্যানসারের মতো পরিবর্তন (OSC সন্দেহ),urgent
oral_0_001468.jpg,0,oral_scc,oral_scc,মুখের ক্যানসারের মতো পরিবর্তন (OSC সন্দেহ),urgent
oral_0_001469.jpg,0,oral_scc,oral_scc,মুখের ক্যানসারের মতো পরিবর্তন (OSC সন্দেহ),urgent
oral_1_001470.jpg,1,oral_normal,oral_normal,স্বাভাবিক মুখের ভেতর,routine
oral_0_001471.jpg,0,oral_scc,oral_scc,মুখের ক্যানসারের মতো পরিবর্তন (OSC সন্দেহ),urgent
oral_1_001472.jpg,1,oral_normal,oral_normal,স্বাভাবিক মুখের ভেতর,routine
oral_0_001473.jpg,0,oral_scc,oral_scc,মুখের ক্যানসারের মতো পরিবর্তন (OSC সন্দেহ),urgent
oral_0_001474.jpg,0,oral_scc,oral_scc,মুখের ক্যানসারের মতো পরিবর্তন (OSC সন্দেহ),urgent
oral_1_001475.jpg,1,oral_normal,oral_normal,স্বাভাবিক মুখের ভেতর,routine
oral_1_001476.jpg,1,oral_normal,oral_normal,স্বাভাবিক মুখের ভেতর,routine
oral_0_001477.jpg,0,oral_scc,oral_scc,মুখের ক্যানসারের মতো পরিবর্তন (OSC সন্দেহ),urgent
oral_0_001478.jpg,0,oral_scc,oral_scc,মুখের ক্যানসারের মতো পরিবর্তন (OSC সন্দেহ),urgent
oral_0_001479.jpg,0,oral_scc,oral_scc,মুখের ক্যানসারের মতো পরিবর্তন (OSC সন্দেহ),urgent
oral_1_001480.jpg,1,oral_normal,oral_normal,স্বাভাবিক মুখের ভেতর,routine
oral_0_001481.jpg,0,oral_scc,oral_scc,মুখের ক্যানসারের মতো পরিবর্তন (OSC সন্দেহ),urgent
oral_1_001482.jpg,1,oral_normal,oral_normal,স্বাভাবিক মুখের ভেতর,routine
oral_1_001483.jpg,1,oral_normal,oral_normal,স্বাভাবিক মুখের ভেতর,routine
oral_1_001484.jpg,1,oral_normal,oral_normal,স্বাভাবিক মুখের ভেতর,routine
oral_0_001485.jpg,0,oral_scc,oral_scc,মুখের ক্যানসারের মতো পরিবর্তন (OSC সন্দেহ),urgent
oral_1_001486.jpg,1,oral_normal,oral_normal,স্বাভাবিক মুখের ভেতর,routine
oral_1_001487.jpg,1,oral_normal,oral_normal,স্বাভাবিক মুখের ভেতর,routine
oral_0_001488.jpg,0,oral_scc,oral_scc,মুখের ক্যানসারের মতো পরিবর্তন (OSC সন্দেহ),urgent
oral_1_001489.jpg,1,oral_normal,oral_normal,স্বাভাবিক মুখের ভেতর,routine
oral_1_001490.jpg,1,oral_normal,oral_normal,স্বাভাবিক মুখের ভেতর,routine
oral_0_001491.jpg,0,oral_scc,oral_scc,মুখের ক্যানসারের মতো পরিবর্তন (OSC সন্দেহ),urgent
oral_0_001492.jpg,0,oral_scc,oral_scc,মুখের ক্যানসারের মতো পরিবর্তন (OSC সন্দেহ),urgent
oral_1_001493.jpg,1,oral_normal,oral_normal,স্বাভাবিক মুখের ভেতর,routine
oral_0_001494.jpg,0,oral_scc,oral_scc,মুখের ক্যানসারের মতো পরিবর্তন (OSC সন্দেহ),urgent
oral_0_001495.jpg,0,oral_scc,oral_scc,মুখের ক্যানসারের মতো পরিবর্তন (OSC সন্দেহ),urgent
oral_1_001496.jpg,1,oral_normal,oral_normal,স্বাভাবিক মুখের ভেতর,routine
oral_1_001497.jpg,1,oral_normal,oral_normal,স্বাভাবিক মুখের ভেতর,routine
oral_1_001498.jpg,1,oral_normal,oral_normal,স্বাভাবিক মুখের ভেতর,routine
oral_0_001499.jpg,0,oral_scc,oral_scc,মুখের ক্যানসারের মতো পরিবর্তন (OSC সন্দেহ),urgent
oral_0_001500.jpg,0,oral_scc,oral_scc,মুখের ক্যানসারের মতো পরিবর্তন (OSC সন্দেহ),urgent
oral_1_001501.jpg,1,oral_normal,oral_normal,স্বাভাবিক মুখের ভেতর,routine
oral_0_001502.jpg,0,oral_scc,oral_scc,মুখের ক্যানসারের মতো পরিবর্তন (OSC সন্দেহ),urgent
oral_1_001503.jpg,1,oral_normal,oral_normal,স্বাভাবিক মুখের ভেতর,routine
oral_1_001504.jpg,1,oral_normal,oral_normal,স্বাভাবিক মুখের ভেতর,routine
oral_1_001505.jpg,1,oral_normal,oral_normal,স্বাভাবিক মুখের ভেতর,routine
oral_1_001506.jpg,1,oral_normal,oral_normal,স্বাভাবিক মুখের ভেতর,routine
oral_1_001507.jpg,1,oral_normal,oral_normal,স্বাভাবিক মুখের ভেতর,routine
oral_0_001508.jpg,0,oral_scc,oral_scc,মুখের ক্যানসারের মতো পরিবর্তন (OSC সন্দেহ),urgent
oral_0_001509.jpg,0,oral_scc,oral_scc,মুখের ক্যানসারের মতো পরিবর্তন (OSC সন্দেহ),urgent
oral_0_001510.jpg,0,oral_scc,oral_scc,মুখের ক্যানসারের মতো পরিবর্তন (OSC সন্দেহ),urgent
oral_1_001511.jpg,1,oral_normal,oral_normal,স্বাভাবিক মুখের ভেতর,routine
oral_1_001512.jpg,1,oral_normal,oral_normal,স্বাভাবিক মুখের ভেতর,routine
oral_0_001513.jpg,0,oral_scc,oral_scc,মুখের ক্যানসারের মতো পরিবর্তন (OSC সন্দেহ),urgent
oral_1_001514.jpg,1,oral_normal,oral_normal,স্বাভাবিক মুখের ভেতর,routine
oral_0_001515.jpg,0,oral_scc,oral_scc,মুখের ক্যানসারের মতো পরিবর্তন (OSC সন্দেহ),urgent
oral_0_001516.jpg,0,oral_scc,oral_scc,মুখের ক্যানসারের মতো পরিবর্তন (OSC সন্দেহ),urgent
oral_1_001517.jpg,1,oral_normal,oral_normal,স্বাভাবিক মুখের ভেতর,routine
oral_1_001518.jpg,1,oral_normal,oral_normal,স্বাভাবিক মুখের ভেতর,routine
oral_0_001519.jpg,0,oral_scc,oral_scc,মুখের ক্যানসারের মতো পরিবর্তন (OSC সন্দেহ),urgent
oral_0_001520.jpg,0,oral_scc,oral_scc,মুখের ক্যানসারের মতো পরিবর্তন (OSC সন্দেহ),urgent
oral_1_001521.jpg,1,oral_normal,oral_normal,স্বাভাবিক মুখের ভেতর,routine
oral_0_001522.jpg,0,oral_scc,oral_scc,মুখের ক্যানসারের মতো পরিবর্তন (OSC সন্দেহ),urgent
oral_1_001523.jpg,1,oral_normal,oral_normal,স্বাভাবিক মুখের ভেতর,routine
oral_1_001524.jpg,1,oral_normal,oral_normal,স্বাভাবিক মুখের ভেতর,routine
oral_1_001525.jpg,1,oral_normal,oral_normal,স্বাভাবিক মুখের ভেতর,routine
oral_1_001526.jpg,1,oral_normal,oral_normal,স্বাভাবিক মুখের ভেতর,routine
oral_0_001527.jpg,0,oral_scc,oral_scc,মুখের ক্যানসারের মতো পরিবর্তন (OSC সন্দেহ),urgent
oral_0_001528.jpg,0,oral_scc,oral_scc,মুখের ক্যানসারের মতো পরিবর্তন (OSC সন্দেহ),urgent
oral_0_001529.jpg,0,oral_scc,oral_scc,মুখের ক্যানসারের মতো পরিবর্তন (OSC সন্দেহ),urgent
oral_1_001530.jpg,1,oral_normal,oral_normal,স্বাভাবিক মুখের ভেতর,routine
oral_1_001531.jpg,1,oral_normal,oral_normal,স্বাভাবিক মুখের ভেতর,routine
oral_1_001532.jpg,1,oral_normal,oral_normal,স্বাভাবিক মুখের ভেতর,routine
oral_0_001533.jpg,0,oral_scc,oral_scc,মুখের ক্যানসারের মতো পরিবর্তন (OSC সন্দেহ),urgent
oral_1_001534.jpg,1,oral_normal,oral_normal,স্বাভাবিক মুখের ভেতর,routine
oral_0_001535.jpg,0,oral_scc,oral_scc,মুখের ক্যানসারের মতো পরিবর্তন (OSC সন্দেহ),urgent
oral_1_001536.jpg,1,oral_normal,oral_normal,স্বাভাবিক মুখের ভেতর,routine
oral_0_001537.jpg,0,oral_scc,oral_scc,মুখের ক্যানসারের মতো পরিবর্তন (OSC সন্দেহ),urgent
oral_1_001538.jpg,1,oral_normal,oral_normal,স্বাভাবিক মুখের ভেতর,routine
oral_0_001539.jpg,0,oral_scc,oral_scc,মুখের ক্যানসারের মতো পরিবর্তন (OSC সন্দেহ),urgent
oral_0_001540.jpg,0,oral_scc,oral_scc,মুখের ক্যানসারের মতো পরিবর্তন (OSC সন্দেহ),urgent
oral_1_001541.jpg,1,oral_normal,oral_normal,স্বাভাবিক মুখের ভেতর,routine
oral_1_001542.jpg,1,oral_normal,oral_normal,স্বাভাবিক মুখের ভেতর,routine
oral_0_001543.jpg,0,oral_scc,oral_scc,মুখের ক্যানসারের মতো পরিবর্তন (OSC সন্দেহ),urgent
oral_1_001544.jpg,1,oral_normal,oral_normal,স্বাভাবিক মুখের ভেতর,routine
oral_0_001545.jpg,0,oral_scc,oral_scc,মুখের ক্যানসারের মতো পরিবর্তন (OSC সন্দেহ),urgent
oral_0_001546.jpg,0,oral_scc,oral_scc,মুখের ক্যানসারের মতো পরিবর্তন (OSC সন্দেহ),urgent
oral_1_001547.jpg,1,oral_normal,oral_normal,স্বাভাবিক মুখের ভেতর,routine
oral_1_001548.jpg,1,oral_normal,oral_normal,স্বাভাবিক মুখের ভেতর,routine
oral_1_001549.jpg,1,oral_normal,oral_normal,স্বাভাবিক মুখের ভেতর,routine
oral_0_001550.jpg,0,oral_scc,oral_scc,মুখের ক্যানসারের মতো পরিবর্তন (OSC সন্দেহ),urgent
oral_1_001551.jpg,1,oral_normal,oral_normal,স্বাভাবিক মুখের ভেতর,routine
oral_1_001552.jpg,1,oral_normal,oral_normal,স্বাভাবিক মুখের ভেতর,routine
oral_0_001553.jpg,0,oral_scc,oral_scc,মুখের ক্যানসারের মতো পরিবর্তন (OSC সন্দেহ),urgent
oral_0_001554.jpg,0,oral_scc,oral_scc,মুখের ক্যানসারের মতো পরিবর্তন (OSC সন্দেহ),urgent
oral_0_001555.jpg,0,oral_scc,oral_scc,মুখের ক্যানসারের মতো পরিবর্তন (OSC সন্দেহ),urgent
oral_1_001556.jpg,1,oral_normal,oral_normal,স্বাভাবিক মুখের ভেতর,routine
oral_1_001557.jpg,1,oral_normal,oral_normal,স্বাভাবিক মুখের ভেতর,routine
oral_0_001558.jpg,0,oral_scc,oral_scc,মুখের ক্যানসারের মতো পরিবর্তন (OSC সন্দেহ),urgent
oral_0_001559.jpg,0,oral_scc,oral_scc,মুখের ক্যানসারের মতো পরিবর্তন (OSC সন্দেহ),urgent
oral_1_001560.jpg,1,oral_normal,oral_normal,স্বাভাবিক মুখের ভেতর,routine
oral_1_001561.jpg,1,oral_normal,oral_normal,স্বাভাবিক মুখের ভেতর,routine
oral_0_001562.jpg,0,oral_scc,oral_scc,মুখের ক্যানসারের মতো পরিবর্তন (OSC সন্দেহ),urgent
oral_0_001563.jpg,0,oral_scc,oral_scc,মুখের ক্যানসারের মতো পরিবর্তন (OSC সন্দেহ),urgent
oral_1_001564.jpg,1,oral_normal,oral_normal,স্বাভাবিক মুখের ভেতর,routine
oral_0_001565.jpg,0,oral_scc,oral_scc,মুখের ক্যানসারের মতো পরিবর্তন (OSC সন্দেহ),urgent
oral_0_001566.jpg,0,oral_scc,oral_scc,মুখের ক্যানসারের মতো পরিবর্তন (OSC সন্দেহ),urgent
oral_0_001567.jpg,0,oral_scc,oral_scc,মুখের ক্যানসারের মতো পরিবর্তন (OSC সন্দেহ),urgent
oral_0_001568.jpg,0,oral_scc,oral_scc,মুখের ক্যানসারের মতো পরিবর্তন (OSC সন্দেহ),urgent
oral_1_001569.jpg,1,oral_normal,oral_normal,স্বাভাবিক মুখের ভেতর,routine
oral_0_001570.jpg,0,oral_scc,oral_scc,মুখের ক্যানসারের মতো পরিবর্তন (OSC সন্দেহ),urgent
oral_1_001571.jpg,1,oral_normal,oral_normal,স্বাভাবিক মুখের ভেতর,routine
oral_0_001572.jpg,0,oral_scc,oral_scc,মুখের ক্যানসারের মতো পরিবর্তন (OSC সন্দেহ),urgent
oral_1_001573.jpg,1,oral_normal,oral_normal,স্বাভাবিক মুখের ভেতর,routine
oral_1_001574.jpg,1,oral_normal,oral_normal,স্বাভাবিক মুখের ভেতর,routine
oral_1_001575.jpg,1,oral_normal,oral_normal,স্বাভাবিক মুখের ভেতর,routine
oral_0_001576.jpg,0,oral_scc,oral_scc,মুখের ক্যানসারের মতো পরিবর্তন (OSC সন্দেহ),urgent
oral_1_001577.jpg,1,oral_normal,oral_normal,স্বাভাবিক মুখের ভেতর,routine
oral_1_001578.jpg,1,oral_normal,oral_normal,স্বাভাবিক মুখের ভেতর,routine
oral_1_001579.jpg,1,oral_normal,oral_normal,স্বাভাবিক মুখের ভেতর,routine
oral_0_001580.jpg,0,oral_scc,oral_scc,মুখের ক্যানসারের মতো পরিবর্তন (OSC সন্দেহ),urgent
oral_0_001581.jpg,0,oral_scc,oral_scc,মুখের ক্যানসারের মতো পরিবর্তন (OSC সন্দেহ),urgent
oral_1_001582.jpg,1,oral_normal,oral_normal,স্বাভাবিক মুখের ভেতর,routine
oral_0_001583.jpg,0,oral_scc,oral_scc,মুখের ক্যানসারের মতো পরিবর্তন (OSC সন্দেহ),urgent
oral_1_001584.jpg,1,oral_normal,oral_normal,স্বাভাবিক মুখের ভেতর,routine
oral_1_001585.jpg,1,oral_normal,oral_normal,স্বাভাবিক মুখের ভেতর,routine
oral_0_001586.jpg,0,oral_scc,oral_scc,মুখের ক্যানসারের মতো পরিবর্তন (OSC সন্দেহ),urgent
oral_1_001587.jpg,1,oral_normal,oral_normal,স্বাভাবিক মুখের ভেতর,routine
oral_0_001588.jpg,0,oral_scc,oral_scc,মুখের ক্যানসারের মতো পরিবর্তন (OSC সন্দেহ),urgent
oral_0_001589.jpg,0,oral_scc,oral_scc,মুখের ক্যানসারের মতো পরিবর্তন (OSC সন্দেহ),urgent
oral_0_001590.jpg,0,oral_scc,oral_scc,মুখের ক্যানসারের মতো পরিবর্তন (OSC সন্দেহ),urgent
oral_0_001591.jpg,0,oral_scc,oral_scc,মুখের ক্যানসারের মতো পরিবর্তন (OSC সন্দেহ),urgent
oral_0_001592.jpg,0,oral_scc,oral_scc,মুখের ক্যানসারের মতো পরিবর্তন (OSC সন্দেহ),urgent
oral_0_001593.jpg,0,oral_scc,oral_scc,মুখের ক্যানসারের মতো পরিবর্তন (OSC সন্দেহ),urgent
oral_0_001594.jpg,0,oral_scc,oral_scc,মুখের ক্যানসারের মতো পরিবর্তন (OSC সন্দেহ),urgent
oral_0_001595.jpg,0,oral_scc,oral_scc,মুখের ক্যানসারের মতো পরিবর্তন (OSC সন্দেহ),urgent
oral_0_001596.jpg,0,oral_scc,oral_scc,মুখের ক্যানসারের মতো পরিবর্তন (OSC সন্দেহ),urgent
oral_1_001597.jpg,1,oral_normal,oral_normal,স্বাভাবিক মুখের ভেতর,routine
oral_1_001598.jpg,1,oral_normal,oral_normal,স্বাভাবিক মুখের ভেতর,routine
oral_0_001599.jpg,0,oral_scc,oral_scc,মুখের ক্যানসারের মতো পরিবর্তন (OSC সন্দেহ),urgent
oral_1_001600.jpg,1,oral_normal,oral_normal,স্বাভাবিক মুখের ভেতর,routine
oral_0_001601.jpg,0,oral_scc,oral_scc,মুখের ক্যানসারের মতো পরিবর্তন (OSC সন্দেহ),urgent
oral_1_001602.jpg,1,oral_normal,oral_normal,স্বাভাবিক মুখের ভেতর,routine
oral_0_001603.jpg,0,oral_scc,oral_scc,মুখের ক্যানসারের মতো পরিবর্তন (OSC সন্দেহ),urgent
oral_1_001604.jpg,1,oral_normal,oral_normal,স্বাভাবিক মুখের ভেতর,routine
oral_0_001605.jpg,0,oral_scc,oral_scc,মুখের ক্যানসারের মতো পরিবর্তন (OSC সন্দেহ),urgent
oral_1_001606.jpg,1,oral_normal,oral_normal,স্বাভাবিক মুখের ভেতর,routine
oral_0_001607.jpg,0,oral_scc,oral_scc,মুখের ক্যানসারের মতো পরিবর্তন (OSC সন্দেহ),urgent
oral_1_001608.jpg,1,oral_normal,oral_normal,স্বাভাবিক মুখের ভেতর,routine
oral_1_001609.jpg,1,oral_normal,oral_normal,স্বাভাবিক মুখের ভেতর,routine
oral_0_001610.jpg,0,oral_scc,oral_scc,মুখের ক্যানসারের মতো পরিবর্তন (OSC সন্দেহ),urgent
oral_0_001611.jpg,0,oral_scc,oral_scc,মুখের ক্যানসারের মতো পরিবর্তন (OSC সন্দেহ),urgent
oral_1_001612.jpg,1,oral_normal,oral_normal,স্বাভাবিক মুখের ভেতর,routine
oral_0_001613.jpg,0,oral_scc,oral_scc,মুখের ক্যানসারের মতো পরিবর্তন (OSC সন্দেহ),urgent
oral_1_001614.jpg,1,oral_normal,oral_normal,স্বাভাবিক মুখের ভেতর,routine
oral_1_001615.jpg,1,oral_normal,oral_normal,স্বাভাবিক মুখের ভেতর,routine
oral_0_001616.jpg,0,oral_scc,oral_scc,মুখের ক্যানসারের মতো পরিবর্তন (OSC সন্দেহ),urgent
oral_1_001617.jpg,1,oral_normal,oral_normal,স্বাভাবিক মুখের ভেতর,routine
oral_1_001618.jpg,1,oral_normal,oral_normal,স্বাভাবিক মুখের ভেতর,routine
oral_1_001619.jpg,1,oral_normal,oral_normal,স্বাভাবিক মুখের ভেতর,routine
oral_1_001620.jpg,1,oral_normal,oral_normal,স্বাভাবিক মুখের ভেতর,routine
oral_1_001621.jpg,1,oral_normal,oral_normal,স্বাভাবিক মুখের ভেতর,routine
oral_1_001622.jpg,1,oral_normal,oral_normal,স্বাভাবিক মুখের ভেতর,routine
oral_0_001623.jpg,0,oral_scc,oral_scc,মুখের ক্যানসারের মতো পরিবর্তন (OSC সন্দেহ),urgent
oral_1_001624.jpg,1,oral_normal,oral_normal,স্বাভাবিক মুখের ভেতর,routine
oral_1_001625.jpg,1,oral_normal,oral_normal,স্বাভাবিক মুখের ভেতর,routine
oral_1_001626.jpg,1,oral_normal,oral_normal,স্বাভাবিক মুখের ভেতর,routine
oral_1_001627.jpg,1,oral_normal,oral_normal,স্বাভাবিক মুখের ভেতর,routine
oral_0_001628.jpg,0,oral_scc,oral_scc,মুখের ক্যানসারের মতো পরিবর্তন (OSC সন্দেহ),urgent
oral_1_001629.jpg,1,oral_normal,oral_normal,স্বাভাবিক মুখের ভেতর,routine
oral_1_001630.jpg,1,oral_normal,oral_normal,স্বাভাবিক মুখের ভেতর,routine
oral_0_001631.jpg,0,oral_scc,oral_scc,মুখের ক্যানসারের মতো পরিবর্তন (OSC সন্দেহ),urgent
oral_1_001632.jpg,1,oral_normal,oral_normal,স্বাভাবিক মুখের ভেতর,routine
oral_0_001633.jpg,0,oral_scc,oral_scc,মুখের ক্যানসারের মতো পরিবর্তন (OSC সন্দেহ),urgent
oral_0_001634.jpg,0,oral_scc,oral_scc,মুখের ক্যানসারের মতো পরিবর্তন (OSC সন্দেহ),urgent
oral_1_001635.jpg,1,oral_normal,oral_normal,স্বাভাবিক মুখের ভেতর,routine
oral_0_001636.jpg,0,oral_scc,oral_scc,মুখের ক্যানসারের মতো পরিবর্তন (OSC সন্দেহ),urgent
oral_1_001637.jpg,1,oral_normal,oral_normal,স্বাভাবিক মুখের ভেতর,routine
oral_1_001638.jpg,1,oral_normal,oral_normal,স্বাভাবিক মুখের ভেতর,routine
oral_1_001639.jpg,1,oral_normal,oral_normal,স্বাভাবিক মুখের ভেতর,routine
oral_0_001640.jpg,0,oral_scc,oral_scc,মুখের ক্যানসারের মতো পরিবর্তন (OSC সন্দেহ),urgent
oral_0_001641.jpg,0,oral_scc,oral_scc,মুখের ক্যানসারের মতো পরিবর্তন (OSC সন্দেহ),urgent
oral_0_001642.jpg,0,oral_scc,oral_scc,মুখের ক্যানসারের মতো পরিবর্তন (OSC সন্দেহ),urgent
oral_0_001643.jpg,0,oral_scc,oral_scc,মুখের ক্যানসারের মতো পরিবর্তন (OSC সন্দেহ),urgent
oral_0_001644.jpg,0,oral_scc,oral_scc,মুখের ক্যানসারের মতো পরিবর্তন (OSC সন্দেহ),urgent
oral_1_001645.jpg,1,oral_normal,oral_normal,স্বাভাবিক মুখের ভেতর,routine
oral_1_001646.jpg,1,oral_normal,oral_normal,স্বাভাবিক মুখের ভেতর,routine
oral_0_001647.jpg,0,oral_scc,oral_scc,মুখের ক্যানসারের মতো পরিবর্তন (OSC সন্দেহ),urgent
oral_1_001648.jpg,1,oral_normal,oral_normal,স্বাভাবিক মুখের ভেতর,routine
oral_0_001649.jpg,0,oral_scc,oral_scc,মুখের ক্যানসারের মতো পরিবর্তন (OSC সন্দেহ),urgent
oral_1_001650.jpg,1,oral_normal,oral_normal,স্বাভাবিক মুখের ভেতর,routine
oral_1_001651.jpg,1,oral_normal,oral_normal,স্বাভাবিক মুখের ভেতর,routine
oral_1_001652.jpg,1,oral_normal,oral_normal,স্বাভাবিক মুখের ভেতর,routine
oral_0_001653.jpg,0,oral_scc,oral_scc,মুখের ক্যানসারের মতো পরিবর্তন (OSC সন্দেহ),urgent
oral_1_001654.jpg,1,oral_normal,oral_normal,স্বাভাবিক মুখের ভেতর,routine
oral_1_001655.jpg,1,oral_normal,oral_normal,স্বাভাবিক মুখের ভেতর,routine
oral_0_001656.jpg,0,oral_scc,oral_scc,মুখের ক্যানসারের মতো পরিবর্তন (OSC সন্দেহ),urgent
oral_1_001657.jpg,1,oral_normal,oral_normal,স্বাভাবিক মুখের ভেতর,routine
oral_1_001658.jpg,1,oral_normal,oral_normal,স্বাভাবিক মুখের ভেতর,routine
oral_0_001659.jpg,0,oral_scc,oral_scc,মুখের ক্যানসারের মতো পরিবর্তন (OSC সন্দেহ),urgent
oral_0_001660.jpg,0,oral_scc,oral_scc,মুখের ক্যানসারের মতো পরিবর্তন (OSC সন্দেহ),urgent
oral_1_001661.jpg,1,oral_normal,oral_normal,স্বাভাবিক মুখের ভেতর,routine
oral_1_001662.jpg,1,oral_normal,oral_normal,স্বাভাবিক মুখের ভেতর,routine
oral_1_001663.jpg,1,oral_normal,oral_normal,স্বাভাবিক মুখের ভেতর,routine
oral_0_001664.jpg,0,oral_scc,oral_scc,মুখের ক্যানসারের মতো পরিবর্তন (OSC সন্দেহ),urgent
oral_0_001665.jpg,0,oral_scc,oral_scc,মুখের ক্যানসারের মতো পরিবর্তন (OSC সন্দেহ),urgent
oral_0_001666.jpg,0,oral_scc,oral_scc,মুখের ক্যানসারের মতো পরিবর্তন (OSC সন্দেহ),urgent
oral_0_001667.jpg,0,oral_scc,oral_scc,মুখের ক্যানসারের মতো পরিবর্তন (OSC সন্দেহ),urgent
oral_1_001668.jpg,1,oral_normal,oral_normal,স্বাভাবিক মুখের ভেতর,routine
oral_1_001669.jpg,1,oral_normal,oral_normal,স্বাভাবিক মুখের ভেতর,routine
oral_0_001670.jpg,0,oral_scc,oral_scc,মুখের ক্যানসারের মতো পরিবর্তন (OSC সন্দেহ),urgent
oral_0_001671.jpg,0,oral_scc,oral_scc,মুখের ক্যানসারের মতো পরিবর্তন (OSC সন্দেহ),urgent
oral_1_001672.jpg,1,oral_normal,oral_normal,স্বাভাবিক মুখের ভেতর,routine
oral_1_001673.jpg,1,oral_normal,oral_normal,স্বাভাবিক মুখের ভেতর,routine
oral_1_001674.jpg,1,oral_normal,oral_normal,স্বাভাবিক মুখের ভেতর,routine
oral_1_001675.jpg,1,oral_normal,oral_normal,স্বাভাবিক মুখের ভেতর,routine
oral_0_001676.jpg,0,oral_scc,oral_scc,মুখের ক্যানসারের মতো পরিবর্তন (OSC সন্দেহ),urgent
oral_1_001677.jpg,1,oral_normal,oral_normal,স্বাভাবিক মুখের ভেতর,routine
oral_0_001678.jpg,0,oral_scc,oral_scc,মুখের ক্যানসারের মতো পরিবর্তন (OSC সন্দেহ),urgent
oral_0_001679.jpg,0,oral_scc,oral_scc,মুখের ক্যানসারের মতো পরিবর্তন (OSC সন্দেহ),urgent
oral_1_001680.jpg,1,oral_normal,oral_normal,স্বাভাবিক মুখের ভেতর,routine
oral_1_001681.jpg,1,oral_normal,oral_normal,স্বাভাবিক মুখের ভেতর,routine
oral_1_001682.jpg,1,oral_normal,oral_normal,স্বাভাবিক মুখের ভেতর,routine
oral_0_001683.jpg,0,oral_scc,oral_scc,মুখের ক্যানসারের মতো পরিবর্তন (OSC সন্দেহ),urgent
oral_1_001684.jpg,1,oral_normal,oral_normal,স্বাভাবিক মুখের ভেতর,routine
oral_0_001685.jpg,0,oral_scc,oral_scc,মুখের ক্যানসারের মতো পরিবর্তন (OSC সন্দেহ),urgent
oral_0_001686.jpg,0,oral_scc,oral_scc,মুখের ক্যানসারের মতো পরিবর্তন (OSC সন্দেহ),urgent
oral_0_001687.jpg,0,oral_scc,oral_scc,মুখের ক্যানসারের মতো পরিবর্তন (OSC সন্দেহ),urgent
oral_0_001688.jpg,0,oral_scc,oral_scc,মুখের ক্যানসারের মতো পরিবর্তন (OSC সন্দেহ),urgent
oral_1_001689.jpg,1,oral_normal,oral_normal,স্বাভাবিক মুখের ভেতর,routine
oral_1_001690.jpg,1,oral_normal,oral_normal,স্বাভাবিক মুখের ভেতর,routine
oral_1_001691.jpg,1,oral_normal,oral_normal,স্বাভাবিক মুখের ভেতর,routine
oral_1_001692.jpg,1,oral_normal,oral_normal,স্বাভাবিক মুখের ভেতর,routine
oral_0_001693.jpg,0,oral_scc,oral_scc,মুখের ক্যানসারের মতো পরিবর্তন (OSC সন্দেহ),urgent
oral_1_001694.jpg,1,oral_normal,oral_normal,স্বাভাবিক মুখের ভেতর,routine
oral_0_001695.jpg,0,oral_scc,oral_scc,মুখের ক্যানসারের মতো পরিবর্তন (OSC সন্দেহ),urgent
oral_1_001696.jpg,1,oral_normal,oral_normal,স্বাভাবিক মুখের ভেতর,routine
oral_1_001697.jpg,1,oral_normal,oral_normal,স্বাভাবিক মুখের ভেতর,routine
oral_0_001698.jpg,0,oral_scc,oral_scc,মুখের ক্যানসারের মতো পরিবর্তন (OSC সন্দেহ),urgent
oral_0_001699.jpg,0,oral_scc,oral_scc,মুখের ক্যানসারের মতো পরিবর্তন (OSC সন্দেহ),urgent
oral_0_001700.jpg,0,oral_scc,oral_scc,মুখের ক্যানসারের মতো পরিবর্তন (OSC সন্দেহ),urgent
oral_0_001701.jpg,0,oral_scc,oral_scc,মুখের ক্যানসারের মতো পরিবর্তন (OSC সন্দেহ),urgent
oral_0_001702.jpg,0,oral_scc,oral_scc,মুখের ক্যানসারের মতো পরিবর্তন (OSC সন্দেহ),urgent
oral_1_001703.jpg,1,oral_normal,oral_normal,স্বাভাবিক মুখের ভেতর,routine
oral_0_001704.jpg,0,oral_scc,oral_scc,মুখের ক্যানসারের মতো পরিবর্তন (OSC সন্দেহ),urgent
oral_0_001705.jpg,0,oral_scc,oral_scc,মুখের ক্যানসারের মতো পরিবর্তন (OSC সন্দেহ),urgent
oral_1_001706.jpg,1,oral_normal,oral_normal,স্বাভাবিক মুখের ভেতর,routine
oral_0_001707.jpg,0,oral_scc,oral_scc,মুখের ক্যানসারের মতো পরিবর্তন (OSC সন্দেহ),urgent
oral_1_001708.jpg,1,oral_normal,oral_normal,স্বাভাবিক মুখের ভেতর,routine
oral_0_001709.jpg,0,oral_scc,oral_scc,মুখের ক্যানসারের মতো পরিবর্তন (OSC সন্দেহ),urgent
oral_1_001710.jpg,1,oral_normal,oral_normal,স্বাভাবিক মুখের ভেতর,routine
oral_0_001711.jpg,0,oral_scc,oral_scc,মুখের ক্যানসারের মতো পরিবর্তন (OSC সন্দেহ),urgent
oral_1_001712.jpg,1,oral_normal,oral_normal,স্বাভাবিক মুখের ভেতর,routine
oral_0_001713.jpg,0,oral_scc,oral_scc,মুখের ক্যানসারের মতো পরিবর্তন (OSC সন্দেহ),urgent
oral_1_001714.jpg,1,oral_normal,oral_normal,স্বাভাবিক মুখের ভেতর,routine
oral_1_001715.jpg,1,oral_normal,oral_normal,স্বাভাবিক মুখের ভেতর,routine
oral_0_001716.jpg,0,oral_scc,oral_scc,মুখের ক্যানসারের মতো পরিবর্তন (OSC সন্দেহ),urgent
oral_1_001717.jpg,1,oral_normal,oral_normal,স্বাভাবিক মুখের ভেতর,routine
oral_0_001718.jpg,0,oral_scc,oral_scc,মুখের ক্যানসারের মতো পরিবর্তন (OSC সন্দেহ),urgent
oral_0_001719.jpg,0,oral_scc,oral_scc,মুখের ক্যানসারের মতো পরিবর্তন (OSC সন্দেহ),urgent
oral_0_001720.jpg,0,oral_scc,oral_scc,মুখের ক্যানসারের মতো পরিবর্তন (OSC সন্দেহ),urgent
oral_1_001721.jpg,1,oral_normal,oral_normal,স্বাভাবিক মুখের ভেতর,routine
oral_0_001722.jpg,0,oral_scc,oral_scc,মুখের ক্যানসারের মতো পরিবর্তন (OSC সন্দেহ),urgent
oral_1_001723.jpg,1,oral_normal,oral_normal,স্বাভাবিক মুখের ভেতর,routine
oral_1_001724.jpg,1,oral_normal,oral_normal,স্বাভাবিক মুখের ভেতর,routine
oral_1_001725.jpg,1,oral_normal,oral_normal,স্বাভাবিক মুখের ভেতর,routine
oral_0_001726.jpg,0,oral_scc,oral_scc,মুখের ক্যানসারের মতো পরিবর্তন (OSC সন্দেহ),urgent
oral_0_001727.jpg,0,oral_scc,oral_scc,মুখের ক্যানসারের মতো পরিবর্তন (OSC সন্দেহ),urgent
oral_0_001728.jpg,0,oral_scc,oral_scc,মুখের ক্যানসারের মতো পরিবর্তন (OSC সন্দেহ),urgent
oral_0_001729.jpg,0,oral_scc,oral_scc,মুখের ক্যানসারের মতো পরিবর্তন (OSC সন্দেহ),urgent
oral_1_001730.jpg,1,oral_normal,oral_normal,স্বাভাবিক মুখের ভেতর,routine
oral_1_001731.jpg,1,oral_normal,oral_normal,স্বাভাবিক মুখের ভেতর,routine
oral_0_001732.jpg,0,oral_scc,oral_scc,মুখের ক্যানসারের মতো পরিবর্তন (OSC সন্দেহ),urgent
oral_0_001733.jpg,0,oral_scc,oral_scc,মুখের ক্যানসারের মতো পরিবর্তন (OSC সন্দেহ),urgent
oral_0_001734.jpg,0,oral_scc,oral_scc,মুখের ক্যানসারের মতো পরিবর্তন (OSC সন্দেহ),urgent
oral_0_001735.jpg,0,oral_scc,oral_scc,মুখের ক্যানসারের মতো পরিবর্তন (OSC সন্দেহ),urgent
oral_0_001736.jpg,0,oral_scc,oral_scc,মুখের ক্যানসারের মতো পরিবর্তন (OSC সন্দেহ),urgent
oral_1_001737.jpg,1,oral_normal,oral_normal,স্বাভাবিক মুখের ভেতর,routine
oral_0_001738.jpg,0,oral_scc,oral_scc,মুখের ক্যানসারের মতো পরিবর্তন (OSC সন্দেহ),urgent
oral_0_001739.jpg,0,oral_scc,oral_scc,মুখের ক্যানসারের মতো পরিবর্তন (OSC সন্দেহ),urgent
oral_0_001740.jpg,0,oral_scc,oral_scc,মুখের ক্যানসারের মতো পরিবর্তন (OSC সন্দেহ),urgent
oral_1_001741.jpg,1,oral_normal,oral_normal,স্বাভাবিক মুখের ভেতর,routine
oral_0_001742.jpg,0,oral_scc,oral_scc,মুখের ক্যানসারের মতো পরিবর্তন (OSC সন্দেহ),urgent
oral_0_001743.jpg,0,oral_scc,oral_scc,মুখের ক্যানসারের মতো পরিবর্তন (OSC সন্দেহ),urgent
oral_0_001744.jpg,0,oral_scc,oral_scc,মুখের ক্যানসারের মতো পরিবর্তন (OSC সন্দেহ),urgent
oral_0_001745.jpg,0,oral_scc,oral_scc,মুখের ক্যানসারের মতো পরিবর্তন (OSC সন্দেহ),urgent
oral_0_001746.jpg,0,oral_scc,oral_scc,মুখের ক্যানসারের মতো পরিবর্তন (OSC সন্দেহ),urgent
oral_1_001747.jpg,1,oral_normal,oral_normal,স্বাভাবিক মুখের ভেতর,routine
oral_1_001748.jpg,1,oral_normal,oral_normal,স্বাভাবিক মুখের ভেতর,routine
oral_0_001749.jpg,0,oral_scc,oral_scc,মুখের ক্যানসারের মতো পরিবর্তন (OSC সন্দেহ),urgent
oral_0_001750.jpg,0,oral_scc,oral_scc,মুখের ক্যানসারের মতো পরিবর্তন (OSC সন্দেহ),urgent
oral_0_001751.jpg,0,oral_scc,oral_scc,মুখের ক্যানসারের মতো পরিবর্তন (OSC সন্দেহ),urgent
oral_0_001752.jpg,0,oral_scc,oral_scc,মুখের ক্যানসারের মতো পরিবর্তন (OSC সন্দেহ),urgent
oral_0_001753.jpg,0,oral_scc,oral_scc,মুখের ক্যানসারের মতো পরিবর্তন (OSC সন্দেহ),urgent
oral_0_001754.jpg,0,oral_scc,oral_scc,মুখের ক্যানসারের মতো পরিবর্তন (OSC সন্দেহ),urgent
oral_0_001755.jpg,0,oral_scc,oral_scc,মুখের ক্যানসারের মতো পরিবর্তন (OSC সন্দেহ),urgent
oral_0_001756.jpg,0,oral_scc,oral_scc,মুখের ক্যানসারের মতো পরিবর্তন (OSC সন্দেহ),urgent
oral_0_001757.jpg,0,oral_scc,oral_scc,মুখের ক্যানসারের মতো পরিবর্তন (OSC সন্দেহ),urgent
oral_0_001758.jpg,0,oral_scc,oral_scc,মুখের ক্যানসারের মতো পরিবর্তন (OSC সন্দেহ),urgent
oral_0_001759.jpg,0,oral_scc,oral_scc,মুখের ক্যানসারের মতো পরিবর্তন (OSC সন্দেহ),urgent
oral_0_001760.jpg,0,oral_scc,oral_scc,মুখের ক্যানসারের মতো পরিবর্তন (OSC সন্দেহ),urgent
oral_0_001761.jpg,0,oral_scc,oral_scc,মুখের ক্যানসারের মতো পরিবর্তন (OSC সন্দেহ),urgent
oral_0_001762.jpg,0,oral_scc,oral_scc,মুখের ক্যানসারের মতো পরিবর্তন (OSC সন্দেহ),urgent
oral_1_001763.jpg,1,oral_normal,oral_normal,স্বাভাবিক মুখের ভেতর,routine
oral_1_001764.jpg,1,oral_normal,oral_normal,স্বাভাবিক মুখের ভেতর,routine
oral_0_001765.jpg,0,oral_scc,oral_scc,মুখের ক্যানসারের মতো পরিবর্তন (OSC সন্দেহ),urgent
oral_1_001766.jpg,1,oral_normal,oral_normal,স্বাভাবিক মুখের ভেতর,routine
oral_0_001767.jpg,0,oral_scc,oral_scc,মুখের ক্যানসারের মতো পরিবর্তন (OSC সন্দেহ),urgent
oral_0_001768.jpg,0,oral_scc,oral_scc,মুখের ক্যানসারের মতো পরিবর্তন (OSC সন্দেহ),urgent
oral_0_001769.jpg,0,oral_scc,oral_scc,মুখের ক্যানসারের মতো পরিবর্তন (OSC সন্দেহ),urgent
oral_1_001770.jpg,1,oral_normal,oral_normal,স্বাভাবিক মুখের ভেতর,routine
oral_1_001771.jpg,1,oral_normal,oral_normal,স্বাভাবিক মুখের ভেতর,routine
oral_0_001772.jpg,0,oral_scc,oral_scc,মুখের ক্যানসারের মতো পরিবর্তন (OSC সন্দেহ),urgent
oral_0_001773.jpg,0,oral_scc,oral_scc,মুখের ক্যানসারের মতো পরিবর্তন (OSC সন্দেহ),urgent
oral_1_001774.jpg,1,oral_normal,oral_normal,স্বাভাবিক মুখের ভেতর,routine
oral_0_001775.jpg,0,oral_scc,oral_scc,মুখের ক্যানসারের মতো পরিবর্তন (OSC সন্দেহ),urgent
oral_0_001776.jpg,0,oral_scc,oral_scc,মুখের ক্যানসারের মতো পরিবর্তন (OSC সন্দেহ),urgent
oral_0_001777.jpg,0,oral_scc,oral_scc,মুখের ক্যানসারের মতো পরিবর্তন (OSC সন্দেহ),urgent
oral_0_001778.jpg,0,oral_scc,oral_scc,মুখের ক্যানসারের মতো পরিবর্তন (OSC সন্দেহ),urgent
oral_0_001779.jpg,0,oral_scc,oral_scc,মুখের ক্যানসারের মতো পরিবর্তন (OSC সন্দেহ),urgent
oral_0_001780.jpg,0,oral_scc,oral_scc,মুখের ক্যানসারের মতো পরিবর্তন (OSC সন্দেহ),urgent
oral_0_001781.jpg,0,oral_scc,oral_scc,মুখের ক্যানসারের মতো পরিবর্তন (OSC সন্দেহ),urgent
oral_1_001782.jpg,1,oral_normal,oral_normal,স্বাভাবিক মুখের ভেতর,routine
oral_0_001783.jpg,0,oral_scc,oral_scc,মুখের ক্যানসারের মতো পরিবর্তন (OSC সন্দেহ),urgent
oral_0_001784.jpg,0,oral_scc,oral_scc,মুখের ক্যানসারের মতো পরিবর্তন (OSC সন্দেহ),urgent
oral_1_001785.jpg,1,oral_normal,oral_normal,স্বাভাবিক মুখের ভেতর,routine
oral_0_001786.jpg,0,oral_scc,oral_scc,মুখের ক্যানসারের মতো পরিবর্তন (OSC সন্দেহ),urgent
oral_1_001787.jpg,1,oral_normal,oral_normal,স্বাভাবিক মুখের ভেতর,routine
oral_1_001788.jpg,1,oral_normal,oral_normal,স্বাভাবিক মুখের ভেতর,routine
oral_0_001789.jpg,0,oral_scc,oral_scc,মুখের ক্যানসারের মতো পরিবর্তন (OSC সন্দেহ),urgent
oral_1_001790.jpg,1,oral_normal,oral_normal,স্বাভাবিক মুখের ভেতর,routine
oral_0_001791.jpg,0,oral_scc,oral_scc,মুখের ক্যানসারের মতো পরিবর্তন (OSC সন্দেহ),urgent
oral_0_001792.jpg,0,oral_scc,oral_scc,মুখের ক্যানসারের মতো পরিবর্তন (OSC সন্দেহ),urgent
oral_1_001793.jpg,1,oral_normal,oral_normal,স্বাভাবিক মুখের ভেতর,routine
oral_0_001794.jpg,0,oral_scc,oral_scc,মুখের ক্যানসারের মতো পরিবর্তন (OSC সন্দেহ),urgent
oral_0_001795.jpg,0,oral_scc,oral_scc,মুখের ক্যানসারের মতো পরিবর্তন (OSC সন্দেহ),urgent
oral_0_001796.jpg,0,oral_scc,oral_scc,মুখের ক্যানসারের মতো পরিবর্তন (OSC সন্দেহ),urgent
oral_1_001797.jpg,1,oral_normal,oral_normal,স্বাভাবিক মুখের ভেতর,routine
oral_0_001798.jpg,0,oral_scc,oral_scc,মুখের ক্যানসারের মতো পরিবর্তন (OSC সন্দেহ),urgent
oral_0_001799.jpg,0,oral_scc,oral_scc,মুখের ক্যানসারের মতো পরিবর্তন (OSC সন্দেহ),urgent
oral_1_001800.jpg,1,oral_normal,oral_normal,স্বাভাবিক মুখের ভেতর,routine
oral_0_001801.jpg,0,oral_scc,oral_scc,মুখের ক্যানসারের মতো পরিবর্তন (OSC সন্দেহ),urgent
oral_1_001802.jpg,1,oral_normal,oral_normal,স্বাভাবিক মুখের ভেতর,routine
oral_1_001803.jpg,1,oral_normal,oral_normal,স্বাভাবিক মুখের ভেতর,routine
oral_0_001804.jpg,0,oral_scc,oral_scc,মুখের ক্যানসারের মতো পরিবর্তন (OSC সন্দেহ),urgent
oral_1_001805.jpg,1,oral_normal,oral_normal,স্বাভাবিক মুখের ভেতর,routine
oral_1_001806.jpg,1,oral_normal,oral_normal,স্বাভাবিক মুখের ভেতর,routine
oral_0_001807.jpg,0,oral_scc,oral_scc,মুখের ক্যানসারের মতো পরিবর্তন (OSC সন্দেহ),urgent
oral_1_001808.jpg,1,oral_normal,oral_normal,স্বাভাবিক মুখের ভেতর,routine
oral_0_001809.jpg,0,oral_scc,oral_scc,মুখের ক্যানসারের মতো পরিবর্তন (OSC সন্দেহ),urgent
oral_1_001810.jpg,1,oral_normal,oral_normal,স্বাভাবিক মুখের ভেতর,routine
oral_0_001811.jpg,0,oral_scc,oral_scc,মুখের ক্যানসারের মতো পরিবর্তন (OSC সন্দেহ),urgent
oral_1_001812.jpg,1,oral_normal,oral_normal,স্বাভাবিক মুখের ভেতর,routine
oral_0_001813.jpg,0,oral_scc,oral_scc,মুখের ক্যানসারের মতো পরিবর্তন (OSC সন্দেহ),urgent
oral_0_001814.jpg,0,oral_scc,oral_scc,মুখের ক্যানসারের মতো পরিবর্তন (OSC সন্দেহ),urgent
oral_1_001815.jpg,1,oral_normal,oral_normal,স্বাভাবিক মুখের ভেতর,routine
oral_1_001816.jpg,1,oral_normal,oral_normal,স্বাভাবিক মুখের ভেতর,routine
oral_0_001817.jpg,0,oral_scc,oral_scc,মুখের ক্যানসারের মতো পরিবর্তন (OSC সন্দেহ),urgent
oral_0_001818.jpg,0,oral_scc,oral_scc,মুখের ক্যানসারের মতো পরিবর্তন (OSC সন্দেহ),urgent
oral_0_001819.jpg,0,oral_scc,oral_scc,মুখের ক্যানসারের মতো পরিবর্তন (OSC সন্দেহ),urgent
oral_0_001820.jpg,0,oral_scc,oral_scc,মুখের ক্যানসারের মতো পরিবর্তন (OSC সন্দেহ),urgent
oral_0_001821.jpg,0,oral_scc,oral_scc,মুখের ক্যানসারের মতো পরিবর্তন (OSC সন্দেহ),urgent
oral_1_001822.jpg,1,oral_normal,oral_normal,স্বাভাবিক মুখের ভেতর,routine
oral_0_001823.jpg,0,oral_scc,oral_scc,মুখের ক্যানসারের মতো পরিবর্তন (OSC সন্দেহ),urgent
oral_0_001824.jpg,0,oral_scc,oral_scc,মুখের ক্যানসারের মতো পরিবর্তন (OSC সন্দেহ),urgent
oral_1_001825.jpg,1,oral_normal,oral_normal,স্বাভাবিক মুখের ভেতর,routine
oral_1_001826.jpg,1,oral_normal,oral_normal,স্বাভাবিক মুখের ভেতর,routine
oral_1_001827.jpg,1,oral_normal,oral_normal,স্বাভাবিক মুখের ভেতর,routine
oral_0_001828.jpg,0,oral_scc,oral_scc,মুখের ক্যানসারের মতো পরিবর্তন (OSC সন্দেহ),urgent
oral_0_001829.jpg,0,oral_scc,oral_scc,মুখের ক্যানসারের মতো পরিবর্তন (OSC সন্দেহ),urgent
oral_0_001830.jpg,0,oral_scc,oral_scc,মুখের ক্যানসারের মতো পরিবর্তন (OSC সন্দেহ),urgent
oral_1_001831.jpg,1,oral_normal,oral_normal,স্বাভাবিক মুখের ভেতর,routine
oral_0_001832.jpg,0,oral_scc,oral_scc,মুখের ক্যানসারের মতো পরিবর্তন (OSC সন্দেহ),urgent
oral_0_001833.jpg,0,oral_scc,oral_scc,মুখের ক্যানসারের মতো পরিবর্তন (OSC সন্দেহ),urgent
oral_1_001834.jpg,1,oral_normal,oral_normal,স্বাভাবিক মুখের ভেতর,routine
oral_0_001835.jpg,0,oral_scc,oral_scc,মুখের ক্যানসারের মতো পরিবর্তন (OSC সন্দেহ),urgent
oral_0_001836.jpg,0,oral_scc,oral_scc,মুখের ক্যানসারের মতো পরিবর্তন (OSC সন্দেহ),urgent
oral_0_001837.jpg,0,oral_scc,oral_scc,মুখের ক্যানসারের মতো পরিবর্তন (OSC সন্দেহ),urgent
oral_0_001838.jpg,0,oral_scc,oral_scc,মুখের ক্যানসারের মতো পরিবর্তন (OSC সন্দেহ),urgent
oral_1_001839.jpg,1,oral_normal,oral_normal,স্বাভাবিক মুখের ভেতর,routine
oral_0_001840.jpg,0,oral_scc,oral_scc,মুখের ক্যানসারের মতো পরিবর্তন (OSC সন্দেহ),urgent
oral_0_001841.jpg,0,oral_scc,oral_scc,মুখের ক্যানসারের মতো পরিবর্তন (OSC সন্দেহ),urgent
oral_0_001842.jpg,0,oral_scc,oral_scc,মুখের ক্যানসারের মতো পরিবর্তন (OSC সন্দেহ),urgent
oral_0_001843.jpg,0,oral_scc,oral_scc,মুখের ক্যানসারের মতো পরিবর্তন (OSC সন্দেহ),urgent
oral_1_001844.jpg,1,oral_normal,oral_normal,স্বাভাবিক মুখের ভেতর,routine
oral_1_001845.jpg,1,oral_normal,oral_normal,স্বাভাবিক মুখের ভেতর,routine
oral_1_001846.jpg,1,oral_normal,oral_normal,স্বাভাবিক মুখের ভেতর,routine
oral_0_001847.jpg,0,oral_scc,oral_scc,মুখের ক্যানসারের মতো পরিবর্তন (OSC সন্দেহ),urgent
oral_1_001848.jpg,1,oral_normal,oral_normal,স্বাভাবিক মুখের ভেতর,routine
oral_0_001849.jpg,0,oral_scc,oral_scc,মুখের ক্যানসারের মতো পরিবর্তন (OSC সন্দেহ),urgent
oral_1_001850.jpg,1,oral_normal,oral_normal,স্বাভাবিক মুখের ভেতর,routine
oral_1_001851.jpg,1,oral_normal,oral_normal,স্বাভাবিক মুখের ভেতর,routine
oral_0_001852.jpg,0,oral_scc,oral_scc,মুখের ক্যানসারের মতো পরিবর্তন (OSC সন্দেহ),urgent
oral_0_001853.jpg,0,oral_scc,oral_scc,মুখের ক্যানসারের মতো পরিবর্তন (OSC সন্দেহ),urgent
oral_0_001854.jpg,0,oral_scc,oral_scc,মুখের ক্যানসারের মতো পরিবর্তন (OSC সন্দেহ),urgent
oral_0_001855.jpg,0,oral_scc,oral_scc,মুখের ক্যানসারের মতো পরিবর্তন (OSC সন্দেহ),urgent
oral_1_001856.jpg,1,oral_normal,oral_normal,স্বাভাবিক মুখের ভেতর,routine
oral_0_001857.jpg,0,oral_scc,oral_scc,মুখের ক্যানসারের মতো পরিবর্তন (OSC সন্দেহ),urgent
oral_1_001858.jpg,1,oral_normal,oral_normal,স্বাভাবিক মুখের ভেতর,routine
oral_1_001859.jpg,1,oral_normal,oral_normal,স্বাভাবিক মুখের ভেতর,routine
oral_1_001860.jpg,1,oral_normal,oral_normal,স্বাভাবিক মুখের ভেতর,routine
oral_1_001861.jpg,1,oral_normal,oral_normal,স্বাভাবিক মুখের ভেতর,routine
oral_0_001862.jpg,0,oral_scc,oral_scc,মুখের ক্যানসারের মতো পরিবর্তন (OSC সন্দেহ),urgent
oral_0_001863.jpg,0,oral_scc,oral_scc,মুখের ক্যানসারের মতো পরিবর্তন (OSC সন্দেহ),urgent
oral_0_001864.jpg,0,oral_scc,oral_scc,মুখের ক্যানসারের মতো পরিবর্তন (OSC সন্দেহ),urgent
oral_0_001865.jpg,0,oral_scc,oral_scc,মুখের ক্যানসারের মতো পরিবর্তন (OSC সন্দেহ),urgent
oral_1_001866.jpg,1,oral_normal,oral_normal,স্বাভাবিক মুখের ভেতর,routine
oral_0_001867.jpg,0,oral_scc,oral_scc,মুখের ক্যানসারের মতো পরিবর্তন (OSC সন্দেহ),urgent
oral_0_001868.jpg,0,oral_scc,oral_scc,মুখের ক্যানসারের মতো পরিবর্তন (OSC সন্দেহ),urgent
oral_0_001869.jpg,0,oral_scc,oral_scc,মুখের ক্যানসারের মতো পরিবর্তন (OSC সন্দেহ),urgent
oral_0_001870.jpg,0,oral_scc,oral_scc,মুখের ক্যানসারের মতো পরিবর্তন (OSC সন্দেহ),urgent
oral_0_001871.jpg,0,oral_scc,oral_scc,মুখের ক্যানসারের মতো পরিবর্তন (OSC সন্দেহ),urgent
oral_0_001872.jpg,0,oral_scc,oral_scc,মুখের ক্যানসারের মতো পরিবর্তন (OSC সন্দেহ),urgent
oral_1_001873.jpg,1,oral_normal,oral_normal,স্বাভাবিক মুখের ভেতর,routine
oral_1_001874.jpg,1,oral_normal,oral_normal,স্বাভাবিক মুখের ভেতর,routine
oral_1_001875.jpg,1,oral_normal,oral_normal,স্বাভাবিক মুখের ভেতর,routine
oral_0_001876.jpg,0,oral_scc,oral_scc,মুখের ক্যানসারের মতো পরিবর্তন (OSC সন্দেহ),urgent
oral_0_001877.jpg,0,oral_scc,oral_scc,মুখের ক্যানসারের মতো পরিবর্তন (OSC সন্দেহ),urgent
oral_0_001878.jpg,0,oral_scc,oral_scc,মুখের ক্যানসারের মতো পরিবর্তন (OSC সন্দেহ),urgent
oral_0_001879.jpg,0,oral_scc,oral_scc,মুখের ক্যানসারের মতো পরিবর্তন (OSC সন্দেহ),urgent
oral_1_001880.jpg,1,oral_normal,oral_normal,স্বাভাবিক মুখের ভেতর,routine
oral_1_001881.jpg,1,oral_normal,oral_normal,স্বাভাবিক মুখের ভেতর,routine
oral_1_001882.jpg,1,oral_normal,oral_normal,স্বাভাবিক মুখের ভেতর,routine
oral_1_001883.jpg,1,oral_normal,oral_normal,স্বাভাবিক মুখের ভেতর,routine
oral_1_001884.jpg,1,oral_normal,oral_normal,স্বাভাবিক মুখের ভেতর,routine
oral_0_001885.jpg,0,oral_scc,oral_scc,মুখের ক্যানসারের মতো পরিবর্তন (OSC সন্দেহ),urgent
oral_1_001886.jpg,1,oral_normal,oral_normal,স্বাভাবিক মুখের ভেতর,routine
oral_0_001887.jpg,0,oral_scc,oral_scc,মুখের ক্যানসারের মতো পরিবর্তন (OSC সন্দেহ),urgent
oral_0_001888.jpg,0,oral_scc,oral_scc,মুখের ক্যানসারের মতো পরিবর্তন (OSC সন্দেহ),urgent
oral_1_001889.jpg,1,oral_normal,oral_normal,স্বাভাবিক মুখের ভেতর,routine
oral_1_001890.jpg,1,oral_normal,oral_normal,স্বাভাবিক মুখের ভেতর,routine
oral_1_001891.jpg,1,oral_normal,oral_normal,স্বাভাবিক মুখের ভেতর,routine
oral_1_001892.jpg,1,oral_normal,oral_normal,স্বাভাবিক মুখের ভেতর,routine
oral_1_001893.jpg,1,oral_normal,oral_normal,স্বাভাবিক মুখের ভেতর,routine
oral_1_001894.jpg,1,oral_normal,oral_normal,স্বাভাবিক মুখের ভেতর,routine
oral_1_001895.jpg,1,oral_normal,oral_normal,স্বাভাবিক মুখের ভেতর,routine
oral_0_001896.jpg,0,oral_scc,oral_scc,মুখের ক্যানসারের মতো পরিবর্তন (OSC সন্দেহ),urgent
oral_1_001897.jpg,1,oral_normal,oral_normal,স্বাভাবিক মুখের ভেতর,routine
oral_0_001898.jpg,0,oral_scc,oral_scc,মুখের ক্যানসারের মতো পরিবর্তন (OSC সন্দেহ),urgent
oral_0_001899.jpg,0,oral_scc,oral_scc,মুখের ক্যানসারের মতো পরিবর্তন (OSC সন্দেহ),urgent
oral_1_001900.jpg,1,oral_normal,oral_normal,স্বাভাবিক মুখের ভেতর,routine
oral_0_001901.jpg,0,oral_scc,oral_scc,মুখের ক্যানসারের মতো পরিবর্তন (OSC সন্দেহ),urgent
oral_1_001902.jpg,1,oral_normal,oral_normal,স্বাভাবিক মুখের ভেতর,routine
oral_0_001903.jpg,0,oral_scc,oral_scc,মুখের ক্যানসারের মতো পরিবর্তন (OSC সন্দেহ),urgent
oral_1_001904.jpg,1,oral_normal,oral_normal,স্বাভাবিক মুখের ভেতর,routine
oral_1_001905.jpg,1,oral_normal,oral_normal,স্বাভাবিক মুখের ভেতর,routine
oral_1_001906.jpg,1,oral_normal,oral_normal,স্বাভাবিক মুখের ভেতর,routine
oral_1_001907.jpg,1,oral_normal,oral_normal,স্বাভাবিক মুখের ভেতর,routine
oral_1_001908.jpg,1,oral_normal,oral_normal,স্বাভাবিক মুখের ভেতর,routine
oral_0_001909.jpg,0,oral_scc,oral_scc,মুখের ক্যানসারের মতো পরিবর্তন (OSC সন্দেহ),urgent
oral_1_001910.jpg,1,oral_normal,oral_normal,স্বাভাবিক মুখের ভেতর,routine
oral_0_001911.jpg,0,oral_scc,oral_scc,মুখের ক্যানসারের মতো পরিবর্তন (OSC সন্দেহ),urgent
oral_1_001912.jpg,1,oral_normal,oral_normal,স্বাভাবিক মুখের ভেতর,routine
oral_0_001913.jpg,0,oral_scc,oral_scc,মুখের ক্যানসারের মতো পরিবর্তন (OSC সন্দেহ),urgent
oral_0_001914.jpg,0,oral_scc,oral_scc,মুখের ক্যানসারের মতো পরিবর্তন (OSC সন্দেহ),urgent
oral_1_001915.jpg,1,oral_normal,oral_normal,স্বাভাবিক মুখের ভেতর,routine
oral_1_001916.jpg,1,oral_normal,oral_normal,স্বাভাবিক মুখের ভেতর,routine
oral_1_001917.jpg,1,oral_normal,oral_normal,স্বাভাবিক মুখের ভেতর,routine
oral_0_001918.jpg,0,oral_scc,oral_scc,মুখের ক্যানসারের মতো পরিবর্তন (OSC সন্দেহ),urgent
oral_0_001919.jpg,0,oral_scc,oral_scc,মুখের ক্যানসারের মতো পরিবর্তন (OSC সন্দেহ),urgent
oral_0_001920.jpg,0,oral_scc,oral_scc,মুখের ক্যানসারের মতো পরিবর্তন (OSC সন্দেহ),urgent
oral_0_001921.jpg,0,oral_scc,oral_scc,মুখের ক্যানসারের মতো পরিবর্তন (OSC সন্দেহ),urgent
oral_0_001922.jpg,0,oral_scc,oral_scc,মুখের ক্যানসারের মতো পরিবর্তন (OSC সন্দেহ),urgent
oral_1_001923.jpg,1,oral_normal,oral_normal,স্বাভাবিক মুখের ভেতর,routine
oral_1_001924.jpg,1,oral_normal,oral_normal,স্বাভাবিক মুখের ভেতর,routine
oral_0_001925.jpg,0,oral_scc,oral_scc,মুখের ক্যানসারের মতো পরিবর্তন (OSC সন্দেহ),urgent
oral_1_001926.jpg,1,oral_normal,oral_normal,স্বাভাবিক মুখের ভেতর,routine
oral_0_001927.jpg,0,oral_scc,oral_scc,মুখের ক্যানসারের মতো পরিবর্তন (OSC সন্দেহ),urgent
oral_1_001928.jpg,1,oral_normal,oral_normal,স্বাভাবিক মুখের ভেতর,routine
oral_0_001929.jpg,0,oral_scc,oral_scc,মুখের ক্যানসারের মতো পরিবর্তন (OSC সন্দেহ),urgent
oral_1_001930.jpg,1,oral_normal,oral_normal,স্বাভাবিক মুখের ভেতর,routine
oral_0_001931.jpg,0,oral_scc,oral_scc,মুখের ক্যানসারের মতো পরিবর্তন (OSC সন্দেহ),urgent
oral_0_001932.jpg,0,oral_scc,oral_scc,মুখের ক্যানসারের মতো পরিবর্তন (OSC সন্দেহ),urgent
oral_1_001933.jpg,1,oral_normal,oral_normal,স্বাভাবিক মুখের ভেতর,routine
oral_0_001934.jpg,0,oral_scc,oral_scc,মুখের ক্যানসারের মতো পরিবর্তন (OSC সন্দেহ),urgent
oral_0_001935.jpg,0,oral_scc,oral_scc,মুখের ক্যানসারের মতো পরিবর্তন (OSC সন্দেহ),urgent
oral_1_001936.jpg,1,oral_normal,oral_normal,স্বাভাবিক মুখের ভেতর,routine
oral_1_001937.jpg,1,oral_normal,oral_normal,স্বাভাবিক মুখের ভেতর,routine
oral_1_001938.jpg,1,oral_normal,oral_normal,স্বাভাবিক মুখের ভেতর,routine
oral_1_001939.jpg,1,oral_normal,oral_normal,স্বাভাবিক মুখের ভেতর,routine
oral_0_001940.jpg,0,oral_scc,oral_scc,মুখের ক্যানসারের মতো পরিবর্তন (OSC সন্দেহ),urgent
oral_1_001941.jpg,1,oral_normal,oral_normal,স্বাভাবিক মুখের ভেতর,routine
oral_0_001942.jpg,0,oral_scc,oral_scc,মুখের ক্যানসারের মতো পরিবর্তন (OSC সন্দেহ),urgent
oral_0_001943.jpg,0,oral_scc,oral_scc,মুখের ক্যানসারের মতো পরিবর্তন (OSC সন্দেহ),urgent
oral_1_001944.jpg,1,oral_normal,oral_normal,স্বাভাবিক মুখের ভেতর,routine
oral_1_001945.jpg,1,oral_normal,oral_normal,স্বাভাবিক মুখের ভেতর,routine
oral_1_001946.jpg,1,oral_normal,oral_normal,স্বাভাবিক মুখের ভেতর,routine
oral_1_001947.jpg,1,oral_normal,oral_normal,স্বাভাবিক মুখের ভেতর,routine
oral_0_001948.jpg,0,oral_scc,oral_scc,মুখের ক্যানসারের মতো পরিবর্তন (OSC সন্দেহ),urgent
oral_0_001949.jpg,0,oral_scc,oral_scc,মুখের ক্যানসারের মতো পরিবর্তন (OSC সন্দেহ),urgent
oral_1_001950.jpg,1,oral_normal,oral_normal,স্বাভাবিক মুখের ভেতর,routine
oral_0_001951.jpg,0,oral_scc,oral_scc,মুখের ক্যানসারের মতো পরিবর্তন (OSC সন্দেহ),urgent
oral_1_001952.jpg,1,oral_normal,oral_normal,স্বাভাবিক মুখের ভেতর,routine
oral_1_001953.jpg,1,oral_normal,oral_normal,স্বাভাবিক মুখের ভেতর,routine
oral_1_001954.jpg,1,oral_normal,oral_normal,স্বাভাবিক মুখের ভেতর,routine
oral_1_001955.jpg,1,oral_normal,oral_normal,স্বাভাবিক মুখের ভেতর,routine
oral_1_001956.jpg,1,oral_normal,oral_normal,স্বাভাবিক মুখের ভেতর,routine
oral_1_001957.jpg,1,oral_normal,oral_normal,স্বাভাবিক মুখের ভেতর,routine
oral_1_001958.jpg,1,oral_normal,oral_normal,স্বাভাবিক মুখের ভেতর,routine
oral_0_001959.jpg,0,oral_scc,oral_scc,মুখের ক্যানসারের মতো পরিবর্তন (OSC সন্দেহ),urgent
oral_1_001960.jpg,1,oral_normal,oral_normal,স্বাভাবিক মুখের ভেতর,routine
oral_1_001961.jpg,1,oral_normal,oral_normal,স্বাভাবিক মুখের ভেতর,routine
oral_1_001962.jpg,1,oral_normal,oral_normal,স্বাভাবিক মুখের ভেতর,routine
oral_1_001963.jpg,1,oral_normal,oral_normal,স্বাভাবিক মুখের ভেতর,routine
oral_1_001964.jpg,1,oral_normal,oral_normal,স্বাভাবিক মুখের ভেতর,routine
oral_1_001965.jpg,1,oral_normal,oral_normal,স্বাভাবিক মুখের ভেতর,routine
oral_0_001966.jpg,0,oral_scc,oral_scc,মুখের ক্যানসারের মতো পরিবর্তন (OSC সন্দেহ),urgent
oral_0_001967.jpg,0,oral_scc,oral_scc,মুখের ক্যানসারের মতো পরিবর্তন (OSC সন্দেহ),urgent
oral_0_001968.jpg,0,oral_scc,oral_scc,মুখের ক্যানসারের মতো পরিবর্তন (OSC সন্দেহ),urgent
oral_1_001969.jpg,1,oral_normal,oral_normal,স্বাভাবিক মুখের ভেতর,routine
oral_1_001970.jpg,1,oral_normal,oral_normal,স্বাভাবিক মুখের ভেতর,routine
oral_0_001971.jpg,0,oral_scc,oral_scc,মুখের ক্যানসারের মতো পরিবর্তন (OSC সন্দেহ),urgent
oral_0_001972.jpg,0,oral_scc,oral_scc,মুখের ক্যানসারের মতো পরিবর্তন (OSC সন্দেহ),urgent
oral_0_001973.jpg,0,oral_scc,oral_scc,মুখের ক্যানসারের মতো পরিবর্তন (OSC সন্দেহ),urgent
oral_1_001974.jpg,1,oral_normal,oral_normal,স্বাভাবিক মুখের ভেতর,routine
oral_0_001975.jpg,0,oral_scc,oral_scc,মুখের ক্যানসারের মতো পরিবর্তন (OSC সন্দেহ),urgent
oral_1_001976.jpg,1,oral_normal,oral_normal,স্বাভাবিক মুখের ভেতর,routine
oral_0_001977.jpg,0,oral_scc,oral_scc,মুখের ক্যানসারের মতো পরিবর্তন (OSC সন্দেহ),urgent
oral_0_001978.jpg,0,oral_scc,oral_scc,মুখের ক্যানসারের মতো পরিবর্তন (OSC সন্দেহ),urgent
oral_1_001979.jpg,1,oral_normal,oral_normal,স্বাভাবিক মুখের ভেতর,routine
oral_0_001980.jpg,0,oral_scc,oral_scc,মুখের ক্যানসারের মতো পরিবর্তন (OSC সন্দেহ),urgent
oral_0_001981.jpg,0,oral_scc,oral_scc,মুখের ক্যানসারের মতো পরিবর্তন (OSC সন্দেহ),urgent
oral_0_001982.jpg,0,oral_scc,oral_scc,মুখের ক্যানসারের মতো পরিবর্তন (OSC সন্দেহ),urgent
oral_0_001983.jpg,0,oral_scc,oral_scc,মুখের ক্যানসারের মতো পরিবর্তন (OSC সন্দেহ),urgent
oral_1_001984.jpg,1,oral_normal,oral_normal,স্বাভাবিক মুখের ভেতর,routine
oral_1_001985.jpg,1,oral_normal,oral_normal,স্বাভাবিক মুখের ভেতর,routine
oral_0_001986.jpg,0,oral_scc,oral_scc,মুখের ক্যানসারের মতো পরিবর্তন (OSC সন্দেহ),urgent
oral_1_001987.jpg,1,oral_normal,oral_normal,স্বাভাবিক মুখের ভেতর,routine
oral_0_001988.jpg,0,oral_scc,oral_scc,মুখের ক্যানসারের মতো পরিবর্তন (OSC সন্দেহ),urgent
oral_0_001989.jpg,0,oral_scc,oral_scc,মুখের ক্যানসারের মতো পরিবর্তন (OSC সন্দেহ),urgent
oral_1_001990.jpg,1,oral_normal,oral_normal,স্বাভাবিক মুখের ভেতর,routine
oral_1_001991.jpg,1,oral_normal,oral_normal,স্বাভাবিক মুখের ভেতর,routine
oral_1_001992.jpg,1,oral_normal,oral_normal,স্বাভাবিক মুখের ভেতর,routine
oral_0_001993.jpg,0,oral_scc,oral_scc,মুখের ক্যানসারের মতো পরিবর্তন (OSC সন্দেহ),urgent
oral_1_001994.jpg,1,oral_normal,oral_normal,স্বাভাবিক মুখের ভেতর,routine
oral_1_001995.jpg,1,oral_normal,oral_normal,স্বাভাবিক মুখের ভেতর,routine
oral_1_001996.jpg,1,oral_normal,oral_normal,স্বাভাবিক মুখের ভেতর,routine
oral_0_001997.jpg,0,oral_scc,oral_scc,মুখের ক্যানসারের মতো পরিবর্তন (OSC সন্দেহ),urgent
oral_0_001998.jpg,0,oral_scc,oral_scc,মুখের ক্যানসারের মতো পরিবর্তন (OSC সন্দেহ),urgent
oral_0_001999.jpg,0,oral_scc,oral_scc,মুখের ক্যানসারের মতো পরিবর্তন (OSC সন্দেহ),urgent
oral_1_002000.jpg,1,oral_normal,oral_normal,স্বাভাবিক মুখের ভেতর,routine
oral_1_002001.jpg,1,oral_normal,oral_normal,স্বাভাবিক মুখের ভেতর,routine
oral_0_002002.jpg,0,oral_scc,oral_scc,মুখের ক্যানসারের মতো পরিবর্তন (OSC সন্দেহ),urgent
oral_1_002003.jpg,1,oral_normal,oral_normal,স্বাভাবিক মুখের ভেতর,routine
oral_0_002004.jpg,0,oral_scc,oral_scc,মুখের ক্যানসারের মতো পরিবর্তন (OSC সন্দেহ),urgent
oral_1_002005.jpg,1,oral_normal,oral_normal,স্বাভাবিক মুখের ভেতর,routine
oral_0_002006.jpg,0,oral_scc,oral_scc,মুখের ক্যানসারের মতো পরিবর্তন (OSC সন্দেহ),urgent
oral_1_002007.jpg,1,oral_normal,oral_normal,স্বাভাবিক মুখের ভেতর,routine
oral_1_002008.jpg,1,oral_normal,oral_normal,স্বাভাবিক মুখের ভেতর,routine
oral_0_002009.jpg,0,oral_scc,oral_scc,মুখের ক্যানসারের মতো পরিবর্তন (OSC সন্দেহ),urgent
oral_0_002010.jpg,0,oral_scc,oral_scc,মুখের ক্যানসারের মতো পরিবর্তন (OSC সন্দেহ),urgent
oral_1_002011.jpg,1,oral_normal,oral_normal,স্বাভাবিক মুখের ভেতর,routine
oral_0_002012.jpg,0,oral_scc,oral_scc,মুখের ক্যানসারের মতো পরিবর্তন (OSC সন্দেহ),urgent
oral_0_002013.jpg,0,oral_scc,oral_scc,মুখের ক্যানসারের মতো পরিবর্তন (OSC সন্দেহ),urgent
oral_0_002014.jpg,0,oral_scc,oral_scc,মুখের ক্যানসারের মতো পরিবর্তন (OSC সন্দেহ),urgent
oral_1_002015.jpg,1,oral_normal,oral_normal,স্বাভাবিক মুখের ভেতর,routine
oral_1_002016.jpg,1,oral_normal,oral_normal,স্বাভাবিক মুখের ভেতর,routine
oral_0_002017.jpg,0,oral_scc,oral_scc,মুখের ক্যানসারের মতো পরিবর্তন (OSC সন্দেহ),urgent
oral_1_002018.jpg,1,oral_normal,oral_normal,স্বাভাবিক মুখের ভেতর,routine
oral_0_002019.jpg,0,oral_scc,oral_scc,মুখের ক্যানসারের মতো পরিবর্তন (OSC সন্দেহ),urgent
oral_1_002020.jpg,1,oral_normal,oral_normal,স্বাভাবিক মুখের ভেতর,routine
oral_1_002021.jpg,1,oral_normal,oral_normal,স্বাভাবিক মুখের ভেতর,routine
oral_0_002022.jpg,0,oral_scc,oral_scc,মুখের ক্যানসারের মতো পরিবর্তন (OSC সন্দেহ),urgent
oral_0_002023.jpg,0,oral_scc,oral_scc,মুখের ক্যানসারের মতো পরিবর্তন (OSC সন্দেহ),urgent
oral_0_002024.jpg,0,oral_scc,oral_scc,মুখের ক্যানসারের মতো পরিবর্তন (OSC সন্দেহ),urgent
oral_0_002025.jpg,0,oral_scc,oral_scc,মুখের ক্যানসারের মতো পরিবর্তন (OSC সন্দেহ),urgent
oral_0_002026.jpg,0,oral_scc,oral_scc,মুখের ক্যানসারের মতো পরিবর্তন (OSC সন্দেহ),urgent
oral_1_002027.jpg,1,oral_normal,oral_normal,স্বাভাবিক মুখের ভেতর,routine
oral_1_002028.jpg,1,oral_normal,oral_normal,স্বাভাবিক মুখের ভেতর,routine
oral_1_002029.jpg,1,oral_normal,oral_normal,স্বাভাবিক মুখের ভেতর,routine
oral_1_002030.jpg,1,oral_normal,oral_normal,স্বাভাবিক মুখের ভেতর,routine
oral_1_002031.jpg,1,oral_normal,oral_normal,স্বাভাবিক মুখের ভেতর,routine
oral_1_002032.jpg,1,oral_normal,oral_normal,স্বাভাবিক মুখের ভেতর,routine
oral_1_002033.jpg,1,oral_normal,oral_normal,স্বাভাবিক মুখের ভেতর,routine
oral_1_002034.jpg,1,oral_normal,oral_normal,স্বাভাবিক মুখের ভেতর,routine
oral_1_002035.jpg,1,oral_normal,oral_normal,স্বাভাবিক মুখের ভেতর,routine
oral_1_002036.jpg,1,oral_normal,oral_normal,স্বাভাবিক মুখের ভেতর,routine
oral_0_002037.jpg,0,oral_scc,oral_scc,মুখের ক্যানসারের মতো পরিবর্তন (OSC সন্দেহ),urgent
oral_0_002038.jpg,0,oral_scc,oral_scc,মুখের ক্যানসারের মতো পরিবর্তন (OSC সন্দেহ),urgent
oral_1_002039.jpg,1,oral_normal,oral_normal,স্বাভাবিক মুখের ভেতর,routine
oral_0_002040.jpg,0,oral_scc,oral_scc,মুখের ক্যানসারের মতো পরিবর্তন (OSC সন্দেহ),urgent
oral_0_002041.jpg,0,oral_scc,oral_scc,মুখের ক্যানসারের মতো পরিবর্তন (OSC সন্দেহ),urgent
oral_0_002042.jpg,0,oral_scc,oral_scc,মুখের ক্যানসারের মতো পরিবর্তন (OSC সন্দেহ),urgent
oral_1_002043.jpg,1,oral_normal,oral_normal,স্বাভাবিক মুখের ভেতর,routine
oral_0_002044.jpg,0,oral_scc,oral_scc,মুখের ক্যানসারের মতো পরিবর্তন (OSC সন্দেহ),urgent
oral_0_002045.jpg,0,oral_scc,oral_scc,মুখের ক্যানসারের মতো পরিবর্তন (OSC সন্দেহ),urgent
oral_0_002046.jpg,0,oral_scc,oral_scc,মুখের ক্যানসারের মতো পরিবর্তন (OSC সন্দেহ),urgent
oral_1_002047.jpg,1,oral_normal,oral_normal,স্বাভাবিক মুখের ভেতর,routine
oral_1_002048.jpg,1,oral_normal,oral_normal,স্বাভাবিক মুখের ভেতর,routine
oral_1_002049.jpg,1,oral_normal,oral_normal,স্বাভাবিক মুখের ভেতর,routine
oral_0_002050.jpg,0,oral_scc,oral_scc,মুখের ক্যানসারের মতো পরিবর্তন (OSC সন্দেহ),urgent
oral_0_002051.jpg,0,oral_scc,oral_scc,মুখের ক্যানসারের মতো পরিবর্তন (OSC সন্দেহ),urgent
oral_1_002052.jpg,1,oral_normal,oral_normal,স্বাভাবিক মুখের ভেতর,routine
oral_0_002053.jpg,0,oral_scc,oral_scc,মুখের ক্যানসারের মতো পরিবর্তন (OSC সন্দেহ),urgent
oral_1_002054.jpg,1,oral_normal,oral_normal,স্বাভাবিক মুখের ভেতর,routine
oral_1_002055.jpg,1,oral_normal,oral_normal,স্বাভাবিক মুখের ভেতর,routine
oral_1_002056.jpg,1,oral_normal,oral_normal,স্বাভাবিক মুখের ভেতর,routine
oral_1_002057.jpg,1,oral_normal,oral_normal,স্বাভাবিক মুখের ভেতর,routine
oral_1_002058.jpg,1,oral_normal,oral_normal,স্বাভাবিক মুখের ভেতর,routine
oral_1_002059.jpg,1,oral_normal,oral_normal,স্বাভাবিক মুখের ভেতর,routine
oral_0_002060.jpg,0,oral_scc,oral_scc,মুখের ক্যানসারের মতো পরিবর্তন (OSC সন্দেহ),urgent
oral_0_002061.jpg,0,oral_scc,oral_scc,মুখের ক্যানসারের মতো পরিবর্তন (OSC সন্দেহ),urgent
oral_1_002062.jpg,1,oral_normal,oral_normal,স্বাভাবিক মুখের ভেতর,routine
oral_1_002063.jpg,1,oral_normal,oral_normal,স্বাভাবিক মুখের ভেতর,routine
oral_0_002064.jpg,0,oral_scc,oral_scc,মুখের ক্যানসারের মতো পরিবর্তন (OSC সন্দেহ),urgent
oral_1_002065.jpg,1,oral_normal,oral_normal,স্বাভাবিক মুখের ভেতর,routine
oral_0_002066.jpg,0,oral_scc,oral_scc,মুখের ক্যানসারের মতো পরিবর্তন (OSC সন্দেহ),urgent
oral_0_002067.jpg,0,oral_scc,oral_scc,মুখের ক্যানসারের মতো পরিবর্তন (OSC সন্দেহ),urgent
oral_0_002068.jpg,0,oral_scc,oral_scc,মুখের ক্যানসারের মতো পরিবর্তন (OSC সন্দেহ),urgent
oral_0_002069.jpg,0,oral_scc,oral_scc,মুখের ক্যানসারের মতো পরিবর্তন (OSC সন্দেহ),urgent
oral_1_002070.jpg,1,oral_normal,oral_normal,স্বাভাবিক মুখের ভেতর,routine
oral_1_002071.jpg,1,oral_normal,oral_normal,স্বাভাবিক মুখের ভেতর,routine
oral_0_002072.jpg,0,oral_scc,oral_scc,মুখের ক্যানসারের মতো পরিবর্তন (OSC সন্দেহ),urgent
oral_1_002073.jpg,1,oral_normal,oral_normal,স্বাভাবিক মুখের ভেতর,routine
oral_0_002074.jpg,0,oral_scc,oral_scc,মুখের ক্যানসারের মতো পরিবর্তন (OSC সন্দেহ),urgent
oral_1_002075.jpg,1,oral_normal,oral_normal,স্বাভাবিক মুখের ভেতর,routine
oral_1_002076.jpg,1,oral_normal,oral_normal,স্বাভাবিক মুখের ভেতর,routine
oral_0_002077.jpg,0,oral_scc,oral_scc,মুখের ক্যানসারের মতো পরিবর্তন (OSC সন্দেহ),urgent
oral_0_002078.jpg,0,oral_scc,oral_scc,মুখের ক্যানসারের মতো পরিবর্তন (OSC সন্দেহ),urgent
oral_0_002079.jpg,0,oral_scc,oral_scc,মুখের ক্যানসারের মতো পরিবর্তন (OSC সন্দেহ),urgent
oral_0_002080.jpg,0,oral_scc,oral_scc,মুখের ক্যানসারের মতো পরিবর্তন (OSC সন্দেহ),urgent
oral_1_002081.jpg,1,oral_normal,oral_normal,স্বাভাবিক মুখের ভেতর,routine
oral_0_002082.jpg,0,oral_scc,oral_scc,মুখের ক্যানসারের মতো পরিবর্তন (OSC সন্দেহ),urgent
oral_1_002083.jpg,1,oral_normal,oral_normal,স্বাভাবিক মুখের ভেতর,routine
oral_1_002084.jpg,1,oral_normal,oral_normal,স্বাভাবিক মুখের ভেতর,routine
oral_0_002085.jpg,0,oral_scc,oral_scc,মুখের ক্যানসারের মতো পরিবর্তন (OSC সন্দেহ),urgent
oral_1_002086.jpg,1,oral_normal,oral_normal,স্বাভাবিক মুখের ভেতর,routine
oral_1_002087.jpg,1,oral_normal,oral_normal,স্বাভাবিক মুখের ভেতর,routine
oral_1_002088.jpg,1,oral_normal,oral_normal,স্বাভাবিক মুখের ভেতর,routine
oral_1_002089.jpg,1,oral_normal,oral_normal,স্বাভাবিক মুখের ভেতর,routine
oral_1_002090.jpg,1,oral_normal,oral_normal,স্বাভাবিক মুখের ভেতর,routine
oral_0_002091.jpg,0,oral_scc,oral_scc,মুখের ক্যানসারের মতো পরিবর্তন (OSC সন্দেহ),urgent
oral_0_002092.jpg,0,oral_scc,oral_scc,মুখের ক্যানসারের মতো পরিবর্তন (OSC সন্দেহ),urgent
oral_1_002093.jpg,1,oral_normal,oral_normal,স্বাভাবিক মুখের ভেতর,routine
oral_1_002094.jpg,1,oral_normal,oral_normal,স্বাভাবিক মুখের ভেতর,routine
oral_1_002095.jpg,1,oral_normal,oral_normal,স্বাভাবিক মুখের ভেতর,routine
oral_0_002096.jpg,0,oral_scc,oral_scc,মুখের ক্যানসারের মতো পরিবর্তন (OSC সন্দেহ),urgent
oral_0_002097.jpg,0,oral_scc,oral_scc,মুখের ক্যানসারের মতো পরিবর্তন (OSC সন্দেহ),urgent
oral_0_002098.jpg,0,oral_scc,oral_scc,মুখের ক্যানসারের মতো পরিবর্তন (OSC সন্দেহ),urgent
oral_1_002099.jpg,1,oral_normal,oral_normal,স্বাভাবিক মুখের ভেতর,routine
oral_0_002100.jpg,0,oral_scc,oral_scc,মুখের ক্যানসারের মতো পরিবর্তন (OSC সন্দেহ),urgent
oral_0_002101.jpg,0,oral_scc,oral_scc,মুখের ক্যানসারের মতো পরিবর্তন (OSC সন্দেহ),urgent
oral_0_002102.jpg,0,oral_scc,oral_scc,মুখের ক্যানসারের মতো পরিবর্তন (OSC সন্দেহ),urgent
oral_0_002103.jpg,0,oral_scc,oral_scc,মুখের ক্যানসারের মতো পরিবর্তন (OSC সন্দেহ),urgent
oral_1_002104.jpg,1,oral_normal,oral_normal,স্বাভাবিক মুখের ভেতর,routine
oral_0_002105.jpg,0,oral_scc,oral_scc,মুখের ক্যানসারের মতো পরিবর্তন (OSC সন্দেহ),urgent
oral_1_002106.jpg,1,oral_normal,oral_normal,স্বাভাবিক মুখের ভেতর,routine
oral_0_002107.jpg,0,oral_scc,oral_scc,মুখের ক্যানসারের মতো পরিবর্তন (OSC সন্দেহ),urgent
oral_0_002108.jpg,0,oral_scc,oral_scc,মুখের ক্যানসারের মতো পরিবর্তন (OSC সন্দেহ),urgent
oral_1_002109.jpg,1,oral_normal,oral_normal,স্বাভাবিক মুখের ভেতর,routine
oral_1_002110.jpg,1,oral_normal,oral_normal,স্বাভাবিক মুখের ভেতর,routine
oral_0_002111.jpg,0,oral_scc,oral_scc,মুখের ক্যানসারের মতো পরিবর্তন (OSC সন্দেহ),urgent
oral_0_002112.jpg,0,oral_scc,oral_scc,মুখের ক্যানসারের মতো পরিবর্তন (OSC সন্দেহ),urgent
oral_0_002113.jpg,0,oral_scc,oral_scc,মুখের ক্যানসারের মতো পরিবর্তন (OSC সন্দেহ),urgent
oral_1_002114.jpg,1,oral_normal,oral_normal,স্বাভাবিক মুখের ভেতর,routine
oral_1_002115.jpg,1,oral_normal,oral_normal,স্বাভাবিক মুখের ভেতর,routine
oral_1_002116.jpg,1,oral_normal,oral_normal,স্বাভাবিক মুখের ভেতর,routine
oral_1_002117.jpg,1,oral_normal,oral_normal,স্বাভাবিক মুখের ভেতর,routine
oral_0_002118.jpg,0,oral_scc,oral_scc,মুখের ক্যানসারের মতো পরিবর্তন (OSC সন্দেহ),urgent
oral_1_002119.jpg,1,oral_normal,oral_normal,স্বাভাবিক মুখের ভেতর,routine
oral_0_002120.jpg,0,oral_scc,oral_scc,মুখের ক্যানসারের মতো পরিবর্তন (OSC সন্দেহ),urgent
oral_0_002121.jpg,0,oral_scc,oral_scc,মুখের ক্যানসারের মতো পরিবর্তন (OSC সন্দেহ),urgent
oral_0_002122.jpg,0,oral_scc,oral_scc,মুখের ক্যানসারের মতো পরিবর্তন (OSC সন্দেহ),urgent
oral_1_002123.jpg,1,oral_normal,oral_normal,স্বাভাবিক মুখের ভেতর,routine
oral_1_002124.jpg,1,oral_normal,oral_normal,স্বাভাবিক মুখের ভেতর,routine
oral_0_002125.jpg,0,oral_scc,oral_scc,মুখের ক্যানসারের মতো পরিবর্তন (OSC সন্দেহ),urgent
oral_1_002126.jpg,1,oral_normal,oral_normal,স্বাভাবিক মুখের ভেতর,routine
oral_0_002127.jpg,0,oral_scc,oral_scc,মুখের ক্যানসারের মতো পরিবর্তন (OSC সন্দেহ),urgent
oral_0_002128.jpg,0,oral_scc,oral_scc,মুখের ক্যানসারের মতো পরিবর্তন (OSC সন্দেহ),urgent
oral_0_002129.jpg,0,oral_scc,oral_scc,মুখের ক্যানসারের মতো পরিবর্তন (OSC সন্দেহ),urgent
oral_1_002130.jpg,1,oral_normal,oral_normal,স্বাভাবিক মুখের ভেতর,routine
oral_1_002131.jpg,1,oral_normal,oral_normal,স্বাভাবিক মুখের ভেতর,routine
oral_0_002132.jpg,0,oral_scc,oral_scc,মুখের ক্যানসারের মতো পরিবর্তন (OSC সন্দেহ),urgent
oral_1_002133.jpg,1,oral_normal,oral_normal,স্বাভাবিক মুখের ভেতর,routine
oral_0_002134.jpg,0,oral_scc,oral_scc,মুখের ক্যানসারের মতো পরিবর্তন (OSC সন্দেহ),urgent
oral_1_002135.jpg,1,oral_normal,oral_normal,স্বাভাবিক মুখের ভেতর,routine
oral_0_002136.jpg,0,oral_scc,oral_scc,মুখের ক্যানসারের মতো পরিবর্তন (OSC সন্দেহ),urgent
oral_1_002137.jpg,1,oral_normal,oral_normal,স্বাভাবিক মুখের ভেতর,routine
oral_1_002138.jpg,1,oral_normal,oral_normal,স্বাভাবিক মুখের ভেতর,routine
oral_0_002139.jpg,0,oral_scc,oral_scc,মুখের ক্যানসারের মতো পরিবর্তন (OSC সন্দেহ),urgent
oral_0_002140.jpg,0,oral_scc,oral_scc,মুখের ক্যানসারের মতো পরিবর্তন (OSC সন্দেহ),urgent
oral_1_002141.jpg,1,oral_normal,oral_normal,স্বাভাবিক মুখের ভেতর,routine
oral_0_002142.jpg,0,oral_scc,oral_scc,মুখের ক্যানসারের মতো পরিবর্তন (OSC সন্দেহ),urgent
oral_1_002143.jpg,1,oral_normal,oral_normal,স্বাভাবিক মুখের ভেতর,routine
oral_1_002144.jpg,1,oral_normal,oral_normal,স্বাভাবিক মুখের ভেতর,routine
oral_1_002145.jpg,1,oral_normal,oral_normal,স্বাভাবিক মুখের ভেতর,routine
oral_0_002146.jpg,0,oral_scc,oral_scc,মুখের ক্যানসারের মতো পরিবর্তন (OSC সন্দেহ),urgent
oral_1_002147.jpg,1,oral_normal,oral_normal,স্বাভাবিক মুখের ভেতর,routine
oral_0_002148.jpg,0,oral_scc,oral_scc,মুখের ক্যানসারের মতো পরিবর্তন (OSC সন্দেহ),urgent
oral_0_002149.jpg,0,oral_scc,oral_scc,মুখের ক্যানসারের মতো পরিবর্তন (OSC সন্দেহ),urgent
oral_0_002150.jpg,0,oral_scc,oral_scc,মুখের ক্যানসারের মতো পরিবর্তন (OSC সন্দেহ),urgent
oral_1_002151.jpg,1,oral_normal,oral_normal,স্বাভাবিক মুখের ভেতর,routine
oral_1_002152.jpg,1,oral_normal,oral_normal,স্বাভাবিক মুখের ভেতর,routine
oral_1_002153.jpg,1,oral_normal,oral_normal,স্বাভাবিক মুখের ভেতর,routine
oral_1_002154.jpg,1,oral_normal,oral_normal,স্বাভাবিক মুখের ভেতর,routine
oral_0_002155.jpg,0,oral_scc,oral_scc,মুখের ক্যানসারের মতো পরিবর্তন (OSC সন্দেহ),urgent
oral_1_002156.jpg,1,oral_normal,oral_normal,স্বাভাবিক মুখের ভেতর,routine
oral_0_002157.jpg,0,oral_scc,oral_scc,মুখের ক্যানসারের মতো পরিবর্তন (OSC সন্দেহ),urgent
oral_1_002158.jpg,1,oral_normal,oral_normal,স্বাভাবিক মুখের ভেতর,routine
oral_0_002159.jpg,0,oral_scc,oral_scc,মুখের ক্যানসারের মতো পরিবর্তন (OSC সন্দেহ),urgent
oral_0_002160.jpg,0,oral_scc,oral_scc,মুখের ক্যানসারের মতো পরিবর্তন (OSC সন্দেহ),urgent
oral_1_002161.jpg,1,oral_normal,oral_normal,স্বাভাবিক মুখের ভেতর,routine
oral_0_002162.jpg,0,oral_scc,oral_scc,মুখের ক্যানসারের মতো পরিবর্তন (OSC সন্দেহ),urgent
oral_1_002163.jpg,1,oral_normal,oral_normal,স্বাভাবিক মুখের ভেতর,routine
oral_1_002164.jpg,1,oral_normal,oral_normal,স্বাভাবিক মুখের ভেতর,routine
oral_0_002165.jpg,0,oral_scc,oral_scc,মুখের ক্যানসারের মতো পরিবর্তন (OSC সন্দেহ),urgent
oral_0_002166.jpg,0,oral_scc,oral_scc,মুখের ক্যানসারের মতো পরিবর্তন (OSC সন্দেহ),urgent
oral_1_002167.jpg,1,oral_normal,oral_normal,স্বাভাবিক মুখের ভেতর,routine
oral_0_002168.jpg,0,oral_scc,oral_scc,মুখের ক্যানসারের মতো পরিবর্তন (OSC সন্দেহ),urgent
oral_0_002169.jpg,0,oral_scc,oral_scc,মুখের ক্যানসারের মতো পরিবর্তন (OSC সন্দেহ),urgent
oral_0_002170.jpg,0,oral_scc,oral_scc,মুখের ক্যানসারের মতো পরিবর্তন (OSC সন্দেহ),urgent
oral_0_002171.jpg,0,oral_scc,oral_scc,মুখের ক্যানসারের মতো পরিবর্তন (OSC সন্দেহ),urgent
oral_1_002172.jpg,1,oral_normal,oral_normal,স্বাভাবিক মুখের ভেতর,routine
oral_0_002173.jpg,0,oral_scc,oral_scc,মুখের ক্যানসারের মতো পরিবর্তন (OSC সন্দেহ),urgent
oral_0_002174.jpg,0,oral_scc,oral_scc,মুখের ক্যানসারের মতো পরিবর্তন (OSC সন্দেহ),urgent
oral_0_002175.jpg,0,oral_scc,oral_scc,মুখের ক্যানসারের মতো পরিবর্তন (OSC সন্দেহ),urgent
oral_1_002176.jpg,1,oral_normal,oral_normal,স্বাভাবিক মুখের ভেতর,routine
oral_1_002177.jpg,1,oral_normal,oral_normal,স্বাভাবিক মুখের ভেতর,routine
oral_1_002178.jpg,1,oral_normal,oral_normal,স্বাভাবিক মুখের ভেতর,routine
oral_0_002179.jpg,0,oral_scc,oral_scc,মুখের ক্যানসারের মতো পরিবর্তন (OSC সন্দেহ),urgent
oral_0_002180.jpg,0,oral_scc,oral_scc,মুখের ক্যানসারের মতো পরিবর্তন (OSC সন্দেহ),urgent
oral_1_002181.jpg,1,oral_normal,oral_normal,স্বাভাবিক মুখের ভেতর,routine
oral_0_002182.jpg,0,oral_scc,oral_scc,মুখের ক্যানসারের মতো পরিবর্তন (OSC সন্দেহ),urgent
oral_1_002183.jpg,1,oral_normal,oral_normal,স্বাভাবিক মুখের ভেতর,routine
oral_1_002184.jpg,1,oral_normal,oral_normal,স্বাভাবিক মুখের ভেতর,routine
oral_0_002185.jpg,0,oral_scc,oral_scc,মুখের ক্যানসারের মতো পরিবর্তন (OSC সন্দেহ),urgent
oral_1_002186.jpg,1,oral_normal,oral_normal,স্বাভাবিক মুখের ভেতর,routine
oral_1_002187.jpg,1,oral_normal,oral_normal,স্বাভাবিক মুখের ভেতর,routine
oral_0_002188.jpg,0,oral_scc,oral_scc,মুখের ক্যানসারের মতো পরিবর্তন (OSC সন্দেহ),urgent
oral_0_002189.jpg,0,oral_scc,oral_scc,মুখের ক্যানসারের মতো পরিবর্তন (OSC সন্দেহ),urgent
oral_0_002190.jpg,0,oral_scc,oral_scc,মুখের ক্যানসারের মতো পরিবর্তন (OSC সন্দেহ),urgent
oral_1_002191.jpg,1,oral_normal,oral_normal,স্বাভাবিক মুখের ভেতর,routine
oral_0_002192.jpg,0,oral_scc,oral_scc,মুখের ক্যানসারের মতো পরিবর্তন (OSC সন্দেহ),urgent
oral_1_002193.jpg,1,oral_normal,oral_normal,স্বাভাবিক মুখের ভেতর,routine
oral_1_002194.jpg,1,oral_normal,oral_normal,স্বাভাবিক মুখের ভেতর,routine
oral_1_002195.jpg,1,oral_normal,oral_normal,স্বাভাবিক মুখের ভেতর,routine
oral_0_002196.jpg,0,oral_scc,oral_scc,মুখের ক্যানসারের মতো পরিবর্তন (OSC সন্দেহ),urgent
oral_1_002197.jpg,1,oral_normal,oral_normal,স্বাভাবিক মুখের ভেতর,routine
oral_0_002198.jpg,0,oral_scc,oral_scc,মুখের ক্যানসারের মতো পরিবর্তন (OSC সন্দেহ),urgent
oral_1_002199.jpg,1,oral_normal,oral_normal,স্বাভাবিক মুখের ভেতর,routine
oral_1_002200.jpg,1,oral_normal,oral_normal,স্বাভাবিক মুখের ভেতর,routine
oral_1_002201.jpg,1,oral_normal,oral_normal,স্বাভাবিক মুখের ভেতর,routine
oral_0_002202.jpg,0,oral_scc,oral_scc,মুখের ক্যানসারের মতো পরিবর্তন (OSC সন্দেহ),urgent
oral_0_002203.jpg,0,oral_scc,oral_scc,মুখের ক্যানসারের মতো পরিবর্তন (OSC সন্দেহ),urgent
oral_1_002204.jpg,1,oral_normal,oral_normal,স্বাভাবিক মুখের ভেতর,routine
oral_1_002205.jpg,1,oral_normal,oral_normal,স্বাভাবিক মুখের ভেতর,routine
oral_1_002206.jpg,1,oral_normal,oral_normal,স্বাভাবিক মুখের ভেতর,routine
oral_0_002207.jpg,0,oral_scc,oral_scc,মুখের ক্যানসারের মতো পরিবর্তন (OSC সন্দেহ),urgent
oral_1_002208.jpg,1,oral_normal,oral_normal,স্বাভাবিক মুখের ভেতর,routine
oral_0_002209.jpg,0,oral_scc,oral_scc,মুখের ক্যানসারের মতো পরিবর্তন (OSC সন্দেহ),urgent
oral_1_002210.jpg,1,oral_normal,oral_normal,স্বাভাবিক মুখের ভেতর,routine
oral_0_002211.jpg,0,oral_scc,oral_scc,মুখের ক্যানসারের মতো পরিবর্তন (OSC সন্দেহ),urgent
oral_0_002212.jpg,0,oral_scc,oral_scc,মুখের ক্যানসারের মতো পরিবর্তন (OSC সন্দেহ),urgent
oral_0_002213.jpg,0,oral_scc,oral_scc,মুখের ক্যানসারের মতো পরিবর্তন (OSC সন্দেহ),urgent
oral_0_002214.jpg,0,oral_scc,oral_scc,মুখের ক্যানসারের মতো পরিবর্তন (OSC সন্দেহ),urgent
oral_0_002215.jpg,0,oral_scc,oral_scc,মুখের ক্যানসারের মতো পরিবর্তন (OSC সন্দেহ),urgent
oral_1_002216.jpg,1,oral_normal,oral_normal,স্বাভাবিক মুখের ভেতর,routine
oral_0_002217.jpg,0,oral_scc,oral_scc,মুখের ক্যানসারের মতো পরিবর্তন (OSC সন্দেহ),urgent
oral_0_002218.jpg,0,oral_scc,oral_scc,মুখের ক্যানসারের মতো পরিবর্তন (OSC সন্দেহ),urgent
oral_0_002219.jpg,0,oral_scc,oral_scc,মুখের ক্যানসারের মতো পরিবর্তন (OSC সন্দেহ),urgent
oral_1_002220.jpg,1,oral_normal,oral_normal,স্বাভাবিক মুখের ভেতর,routine
oral_0_002221.jpg,0,oral_scc,oral_scc,মুখের ক্যানসারের মতো পরিবর্তন (OSC সন্দেহ),urgent
oral_0_002222.jpg,0,oral_scc,oral_scc,মুখের ক্যানসারের মতো পরিবর্তন (OSC সন্দেহ),urgent
oral_1_002223.jpg,1,oral_normal,oral_normal,স্বাভাবিক মুখের ভেতর,routine
oral_0_002224.jpg,0,oral_scc,oral_scc,মুখের ক্যানসারের মতো পরিবর্তন (OSC সন্দেহ),urgent
oral_0_002225.jpg,0,oral_scc,oral_scc,মুখের ক্যানসারের মতো পরিবর্তন (OSC সন্দেহ),urgent
oral_1_002226.jpg,1,oral_normal,oral_normal,স্বাভাবিক মুখের ভেতর,routine
oral_0_002227.jpg,0,oral_scc,oral_scc,মুখের ক্যানসারের মতো পরিবর্তন (OSC সন্দেহ),urgent
oral_0_002228.jpg,0,oral_scc,oral_scc,মুখের ক্যানসারের মতো পরিবর্তন (OSC সন্দেহ),urgent
oral_0_002229.jpg,0,oral_scc,oral_scc,মুখের ক্যানসারের মতো পরিবর্তন (OSC সন্দেহ),urgent
oral_0_002230.jpg,0,oral_scc,oral_scc,মুখের ক্যানসারের মতো পরিবর্তন (OSC সন্দেহ),urgent
oral_1_002231.jpg,1,oral_normal,oral_normal,স্বাভাবিক মুখের ভেতর,routine
oral_0_002232.jpg,0,oral_scc,oral_scc,মুখের ক্যানসারের মতো পরিবর্তন (OSC সন্দেহ),urgent
oral_0_002233.jpg,0,oral_scc,oral_scc,মুখের ক্যানসারের মতো পরিবর্তন (OSC সন্দেহ),urgent
oral_0_002234.jpg,0,oral_scc,oral_scc,মুখের ক্যানসারের মতো পরিবর্তন (OSC সন্দেহ),urgent
oral_0_002235.jpg,0,oral_scc,oral_scc,মুখের ক্যানসারের মতো পরিবর্তন (OSC সন্দেহ),urgent
oral_0_002236.jpg,0,oral_scc,oral_scc,মুখের ক্যানসারের মতো পরিবর্তন (OSC সন্দেহ),urgent
oral_0_002237.jpg,0,oral_scc,oral_scc,মুখের ক্যানসারের মতো পরিবর্তন (OSC সন্দেহ),urgent
oral_1_002238.jpg,1,oral_normal,oral_normal,স্বাভাবিক মুখের ভেতর,routine
oral_1_002239.jpg,1,oral_normal,oral_normal,স্বাভাবিক মুখের ভেতর,routine
oral_1_002240.jpg,1,oral_normal,oral_normal,স্বাভাবিক মুখের ভেতর,routine
oral_1_002241.jpg,1,oral_normal,oral_normal,স্বাভাবিক মুখের ভেতর,routine
oral_0_002242.jpg,0,oral_scc,oral_scc,মুখের ক্যানসারের মতো পরিবর্তন (OSC সন্দেহ),urgent
oral_0_002243.jpg,0,oral_scc,oral_scc,মুখের ক্যানসারের মতো পরিবর্তন (OSC সন্দেহ),urgent
oral_0_002244.jpg,0,oral_scc,oral_scc,মুখের ক্যানসারের মতো পরিবর্তন (OSC সন্দেহ),urgent
oral_1_002245.jpg,1,oral_normal,oral_normal,স্বাভাবিক মুখের ভেতর,routine
oral_0_002246.jpg,0,oral_scc,oral_scc,মুখের ক্যানসারের মতো পরিবর্তন (OSC সন্দেহ),urgent
oral_0_002247.jpg,0,oral_scc,oral_scc,মুখের ক্যানসারের মতো পরিবর্তন (OSC সন্দেহ),urgent
oral_0_002248.jpg,0,oral_scc,oral_scc,মুখের ক্যানসারের মতো পরিবর্তন (OSC সন্দেহ),urgent
oral_1_002249.jpg,1,oral_normal,oral_normal,স্বাভাবিক মুখের ভেতর,routine
oral_0_002250.jpg,0,oral_scc,oral_scc,মুখের ক্যানসারের মতো পরিবর্তন (OSC সন্দেহ),urgent
oral_1_002251.jpg,1,oral_normal,oral_normal,স্বাভাবিক মুখের ভেতর,routine
oral_0_002252.jpg,0,oral_scc,oral_scc,মুখের ক্যানসারের মতো পরিবর্তন (OSC সন্দেহ),urgent
oral_0_002253.jpg,0,oral_scc,oral_scc,মুখের ক্যানসারের মতো পরিবর্তন (OSC সন্দেহ),urgent
oral_0_002254.jpg,0,oral_scc,oral_scc,মুখের ক্যানসারের মতো পরিবর্তন (OSC সন্দেহ),urgent
oral_1_002255.jpg,1,oral_normal,oral_normal,স্বাভাবিক মুখের ভেতর,routine
oral_1_002256.jpg,1,oral_normal,oral_normal,স্বাভাবিক মুখের ভেতর,routine
oral_0_002257.jpg,0,oral_scc,oral_scc,মুখের ক্যানসারের মতো পরিবর্তন (OSC সন্দেহ),urgent
oral_0_002258.jpg,0,oral_scc,oral_scc,মুখের ক্যানসারের মতো পরিবর্তন (OSC সন্দেহ),urgent
oral_1_002259.jpg,1,oral_normal,oral_normal,স্বাভাবিক মুখের ভেতর,routine
oral_0_002260.jpg,0,oral_scc,oral_scc,মুখের ক্যানসারের মতো পরিবর্তন (OSC সন্দেহ),urgent
oral_0_002261.jpg,0,oral_scc,oral_scc,মুখের ক্যানসারের মতো পরিবর্তন (OSC সন্দেহ),urgent
oral_1_002262.jpg,1,oral_normal,oral_normal,স্বাভাবিক মুখের ভেতর,routine
oral_0_002263.jpg,0,oral_scc,oral_scc,মুখের ক্যানসারের মতো পরিবর্তন (OSC সন্দেহ),urgent
oral_1_002264.jpg,1,oral_normal,oral_normal,স্বাভাবিক মুখের ভেতর,routine
oral_0_002265.jpg,0,oral_scc,oral_scc,মুখের ক্যানসারের মতো পরিবর্তন (OSC সন্দেহ),urgent
oral_1_002266.jpg,1,oral_normal,oral_normal,স্বাভাবিক মুখের ভেতর,routine
oral_0_002267.jpg,0,oral_scc,oral_scc,মুখের ক্যানসারের মতো পরিবর্তন (OSC সন্দেহ),urgent
oral_0_002268.jpg,0,oral_scc,oral_scc,মুখের ক্যানসারের মতো পরিবর্তন (OSC সন্দেহ),urgent
oral_0_002269.jpg,0,oral_scc,oral_scc,মুখের ক্যানসারের মতো পরিবর্তন (OSC সন্দেহ),urgent
oral_0_002270.jpg,0,oral_scc,oral_scc,মুখের ক্যানসারের মতো পরিবর্তন (OSC সন্দেহ),urgent
oral_1_002271.jpg,1,oral_normal,oral_normal,স্বাভাবিক মুখের ভেতর,routine
oral_0_002272.jpg,0,oral_scc,oral_scc,মুখের ক্যানসারের মতো পরিবর্তন (OSC সন্দেহ),urgent
oral_0_002273.jpg,0,oral_scc,oral_scc,মুখের ক্যানসারের মতো পরিবর্তন (OSC সন্দেহ),urgent
oral_1_002274.jpg,1,oral_normal,oral_normal,স্বাভাবিক মুখের ভেতর,routine
oral_1_002275.jpg,1,oral_normal,oral_normal,স্বাভাবিক মুখের ভেতর,routine
oral_0_002276.jpg,0,oral_scc,oral_scc,মুখের ক্যানসারের মতো পরিবর্তন (OSC সন্দেহ),urgent
oral_0_002277.jpg,0,oral_scc,oral_scc,মুখের ক্যানসারের মতো পরিবর্তন (OSC সন্দেহ),urgent
oral_0_002278.jpg,0,oral_scc,oral_scc,মুখের ক্যানসারের মতো পরিবর্তন (OSC সন্দেহ),urgent
oral_1_002279.jpg,1,oral_normal,oral_normal,স্বাভাবিক মুখের ভেতর,routine
oral_1_002280.jpg,1,oral_normal,oral_normal,স্বাভাবিক মুখের ভেতর,routine
oral_1_002281.jpg,1,oral_normal,oral_normal,স্বাভাবিক মুখের ভেতর,routine
oral_1_002282.jpg,1,oral_normal,oral_normal,স্বাভাবিক মুখের ভেতর,routine
oral_0_002283.jpg,0,oral_scc,oral_scc,মুখের ক্যানসারের মতো পরিবর্তন (OSC সন্দেহ),urgent
oral_1_002284.jpg,1,oral_normal,oral_normal,স্বাভাবিক মুখের ভেতর,routine
oral_0_002285.jpg,0,oral_scc,oral_scc,মুখের ক্যানসারের মতো পরিবর্তন (OSC সন্দেহ),urgent
oral_0_002286.jpg,0,oral_scc,oral_scc,মুখের ক্যানসারের মতো পরিবর্তন (OSC সন্দেহ),urgent
oral_0_002287.jpg,0,oral_scc,oral_scc,মুখের ক্যানসারের মতো পরিবর্তন (OSC সন্দেহ),urgent
oral_1_002288.jpg,1,oral_normal,oral_normal,স্বাভাবিক মুখের ভেতর,routine
oral_0_002289.jpg,0,oral_scc,oral_scc,মুখের ক্যানসারের মতো পরিবর্তন (OSC সন্দেহ),urgent
oral_0_002290.jpg,0,oral_scc,oral_scc,মুখের ক্যানসারের মতো পরিবর্তন (OSC সন্দেহ),urgent
oral_0_002291.jpg,0,oral_scc,oral_scc,মুখের ক্যানসারের মতো পরিবর্তন (OSC সন্দেহ),urgent
oral_0_002292.jpg,0,oral_scc,oral_scc,মুখের ক্যানসারের মতো পরিবর্তন (OSC সন্দেহ),urgent
oral_0_002293.jpg,0,oral_scc,oral_scc,মুখের ক্যানসারের মতো পরিবর্তন (OSC সন্দেহ),urgent
oral_1_002294.jpg,1,oral_normal,oral_normal,স্বাভাবিক মুখের ভেতর,routine
oral_0_002295.jpg,0,oral_scc,oral_scc,মুখের ক্যানসারের মতো পরিবর্তন (OSC সন্দেহ),urgent
oral_1_002296.jpg,1,oral_normal,oral_normal,স্বাভাবিক মুখের ভেতর,routine
oral_0_002297.jpg,0,oral_scc,oral_scc,মুখের ক্যানসারের মতো পরিবর্তন (OSC সন্দেহ),urgent
oral_1_002298.jpg,1,oral_normal,oral_normal,স্বাভাবিক মুখের ভেতর,routine
oral_1_002299.jpg,1,oral_normal,oral_normal,স্বাভাবিক মুখের ভেতর,routine
oral_0_002300.jpg,0,oral_scc,oral_scc,মুখের ক্যানসারের মতো পরিবর্তন (OSC সন্দেহ),urgent
oral_0_002301.jpg,0,oral_scc,oral_scc,মুখের ক্যানসারের মতো পরিবর্তন (OSC সন্দেহ),urgent
oral_0_002302.jpg,0,oral_scc,oral_scc,মুখের ক্যানসারের মতো পরিবর্তন (OSC সন্দেহ),urgent
oral_1_002303.jpg,1,oral_normal,oral_normal,স্বাভাবিক মুখের ভেতর,routine
oral_1_002304.jpg,1,oral_normal,oral_normal,স্বাভাবিক মুখের ভেতর,routine
oral_0_002305.jpg,0,oral_scc,oral_scc,মুখের ক্যানসারের মতো পরিবর্তন (OSC সন্দেহ),urgent
oral_1_002306.jpg,1,oral_normal,oral_normal,স্বাভাবিক মুখের ভেতর,routine
oral_1_002307.jpg,1,oral_normal,oral_normal,স্বাভাবিক মুখের ভেতর,routine
oral_0_002308.jpg,0,oral_scc,oral_scc,মুখের ক্যানসারের মতো পরিবর্তন (OSC সন্দেহ),urgent
oral_1_002309.jpg,1,oral_normal,oral_normal,স্বাভাবিক মুখের ভেতর,routine
oral_0_002310.jpg,0,oral_scc,oral_scc,মুখের ক্যানসারের মতো পরিবর্তন (OSC সন্দেহ),urgent
oral_1_002311.jpg,1,oral_normal,oral_normal,স্বাভাবিক মুখের ভেতর,routine
oral_0_002312.jpg,0,oral_scc,oral_scc,মুখের ক্যানসারের মতো পরিবর্তন (OSC সন্দেহ),urgent
oral_1_002313.jpg,1,oral_normal,oral_normal,স্বাভাবিক মুখের ভেতর,routine
oral_1_002314.jpg,1,oral_normal,oral_normal,স্বাভাবিক মুখের ভেতর,routine
oral_0_002315.jpg,0,oral_scc,oral_scc,মুখের ক্যানসারের মতো পরিবর্তন (OSC সন্দেহ),urgent
oral_1_002316.jpg,1,oral_normal,oral_normal,স্বাভাবিক মুখের ভেতর,routine
oral_0_002317.jpg,0,oral_scc,oral_scc,মুখের ক্যানসারের মতো পরিবর্তন (OSC সন্দেহ),urgent
oral_0_002318.jpg,0,oral_scc,oral_scc,মুখের ক্যানসারের মতো পরিবর্তন (OSC সন্দেহ),urgent
oral_1_002319.jpg,1,oral_normal,oral_normal,স্বাভাবিক মুখের ভেতর,routine
oral_1_002320.jpg,1,oral_normal,oral_normal,স্বাভাবিক মুখের ভেতর,routine
oral_0_002321.jpg,0,oral_scc,oral_scc,মুখের ক্যানসারের মতো পরিবর্তন (OSC সন্দেহ),urgent
oral_0_002322.jpg,0,oral_scc,oral_scc,মুখের ক্যানসারের মতো পরিবর্তন (OSC সন্দেহ),urgent
oral_1_002323.jpg,1,oral_normal,oral_normal,স্বাভাবিক মুখের ভেতর,routine
oral_0_002324.jpg,0,oral_scc,oral_scc,মুখের ক্যানসারের মতো পরিবর্তন (OSC সন্দেহ),urgent
oral_1_002325.jpg,1,oral_normal,oral_normal,স্বাভাবিক মুখের ভেতর,routine
oral_1_002326.jpg,1,oral_normal,oral_normal,স্বাভাবিক মুখের ভেতর,routine
oral_0_002327.jpg,0,oral_scc,oral_scc,মুখের ক্যানসারের মতো পরিবর্তন (OSC সন্দেহ),urgent
oral_1_002328.jpg,1,oral_normal,oral_normal,স্বাভাবিক মুখের ভেতর,routine
oral_1_002329.jpg,1,oral_normal,oral_normal,স্বাভাবিক মুখের ভেতর,routine
oral_0_002330.jpg,0,oral_scc,oral_scc,মুখের ক্যানসারের মতো পরিবর্তন (OSC সন্দেহ),urgent
oral_0_002331.jpg,0,oral_scc,oral_scc,মুখের ক্যানসারের মতো পরিবর্তন (OSC সন্দেহ),urgent
oral_1_002332.jpg,1,oral_normal,oral_normal,স্বাভাবিক মুখের ভেতর,routine
oral_1_002333.jpg,1,oral_normal,oral_normal,স্বাভাবিক মুখের ভেতর,routine
oral_1_002334.jpg,1,oral_normal,oral_normal,স্বাভাবিক মুখের ভেতর,routine
oral_1_002335.jpg,1,oral_normal,oral_normal,স্বাভাবিক মুখের ভেতর,routine
oral_1_002336.jpg,1,oral_normal,oral_normal,স্বাভাবিক মুখের ভেতর,routine
oral_1_002337.jpg,1,oral_normal,oral_normal,স্বাভাবিক মুখের ভেতর,routine
oral_1_002338.jpg,1,oral_normal,oral_normal,স্বাভাবিক মুখের ভেতর,routine
oral_0_002339.jpg,0,oral_scc,oral_scc,মুখের ক্যানসারের মতো পরিবর্তন (OSC সন্দেহ),urgent
oral_1_002340.jpg,1,oral_normal,oral_normal,স্বাভাবিক মুখের ভেতর,routine
oral_1_002341.jpg,1,oral_normal,oral_normal,স্বাভাবিক মুখের ভেতর,routine
oral_1_002342.jpg,1,oral_normal,oral_normal,স্বাভাবিক মুখের ভেতর,routine
oral_1_002343.jpg,1,oral_normal,oral_normal,স্বাভাবিক মুখের ভেতর,routine
oral_0_002344.jpg,0,oral_scc,oral_scc,মুখের ক্যানসারের মতো পরিবর্তন (OSC সন্দেহ),urgent
oral_0_002345.jpg,0,oral_scc,oral_scc,মুখের ক্যানসারের মতো পরিবর্তন (OSC সন্দেহ),urgent
oral_0_002346.jpg,0,oral_scc,oral_scc,মুখের ক্যানসারের মতো পরিবর্তন (OSC সন্দেহ),urgent
oral_0_002347.jpg,0,oral_scc,oral_scc,মুখের ক্যানসারের মতো পরিবর্তন (OSC সন্দেহ),urgent
oral_1_002348.jpg,1,oral_normal,oral_normal,স্বাভাবিক মুখের ভেতর,routine
oral_1_002349.jpg,1,oral_normal,oral_normal,স্বাভাবিক মুখের ভেতর,routine
oral_0_002350.jpg,0,oral_scc,oral_scc,মুখের ক্যানসারের মতো পরিবর্তন (OSC সন্দেহ),urgent
oral_1_002351.jpg,1,oral_normal,oral_normal,স্বাভাবিক মুখের ভেতর,routine
oral_0_002352.jpg,0,oral_scc,oral_scc,মুখের ক্যানসারের মতো পরিবর্তন (OSC সন্দেহ),urgent
oral_1_002353.jpg,1,oral_normal,oral_normal,স্বাভাবিক মুখের ভেতর,routine
oral_1_002354.jpg,1,oral_normal,oral_normal,স্বাভাবিক মুখের ভেতর,routine
oral_1_002355.jpg,1,oral_normal,oral_normal,স্বাভাবিক মুখের ভেতর,routine
oral_1_002356.jpg,1,oral_normal,oral_normal,স্বাভাবিক মুখের ভেতর,routine
oral_1_002357.jpg,1,oral_normal,oral_normal,স্বাভাবিক মুখের ভেতর,routine
oral_1_002358.jpg,1,oral_normal,oral_normal,স্বাভাবিক মুখের ভেতর,routine
oral_0_002359.jpg,0,oral_scc,oral_scc,মুখের ক্যানসারের মতো পরিবর্তন (OSC সন্দেহ),urgent
oral_1_002360.jpg,1,oral_normal,oral_normal,স্বাভাবিক মুখের ভেতর,routine
oral_1_002361.jpg,1,oral_normal,oral_normal,স্বাভাবিক মুখের ভেতর,routine
oral_0_002362.jpg,0,oral_scc,oral_scc,মুখের ক্যানসারের মতো পরিবর্তন (OSC সন্দেহ),urgent
oral_0_002363.jpg,0,oral_scc,oral_scc,মুখের ক্যানসারের মতো পরিবর্তন (OSC সন্দেহ),urgent
oral_1_002364.jpg,1,oral_normal,oral_normal,স্বাভাবিক মুখের ভেতর,routine
oral_0_002365.jpg,0,oral_scc,oral_scc,মুখের ক্যানসারের মতো পরিবর্তন (OSC সন্দেহ),urgent
oral_1_002366.jpg,1,oral_normal,oral_normal,স্বাভাবিক মুখের ভেতর,routine
oral_0_002367.jpg,0,oral_scc,oral_scc,মুখের ক্যানসারের মতো পরিবর্তন (OSC সন্দেহ),urgent
oral_0_002368.jpg,0,oral_scc,oral_scc,মুখের ক্যানসারের মতো পরিবর্তন (OSC সন্দেহ),urgent
oral_1_002369.jpg,1,oral_normal,oral_normal,স্বাভাবিক মুখের ভেতর,routine
oral_1_002370.jpg,1,oral_normal,oral_normal,স্বাভাবিক মুখের ভেতর,routine
oral_1_002371.jpg,1,oral_normal,oral_normal,স্বাভাবিক মুখের ভেতর,routine
oral_1_002372.jpg,1,oral_normal,oral_normal,স্বাভাবিক মুখের ভেতর,routine
oral_0_002373.jpg,0,oral_scc,oral_scc,মুখের ক্যানসারের মতো পরিবর্তন (OSC সন্দেহ),urgent
oral_1_002374.jpg,1,oral_normal,oral_normal,স্বাভাবিক মুখের ভেতর,routine
oral_1_002375.jpg,1,oral_normal,oral_normal,স্বাভাবিক মুখের ভেতর,routine
oral_0_002376.jpg,0,oral_scc,oral_scc,মুখের ক্যানসারের মতো পরিবর্তন (OSC সন্দেহ),urgent
oral_0_002377.jpg,0,oral_scc,oral_scc,মুখের ক্যানসারের মতো পরিবর্তন (OSC সন্দেহ),urgent
oral_0_002378.jpg,0,oral_scc,oral_scc,মুখের ক্যানসারের মতো পরিবর্তন (OSC সন্দেহ),urgent
oral_1_002379.jpg,1,oral_normal,oral_normal,স্বাভাবিক মুখের ভেতর,routine
oral_1_002380.jpg,1,oral_normal,oral_normal,স্বাভাবিক মুখের ভেতর,routine
oral_1_002381.jpg,1,oral_normal,oral_normal,স্বাভাবিক মুখের ভেতর,routine
oral_0_002382.jpg,0,oral_scc,oral_scc,মুখের ক্যানসারের মতো পরিবর্তন (OSC সন্দেহ),urgent
oral_0_002383.jpg,0,oral_scc,oral_scc,মুখের ক্যানসারের মতো পরিবর্তন (OSC সন্দেহ),urgent
oral_1_002384.jpg,1,oral_normal,oral_normal,স্বাভাবিক মুখের ভেতর,routine
oral_1_002385.jpg,1,oral_normal,oral_normal,স্বাভাবিক মুখের ভেতর,routine
oral_1_002386.jpg,1,oral_normal,oral_normal,স্বাভাবিক মুখের ভেতর,routine
oral_1_002387.jpg,1,oral_normal,oral_normal,স্বাভাবিক মুখের ভেতর,routine
oral_0_002388.jpg,0,oral_scc,oral_scc,মুখের ক্যানসারের মতো পরিবর্তন (OSC সন্দেহ),urgent
oral_0_002389.jpg,0,oral_scc,oral_scc,মুখের ক্যানসারের মতো পরিবর্তন (OSC সন্দেহ),urgent
oral_1_002390.jpg,1,oral_normal,oral_normal,স্বাভাবিক মুখের ভেতর,routine
oral_0_002391.jpg,0,oral_scc,oral_scc,মুখের ক্যানসারের মতো পরিবর্তন (OSC সন্দেহ),urgent
oral_0_002392.jpg,0,oral_scc,oral_scc,মুখের ক্যানসারের মতো পরিবর্তন (OSC সন্দেহ),urgent
oral_1_002393.jpg,1,oral_normal,oral_normal,স্বাভাবিক মুখের ভেতর,routine
oral_0_002394.jpg,0,oral_scc,oral_scc,মুখের ক্যানসারের মতো পরিবর্তন (OSC সন্দেহ),urgent
oral_0_002395.jpg,0,oral_scc,oral_scc,মুখের ক্যানসারের মতো পরিবর্তন (OSC সন্দেহ),urgent
oral_0_002396.jpg,0,oral_scc,oral_scc,মুখের ক্যানসারের মতো পরিবর্তন (OSC সন্দেহ),urgent
oral_1_002397.jpg,1,oral_normal,oral_normal,স্বাভাবিক মুখের ভেতর,routine
oral_0_002398.jpg,0,oral_scc,oral_scc,মুখের ক্যানসারের মতো পরিবর্তন (OSC সন্দেহ),urgent
oral_1_002399.jpg,1,oral_normal,oral_normal,স্বাভাবিক মুখের ভেতর,routine
oral_0_002400.jpg,0,oral_scc,oral_scc,মুখের ক্যানসারের মতো পরিবর্তন (OSC সন্দেহ),urgent
oral_1_002401.jpg,1,oral_normal,oral_normal,স্বাভাবিক মুখের ভেতর,routine
oral_0_002402.jpg,0,oral_scc,oral_scc,মুখের ক্যানসারের মতো পরিবর্তন (OSC সন্দেহ),urgent
oral_1_002403.jpg,1,oral_normal,oral_normal,স্বাভাবিক মুখের ভেতর,routine
oral_0_002404.jpg,0,oral_scc,oral_scc,মুখের ক্যানসারের মতো পরিবর্তন (OSC সন্দেহ),urgent
oral_1_002405.jpg,1,oral_normal,oral_normal,স্বাভাবিক মুখের ভেতর,routine
oral_1_002406.jpg,1,oral_normal,oral_normal,স্বাভাবিক মুখের ভেতর,routine
oral_0_002407.jpg,0,oral_scc,oral_scc,মুখের ক্যানসারের মতো পরিবর্তন (OSC সন্দেহ),urgent
oral_0_002408.jpg,0,oral_scc,oral_scc,মুখের ক্যানসারের মতো পরিবর্তন (OSC সন্দেহ),urgent
oral_0_002409.jpg,0,oral_scc,oral_scc,মুখের ক্যানসারের মতো পরিবর্তন (OSC সন্দেহ),urgent
oral_0_002410.jpg,0,oral_scc,oral_scc,মুখের ক্যানসারের মতো পরিবর্তন (OSC সন্দেহ),urgent
oral_1_002411.jpg,1,oral_normal,oral_normal,স্বাভাবিক মুখের ভেতর,routine
oral_0_002412.jpg,0,oral_scc,oral_scc,মুখের ক্যানসারের মতো পরিবর্তন (OSC সন্দেহ),urgent
oral_0_002413.jpg,0,oral_scc,oral_scc,মুখের ক্যানসারের মতো পরিবর্তন (OSC সন্দেহ),urgent
oral_1_002414.jpg,1,oral_normal,oral_normal,স্বাভাবিক মুখের ভেতর,routine
oral_1_002415.jpg,1,oral_normal,oral_normal,স্বাভাবিক মুখের ভেতর,routine
oral_1_002416.jpg,1,oral_normal,oral_normal,স্বাভাবিক মুখের ভেতর,routine
oral_0_002417.jpg,0,oral_scc,oral_scc,মুখের ক্যানসারের মতো পরিবর্তন (OSC সন্দেহ),urgent
oral_0_002418.jpg,0,oral_scc,oral_scc,মুখের ক্যানসারের মতো পরিবর্তন (OSC সন্দেহ),urgent
oral_0_002419.jpg,0,oral_scc,oral_scc,মুখের ক্যানসারের মতো পরিবর্তন (OSC সন্দেহ),urgent
oral_1_002420.jpg,1,oral_normal,oral_normal,স্বাভাবিক মুখের ভেতর,routine
oral_0_002421.jpg,0,oral_scc,oral_scc,মুখের ক্যানসারের মতো পরিবর্তন (OSC সন্দেহ),urgent
oral_0_002422.jpg,0,oral_scc,oral_scc,মুখের ক্যানসারের মতো পরিবর্তন (OSC সন্দেহ),urgent
oral_0_002423.jpg,0,oral_scc,oral_scc,মুখের ক্যানসারের মতো পরিবর্তন (OSC সন্দেহ),urgent
oral_1_002424.jpg,1,oral_normal,oral_normal,স্বাভাবিক মুখের ভেতর,routine
oral_0_002425.jpg,0,oral_scc,oral_scc,মুখের ক্যানসারের মতো পরিবর্তন (OSC সন্দেহ),urgent
oral_1_002426.jpg,1,oral_normal,oral_normal,স্বাভাবিক মুখের ভেতর,routine
oral_1_002427.jpg,1,oral_normal,oral_normal,স্বাভাবিক মুখের ভেতর,routine
oral_0_002428.jpg,0,oral_scc,oral_scc,মুখের ক্যানসারের মতো পরিবর্তন (OSC সন্দেহ),urgent
oral_1_002429.jpg,1,oral_normal,oral_normal,স্বাভাবিক মুখের ভেতর,routine
oral_0_002430.jpg,0,oral_scc,oral_scc,মুখের ক্যানসারের মতো পরিবর্তন (OSC সন্দেহ),urgent
oral_0_002431.jpg,0,oral_scc,oral_scc,মুখের ক্যানসারের মতো পরিবর্তন (OSC সন্দেহ),urgent
oral_0_002432.jpg,0,oral_scc,oral_scc,মুখের ক্যানসারের মতো পরিবর্তন (OSC সন্দেহ),urgent
oral_0_002433.jpg,0,oral_scc,oral_scc,মুখের ক্যানসারের মতো পরিবর্তন (OSC সন্দেহ),urgent
oral_1_002434.jpg,1,oral_normal,oral_normal,স্বাভাবিক মুখের ভেতর,routine
oral_0_002435.jpg,0,oral_scc,oral_scc,মুখের ক্যানসারের মতো পরিবর্তন (OSC সন্দেহ),urgent
oral_1_002436.jpg,1,oral_normal,oral_normal,স্বাভাবিক মুখের ভেতর,routine
oral_0_002437.jpg,0,oral_scc,oral_scc,মুখের ক্যানসারের মতো পরিবর্তন (OSC সন্দেহ),urgent
oral_1_002438.jpg,1,oral_normal,oral_normal,স্বাভাবিক মুখের ভেতর,routine
oral_1_002439.jpg,1,oral_normal,oral_normal,স্বাভাবিক মুখের ভেতর,routine
oral_1_002440.jpg,1,oral_normal,oral_normal,স্বাভাবিক মুখের ভেতর,routine
oral_1_002441.jpg,1,oral_normal,oral_normal,স্বাভাবিক মুখের ভেতর,routine
oral_1_002442.jpg,1,oral_normal,oral_normal,স্বাভাবিক মুখের ভেতর,routine
oral_1_002443.jpg,1,oral_normal,oral_normal,স্বাভাবিক মুখের ভেতর,routine
oral_0_002444.jpg,0,oral_scc,oral_scc,মুখের ক্যানসারের মতো পরিবর্তন (OSC সন্দেহ),urgent
oral_1_002445.jpg,1,oral_normal,oral_normal,স্বাভাবিক মুখের ভেতর,routine
oral_1_002446.jpg,1,oral_normal,oral_normal,স্বাভাবিক মুখের ভেতর,routine
oral_0_002447.jpg,0,oral_scc,oral_scc,মুখের ক্যানসারের মতো পরিবর্তন (OSC সন্দেহ),urgent
oral_1_002448.jpg,1,oral_normal,oral_normal,স্বাভাবিক মুখের ভেতর,routine
oral_0_002449.jpg,0,oral_scc,oral_scc,মুখের ক্যানসারের মতো পরিবর্তন (OSC সন্দেহ),urgent
oral_0_002450.jpg,0,oral_scc,oral_scc,মুখের ক্যানসারের মতো পরিবর্তন (OSC সন্দেহ),urgent
oral_1_002451.jpg,1,oral_normal,oral_normal,স্বাভাবিক মুখের ভেতর,routine
oral_1_002452.jpg,1,oral_normal,oral_normal,স্বাভাবিক মুখের ভেতর,routine
oral_0_002453.jpg,0,oral_scc,oral_scc,মুখের ক্যানসারের মতো পরিবর্তন (OSC সন্দেহ),urgent
oral_0_002454.jpg,0,oral_scc,oral_scc,মুখের ক্যানসারের মতো পরিবর্তন (OSC সন্দেহ),urgent
oral_1_002455.jpg,1,oral_normal,oral_normal,স্বাভাবিক মুখের ভেতর,routine
oral_1_002456.jpg,1,oral_normal,oral_normal,স্বাভাবিক মুখের ভেতর,routine
oral_0_002457.jpg,0,oral_scc,oral_scc,মুখের ক্যানসারের মতো পরিবর্তন (OSC সন্দেহ),urgent
oral_1_002458.jpg,1,oral_normal,oral_normal,স্বাভাবিক মুখের ভেতর,routine
oral_0_002459.jpg,0,oral_scc,oral_scc,মুখের ক্যানসারের মতো পরিবর্তন (OSC সন্দেহ),urgent
oral_1_002460.jpg,1,oral_normal,oral_normal,স্বাভাবিক মুখের ভেতর,routine
oral_0_002461.jpg,0,oral_scc,oral_scc,মুখের ক্যানসারের মতো পরিবর্তন (OSC সন্দেহ),urgent
oral_0_002462.jpg,0,oral_scc,oral_scc,মুখের ক্যানসারের মতো পরিবর্তন (OSC সন্দেহ),urgent
oral_0_002463.jpg,0,oral_scc,oral_scc,মুখের ক্যানসারের মতো পরিবর্তন (OSC সন্দেহ),urgent
oral_1_002464.jpg,1,oral_normal,oral_normal,স্বাভাবিক মুখের ভেতর,routine
oral_1_002465.jpg,1,oral_normal,oral_normal,স্বাভাবিক মুখের ভেতর,routine
oral_0_002466.jpg,0,oral_scc,oral_scc,মুখের ক্যানসারের মতো পরিবর্তন (OSC সন্দেহ),urgent
oral_1_002467.jpg,1,oral_normal,oral_normal,স্বাভাবিক মুখের ভেতর,routine
oral_1_002468.jpg,1,oral_normal,oral_normal,স্বাভাবিক মুখের ভেতর,routine
oral_1_002469.jpg,1,oral_normal,oral_normal,স্বাভাবিক মুখের ভেতর,routine
oral_0_002470.jpg,0,oral_scc,oral_scc,মুখের ক্যানসারের মতো পরিবর্তন (OSC সন্দেহ),urgent
oral_0_002471.jpg,0,oral_scc,oral_scc,মুখের ক্যানসারের মতো পরিবর্তন (OSC সন্দেহ),urgent
oral_1_002472.jpg,1,oral_normal,oral_normal,স্বাভাবিক মুখের ভেতর,routine
oral_1_002473.jpg,1,oral_normal,oral_normal,স্বাভাবিক মুখের ভেতর,routine
oral_1_002474.jpg,1,oral_normal,oral_normal,স্বাভাবিক মুখের ভেতর,routine
oral_1_002475.jpg,1,oral_normal,oral_normal,স্বাভাবিক মুখের ভেতর,routine
oral_0_002476.jpg,0,oral_scc,oral_scc,মুখের ক্যানসারের মতো পরিবর্তন (OSC সন্দেহ),urgent
oral_0_002477.jpg,0,oral_scc,oral_scc,মুখের ক্যানসারের মতো পরিবর্তন (OSC সন্দেহ),urgent
oral_1_002478.jpg,1,oral_normal,oral_normal,স্বাভাবিক মুখের ভেতর,routine
oral_1_002479.jpg,1,oral_normal,oral_normal,স্বাভাবিক মুখের ভেতর,routine
oral_1_002480.jpg,1,oral_normal,oral_normal,স্বাভাবিক মুখের ভেতর,routine
oral_1_002481.jpg,1,oral_normal,oral_normal,স্বাভাবিক মুখের ভেতর,routine
oral_0_002482.jpg,0,oral_scc,oral_scc,মুখের ক্যানসারের মতো পরিবর্তন (OSC সন্দেহ),urgent
oral_1_002483.jpg,1,oral_normal,oral_normal,স্বাভাবিক মুখের ভেতর,routine
oral_0_002484.jpg,0,oral_scc,oral_scc,মুখের ক্যানসারের মতো পরিবর্তন (OSC সন্দেহ),urgent
oral_0_002485.jpg,0,oral_scc,oral_scc,মুখের ক্যানসারের মতো পরিবর্তন (OSC সন্দেহ),urgent
oral_0_002486.jpg,0,oral_scc,oral_scc,মুখের ক্যানসারের মতো পরিবর্তন (OSC সন্দেহ),urgent
oral_1_002487.jpg,1,oral_normal,oral_normal,স্বাভাবিক মুখের ভেতর,routine
oral_0_002488.jpg,0,oral_scc,oral_scc,মুখের ক্যানসারের মতো পরিবর্তন (OSC সন্দেহ),urgent
oral_1_002489.jpg,1,oral_normal,oral_normal,স্বাভাবিক মুখের ভেতর,routine
oral_1_002490.jpg,1,oral_normal,oral_normal,স্বাভাবিক মুখের ভেতর,routine
oral_1_002491.jpg,1,oral_normal,oral_normal,স্বাভাবিক মুখের ভেতর,routine
oral_1_002492.jpg,1,oral_normal,oral_normal,স্বাভাবিক মুখের ভেতর,routine
oral_0_002493.jpg,0,oral_scc,oral_scc,মুখের ক্যানসারের মতো পরিবর্তন (OSC সন্দেহ),urgent
oral_1_002494.jpg,1,oral_normal,oral_normal,স্বাভাবিক মুখের ভেতর,routine
oral_1_002495.jpg,1,oral_normal,oral_normal,স্বাভাবিক মুখের ভেতর,routine
oral_1_002496.jpg,1,oral_normal,oral_normal,স্বাভাবিক মুখের ভেতর,routine
oral_1_002497.jpg,1,oral_normal,oral_normal,স্বাভাবিক মুখের ভেতর,routine
oral_1_002498.jpg,1,oral_normal,oral_normal,স্বাভাবিক মুখের ভেতর,routine
oral_0_002499.jpg,0,oral_scc,oral_scc,মুখের ক্যানসারের মতো পরিবর্তন (OSC সন্দেহ),urgent
oral_0_002500.jpg,0,oral_scc,oral_scc,মুখের ক্যানসারের মতো পরিবর্তন (OSC সন্দেহ),urgent
oral_1_002501.jpg,1,oral_normal,oral_normal,স্বাভাবিক মুখের ভেতর,routine
oral_0_002502.jpg,0,oral_scc,oral_scc,মুখের ক্যানসারের মতো পরিবর্তন (OSC সন্দেহ),urgent
oral_0_002503.jpg,0,oral_scc,oral_scc,মুখের ক্যানসারের মতো পরিবর্তন (OSC সন্দেহ),urgent
oral_1_002504.jpg,1,oral_normal,oral_normal,স্বাভাবিক মুখের ভেতর,routine
oral_0_002505.jpg,0,oral_scc,oral_scc,মুখের ক্যানসারের মতো পরিবর্তন (OSC সন্দেহ),urgent
oral_1_002506.jpg,1,oral_normal,oral_normal,স্বাভাবিক মুখের ভেতর,routine
oral_0_002507.jpg,0,oral_scc,oral_scc,মুখের ক্যানসারের মতো পরিবর্তন (OSC সন্দেহ),urgent
oral_1_002508.jpg,1,oral_normal,oral_normal,স্বাভাবিক মুখের ভেতর,routine
oral_0_002509.jpg,0,oral_scc,oral_scc,মুখের ক্যানসারের মতো পরিবর্তন (OSC সন্দেহ),urgent
oral_1_002510.jpg,1,oral_normal,oral_normal,স্বাভাবিক মুখের ভেতর,routine
oral_0_002511.jpg,0,oral_scc,oral_scc,মুখের ক্যানসারের মতো পরিবর্তন (OSC সন্দেহ),urgent
oral_0_002512.jpg,0,oral_scc,oral_scc,মুখের ক্যানসারের মতো পরিবর্তন (OSC সন্দেহ),urgent
oral_0_002513.jpg,0,oral_scc,oral_scc,মুখের ক্যানসারের মতো পরিবর্তন (OSC সন্দেহ),urgent
oral_1_002514.jpg,1,oral_normal,oral_normal,স্বাভাবিক মুখের ভেতর,routine
oral_1_002515.jpg,1,oral_normal,oral_normal,স্বাভাবিক মুখের ভেতর,routine
oral_0_002516.jpg,0,oral_scc,oral_scc,মুখের ক্যানসারের মতো পরিবর্তন (OSC সন্দেহ),urgent
oral_0_002517.jpg,0,oral_scc,oral_scc,মুখের ক্যানসারের মতো পরিবর্তন (OSC সন্দেহ),urgent
oral_1_002518.jpg,1,oral_normal,oral_normal,স্বাভাবিক মুখের ভেতর,routine
oral_0_002519.jpg,0,oral_scc,oral_scc,মুখের ক্যানসারের মতো পরিবর্তন (OSC সন্দেহ),urgent
oral_0_002520.jpg,0,oral_scc,oral_scc,মুখের ক্যানসারের মতো পরিবর্তন (OSC সন্দেহ),urgent
oral_1_002521.jpg,1,oral_normal,oral_normal,স্বাভাবিক মুখের ভেতর,routine
oral_1_002522.jpg,1,oral_normal,oral_normal,স্বাভাবিক মুখের ভেতর,routine
oral_1_002523.jpg,1,oral_normal,oral_normal,স্বাভাবিক মুখের ভেতর,routine
oral_0_002524.jpg,0,oral_scc,oral_scc,মুখের ক্যানসারের মতো পরিবর্তন (OSC সন্দেহ),urgent
oral_1_002525.jpg,1,oral_normal,oral_normal,স্বাভাবিক মুখের ভেতর,routine
oral_1_002526.jpg,1,oral_normal,oral_normal,স্বাভাবিক মুখের ভেতর,routine
oral_0_002527.jpg,0,oral_scc,oral_scc,মুখের ক্যানসারের মতো পরিবর্তন (OSC সন্দেহ),urgent
oral_0_002528.jpg,0,oral_scc,oral_scc,মুখের ক্যানসারের মতো পরিবর্তন (OSC সন্দেহ),urgent
oral_0_002529.jpg,0,oral_scc,oral_scc,মুখের ক্যানসারের মতো পরিবর্তন (OSC সন্দেহ),urgent
oral_0_002530.jpg,0,oral_scc,oral_scc,মুখের ক্যানসারের মতো পরিবর্তন (OSC সন্দেহ),urgent
oral_1_002531.jpg,1,oral_normal,oral_normal,স্বাভাবিক মুখের ভেতর,routine
oral_1_002532.jpg,1,oral_normal,oral_normal,স্বাভাবিক মুখের ভেতর,routine
oral_0_002533.jpg,0,oral_scc,oral_scc,মুখের ক্যানসারের মতো পরিবর্তন (OSC সন্দেহ),urgent
oral_0_002534.jpg,0,oral_scc,oral_scc,মুখের ক্যানসারের মতো পরিবর্তন (OSC সন্দেহ),urgent
oral_1_002535.jpg,1,oral_normal,oral_normal,স্বাভাবিক মুখের ভেতর,routine
oral_0_002536.jpg,0,oral_scc,oral_scc,মুখের ক্যানসারের মতো পরিবর্তন (OSC সন্দেহ),urgent
oral_1_002537.jpg,1,oral_normal,oral_normal,স্বাভাবিক মুখের ভেতর,routine
oral_0_002538.jpg,0,oral_scc,oral_scc,মুখের ক্যানসারের মতো পরিবর্তন (OSC সন্দেহ),urgent
oral_1_002539.jpg,1,oral_normal,oral_normal,স্বাভাবিক মুখের ভেতর,routine
oral_0_002540.jpg,0,oral_scc,oral_scc,মুখের ক্যানসারের মতো পরিবর্তন (OSC সন্দেহ),urgent
oral_1_002541.jpg,1,oral_normal,oral_normal,স্বাভাবিক মুখের ভেতর,routine
oral_1_002542.jpg,1,oral_normal,oral_normal,স্বাভাবিক মুখের ভেতর,routine
oral_1_002543.jpg,1,oral_normal,oral_normal,স্বাভাবিক মুখের ভেতর,routine
oral_1_002544.jpg,1,oral_normal,oral_normal,স্বাভাবিক মুখের ভেতর,routine
oral_0_002545.jpg,0,oral_scc,oral_scc,মুখের ক্যানসারের মতো পরিবর্তন (OSC সন্দেহ),urgent
oral_0_002546.jpg,0,oral_scc,oral_scc,মুখের ক্যানসারের মতো পরিবর্তন (OSC সন্দেহ),urgent
oral_0_002547.jpg,0,oral_scc,oral_scc,মুখের ক্যানসারের মতো পরিবর্তন (OSC সন্দেহ),urgent
oral_1_002548.jpg,1,oral_normal,oral_normal,স্বাভাবিক মুখের ভেতর,routine
oral_1_002549.jpg,1,oral_normal,oral_normal,স্বাভাবিক মুখের ভেতর,routine
oral_0_002550.jpg,0,oral_scc,oral_scc,মুখের ক্যানসারের মতো পরিবর্তন (OSC সন্দেহ),urgent
oral_0_002551.jpg,0,oral_scc,oral_scc,মুখের ক্যানসারের মতো পরিবর্তন (OSC সন্দেহ),urgent
oral_1_002552.jpg,1,oral_normal,oral_normal,স্বাভাবিক মুখের ভেতর,routine
oral_0_002553.jpg,0,oral_scc,oral_scc,মুখের ক্যানসারের মতো পরিবর্তন (OSC সন্দেহ),urgent
oral_1_002554.jpg,1,oral_normal,oral_normal,স্বাভাবিক মুখের ভেতর,routine
oral_1_002555.jpg,1,oral_normal,oral_normal,স্বাভাবিক মুখের ভেতর,routine
oral_0_002556.jpg,0,oral_scc,oral_scc,মুখের ক্যানসারের মতো পরিবর্তন (OSC সন্দেহ),urgent
oral_1_002557.jpg,1,oral_normal,oral_normal,স্বাভাবিক মুখের ভেতর,routine
oral_0_002558.jpg,0,oral_scc,oral_scc,মুখের ক্যানসারের মতো পরিবর্তন (OSC সন্দেহ),urgent
oral_0_002559.jpg,0,oral_scc,oral_scc,মুখের ক্যানসারের মতো পরিবর্তন (OSC সন্দেহ),urgent
oral_0_002560.jpg,0,oral_scc,oral_scc,মুখের ক্যানসারের মতো পরিবর্তন (OSC সন্দেহ),urgent
oral_0_002561.jpg,0,oral_scc,oral_scc,মুখের ক্যানসারের মতো পরিবর্তন (OSC সন্দেহ),urgent
oral_0_002562.jpg,0,oral_scc,oral_scc,মুখের ক্যানসারের মতো পরিবর্তন (OSC সন্দেহ),urgent
oral_1_002563.jpg,1,oral_normal,oral_normal,স্বাভাবিক মুখের ভেতর,routine
oral_0_002564.jpg,0,oral_scc,oral_scc,মুখের ক্যানসারের মতো পরিবর্তন (OSC সন্দেহ),urgent
oral_1_002565.jpg,1,oral_normal,oral_normal,স্বাভাবিক মুখের ভেতর,routine
oral_0_002566.jpg,0,oral_scc,oral_scc,মুখের ক্যানসারের মতো পরিবর্তন (OSC সন্দেহ),urgent
oral_1_002567.jpg,1,oral_normal,oral_normal,স্বাভাবিক মুখের ভেতর,routine
oral_0_002568.jpg,0,oral_scc,oral_scc,মুখের ক্যানসারের মতো পরিবর্তন (OSC সন্দেহ),urgent
oral_1_002569.jpg,1,oral_normal,oral_normal,স্বাভাবিক মুখের ভেতর,routine
oral_1_002570.jpg,1,oral_normal,oral_normal,স্বাভাবিক মুখের ভেতর,routine
oral_1_002571.jpg,1,oral_normal,oral_normal,স্বাভাবিক মুখের ভেতর,routine
oral_1_002572.jpg,1,oral_normal,oral_normal,স্বাভাবিক মুখের ভেতর,routine
oral_0_002573.jpg,0,oral_scc,oral_scc,মুখের ক্যানসারের মতো পরিবর্তন (OSC সন্দেহ),urgent
oral_1_002574.jpg,1,oral_normal,oral_normal,স্বাভাবিক মুখের ভেতর,routine
oral_1_002575.jpg,1,oral_normal,oral_normal,স্বাভাবিক মুখের ভেতর,routine
oral_0_002576.jpg,0,oral_scc,oral_scc,মুখের ক্যানসারের মতো পরিবর্তন (OSC সন্দেহ),urgent
oral_0_002577.jpg,0,oral_scc,oral_scc,মুখের ক্যানসারের মতো পরিবর্তন (OSC সন্দেহ),urgent
oral_1_002578.jpg,1,oral_normal,oral_normal,স্বাভাবিক মুখের ভেতর,routine
oral_1_002579.jpg,1,oral_normal,oral_normal,স্বাভাবিক মুখের ভেতর,routine
oral_0_002580.jpg,0,oral_scc,oral_scc,মুখের ক্যানসারের মতো পরিবর্তন (OSC সন্দেহ),urgent
oral_0_002581.jpg,0,oral_scc,oral_scc,মুখের ক্যানসারের মতো পরিবর্তন (OSC সন্দেহ),urgent
oral_0_002582.jpg,0,oral_scc,oral_scc,মুখের ক্যানসারের মতো পরিবর্তন (OSC সন্দেহ),urgent
oral_1_002583.jpg,1,oral_normal,oral_normal,স্বাভাবিক মুখের ভেতর,routine
oral_0_002584.jpg,0,oral_scc,oral_scc,মুখের ক্যানসারের মতো পরিবর্তন (OSC সন্দেহ),urgent
oral_0_002585.jpg,0,oral_scc,oral_scc,মুখের ক্যানসারের মতো পরিবর্তন (OSC সন্দেহ),urgent
oral_1_002586.jpg,1,oral_normal,oral_normal,স্বাভাবিক মুখের ভেতর,routine
oral_1_002587.jpg,1,oral_normal,oral_normal,স্বাভাবিক মুখের ভেতর,routine
oral_1_002588.jpg,1,oral_normal,oral_normal,স্বাভাবিক মুখের ভেতর,routine
oral_0_002589.jpg,0,oral_scc,oral_scc,মুখের ক্যানসারের মতো পরিবর্তন (OSC সন্দেহ),urgent
oral_0_002590.jpg,0,oral_scc,oral_scc,মুখের ক্যানসারের মতো পরিবর্তন (OSC সন্দেহ),urgent
oral_1_002591.jpg,1,oral_normal,oral_normal,স্বাভাবিক মুখের ভেতর,routine
oral_1_002592.jpg,1,oral_normal,oral_normal,স্বাভাবিক মুখের ভেতর,routine
oral_1_002593.jpg,1,oral_normal,oral_normal,স্বাভাবিক মুখের ভেতর,routine
oral_0_002594.jpg,0,oral_scc,oral_scc,মুখের ক্যানসারের মতো পরিবর্তন (OSC সন্দেহ),urgent
oral_1_002595.jpg,1,oral_normal,oral_normal,স্বাভাবিক মুখের ভেতর,routine
oral_1_002596.jpg,1,oral_normal,oral_normal,স্বাভাবিক মুখের ভেতর,routine
oral_0_002597.jpg,0,oral_scc,oral_scc,মুখের ক্যানসারের মতো পরিবর্তন (OSC সন্দেহ),urgent
oral_0_002598.jpg,0,oral_scc,oral_scc,মুখের ক্যানসারের মতো পরিবর্তন (OSC সন্দেহ),urgent
oral_1_002599.jpg,1,oral_normal,oral_normal,স্বাভাবিক মুখের ভেতর,routine
oral_1_002600.jpg,1,oral_normal,oral_normal,স্বাভাবিক মুখের ভেতর,routine
oral_1_002601.jpg,1,oral_normal,oral_normal,স্বাভাবিক মুখের ভেতর,routine
oral_1_002602.jpg,1,oral_normal,oral_normal,স্বাভাবিক মুখের ভেতর,routine
oral_1_002603.jpg,1,oral_normal,oral_normal,স্বাভাবিক মুখের ভেতর,routine
oral_1_002604.jpg,1,oral_normal,oral_normal,স্বাভাবিক মুখের ভেতর,routine
oral_1_002605.jpg,1,oral_normal,oral_normal,স্বাভাবিক মুখের ভেতর,routine
oral_0_002606.jpg,0,oral_scc,oral_scc,মুখের ক্যানসারের মতো পরিবর্তন (OSC সন্দেহ),urgent
oral_1_002607.jpg,1,oral_normal,oral_normal,স্বাভাবিক মুখের ভেতর,routine
oral_1_002608.jpg,1,oral_normal,oral_normal,স্বাভাবিক মুখের ভেতর,routine
oral_1_002609.jpg,1,oral_normal,oral_normal,স্বাভাবিক মুখের ভেতর,routine
oral_1_002610.jpg,1,oral_normal,oral_normal,স্বাভাবিক মুখের ভেতর,routine
oral_0_002611.jpg,0,oral_scc,oral_scc,মুখের ক্যানসারের মতো পরিবর্তন (OSC সন্দেহ),urgent
oral_1_002612.jpg,1,oral_normal,oral_normal,স্বাভাবিক মুখের ভেতর,routine
oral_1_002613.jpg,1,oral_normal,oral_normal,স্বাভাবিক মুখের ভেতর,routine
oral_1_002614.jpg,1,oral_normal,oral_normal,স্বাভাবিক মুখের ভেতর,routine
oral_1_002615.jpg,1,oral_normal,oral_normal,স্বাভাবিক মুখের ভেতর,routine
oral_1_002616.jpg,1,oral_normal,oral_normal,স্বাভাবিক মুখের ভেতর,routine
oral_1_002617.jpg,1,oral_normal,oral_normal,স্বাভাবিক মুখের ভেতর,routine
oral_1_002618.jpg,1,oral_normal,oral_normal,স্বাভাবিক মুখের ভেতর,routine
oral_1_002619.jpg,1,oral_normal,oral_normal,স্বাভাবিক মুখের ভেতর,routine
oral_0_002620.jpg,0,oral_scc,oral_scc,মুখের ক্যানসারের মতো পরিবর্তন (OSC সন্দেহ),urgent
oral_1_002621.jpg,1,oral_normal,oral_normal,স্বাভাবিক মুখের ভেতর,routine
oral_0_002622.jpg,0,oral_scc,oral_scc,মুখের ক্যানসারের মতো পরিবর্তন (OSC সন্দেহ),urgent
oral_1_002623.jpg,1,oral_normal,oral_normal,স্বাভাবিক মুখের ভেতর,routine
oral_0_002624.jpg,0,oral_scc,oral_scc,মুখের ক্যানসারের মতো পরিবর্তন (OSC সন্দেহ),urgent
oral_1_002625.jpg,1,oral_normal,oral_normal,স্বাভাবিক মুখের ভেতর,routine
oral_1_002626.jpg,1,oral_normal,oral_normal,স্বাভাবিক মুখের ভেতর,routine
oral_0_002627.jpg,0,oral_scc,oral_scc,মুখের ক্যানসারের মতো পরিবর্তন (OSC সন্দেহ),urgent
oral_1_002628.jpg,1,oral_normal,oral_normal,স্বাভাবিক মুখের ভেতর,routine
oral_0_002629.jpg,0,oral_scc,oral_scc,মুখের ক্যানসারের মতো পরিবর্তন (OSC সন্দেহ),urgent
oral_1_002630.jpg,1,oral_normal,oral_normal,স্বাভাবিক মুখের ভেতর,routine
oral_1_002631.jpg,1,oral_normal,oral_normal,স্বাভাবিক মুখের ভেতর,routine
oral_0_002632.jpg,0,oral_scc,oral_scc,মুখের ক্যানসারের মতো পরিবর্তন (OSC সন্দেহ),urgent
oral_0_002633.jpg,0,oral_scc,oral_scc,মুখের ক্যানসারের মতো পরিবর্তন (OSC সন্দেহ),urgent
oral_0_002634.jpg,0,oral_scc,oral_scc,মুখের ক্যানসারের মতো পরিবর্তন (OSC সন্দেহ),urgent
oral_0_002635.jpg,0,oral_scc,oral_scc,মুখের ক্যানসারের মতো পরিবর্তন (OSC সন্দেহ),urgent
oral_1_002636.jpg,1,oral_normal,oral_normal,স্বাভাবিক মুখের ভেতর,routine
oral_0_002637.jpg,0,oral_scc,oral_scc,মুখের ক্যানসারের মতো পরিবর্তন (OSC সন্দেহ),urgent
oral_0_002638.jpg,0,oral_scc,oral_scc,মুখের ক্যানসারের মতো পরিবর্তন (OSC সন্দেহ),urgent
oral_1_002639.jpg,1,oral_normal,oral_normal,স্বাভাবিক মুখের ভেতর,routine
oral_0_002640.jpg,0,oral_scc,oral_scc,মুখের ক্যানসারের মতো পরিবর্তন (OSC সন্দেহ),urgent
oral_0_002641.jpg,0,oral_scc,oral_scc,মুখের ক্যানসারের মতো পরিবর্তন (OSC সন্দেহ),urgent
oral_0_002642.jpg,0,oral_scc,oral_scc,মুখের ক্যানসারের মতো পরিবর্তন (OSC সন্দেহ),urgent
oral_1_002643.jpg,1,oral_normal,oral_normal,স্বাভাবিক মুখের ভেতর,routine
oral_1_002644.jpg,1,oral_normal,oral_normal,স্বাভাবিক মুখের ভেতর,routine
oral_1_002645.jpg,1,oral_normal,oral_normal,স্বাভাবিক মুখের ভেতর,routine
oral_1_002646.jpg,1,oral_normal,oral_normal,স্বাভাবিক মুখের ভেতর,routine
oral_0_002647.jpg,0,oral_scc,oral_scc,মুখের ক্যানসারের মতো পরিবর্তন (OSC সন্দেহ),urgent
oral_1_002648.jpg,1,oral_normal,oral_normal,স্বাভাবিক মুখের ভেতর,routine
oral_0_002649.jpg,0,oral_scc,oral_scc,মুখের ক্যানসারের মতো পরিবর্তন (OSC সন্দেহ),urgent
oral_1_002650.jpg,1,oral_normal,oral_normal,স্বাভাবিক মুখের ভেতর,routine
oral_0_002651.jpg,0,oral_scc,oral_scc,মুখের ক্যানসারের মতো পরিবর্তন (OSC সন্দেহ),urgent
oral_1_002652.jpg,1,oral_normal,oral_normal,স্বাভাবিক মুখের ভেতর,routine
oral_0_002653.jpg,0,oral_scc,oral_scc,মুখের ক্যানসারের মতো পরিবর্তন (OSC সন্দেহ),urgent
oral_1_002654.jpg,1,oral_normal,oral_normal,স্বাভাবিক মুখের ভেতর,routine
oral_0_002655.jpg,0,oral_scc,oral_scc,মুখের ক্যানসারের মতো পরিবর্তন (OSC সন্দেহ),urgent
oral_1_002656.jpg,1,oral_normal,oral_normal,স্বাভাবিক মুখের ভেতর,routine
oral_1_002657.jpg,1,oral_normal,oral_normal,স্বাভাবিক মুখের ভেতর,routine
oral_1_002658.jpg,1,oral_normal,oral_normal,স্বাভাবিক মুখের ভেতর,routine
oral_1_002659.jpg,1,oral_normal,oral_normal,স্বাভাবিক মুখের ভেতর,routine
oral_0_002660.jpg,0,oral_scc,oral_scc,মুখের ক্যানসারের মতো পরিবর্তন (OSC সন্দেহ),urgent
oral_1_002661.jpg,1,oral_normal,oral_normal,স্বাভাবিক মুখের ভেতর,routine
oral_1_002662.jpg,1,oral_normal,oral_normal,স্বাভাবিক মুখের ভেতর,routine
oral_1_002663.jpg,1,oral_normal,oral_normal,স্বাভাবিক মুখের ভেতর,routine
oral_1_002664.jpg,1,oral_normal,oral_normal,স্বাভাবিক মুখের ভেতর,routine
oral_1_002665.jpg,1,oral_normal,oral_normal,স্বাভাবিক মুখের ভেতর,routine
oral_0_002666.jpg,0,oral_scc,oral_scc,মুখের ক্যানসারের মতো পরিবর্তন (OSC সন্দেহ),urgent
oral_0_002667.jpg,0,oral_scc,oral_scc,মুখের ক্যানসারের মতো পরিবর্তন (OSC সন্দেহ),urgent
oral_0_002668.jpg,0,oral_scc,oral_scc,মুখের ক্যানসারের মতো পরিবর্তন (OSC সন্দেহ),urgent
oral_0_002669.jpg,0,oral_scc,oral_scc,মুখের ক্যানসারের মতো পরিবর্তন (OSC সন্দেহ),urgent
oral_0_002670.jpg,0,oral_scc,oral_scc,মুখের ক্যানসারের মতো পরিবর্তন (OSC সন্দেহ),urgent
oral_0_002671.jpg,0,oral_scc,oral_scc,মুখের ক্যানসারের মতো পরিবর্তন (OSC সন্দেহ),urgent
oral_0_002672.jpg,0,oral_scc,oral_scc,মুখের ক্যানসারের মতো পরিবর্তন (OSC সন্দেহ),urgent
oral_1_002673.jpg,1,oral_normal,oral_normal,স্বাভাবিক মুখের ভেতর,routine
oral_1_002674.jpg,1,oral_normal,oral_normal,স্বাভাবিক মুখের ভেতর,routine
oral_1_002675.jpg,1,oral_normal,oral_normal,স্বাভাবিক মুখের ভেতর,routine
oral_1_002676.jpg,1,oral_normal,oral_normal,স্বাভাবিক মুখের ভেতর,routine
oral_1_002677.jpg,1,oral_normal,oral_normal,স্বাভাবিক মুখের ভেতর,routine
oral_1_002678.jpg,1,oral_normal,oral_normal,স্বাভাবিক মুখের ভেতর,routine
oral_1_002679.jpg,1,oral_normal,oral_normal,স্বাভাবিক মুখের ভেতর,routine
oral_0_002680.jpg,0,oral_scc,oral_scc,মুখের ক্যানসারের মতো পরিবর্তন (OSC সন্দেহ),urgent
oral_0_002681.jpg,0,oral_scc,oral_scc,মুখের ক্যানসারের মতো পরিবর্তন (OSC সন্দেহ),urgent
oral_1_002682.jpg,1,oral_normal,oral_normal,স্বাভাবিক মুখের ভেতর,routine
oral_0_002683.jpg,0,oral_scc,oral_scc,মুখের ক্যানসারের মতো পরিবর্তন (OSC সন্দেহ),urgent
oral_1_002684.jpg,1,oral_normal,oral_normal,স্বাভাবিক মুখের ভেতর,routine
oral_1_002685.jpg,1,oral_normal,oral_normal,স্বাভাবিক মুখের ভেতর,routine
oral_1_002686.jpg,1,oral_normal,oral_normal,স্বাভাবিক মুখের ভেতর,routine
oral_0_002687.jpg,0,oral_scc,oral_scc,মুখের ক্যানসারের মতো পরিবর্তন (OSC সন্দেহ),urgent
oral_1_002688.jpg,1,oral_normal,oral_normal,স্বাভাবিক মুখের ভেতর,routine
oral_1_002689.jpg,1,oral_normal,oral_normal,স্বাভাবিক মুখের ভেতর,routine
oral_0_002690.jpg,0,oral_scc,oral_scc,মুখের ক্যানসারের মতো পরিবর্তন (OSC সন্দেহ),urgent
oral_0_002691.jpg,0,oral_scc,oral_scc,মুখের ক্যানসারের মতো পরিবর্তন (OSC সন্দেহ),urgent
oral_1_002692.jpg,1,oral_normal,oral_normal,স্বাভাবিক মুখের ভেতর,routine
oral_1_002693.jpg,1,oral_normal,oral_normal,স্বাভাবিক মুখের ভেতর,routine
oral_0_002694.jpg,0,oral_scc,oral_scc,মুখের ক্যানসারের মতো পরিবর্তন (OSC সন্দেহ),urgent
oral_1_002695.jpg,1,oral_normal,oral_normal,স্বাভাবিক মুখের ভেতর,routine
oral_0_002696.jpg,0,oral_scc,oral_scc,মুখের ক্যানসারের মতো পরিবর্তন (OSC সন্দেহ),urgent
oral_1_002697.jpg,1,oral_normal,oral_normal,স্বাভাবিক মুখের ভেতর,routine
oral_1_002698.jpg,1,oral_normal,oral_normal,স্বাভাবিক মুখের ভেতর,routine
oral_0_002699.jpg,0,oral_scc,oral_scc,মুখের ক্যানসারের মতো পরিবর্তন (OSC সন্দেহ),urgent
oral_0_002700.jpg,0,oral_scc,oral_scc,মুখের ক্যানসারের মতো পরিবর্তন (OSC সন্দেহ),urgent
oral_0_002701.jpg,0,oral_scc,oral_scc,মুখের ক্যানসারের মতো পরিবর্তন (OSC সন্দেহ),urgent
oral_0_002702.jpg,0,oral_scc,oral_scc,মুখের ক্যানসারের মতো পরিবর্তন (OSC সন্দেহ),urgent
oral_0_002703.jpg,0,oral_scc,oral_scc,মুখের ক্যানসারের মতো পরিবর্তন (OSC সন্দেহ),urgent
oral_1_002704.jpg,1,oral_normal,oral_normal,স্বাভাবিক মুখের ভেতর,routine
oral_1_002705.jpg,1,oral_normal,oral_normal,স্বাভাবিক মুখের ভেতর,routine
oral_1_002706.jpg,1,oral_normal,oral_normal,স্বাভাবিক মুখের ভেতর,routine
oral_0_002707.jpg,0,oral_scc,oral_scc,মুখের ক্যানসারের মতো পরিবর্তন (OSC সন্দেহ),urgent
oral_0_002708.jpg,0,oral_scc,oral_scc,মুখের ক্যানসারের মতো পরিবর্তন (OSC সন্দেহ),urgent
oral_0_002709.jpg,0,oral_scc,oral_scc,মুখের ক্যানসারের মতো পরিবর্তন (OSC সন্দেহ),urgent
oral_0_002710.jpg,0,oral_scc,oral_scc,মুখের ক্যানসারের মতো পরিবর্তন (OSC সন্দেহ),urgent
oral_1_002711.jpg,1,oral_normal,oral_normal,স্বাভাবিক মুখের ভেতর,routine
oral_1_002712.jpg,1,oral_normal,oral_normal,স্বাভাবিক মুখের ভেতর,routine
oral_1_002713.jpg,1,oral_normal,oral_normal,স্বাভাবিক মুখের ভেতর,routine
oral_0_002714.jpg,0,oral_scc,oral_scc,মুখের ক্যানসারের মতো পরিবর্তন (OSC সন্দেহ),urgent
oral_1_002715.jpg,1,oral_normal,oral_normal,স্বাভাবিক মুখের ভেতর,routine
oral_1_002716.jpg,1,oral_normal,oral_normal,স্বাভাবিক মুখের ভেতর,routine
oral_1_002717.jpg,1,oral_normal,oral_normal,স্বাভাবিক মুখের ভেতর,routine
oral_0_002718.jpg,0,oral_scc,oral_scc,মুখের ক্যানসারের মতো পরিবর্তন (OSC সন্দেহ),urgent
oral_0_002719.jpg,0,oral_scc,oral_scc,মুখের ক্যানসারের মতো পরিবর্তন (OSC সন্দেহ),urgent
oral_1_002720.jpg,1,oral_normal,oral_normal,স্বাভাবিক মুখের ভেতর,routine
oral_0_002721.jpg,0,oral_scc,oral_scc,মুখের ক্যানসারের মতো পরিবর্তন (OSC সন্দেহ),urgent
oral_0_002722.jpg,0,oral_scc,oral_scc,মুখের ক্যানসারের মতো পরিবর্তন (OSC সন্দেহ),urgent
oral_0_002723.jpg,0,oral_scc,oral_scc,মুখের ক্যানসারের মতো পরিবর্তন (OSC সন্দেহ),urgent
oral_1_002724.jpg,1,oral_normal,oral_normal,স্বাভাবিক মুখের ভেতর,routine
oral_1_002725.jpg,1,oral_normal,oral_normal,স্বাভাবিক মুখের ভেতর,routine
oral_1_002726.jpg,1,oral_normal,oral_normal,স্বাভাবিক মুখের ভেতর,routine
oral_1_002727.jpg,1,oral_normal,oral_normal,স্বাভাবিক মুখের ভেতর,routine
oral_0_002728.jpg,0,oral_scc,oral_scc,মুখের ক্যানসারের মতো পরিবর্তন (OSC সন্দেহ),urgent
oral_0_002729.jpg,0,oral_scc,oral_scc,মুখের ক্যানসারের মতো পরিবর্তন (OSC সন্দেহ),urgent
oral_1_002730.jpg,1,oral_normal,oral_normal,স্বাভাবিক মুখের ভেতর,routine
oral_1_002731.jpg,1,oral_normal,oral_normal,স্বাভাবিক মুখের ভেতর,routine
oral_0_002732.jpg,0,oral_scc,oral_scc,মুখের ক্যানসারের মতো পরিবর্তন (OSC সন্দেহ),urgent
oral_0_002733.jpg,0,oral_scc,oral_scc,মুখের ক্যানসারের মতো পরিবর্তন (OSC সন্দেহ),urgent
oral_0_002734.jpg,0,oral_scc,oral_scc,মুখের ক্যানসারের মতো পরিবর্তন (OSC সন্দেহ),urgent
oral_1_002735.jpg,1,oral_normal,oral_normal,স্বাভাবিক মুখের ভেতর,routine
oral_1_002736.jpg,1,oral_normal,oral_normal,স্বাভাবিক মুখের ভেতর,routine
oral_0_002737.jpg,0,oral_scc,oral_scc,মুখের ক্যানসারের মতো পরিবর্তন (OSC সন্দেহ),urgent
oral_1_002738.jpg,1,oral_normal,oral_normal,স্বাভাবিক মুখের ভেতর,routine
oral_0_002739.jpg,0,oral_scc,oral_scc,মুখের ক্যানসারের মতো পরিবর্তন (OSC সন্দেহ),urgent
oral_1_002740.jpg,1,oral_normal,oral_normal,স্বাভাবিক মুখের ভেতর,routine
oral_0_002741.jpg,0,oral_scc,oral_scc,মুখের ক্যানসারের মতো পরিবর্তন (OSC সন্দেহ),urgent
oral_0_002742.jpg,0,oral_scc,oral_scc,মুখের ক্যানসারের মতো পরিবর্তন (OSC সন্দেহ),urgent
oral_0_002743.jpg,0,oral_scc,oral_scc,মুখের ক্যানসারের মতো পরিবর্তন (OSC সন্দেহ),urgent
oral_0_002744.jpg,0,oral_scc,oral_scc,মুখের ক্যানসারের মতো পরিবর্তন (OSC সন্দেহ),urgent
oral_1_002745.jpg,1,oral_normal,oral_normal,স্বাভাবিক মুখের ভেতর,routine
oral_1_002746.jpg,1,oral_normal,oral_normal,স্বাভাবিক মুখের ভেতর,routine
oral_0_002747.jpg,0,oral_scc,oral_scc,মুখের ক্যানসারের মতো পরিবর্তন (OSC সন্দেহ),urgent
oral_1_002748.jpg,1,oral_normal,oral_normal,স্বাভাবিক মুখের ভেতর,routine
oral_1_002749.jpg,1,oral_normal,oral_normal,স্বাভাবিক মুখের ভেতর,routine
oral_0_002750.jpg,0,oral_scc,oral_scc,মুখের ক্যানসারের মতো পরিবর্তন (OSC সন্দেহ),urgent
oral_1_002751.jpg,1,oral_normal,oral_normal,স্বাভাবিক মুখের ভেতর,routine
oral_1_002752.jpg,1,oral_normal,oral_normal,স্বাভাবিক মুখের ভেতর,routine
oral_0_002753.jpg,0,oral_scc,oral_scc,মুখের ক্যানসারের মতো পরিবর্তন (OSC সন্দেহ),urgent
oral_0_002754.jpg,0,oral_scc,oral_scc,মুখের ক্যানসারের মতো পরিবর্তন (OSC সন্দেহ),urgent
oral_1_002755.jpg,1,oral_normal,oral_normal,স্বাভাবিক মুখের ভেতর,routine
oral_0_002756.jpg,0,oral_scc,oral_scc,মুখের ক্যানসারের মতো পরিবর্তন (OSC সন্দেহ),urgent
oral_1_002757.jpg,1,oral_normal,oral_normal,স্বাভাবিক মুখের ভেতর,routine
oral_0_002758.jpg,0,oral_scc,oral_scc,মুখের ক্যানসারের মতো পরিবর্তন (OSC সন্দেহ),urgent
oral_1_002759.jpg,1,oral_normal,oral_normal,স্বাভাবিক মুখের ভেতর,routine
oral_1_002760.jpg,1,oral_normal,oral_normal,স্বাভাবিক মুখের ভেতর,routine
oral_0_002761.jpg,0,oral_scc,oral_scc,মুখের ক্যানসারের মতো পরিবর্তন (OSC সন্দেহ),urgent
oral_1_002762.jpg,1,oral_normal,oral_normal,স্বাভাবিক মুখের ভেতর,routine
oral_0_002763.jpg,0,oral_scc,oral_scc,মুখের ক্যানসারের মতো পরিবর্তন (OSC সন্দেহ),urgent
oral_0_002764.jpg,0,oral_scc,oral_scc,মুখের ক্যানসারের মতো পরিবর্তন (OSC সন্দেহ),urgent
oral_1_002765.jpg,1,oral_normal,oral_normal,স্বাভাবিক মুখের ভেতর,routine
oral_1_002766.jpg,1,oral_normal,oral_normal,স্বাভাবিক মুখের ভেতর,routine
oral_0_002767.jpg,0,oral_scc,oral_scc,মুখের ক্যানসারের মতো পরিবর্তন (OSC সন্দেহ),urgent
oral_0_002768.jpg,0,oral_scc,oral_scc,মুখের ক্যানসারের মতো পরিবর্তন (OSC সন্দেহ),urgent
oral_1_002769.jpg,1,oral_normal,oral_normal,স্বাভাবিক মুখের ভেতর,routine
oral_0_002770.jpg,0,oral_scc,oral_scc,মুখের ক্যানসারের মতো পরিবর্তন (OSC সন্দেহ),urgent
oral_1_002771.jpg,1,oral_normal,oral_normal,স্বাভাবিক মুখের ভেতর,routine
oral_1_002772.jpg,1,oral_normal,oral_normal,স্বাভাবিক মুখের ভেতর,routine
oral_1_002773.jpg,1,oral_normal,oral_normal,স্বাভাবিক মুখের ভেতর,routine
oral_0_002774.jpg,0,oral_scc,oral_scc,মুখের ক্যানসারের মতো পরিবর্তন (OSC সন্দেহ),urgent
oral_1_002775.jpg,1,oral_normal,oral_normal,স্বাভাবিক মুখের ভেতর,routine
oral_0_002776.jpg,0,oral_scc,oral_scc,মুখের ক্যানসারের মতো পরিবর্তন (OSC সন্দেহ),urgent
oral_0_002777.jpg,0,oral_scc,oral_scc,মুখের ক্যানসারের মতো পরিবর্তন (OSC সন্দেহ),urgent
oral_1_002778.jpg,1,oral_normal,oral_normal,স্বাভাবিক মুখের ভেতর,routine
oral_0_002779.jpg,0,oral_scc,oral_scc,মুখের ক্যানসারের মতো পরিবর্তন (OSC সন্দেহ),urgent
oral_0_002780.jpg,0,oral_scc,oral_scc,মুখের ক্যানসারের মতো পরিবর্তন (OSC সন্দেহ),urgent
oral_1_002781.jpg,1,oral_normal,oral_normal,স্বাভাবিক মুখের ভেতর,routine
oral_1_002782.jpg,1,oral_normal,oral_normal,স্বাভাবিক মুখের ভেতর,routine
oral_1_002783.jpg,1,oral_normal,oral_normal,স্বাভাবিক মুখের ভেতর,routine
oral_0_002784.jpg,0,oral_scc,oral_scc,মুখের ক্যানসারের মতো পরিবর্তন (OSC সন্দেহ),urgent
oral_0_002785.jpg,0,oral_scc,oral_scc,মুখের ক্যানসারের মতো পরিবর্তন (OSC সন্দেহ),urgent
oral_0_002786.jpg,0,oral_scc,oral_scc,মুখের ক্যানসারের মতো পরিবর্তন (OSC সন্দেহ),urgent
oral_0_002787.jpg,0,oral_scc,oral_scc,মুখের ক্যানসারের মতো পরিবর্তন (OSC সন্দেহ),urgent
oral_1_002788.jpg,1,oral_normal,oral_normal,স্বাভাবিক মুখের ভেতর,routine
oral_0_002789.jpg,0,oral_scc,oral_scc,মুখের ক্যানসারের মতো পরিবর্তন (OSC সন্দেহ),urgent
oral_0_002790.jpg,0,oral_scc,oral_scc,মুখের ক্যানসারের মতো পরিবর্তন (OSC সন্দেহ),urgent
oral_1_002791.jpg,1,oral_normal,oral_normal,স্বাভাবিক মুখের ভেতর,routine
oral_1_002792.jpg,1,oral_normal,oral_normal,স্বাভাবিক মুখের ভেতর,routine
oral_0_002793.jpg,0,oral_scc,oral_scc,মুখের ক্যানসারের মতো পরিবর্তন (OSC সন্দেহ),urgent
oral_1_002794.jpg,1,oral_normal,oral_normal,স্বাভাবিক মুখের ভেতর,routine
oral_1_002795.jpg,1,oral_normal,oral_normal,স্বাভাবিক মুখের ভেতর,routine
oral_0_002796.jpg,0,oral_scc,oral_scc,মুখের ক্যানসারের মতো পরিবর্তন (OSC সন্দেহ),urgent
oral_1_002797.jpg,1,oral_normal,oral_normal,স্বাভাবিক মুখের ভেতর,routine
oral_1_002798.jpg,1,oral_normal,oral_normal,স্বাভাবিক মুখের ভেতর,routine
oral_1_002799.jpg,1,oral_normal,oral_normal,স্বাভাবিক মুখের ভেতর,routine
oral_0_002800.jpg,0,oral_scc,oral_scc,মুখের ক্যানসারের মতো পরিবর্তন (OSC সন্দেহ),urgent
oral_0_002801.jpg,0,oral_scc,oral_scc,মুখের ক্যানসারের মতো পরিবর্তন (OSC সন্দেহ),urgent
oral_1_002802.jpg,1,oral_normal,oral_normal,স্বাভাবিক মুখের ভেতর,routine
oral_0_002803.jpg,0,oral_scc,oral_scc,মুখের ক্যানসারের মতো পরিবর্তন (OSC সন্দেহ),urgent
oral_1_002804.jpg,1,oral_normal,oral_normal,স্বাভাবিক মুখের ভেতর,routine
oral_1_002805.jpg,1,oral_normal,oral_normal,স্বাভাবিক মুখের ভেতর,routine
oral_0_002806.jpg,0,oral_scc,oral_scc,মুখের ক্যানসারের মতো পরিবর্তন (OSC সন্দেহ),urgent
oral_1_002807.jpg,1,oral_normal,oral_normal,স্বাভাবিক মুখের ভেতর,routine
oral_0_002808.jpg,0,oral_scc,oral_scc,মুখের ক্যানসারের মতো পরিবর্তন (OSC সন্দেহ),urgent
oral_0_002809.jpg,0,oral_scc,oral_scc,মুখের ক্যানসারের মতো পরিবর্তন (OSC সন্দেহ),urgent
oral_1_002810.jpg,1,oral_normal,oral_normal,স্বাভাবিক মুখের ভেতর,routine
oral_0_002811.jpg,0,oral_scc,oral_scc,মুখের ক্যানসারের মতো পরিবর্তন (OSC সন্দেহ),urgent
oral_0_002812.jpg,0,oral_scc,oral_scc,মুখের ক্যানসারের মতো পরিবর্তন (OSC সন্দেহ),urgent
oral_1_002813.jpg,1,oral_normal,oral_normal,স্বাভাবিক মুখের ভেতর,routine
oral_1_002814.jpg,1,oral_normal,oral_normal,স্বাভাবিক মুখের ভেতর,routine
oral_1_002815.jpg,1,oral_normal,oral_normal,স্বাভাবিক মুখের ভেতর,routine
oral_0_002816.jpg,0,oral_scc,oral_scc,মুখের ক্যানসারের মতো পরিবর্তন (OSC সন্দেহ),urgent
oral_0_002817.jpg,0,oral_scc,oral_scc,মুখের ক্যানসারের মতো পরিবর্তন (OSC সন্দেহ),urgent
oral_0_002818.jpg,0,oral_scc,oral_scc,মুখের ক্যানসারের মতো পরিবর্তন (OSC সন্দেহ),urgent
oral_0_002819.jpg,0,oral_scc,oral_scc,মুখের ক্যানসারের মতো পরিবর্তন (OSC সন্দেহ),urgent
oral_1_002820.jpg,1,oral_normal,oral_normal,স্বাভাবিক মুখের ভেতর,routine
oral_1_002821.jpg,1,oral_normal,oral_normal,স্বাভাবিক মুখের ভেতর,routine
oral_1_002822.jpg,1,oral_normal,oral_normal,স্বাভাবিক মুখের ভেতর,routine
oral_1_002823.jpg,1,oral_normal,oral_normal,স্বাভাবিক মুখের ভেতর,routine
oral_0_002824.jpg,0,oral_scc,oral_scc,মুখের ক্যানসারের মতো পরিবর্তন (OSC সন্দেহ),urgent
oral_0_002825.jpg,0,oral_scc,oral_scc,মুখের ক্যানসারের মতো পরিবর্তন (OSC সন্দেহ),urgent
oral_1_002826.jpg,1,oral_normal,oral_normal,স্বাভাবিক মুখের ভেতর,routine
oral_0_002827.jpg,0,oral_scc,oral_scc,মুখের ক্যানসারের মতো পরিবর্তন (OSC সন্দেহ),urgent
oral_1_002828.jpg,1,oral_normal,oral_normal,স্বাভাবিক মুখের ভেতর,routine
oral_1_002829.jpg,1,oral_normal,oral_normal,স্বাভাবিক মুখের ভেতর,routine
oral_0_002830.jpg,0,oral_scc,oral_scc,মুখের ক্যানসারের মতো পরিবর্তন (OSC সন্দেহ),urgent
oral_0_002831.jpg,0,oral_scc,oral_scc,মুখের ক্যানসারের মতো পরিবর্তন (OSC সন্দেহ),urgent
oral_1_002832.jpg,1,oral_normal,oral_normal,স্বাভাবিক মুখের ভেতর,routine
oral_0_002833.jpg,0,oral_scc,oral_scc,মুখের ক্যানসারের মতো পরিবর্তন (OSC সন্দেহ),urgent
oral_1_002834.jpg,1,oral_normal,oral_normal,স্বাভাবিক মুখের ভেতর,routine
oral_0_002835.jpg,0,oral_scc,oral_scc,মুখের ক্যানসারের মতো পরিবর্তন (OSC সন্দেহ),urgent
oral_1_002836.jpg,1,oral_normal,oral_normal,স্বাভাবিক মুখের ভেতর,routine
oral_1_002837.jpg,1,oral_normal,oral_normal,স্বাভাবিক মুখের ভেতর,routine
oral_0_002838.jpg,0,oral_scc,oral_scc,মুখের ক্যানসারের মতো পরিবর্তন (OSC সন্দেহ),urgent
oral_1_002839.jpg,1,oral_normal,oral_normal,স্বাভাবিক মুখের ভেতর,routine
oral_0_002840.jpg,0,oral_scc,oral_scc,মুখের ক্যানসারের মতো পরিবর্তন (OSC সন্দেহ),urgent
oral_0_002841.jpg,0,oral_scc,oral_scc,মুখের ক্যানসারের মতো পরিবর্তন (OSC সন্দেহ),urgent
oral_1_002842.jpg,1,oral_normal,oral_normal,স্বাভাবিক মুখের ভেতর,routine
oral_0_002843.jpg,0,oral_scc,oral_scc,মুখের ক্যানসারের মতো পরিবর্তন (OSC সন্দেহ),urgent
oral_0_002844.jpg,0,oral_scc,oral_scc,মুখের ক্যানসারের মতো পরিবর্তন (OSC সন্দেহ),urgent
oral_0_002845.jpg,0,oral_scc,oral_scc,মুখের ক্যানসারের মতো পরিবর্তন (OSC সন্দেহ),urgent
oral_0_002846.jpg,0,oral_scc,oral_scc,মুখের ক্যানসারের মতো পরিবর্তন (OSC সন্দেহ),urgent
oral_0_002847.jpg,0,oral_scc,oral_scc,মুখের ক্যানসারের মতো পরিবর্তন (OSC সন্দেহ),urgent
oral_1_002848.jpg,1,oral_normal,oral_normal,স্বাভাবিক মুখের ভেতর,routine
oral_1_002849.jpg,1,oral_normal,oral_normal,স্বাভাবিক মুখের ভেতর,routine
oral_1_002850.jpg,1,oral_normal,oral_normal,স্বাভাবিক মুখের ভেতর,routine
oral_0_002851.jpg,0,oral_scc,oral_scc,মুখের ক্যানসারের মতো পরিবর্তন (OSC সন্দেহ),urgent
oral_1_002852.jpg,1,oral_normal,oral_normal,স্বাভাবিক মুখের ভেতর,routine
oral_0_002853.jpg,0,oral_scc,oral_scc,মুখের ক্যানসারের মতো পরিবর্তন (OSC সন্দেহ),urgent
oral_0_002854.jpg,0,oral_scc,oral_scc,মুখের ক্যানসারের মতো পরিবর্তন (OSC সন্দেহ),urgent
oral_0_002855.jpg,0,oral_scc,oral_scc,মুখের ক্যানসারের মতো পরিবর্তন (OSC সন্দেহ),urgent
oral_0_002856.jpg,0,oral_scc,oral_scc,মুখের ক্যানসারের মতো পরিবর্তন (OSC সন্দেহ),urgent
oral_0_002857.jpg,0,oral_scc,oral_scc,মুখের ক্যানসারের মতো পরিবর্তন (OSC সন্দেহ),urgent
oral_0_002858.jpg,0,oral_scc,oral_scc,মুখের ক্যানসারের মতো পরিবর্তন (OSC সন্দেহ),urgent
oral_0_002859.jpg,0,oral_scc,oral_scc,মুখের ক্যানসারের মতো পরিবর্তন (OSC সন্দেহ),urgent
oral_0_002860.jpg,0,oral_scc,oral_scc,মুখের ক্যানসারের মতো পরিবর্তন (OSC সন্দেহ),urgent
oral_0_002861.jpg,0,oral_scc,oral_scc,মুখের ক্যানসারের মতো পরিবর্তন (OSC সন্দেহ),urgent
oral_0_002862.jpg,0,oral_scc,oral_scc,মুখের ক্যানসারের মতো পরিবর্তন (OSC সন্দেহ),urgent
oral_0_002863.jpg,0,oral_scc,oral_scc,মুখের ক্যানসারের মতো পরিবর্তন (OSC সন্দেহ),urgent
oral_1_002864.jpg,1,oral_normal,oral_normal,স্বাভাবিক মুখের ভেতর,routine
oral_1_002865.jpg,1,oral_normal,oral_normal,স্বাভাবিক মুখের ভেতর,routine
oral_0_002866.jpg,0,oral_scc,oral_scc,মুখের ক্যানসারের মতো পরিবর্তন (OSC সন্দেহ),urgent
oral_1_002867.jpg,1,oral_normal,oral_normal,স্বাভাবিক মুখের ভেতর,routine
oral_0_002868.jpg,0,oral_scc,oral_scc,মুখের ক্যানসারের মতো পরিবর্তন (OSC সন্দেহ),urgent
oral_1_002869.jpg,1,oral_normal,oral_normal,স্বাভাবিক মুখের ভেতর,routine
oral_1_002870.jpg,1,oral_normal,oral_normal,স্বাভাবিক মুখের ভেতর,routine
oral_0_002871.jpg,0,oral_scc,oral_scc,মুখের ক্যানসারের মতো পরিবর্তন (OSC সন্দেহ),urgent
oral_1_002872.jpg,1,oral_normal,oral_normal,স্বাভাবিক মুখের ভেতর,routine
oral_1_002873.jpg,1,oral_normal,oral_normal,স্বাভাবিক মুখের ভেতর,routine
oral_0_002874.jpg,0,oral_scc,oral_scc,মুখের ক্যানসারের মতো পরিবর্তন (OSC সন্দেহ),urgent
oral_0_002875.jpg,0,oral_scc,oral_scc,মুখের ক্যানসারের মতো পরিবর্তন (OSC সন্দেহ),urgent
oral_0_002876.jpg,0,oral_scc,oral_scc,মুখের ক্যানসারের মতো পরিবর্তন (OSC সন্দেহ),urgent
oral_1_002877.jpg,1,oral_normal,oral_normal,স্বাভাবিক মুখের ভেতর,routine
oral_1_002878.jpg,1,oral_normal,oral_normal,স্বাভাবিক মুখের ভেতর,routine
oral_1_002879.jpg,1,oral_normal,oral_normal,স্বাভাবিক মুখের ভেতর,routine
oral_0_002880.jpg,0,oral_scc,oral_scc,মুখের ক্যানসারের মতো পরিবর্তন (OSC সন্দেহ),urgent
oral_1_002881.jpg,1,oral_normal,oral_normal,স্বাভাবিক মুখের ভেতর,routine
oral_1_002882.jpg,1,oral_normal,oral_normal,স্বাভাবিক মুখের ভেতর,routine
oral_1_002883.jpg,1,oral_normal,oral_normal,স্বাভাবিক মুখের ভেতর,routine
oral_1_002884.jpg,1,oral_normal,oral_normal,স্বাভাবিক মুখের ভেতর,routine
oral_1_002885.jpg,1,oral_normal,oral_normal,স্বাভাবিক মুখের ভেতর,routine
oral_0_002886.jpg,0,oral_scc,oral_scc,মুখের ক্যানসারের মতো পরিবর্তন (OSC সন্দেহ),urgent
oral_1_002887.jpg,1,oral_normal,oral_normal,স্বাভাবিক মুখের ভেতর,routine
oral_1_002888.jpg,1,oral_normal,oral_normal,স্বাভাবিক মুখের ভেতর,routine
oral_0_002889.jpg,0,oral_scc,oral_scc,মুখের ক্যানসারের মতো পরিবর্তন (OSC সন্দেহ),urgent
oral_1_002890.jpg,1,oral_normal,oral_normal,স্বাভাবিক মুখের ভেতর,routine
oral_0_002891.jpg,0,oral_scc,oral_scc,মুখের ক্যানসারের মতো পরিবর্তন (OSC সন্দেহ),urgent
oral_1_002892.jpg,1,oral_normal,oral_normal,স্বাভাবিক মুখের ভেতর,routine
oral_0_002893.jpg,0,oral_scc,oral_scc,মুখের ক্যানসারের মতো পরিবর্তন (OSC সন্দেহ),urgent
oral_1_002894.jpg,1,oral_normal,oral_normal,স্বাভাবিক মুখের ভেতর,routine
oral_1_002895.jpg,1,oral_normal,oral_normal,স্বাভাবিক মুখের ভেতর,routine
oral_1_002896.jpg,1,oral_normal,oral_normal,স্বাভাবিক মুখের ভেতর,routine
oral_0_002897.jpg,0,oral_scc,oral_scc,মুখের ক্যানসারের মতো পরিবর্তন (OSC সন্দেহ),urgent
oral_1_002898.jpg,1,oral_normal,oral_normal,স্বাভাবিক মুখের ভেতর,routine
oral_1_002899.jpg,1,oral_normal,oral_normal,স্বাভাবিক মুখের ভেতর,routine
oral_0_002900.jpg,0,oral_scc,oral_scc,মুখের ক্যানসারের মতো পরিবর্তন (OSC সন্দেহ),urgent
oral_1_002901.jpg,1,oral_normal,oral_normal,স্বাভাবিক মুখের ভেতর,routine
oral_1_002902.jpg,1,oral_normal,oral_normal,স্বাভাবিক মুখের ভেতর,routine
oral_0_002903.jpg,0,oral_scc,oral_scc,মুখের ক্যানসারের মতো পরিবর্তন (OSC সন্দেহ),urgent
oral_0_002904.jpg,0,oral_scc,oral_scc,মুখের ক্যানসারের মতো পরিবর্তন (OSC সন্দেহ),urgent
oral_1_002905.jpg,1,oral_normal,oral_normal,স্বাভাবিক মুখের ভেতর,routine
oral_0_002906.jpg,0,oral_scc,oral_scc,মুখের ক্যানসারের মতো পরিবর্তন (OSC সন্দেহ),urgent
oral_0_002907.jpg,0,oral_scc,oral_scc,মুখের ক্যানসারের মতো পরিবর্তন (OSC সন্দেহ),urgent
oral_0_002908.jpg,0,oral_scc,oral_scc,মুখের ক্যানসারের মতো পরিবর্তন (OSC সন্দেহ),urgent
oral_0_002909.jpg,0,oral_scc,oral_scc,মুখের ক্যানসারের মতো পরিবর্তন (OSC সন্দেহ),urgent
oral_0_002910.jpg,0,oral_scc,oral_scc,মুখের ক্যানসারের মতো পরিবর্তন (OSC সন্দেহ),urgent
oral_0_002911.jpg,0,oral_scc,oral_scc,মুখের ক্যানসারের মতো পরিবর্তন (OSC সন্দেহ),urgent
oral_1_002912.jpg,1,oral_normal,oral_normal,স্বাভাবিক মুখের ভেতর,routine
oral_0_002913.jpg,0,oral_scc,oral_scc,মুখের ক্যানসারের মতো পরিবর্তন (OSC সন্দেহ),urgent
oral_1_002914.jpg,1,oral_normal,oral_normal,স্বাভাবিক মুখের ভেতর,routine
oral_1_002915.jpg,1,oral_normal,oral_normal,স্বাভাবিক মুখের ভেতর,routine
oral_0_002916.jpg,0,oral_scc,oral_scc,মুখের ক্যানসারের মতো পরিবর্তন (OSC সন্দেহ),urgent
oral_0_002917.jpg,0,oral_scc,oral_scc,মুখের ক্যানসারের মতো পরিবর্তন (OSC সন্দেহ),urgent
oral_1_002918.jpg,1,oral_normal,oral_normal,স্বাভাবিক মুখের ভেতর,routine
oral_0_002919.jpg,0,oral_scc,oral_scc,মুখের ক্যানসারের মতো পরিবর্তন (OSC সন্দেহ),urgent
oral_1_002920.jpg,1,oral_normal,oral_normal,স্বাভাবিক মুখের ভেতর,routine
oral_0_002921.jpg,0,oral_scc,oral_scc,মুখের ক্যানসারের মতো পরিবর্তন (OSC সন্দেহ),urgent
oral_0_002922.jpg,0,oral_scc,oral_scc,মুখের ক্যানসারের মতো পরিবর্তন (OSC সন্দেহ),urgent
oral_0_002923.jpg,0,oral_scc,oral_scc,মুখের ক্যানসারের মতো পরিবর্তন (OSC সন্দেহ),urgent
oral_1_002924.jpg,1,oral_normal,oral_normal,স্বাভাবিক মুখের ভেতর,routine
oral_0_002925.jpg,0,oral_scc,oral_scc,মুখের ক্যানসারের মতো পরিবর্তন (OSC সন্দেহ),urgent
oral_1_002926.jpg,1,oral_normal,oral_normal,স্বাভাবিক মুখের ভেতর,routine
oral_0_002927.jpg,0,oral_scc,oral_scc,মুখের ক্যানসারের মতো পরিবর্তন (OSC সন্দেহ),urgent
oral_1_002928.jpg,1,oral_normal,oral_normal,স্বাভাবিক মুখের ভেতর,routine
oral_1_002929.jpg,1,oral_normal,oral_normal,স্বাভাবিক মুখের ভেতর,routine
oral_1_002930.jpg,1,oral_normal,oral_normal,স্বাভাবিক মুখের ভেতর,routine
oral_1_002931.jpg,1,oral_normal,oral_normal,স্বাভাবিক মুখের ভেতর,routine
oral_0_002932.jpg,0,oral_scc,oral_scc,মুখের ক্যানসারের মতো পরিবর্তন (OSC সন্দেহ),urgent
oral_0_002933.jpg,0,oral_scc,oral_scc,মুখের ক্যানসারের মতো পরিবর্তন (OSC সন্দেহ),urgent
oral_1_002934.jpg,1,oral_normal,oral_normal,স্বাভাবিক মুখের ভেতর,routine
oral_0_002935.jpg,0,oral_scc,oral_scc,মুখের ক্যানসারের মতো পরিবর্তন (OSC সন্দেহ),urgent
oral_0_002936.jpg,0,oral_scc,oral_scc,মুখের ক্যানসারের মতো পরিবর্তন (OSC সন্দেহ),urgent
oral_0_002937.jpg,0,oral_scc,oral_scc,মুখের ক্যানসারের মতো পরিবর্তন (OSC সন্দেহ),urgent
oral_0_002938.jpg,0,oral_scc,oral_scc,মুখের ক্যানসারের মতো পরিবর্তন (OSC সন্দেহ),urgent
oral_0_002939.jpg,0,oral_scc,oral_scc,মুখের ক্যানসারের মতো পরিবর্তন (OSC সন্দেহ),urgent
oral_1_002940.jpg,1,oral_normal,oral_normal,স্বাভাবিক মুখের ভেতর,routine
oral_0_002941.jpg,0,oral_scc,oral_scc,মুখের ক্যানসারের মতো পরিবর্তন (OSC সন্দেহ),urgent
oral_0_002942.jpg,0,oral_scc,oral_scc,মুখের ক্যানসারের মতো পরিবর্তন (OSC সন্দেহ),urgent
oral_0_002943.jpg,0,oral_scc,oral_scc,মুখের ক্যানসারের মতো পরিবর্তন (OSC সন্দেহ),urgent
oral_1_002944.jpg,1,oral_normal,oral_normal,স্বাভাবিক মুখের ভেতর,routine
oral_0_002945.jpg,0,oral_scc,oral_scc,মুখের ক্যানসারের মতো পরিবর্তন (OSC সন্দেহ),urgent
oral_0_002946.jpg,0,oral_scc,oral_scc,মুখের ক্যানসারের মতো পরিবর্তন (OSC সন্দেহ),urgent
oral_0_002947.jpg,0,oral_scc,oral_scc,মুখের ক্যানসারের মতো পরিবর্তন (OSC সন্দেহ),urgent
oral_0_002948.jpg,0,oral_scc,oral_scc,মুখের ক্যানসারের মতো পরিবর্তন (OSC সন্দেহ),urgent
oral_0_002949.jpg,0,oral_scc,oral_scc,মুখের ক্যানসারের মতো পরিবর্তন (OSC সন্দেহ),urgent
oral_1_002950.jpg,1,oral_normal,oral_normal,স্বাভাবিক মুখের ভেতর,routine
oral_1_002951.jpg,1,oral_normal,oral_normal,স্বাভাবিক মুখের ভেতর,routine
oral_0_002952.jpg,0,oral_scc,oral_scc,মুখের ক্যানসারের মতো পরিবর্তন (OSC সন্দেহ),urgent
oral_1_002953.jpg,1,oral_normal,oral_normal,স্বাভাবিক মুখের ভেতর,routine
oral_0_002954.jpg,0,oral_scc,oral_scc,মুখের ক্যানসারের মতো পরিবর্তন (OSC সন্দেহ),urgent
oral_0_002955.jpg,0,oral_scc,oral_scc,মুখের ক্যানসারের মতো পরিবর্তন (OSC সন্দেহ),urgent
oral_0_002956.jpg,0,oral_scc,oral_scc,মুখের ক্যানসারের মতো পরিবর্তন (OSC সন্দেহ),urgent
oral_0_002957.jpg,0,oral_scc,oral_scc,মুখের ক্যানসারের মতো পরিবর্তন (OSC সন্দেহ),urgent
oral_0_002958.jpg,0,oral_scc,oral_scc,মুখের ক্যানসারের মতো পরিবর্তন (OSC সন্দেহ),urgent
oral_0_002959.jpg,0,oral_scc,oral_scc,মুখের ক্যানসারের মতো পরিবর্তন (OSC সন্দেহ),urgent
oral_1_002960.jpg,1,oral_normal,oral_normal,স্বাভাবিক মুখের ভেতর,routine
oral_0_002961.jpg,0,oral_scc,oral_scc,মুখের ক্যানসারের মতো পরিবর্তন (OSC সন্দেহ),urgent
oral_0_002962.jpg,0,oral_scc,oral_scc,মুখের ক্যানসারের মতো পরিবর্তন (OSC সন্দেহ),urgent
oral_1_002963.jpg,1,oral_normal,oral_normal,স্বাভাবিক মুখের ভেতর,routine
oral_1_002964.jpg,1,oral_normal,oral_normal,স্বাভাবিক মুখের ভেতর,routine
oral_0_002965.jpg,0,oral_scc,oral_scc,মুখের ক্যানসারের মতো পরিবর্তন (OSC সন্দেহ),urgent
oral_1_002966.jpg,1,oral_normal,oral_normal,স্বাভাবিক মুখের ভেতর,routine
oral_1_002967.jpg,1,oral_normal,oral_normal,স্বাভাবিক মুখের ভেতর,routine
oral_1_002968.jpg,1,oral_normal,oral_normal,স্বাভাবিক মুখের ভেতর,routine
oral_1_002969.jpg,1,oral_normal,oral_normal,স্বাভাবিক মুখের ভেতর,routine
oral_1_002970.jpg,1,oral_normal,oral_normal,স্বাভাবিক মুখের ভেতর,routine
oral_0_002971.jpg,0,oral_scc,oral_scc,মুখের ক্যানসারের মতো পরিবর্তন (OSC সন্দেহ),urgent
oral_1_002972.jpg,1,oral_normal,oral_normal,স্বাভাবিক মুখের ভেতর,routine
oral_0_002973.jpg,0,oral_scc,oral_scc,মুখের ক্যানসারের মতো পরিবর্তন (OSC সন্দেহ),urgent
oral_0_002974.jpg,0,oral_scc,oral_scc,মুখের ক্যানসারের মতো পরিবর্তন (OSC সন্দেহ),urgent
oral_0_002975.jpg,0,oral_scc,oral_scc,মুখের ক্যানসারের মতো পরিবর্তন (OSC সন্দেহ),urgent
oral_0_002976.jpg,0,oral_scc,oral_scc,মুখের ক্যানসারের মতো পরিবর্তন (OSC সন্দেহ),urgent
oral_0_002977.jpg,0,oral_scc,oral_scc,মুখের ক্যানসারের মতো পরিবর্তন (OSC সন্দেহ),urgent
oral_0_002978.jpg,0,oral_scc,oral_scc,মুখের ক্যানসারের মতো পরিবর্তন (OSC সন্দেহ),urgent
oral_1_002979.jpg,1,oral_normal,oral_normal,স্বাভাবিক মুখের ভেতর,routine
oral_0_002980.jpg,0,oral_scc,oral_scc,মুখের ক্যানসারের মতো পরিবর্তন (OSC সন্দেহ),urgent
oral_1_002981.jpg,1,oral_normal,oral_normal,স্বাভাবিক মুখের ভেতর,routine
oral_0_002982.jpg,0,oral_scc,oral_scc,মুখের ক্যানসারের মতো পরিবর্তন (OSC সন্দেহ),urgent
oral_1_002983.jpg,1,oral_normal,oral_normal,স্বাভাবিক মুখের ভেতর,routine
oral_1_002984.jpg,1,oral_normal,oral_normal,স্বাভাবিক মুখের ভেতর,routine
oral_0_002985.jpg,0,oral_scc,oral_scc,মুখের ক্যানসারের মতো পরিবর্তন (OSC সন্দেহ),urgent
oral_1_002986.jpg,1,oral_normal,oral_normal,স্বাভাবিক মুখের ভেতর,routine
oral_0_002987.jpg,0,oral_scc,oral_scc,মুখের ক্যানসারের মতো পরিবর্তন (OSC সন্দেহ),urgent
oral_0_002988.jpg,0,oral_scc,oral_scc,মুখের ক্যানসারের মতো পরিবর্তন (OSC সন্দেহ),urgent
oral_1_002989.jpg,1,oral_normal,oral_normal,স্বাভাবিক মুখের ভেতর,routine
oral_0_002990.jpg,0,oral_scc,oral_scc,মুখের ক্যানসারের মতো পরিবর্তন (OSC সন্দেহ),urgent
oral_0_002991.jpg,0,oral_scc,oral_scc,মুখের ক্যানসারের মতো পরিবর্তন (OSC সন্দেহ),urgent
oral_0_002992.jpg,0,oral_scc,oral_scc,মুখের ক্যানসারের মতো পরিবর্তন (OSC সন্দেহ),urgent
oral_0_002993.jpg,0,oral_scc,oral_scc,মুখের ক্যানসারের মতো পরিবর্তন (OSC সন্দেহ),urgent
oral_1_002994.jpg,1,oral_normal,oral_normal,স্বাভাবিক মুখের ভেতর,routine
oral_0_002995.jpg,0,oral_scc,oral_scc,মুখের ক্যানসারের মতো পরিবর্তন (OSC সন্দেহ),urgent
oral_1_002996.jpg,1,oral_normal,oral_normal,স্বাভাবিক মুখের ভেতর,routine
oral_0_002997.jpg,0,oral_scc,oral_scc,মুখের ক্যানসারের মতো পরিবর্তন (OSC সন্দেহ),urgent
oral_1_002998.jpg,1,oral_normal,oral_normal,স্বাভাবিক মুখের ভেতর,routine
oral_1_002999.jpg,1,oral_normal,oral_normal,স্বাভাবিক মুখের ভেতর,routine
oral_1_003000.jpg,1,oral_normal,oral_normal,স্বাভাবিক মুখের ভেতর,routine
oral_0_003001.jpg,0,oral_scc,oral_scc,মুখের ক্যানসারের মতো পরিবর্তন (OSC সন্দেহ),urgent
oral_0_003002.jpg,0,oral_scc,oral_scc,মুখের ক্যানসারের মতো পরিবর্তন (OSC সন্দেহ),urgent
oral_0_003003.jpg,0,oral_scc,oral_scc,মুখের ক্যানসারের মতো পরিবর্তন (OSC সন্দেহ),urgent
oral_0_003004.jpg,0,oral_scc,oral_scc,মুখের ক্যানসারের মতো পরিবর্তন (OSC সন্দেহ),urgent
oral_0_003005.jpg,0,oral_scc,oral_scc,মুখের ক্যানসারের মতো পরিবর্তন (OSC সন্দেহ),urgent
oral_1_003006.jpg,1,oral_normal,oral_normal,স্বাভাবিক মুখের ভেতর,routine
oral_1_003007.jpg,1,oral_normal,oral_normal,স্বাভাবিক মুখের ভেতর,routine
oral_1_003008.jpg,1,oral_normal,oral_normal,স্বাভাবিক মুখের ভেতর,routine
oral_0_003009.jpg,0,oral_scc,oral_scc,মুখের ক্যানসারের মতো পরিবর্তন (OSC সন্দেহ),urgent
oral_0_003010.jpg,0,oral_scc,oral_scc,মুখের ক্যানসারের মতো পরিবর্তন (OSC সন্দেহ),urgent
oral_1_003011.jpg,1,oral_normal,oral_normal,স্বাভাবিক মুখের ভেতর,routine
oral_1_003012.jpg,1,oral_normal,oral_normal,স্বাভাবিক মুখের ভেতর,routine
oral_0_003013.jpg,0,oral_scc,oral_scc,মুখের ক্যানসারের মতো পরিবর্তন (OSC সন্দেহ),urgent
oral_1_003014.jpg,1,oral_normal,oral_normal,স্বাভাবিক মুখের ভেতর,routine
oral_0_003015.jpg,0,oral_scc,oral_scc,মুখের ক্যানসারের মতো পরিবর্তন (OSC সন্দেহ),urgent
oral_0_003016.jpg,0,oral_scc,oral_scc,মুখের ক্যানসারের মতো পরিবর্তন (OSC সন্দেহ),urgent
oral_1_003017.jpg,1,oral_normal,oral_normal,স্বাভাবিক মুখের ভেতর,routine
oral_0_003018.jpg,0,oral_scc,oral_scc,মুখের ক্যানসারের মতো পরিবর্তন (OSC সন্দেহ),urgent
oral_0_003019.jpg,0,oral_scc,oral_scc,মুখের ক্যানসারের মতো পরিবর্তন (OSC সন্দেহ),urgent
oral_0_003020.jpg,0,oral_scc,oral_scc,মুখের ক্যানসারের মতো পরিবর্তন (OSC সন্দেহ),urgent
oral_0_003021.jpg,0,oral_scc,oral_scc,মুখের ক্যানসারের মতো পরিবর্তন (OSC সন্দেহ),urgent
oral_1_003022.jpg,1,oral_normal,oral_normal,স্বাভাবিক মুখের ভেতর,routine
oral_0_003023.jpg,0,oral_scc,oral_scc,মুখের ক্যানসারের মতো পরিবর্তন (OSC সন্দেহ),urgent
oral_0_003024.jpg,0,oral_scc,oral_scc,মুখের ক্যানসারের মতো পরিবর্তন (OSC সন্দেহ),urgent
oral_1_003025.jpg,1,oral_normal,oral_normal,স্বাভাবিক মুখের ভেতর,routine
oral_0_003026.jpg,0,oral_scc,oral_scc,মুখের ক্যানসারের মতো পরিবর্তন (OSC সন্দেহ),urgent
oral_1_003027.jpg,1,oral_normal,oral_normal,স্বাভাবিক মুখের ভেতর,routine
oral_1_003028.jpg,1,oral_normal,oral_normal,স্বাভাবিক মুখের ভেতর,routine
oral_0_003029.jpg,0,oral_scc,oral_scc,মুখের ক্যানসারের মতো পরিবর্তন (OSC সন্দেহ),urgent
oral_1_003030.jpg,1,oral_normal,oral_normal,স্বাভাবিক মুখের ভেতর,routine
oral_1_003031.jpg,1,oral_normal,oral_normal,স্বাভাবিক মুখের ভেতর,routine
oral_0_003032.jpg,0,oral_scc,oral_scc,মুখের ক্যানসারের মতো পরিবর্তন (OSC সন্দেহ),urgent
oral_0_003033.jpg,0,oral_scc,oral_scc,মুখের ক্যানসারের মতো পরিবর্তন (OSC সন্দেহ),urgent
oral_1_003034.jpg,1,oral_normal,oral_normal,স্বাভাবিক মুখের ভেতর,routine
oral_0_003035.jpg,0,oral_scc,oral_scc,মুখের ক্যানসারের মতো পরিবর্তন (OSC সন্দেহ),urgent
oral_1_003036.jpg,1,oral_normal,oral_normal,স্বাভাবিক মুখের ভেতর,routine
oral_0_003037.jpg,0,oral_scc,oral_scc,মুখের ক্যানসারের মতো পরিবর্তন (OSC সন্দেহ),urgent
oral_1_003038.jpg,1,oral_normal,oral_normal,স্বাভাবিক মুখের ভেতর,routine
oral_0_003039.jpg,0,oral_scc,oral_scc,মুখের ক্যানসারের মতো পরিবর্তন (OSC সন্দেহ),urgent
oral_0_003040.jpg,0,oral_scc,oral_scc,মুখের ক্যানসারের মতো পরিবর্তন (OSC সন্দেহ),urgent
oral_0_003041.jpg,0,oral_scc,oral_scc,মুখের ক্যানসারের মতো পরিবর্তন (OSC সন্দেহ),urgent
oral_1_003042.jpg,1,oral_normal,oral_normal,স্বাভাবিক মুখের ভেতর,routine
oral_1_003043.jpg,1,oral_normal,oral_normal,স্বাভাবিক মুখের ভেতর,routine
oral_0_003044.jpg,0,oral_scc,oral_scc,মুখের ক্যানসারের মতো পরিবর্তন (OSC সন্দেহ),urgent
oral_0_003045.jpg,0,oral_scc,oral_scc,মুখের ক্যানসারের মতো পরিবর্তন (OSC সন্দেহ),urgent
oral_0_003046.jpg,0,oral_scc,oral_scc,মুখের ক্যানসারের মতো পরিবর্তন (OSC সন্দেহ),urgent
oral_1_003047.jpg,1,oral_normal,oral_normal,স্বাভাবিক মুখের ভেতর,routine
oral_0_003048.jpg,0,oral_scc,oral_scc,মুখের ক্যানসারের মতো পরিবর্তন (OSC সন্দেহ),urgent
oral_0_003049.jpg,0,oral_scc,oral_scc,মুখের ক্যানসারের মতো পরিবর্তন (OSC সন্দেহ),urgent
oral_1_003050.jpg,1,oral_normal,oral_normal,স্বাভাবিক মুখের ভেতর,routine
oral_1_003051.jpg,1,oral_normal,oral_normal,স্বাভাবিক মুখের ভেতর,routine
oral_1_003052.jpg,1,oral_normal,oral_normal,স্বাভাবিক মুখের ভেতর,routine
oral_0_003053.jpg,0,oral_scc,oral_scc,মুখের ক্যানসারের মতো পরিবর্তন (OSC সন্দেহ),urgent
oral_1_003054.jpg,1,oral_normal,oral_normal,স্বাভাবিক মুখের ভেতর,routine
oral_1_003055.jpg,1,oral_normal,oral_normal,স্বাভাবিক মুখের ভেতর,routine
oral_1_003056.jpg,1,oral_normal,oral_normal,স্বাভাবিক মুখের ভেতর,routine
oral_0_003057.jpg,0,oral_scc,oral_scc,মুখের ক্যানসারের মতো পরিবর্তন (OSC সন্দেহ),urgent
oral_0_003058.jpg,0,oral_scc,oral_scc,মুখের ক্যানসারের মতো পরিবর্তন (OSC সন্দেহ),urgent
oral_1_003059.jpg,1,oral_normal,oral_normal,স্বাভাবিক মুখের ভেতর,routine
oral_0_003060.jpg,0,oral_scc,oral_scc,মুখের ক্যানসারের মতো পরিবর্তন (OSC সন্দেহ),urgent
oral_1_003061.jpg,1,oral_normal,oral_normal,স্বাভাবিক মুখের ভেতর,routine
oral_0_003062.jpg,0,oral_scc,oral_scc,মুখের ক্যানসারের মতো পরিবর্তন (OSC সন্দেহ),urgent
oral_0_003063.jpg,0,oral_scc,oral_scc,মুখের ক্যানসারের মতো পরিবর্তন (OSC সন্দেহ),urgent
oral_0_003064.jpg,0,oral_scc,oral_scc,মুখের ক্যানসারের মতো পরিবর্তন (OSC সন্দেহ),urgent
oral_1_003065.jpg,1,oral_normal,oral_normal,স্বাভাবিক মুখের ভেতর,routine
oral_0_003066.jpg,0,oral_scc,oral_scc,মুখের ক্যানসারের মতো পরিবর্তন (OSC সন্দেহ),urgent
oral_0_003067.jpg,0,oral_scc,oral_scc,মুখের ক্যানসারের মতো পরিবর্তন (OSC সন্দেহ),urgent
oral_0_003068.jpg,0,oral_scc,oral_scc,মুখের ক্যানসারের মতো পরিবর্তন (OSC সন্দেহ),urgent
oral_1_003069.jpg,1,oral_normal,oral_normal,স্বাভাবিক মুখের ভেতর,routine
oral_0_003070.jpg,0,oral_scc,oral_scc,মুখের ক্যানসারের মতো পরিবর্তন (OSC সন্দেহ),urgent
oral_1_003071.jpg,1,oral_normal,oral_normal,স্বাভাবিক মুখের ভেতর,routine
oral_0_003072.jpg,0,oral_scc,oral_scc,মুখের ক্যানসারের মতো পরিবর্তন (OSC সন্দেহ),urgent
oral_1_003073.jpg,1,oral_normal,oral_normal,স্বাভাবিক মুখের ভেতর,routine
oral_0_003074.jpg,0,oral_scc,oral_scc,মুখের ক্যানসারের মতো পরিবর্তন (OSC সন্দেহ),urgent
oral_1_003075.jpg,1,oral_normal,oral_normal,স্বাভাবিক মুখের ভেতর,routine
oral_1_003076.jpg,1,oral_normal,oral_normal,স্বাভাবিক মুখের ভেতর,routine
oral_0_003077.jpg,0,oral_scc,oral_scc,মুখের ক্যানসারের মতো পরিবর্তন (OSC সন্দেহ),urgent
oral_0_003078.jpg,0,oral_scc,oral_scc,মুখের ক্যানসারের মতো পরিবর্তন (OSC সন্দেহ),urgent
oral_0_003079.jpg,0,oral_scc,oral_scc,মুখের ক্যানসারের মতো পরিবর্তন (OSC সন্দেহ),urgent
oral_0_003080.jpg,0,oral_scc,oral_scc,মুখের ক্যানসারের মতো পরিবর্তন (OSC সন্দেহ),urgent
oral_0_003081.jpg,0,oral_scc,oral_scc,মুখের ক্যানসারের মতো পরিবর্তন (OSC সন্দেহ),urgent
oral_0_003082.jpg,0,oral_scc,oral_scc,মুখের ক্যানসারের মতো পরিবর্তন (OSC সন্দেহ),urgent
oral_1_003083.jpg,1,oral_normal,oral_normal,স্বাভাবিক মুখের ভেতর,routine
oral_0_003084.jpg,0,oral_scc,oral_scc,মুখের ক্যানসারের মতো পরিবর্তন (OSC সন্দেহ),urgent
oral_0_003085.jpg,0,oral_scc,oral_scc,মুখের ক্যানসারের মতো পরিবর্তন (OSC সন্দেহ),urgent
oral_1_003086.jpg,1,oral_normal,oral_normal,স্বাভাবিক মুখের ভেতর,routine
oral_0_003087.jpg,0,oral_scc,oral_scc,মুখের ক্যানসারের মতো পরিবর্তন (OSC সন্দেহ),urgent
oral_1_003088.jpg,1,oral_normal,oral_normal,স্বাভাবিক মুখের ভেতর,routine
oral_1_003089.jpg,1,oral_normal,oral_normal,স্বাভাবিক মুখের ভেতর,routine
oral_0_003090.jpg,0,oral_scc,oral_scc,মুখের ক্যানসারের মতো পরিবর্তন (OSC সন্দেহ),urgent
oral_0_003091.jpg,0,oral_scc,oral_scc,মুখের ক্যানসারের মতো পরিবর্তন (OSC সন্দেহ),urgent
oral_0_003092.jpg,0,oral_scc,oral_scc,মুখের ক্যানসারের মতো পরিবর্তন (OSC সন্দেহ),urgent
oral_1_003093.jpg,1,oral_normal,oral_normal,স্বাভাবিক মুখের ভেতর,routine
oral_1_003094.jpg,1,oral_normal,oral_normal,স্বাভাবিক মুখের ভেতর,routine
oral_0_003095.jpg,0,oral_scc,oral_scc,মুখের ক্যানসারের মতো পরিবর্তন (OSC সন্দেহ),urgent
oral_0_003096.jpg,0,oral_scc,oral_scc,মুখের ক্যানসারের মতো পরিবর্তন (OSC সন্দেহ),urgent
oral_0_003097.jpg,0,oral_scc,oral_scc,মুখের ক্যানসারের মতো পরিবর্তন (OSC সন্দেহ),urgent
oral_0_003098.jpg,0,oral_scc,oral_scc,মুখের ক্যানসারের মতো পরিবর্তন (OSC সন্দেহ),urgent
oral_1_003099.jpg,1,oral_normal,oral_normal,স্বাভাবিক মুখের ভেতর,routine
oral_0_003100.jpg,0,oral_scc,oral_scc,মুখের ক্যানসারের মতো পরিবর্তন (OSC সন্দেহ),urgent
oral_0_003101.jpg,0,oral_scc,oral_scc,মুখের ক্যানসারের মতো পরিবর্তন (OSC সন্দেহ),urgent
oral_1_003102.jpg,1,oral_normal,oral_normal,স্বাভাবিক মুখের ভেতর,routine
oral_1_003103.jpg,1,oral_normal,oral_normal,স্বাভাবিক মুখের ভেতর,routine
oral_1_003104.jpg,1,oral_normal,oral_normal,স্বাভাবিক মুখের ভেতর,routine
oral_0_003105.jpg,0,oral_scc,oral_scc,মুখের ক্যানসারের মতো পরিবর্তন (OSC সন্দেহ),urgent
oral_1_003106.jpg,1,oral_normal,oral_normal,স্বাভাবিক মুখের ভেতর,routine
oral_0_003107.jpg,0,oral_scc,oral_scc,মুখের ক্যানসারের মতো পরিবর্তন (OSC সন্দেহ),urgent
oral_1_003108.jpg,1,oral_normal,oral_normal,স্বাভাবিক মুখের ভেতর,routine
oral_1_003109.jpg,1,oral_normal,oral_normal,স্বাভাবিক মুখের ভেতর,routine
oral_1_003110.jpg,1,oral_normal,oral_normal,স্বাভাবিক মুখের ভেতর,routine
oral_1_003111.jpg,1,oral_normal,oral_normal,স্বাভাবিক মুখের ভেতর,routine
oral_1_003112.jpg,1,oral_normal,oral_normal,স্বাভাবিক মুখের ভেতর,routine
oral_1_003113.jpg,1,oral_normal,oral_normal,স্বাভাবিক মুখের ভেতর,routine
oral_1_003114.jpg,1,oral_normal,oral_normal,স্বাভাবিক মুখের ভেতর,routine
oral_0_003115.jpg,0,oral_scc,oral_scc,মুখের ক্যানসারের মতো পরিবর্তন (OSC সন্দেহ),urgent
oral_1_003116.jpg,1,oral_normal,oral_normal,স্বাভাবিক মুখের ভেতর,routine
oral_0_003117.jpg,0,oral_scc,oral_scc,মুখের ক্যানসারের মতো পরিবর্তন (OSC সন্দেহ),urgent
oral_1_003118.jpg,1,oral_normal,oral_normal,স্বাভাবিক মুখের ভেতর,routine
oral_0_003119.jpg,0,oral_scc,oral_scc,মুখের ক্যানসারের মতো পরিবর্তন (OSC সন্দেহ),urgent
oral_0_003120.jpg,0,oral_scc,oral_scc,মুখের ক্যানসারের মতো পরিবর্তন (OSC সন্দেহ),urgent
oral_0_003121.jpg,0,oral_scc,oral_scc,মুখের ক্যানসারের মতো পরিবর্তন (OSC সন্দেহ),urgent
oral_0_003122.jpg,0,oral_scc,oral_scc,মুখের ক্যানসারের মতো পরিবর্তন (OSC সন্দেহ),urgent
oral_1_003123.jpg,1,oral_normal,oral_normal,স্বাভাবিক মুখের ভেতর,routine
oral_1_003124.jpg,1,oral_normal,oral_normal,স্বাভাবিক মুখের ভেতর,routine
oral_0_003125.jpg,0,oral_scc,oral_scc,মুখের ক্যানসারের মতো পরিবর্তন (OSC সন্দেহ),urgent
oral_0_003126.jpg,0,oral_scc,oral_scc,মুখের ক্যানসারের মতো পরিবর্তন (OSC সন্দেহ),urgent
oral_1_003127.jpg,1,oral_normal,oral_normal,স্বাভাবিক মুখের ভেতর,routine
oral_1_003128.jpg,1,oral_normal,oral_normal,স্বাভাবিক মুখের ভেতর,routine
oral_0_003129.jpg,0,oral_scc,oral_scc,মুখের ক্যানসারের মতো পরিবর্তন (OSC সন্দেহ),urgent
oral_1_003130.jpg,1,oral_normal,oral_normal,স্বাভাবিক মুখের ভেতর,routine
oral_1_003131.jpg,1,oral_normal,oral_normal,স্বাভাবিক মুখের ভেতর,routine
oral_1_003132.jpg,1,oral_normal,oral_normal,স্বাভাবিক মুখের ভেতর,routine
oral_0_003133.jpg,0,oral_scc,oral_scc,মুখের ক্যানসারের মতো পরিবর্তন (OSC সন্দেহ),urgent
oral_1_003134.jpg,1,oral_normal,oral_normal,স্বাভাবিক মুখের ভেতর,routine
oral_1_003135.jpg,1,oral_normal,oral_normal,স্বাভাবিক মুখের ভেতর,routine
oral_0_003136.jpg,0,oral_scc,oral_scc,মুখের ক্যানসারের মতো পরিবর্তন (OSC সন্দেহ),urgent
oral_0_003137.jpg,0,oral_scc,oral_scc,মুখের ক্যানসারের মতো পরিবর্তন (OSC সন্দেহ),urgent
oral_1_003138.jpg,1,oral_normal,oral_normal,স্বাভাবিক মুখের ভেতর,routine
oral_0_003139.jpg,0,oral_scc,oral_scc,মুখের ক্যানসারের মতো পরিবর্তন (OSC সন্দেহ),urgent
oral_1_003140.jpg,1,oral_normal,oral_normal,স্বাভাবিক মুখের ভেতর,routine
oral_1_003141.jpg,1,oral_normal,oral_normal,স্বাভাবিক মুখের ভেতর,routine
oral_0_003142.jpg,0,oral_scc,oral_scc,মুখের ক্যানসারের মতো পরিবর্তন (OSC সন্দেহ),urgent
oral_0_003143.jpg,0,oral_scc,oral_scc,মুখের ক্যানসারের মতো পরিবর্তন (OSC সন্দেহ),urgent
oral_0_003144.jpg,0,oral_scc,oral_scc,মুখের ক্যানসারের মতো পরিবর্তন (OSC সন্দেহ),urgent
oral_1_003145.jpg,1,oral_normal,oral_normal,স্বাভাবিক মুখের ভেতর,routine
oral_0_003146.jpg,0,oral_scc,oral_scc,মুখের ক্যানসারের মতো পরিবর্তন (OSC সন্দেহ),urgent
oral_0_003147.jpg,0,oral_scc,oral_scc,মুখের ক্যানসারের মতো পরিবর্তন (OSC সন্দেহ),urgent
oral_0_003148.jpg,0,oral_scc,oral_scc,মুখের ক্যানসারের মতো পরিবর্তন (OSC সন্দেহ),urgent
oral_1_003149.jpg,1,oral_normal,oral_normal,স্বাভাবিক মুখের ভেতর,routine
oral_0_003150.jpg,0,oral_scc,oral_scc,মুখের ক্যানসারের মতো পরিবর্তন (OSC সন্দেহ),urgent
oral_1_003151.jpg,1,oral_normal,oral_normal,স্বাভাবিক মুখের ভেতর,routine
oral_1_003152.jpg,1,oral_normal,oral_normal,স্বাভাবিক মুখের ভেতর,routine
oral_0_003153.jpg,0,oral_scc,oral_scc,মুখের ক্যানসারের মতো পরিবর্তন (OSC সন্দেহ),urgent
oral_1_003154.jpg,1,oral_normal,oral_normal,স্বাভাবিক মুখের ভেতর,routine
oral_0_003155.jpg,0,oral_scc,oral_scc,মুখের ক্যানসারের মতো পরিবর্তন (OSC সন্দেহ),urgent
oral_1_003156.jpg,1,oral_normal,oral_normal,স্বাভাবিক মুখের ভেতর,routine
oral_0_003157.jpg,0,oral_scc,oral_scc,মুখের ক্যানসারের মতো পরিবর্তন (OSC সন্দেহ),urgent
oral_0_003158.jpg,0,oral_scc,oral_scc,মুখের ক্যানসারের মতো পরিবর্তন (OSC সন্দেহ),urgent
oral_0_003159.jpg,0,oral_scc,oral_scc,মুখের ক্যানসারের মতো পরিবর্তন (OSC সন্দেহ),urgent
oral_0_003160.jpg,0,oral_scc,oral_scc,মুখের ক্যানসারের মতো পরিবর্তন (OSC সন্দেহ),urgent
oral_1_003161.jpg,1,oral_normal,oral_normal,স্বাভাবিক মুখের ভেতর,routine
oral_0_003162.jpg,0,oral_scc,oral_scc,মুখের ক্যানসারের মতো পরিবর্তন (OSC সন্দেহ),urgent
oral_1_003163.jpg,1,oral_normal,oral_normal,স্বাভাবিক মুখের ভেতর,routine
oral_1_003164.jpg,1,oral_normal,oral_normal,স্বাভাবিক মুখের ভেতর,routine
oral_1_003165.jpg,1,oral_normal,oral_normal,স্বাভাবিক মুখের ভেতর,routine
oral_1_003166.jpg,1,oral_normal,oral_normal,স্বাভাবিক মুখের ভেতর,routine
oral_1_003167.jpg,1,oral_normal,oral_normal,স্বাভাবিক মুখের ভেতর,routine
oral_0_003168.jpg,0,oral_scc,oral_scc,মুখের ক্যানসারের মতো পরিবর্তন (OSC সন্দেহ),urgent
oral_0_003169.jpg,0,oral_scc,oral_scc,মুখের ক্যানসারের মতো পরিবর্তন (OSC সন্দেহ),urgent
oral_0_003170.jpg,0,oral_scc,oral_scc,মুখের ক্যানসারের মতো পরিবর্তন (OSC সন্দেহ),urgent
oral_1_003171.jpg,1,oral_normal,oral_normal,স্বাভাবিক মুখের ভেতর,routine
oral_1_003172.jpg,1,oral_normal,oral_normal,স্বাভাবিক মুখের ভেতর,routine
oral_1_003173.jpg,1,oral_normal,oral_normal,স্বাভাবিক মুখের ভেতর,routine
oral_0_003174.jpg,0,oral_scc,oral_scc,মুখের ক্যানসারের মতো পরিবর্তন (OSC সন্দেহ),urgent
oral_0_003175.jpg,0,oral_scc,oral_scc,মুখের ক্যানসারের মতো পরিবর্তন (OSC সন্দেহ),urgent
oral_0_003176.jpg,0,oral_scc,oral_scc,মুখের ক্যানসারের মতো পরিবর্তন (OSC সন্দেহ),urgent
oral_1_003177.jpg,1,oral_normal,oral_normal,স্বাভাবিক মুখের ভেতর,routine
oral_1_003178.jpg,1,oral_normal,oral_normal,স্বাভাবিক মুখের ভেতর,routine
oral_0_003179.jpg,0,oral_scc,oral_scc,মুখের ক্যানসারের মতো পরিবর্তন (OSC সন্দেহ),urgent
oral_1_003180.jpg,1,oral_normal,oral_normal,স্বাভাবিক মুখের ভেতর,routine
oral_0_003181.jpg,0,oral_scc,oral_scc,মুখের ক্যানসারের মতো পরিবর্তন (OSC সন্দেহ),urgent
oral_1_003182.jpg,1,oral_normal,oral_normal,স্বাভাবিক মুখের ভেতর,routine
oral_0_003183.jpg,0,oral_scc,oral_scc,মুখের ক্যানসারের মতো পরিবর্তন (OSC সন্দেহ),urgent
oral_1_003184.jpg,1,oral_normal,oral_normal,স্বাভাবিক মুখের ভেতর,routine
oral_1_003185.jpg,1,oral_normal,oral_normal,স্বাভাবিক মুখের ভেতর,routine
oral_1_003186.jpg,1,oral_normal,oral_normal,স্বাভাবিক মুখের ভেতর,routine
oral_0_003187.jpg,0,oral_scc,oral_scc,মুখের ক্যানসারের মতো পরিবর্তন (OSC সন্দেহ),urgent
oral_0_003188.jpg,0,oral_scc,oral_scc,মুখের ক্যানসারের মতো পরিবর্তন (OSC সন্দেহ),urgent
oral_1_003189.jpg,1,oral_normal,oral_normal,স্বাভাবিক মুখের ভেতর,routine
oral_0_003190.jpg,0,oral_scc,oral_scc,মুখের ক্যানসারের মতো পরিবর্তন (OSC সন্দেহ),urgent
oral_1_003191.jpg,1,oral_normal,oral_normal,স্বাভাবিক মুখের ভেতর,routine
oral_1_003192.jpg,1,oral_normal,oral_normal,স্বাভাবিক মুখের ভেতর,routine
oral_1_003193.jpg,1,oral_normal,oral_normal,স্বাভাবিক মুখের ভেতর,routine
oral_1_003194.jpg,1,oral_normal,oral_normal,স্বাভাবিক মুখের ভেতর,routine
oral_0_003195.jpg,0,oral_scc,oral_scc,মুখের ক্যানসারের মতো পরিবর্তন (OSC সন্দেহ),urgent
oral_0_003196.jpg,0,oral_scc,oral_scc,মুখের ক্যানসারের মতো পরিবর্তন (OSC সন্দেহ),urgent
oral_1_003197.jpg,1,oral_normal,oral_normal,স্বাভাবিক মুখের ভেতর,routine
oral_1_003198.jpg,1,oral_normal,oral_normal,স্বাভাবিক মুখের ভেতর,routine
oral_1_003199.jpg,1,oral_normal,oral_normal,স্বাভাবিক মুখের ভেতর,routine
oral_0_003200.jpg,0,oral_scc,oral_scc,মুখের ক্যানসারের মতো পরিবর্তন (OSC সন্দেহ),urgent
oral_0_003201.jpg,0,oral_scc,oral_scc,মুখের ক্যানসারের মতো পরিবর্তন (OSC সন্দেহ),urgent
oral_0_003202.jpg,0,oral_scc,oral_scc,মুখের ক্যানসারের মতো পরিবর্তন (OSC সন্দেহ),urgent
oral_0_003203.jpg,0,oral_scc,oral_scc,মুখের ক্যানসারের মতো পরিবর্তন (OSC সন্দেহ),urgent
oral_0_003204.jpg,0,oral_scc,oral_scc,মুখের ক্যানসারের মতো পরিবর্তন (OSC সন্দেহ),urgent
oral_1_003205.jpg,1,oral_normal,oral_normal,স্বাভাবিক মুখের ভেতর,routine
oral_1_003206.jpg,1,oral_normal,oral_normal,স্বাভাবিক মুখের ভেতর,routine
oral_0_003207.jpg,0,oral_scc,oral_scc,মুখের ক্যানসারের মতো পরিবর্তন (OSC সন্দেহ),urgent
oral_0_003208.jpg,0,oral_scc,oral_scc,মুখের ক্যানসারের মতো পরিবর্তন (OSC সন্দেহ),urgent
oral_0_003209.jpg,0,oral_scc,oral_scc,মুখের ক্যানসারের মতো পরিবর্তন (OSC সন্দেহ),urgent
oral_0_003210.jpg,0,oral_scc,oral_scc,মুখের ক্যানসারের মতো পরিবর্তন (OSC সন্দেহ),urgent
oral_0_003211.jpg,0,oral_scc,oral_scc,মুখের ক্যানসারের মতো পরিবর্তন (OSC সন্দেহ),urgent
oral_1_003212.jpg,1,oral_normal,oral_normal,স্বাভাবিক মুখের ভেতর,routine
oral_0_003213.jpg,0,oral_scc,oral_scc,মুখের ক্যানসারের মতো পরিবর্তন (OSC সন্দেহ),urgent
oral_1_003214.jpg,1,oral_normal,oral_normal,স্বাভাবিক মুখের ভেতর,routine
oral_1_003215.jpg,1,oral_normal,oral_normal,স্বাভাবিক মুখের ভেতর,routine
oral_0_003216.jpg,0,oral_scc,oral_scc,মুখের ক্যানসারের মতো পরিবর্তন (OSC সন্দেহ),urgent
oral_1_003217.jpg,1,oral_normal,oral_normal,স্বাভাবিক মুখের ভেতর,routine
oral_1_003218.jpg,1,oral_normal,oral_normal,স্বাভাবিক মুখের ভেতর,routine
oral_0_003219.jpg,0,oral_scc,oral_scc,মুখের ক্যানসারের মতো পরিবর্তন (OSC সন্দেহ),urgent
oral_0_003220.jpg,0,oral_scc,oral_scc,মুখের ক্যানসারের মতো পরিবর্তন (OSC সন্দেহ),urgent
oral_0_003221.jpg,0,oral_scc,oral_scc,মুখের ক্যানসারের মতো পরিবর্তন (OSC সন্দেহ),urgent
oral_1_003222.jpg,1,oral_normal,oral_normal,স্বাভাবিক মুখের ভেতর,routine
oral_0_003223.jpg,0,oral_scc,oral_scc,মুখের ক্যানসারের মতো পরিবর্তন (OSC সন্দেহ),urgent
oral_0_003224.jpg,0,oral_scc,oral_scc,মুখের ক্যানসারের মতো পরিবর্তন (OSC সন্দেহ),urgent
oral_0_003225.jpg,0,oral_scc,oral_scc,মুখের ক্যানসারের মতো পরিবর্তন (OSC সন্দেহ),urgent
oral_1_003226.jpg,1,oral_normal,oral_normal,স্বাভাবিক মুখের ভেতর,routine
oral_1_003227.jpg,1,oral_normal,oral_normal,স্বাভাবিক মুখের ভেতর,routine
oral_0_003228.jpg,0,oral_scc,oral_scc,মুখের ক্যানসারের মতো পরিবর্তন (OSC সন্দেহ),urgent
oral_0_003229.jpg,0,oral_scc,oral_scc,মুখের ক্যানসারের মতো পরিবর্তন (OSC সন্দেহ),urgent
oral_0_003230.jpg,0,oral_scc,oral_scc,মুখের ক্যানসারের মতো পরিবর্তন (OSC সন্দেহ),urgent
oral_0_003231.jpg,0,oral_scc,oral_scc,মুখের ক্যানসারের মতো পরিবর্তন (OSC সন্দেহ),urgent
oral_1_003232.jpg,1,oral_normal,oral_normal,স্বাভাবিক মুখের ভেতর,routine
oral_0_003233.jpg,0,oral_scc,oral_scc,মুখের ক্যানসারের মতো পরিবর্তন (OSC সন্দেহ),urgent
oral_0_003234.jpg,0,oral_scc,oral_scc,মুখের ক্যানসারের মতো পরিবর্তন (OSC সন্দেহ),urgent
oral_1_003235.jpg,1,oral_normal,oral_normal,স্বাভাবিক মুখের ভেতর,routine
oral_1_003236.jpg,1,oral_normal,oral_normal,স্বাভাবিক মুখের ভেতর,routine
oral_0_003237.jpg,0,oral_scc,oral_scc,মুখের ক্যানসারের মতো পরিবর্তন (OSC সন্দেহ),urgent
oral_1_003238.jpg,1,oral_normal,oral_normal,স্বাভাবিক মুখের ভেতর,routine
oral_0_003239.jpg,0,oral_scc,oral_scc,মুখের ক্যানসারের মতো পরিবর্তন (OSC সন্দেহ),urgent
oral_1_003240.jpg,1,oral_normal,oral_normal,স্বাভাবিক মুখের ভেতর,routine
oral_0_003241.jpg,0,oral_scc,oral_scc,মুখের ক্যানসারের মতো পরিবর্তন (OSC সন্দেহ),urgent
oral_0_003242.jpg,0,oral_scc,oral_scc,মুখের ক্যানসারের মতো পরিবর্তন (OSC সন্দেহ),urgent
oral_0_003243.jpg,0,oral_scc,oral_scc,মুখের ক্যানসারের মতো পরিবর্তন (OSC সন্দেহ),urgent
oral_0_003244.jpg,0,oral_scc,oral_scc,মুখের ক্যানসারের মতো পরিবর্তন (OSC সন্দেহ),urgent
oral_0_003245.jpg,0,oral_scc,oral_scc,মুখের ক্যানসারের মতো পরিবর্তন (OSC সন্দেহ),urgent
oral_0_003246.jpg,0,oral_scc,oral_scc,মুখের ক্যানসারের মতো পরিবর্তন (OSC সন্দেহ),urgent
oral_0_003247.jpg,0,oral_scc,oral_scc,মুখের ক্যানসারের মতো পরিবর্তন (OSC সন্দেহ),urgent
oral_0_003248.jpg,0,oral_scc,oral_scc,মুখের ক্যানসারের মতো পরিবর্তন (OSC সন্দেহ),urgent
oral_0_003249.jpg,0,oral_scc,oral_scc,মুখের ক্যানসারের মতো পরিবর্তন (OSC সন্দেহ),urgent
oral_1_003250.jpg,1,oral_normal,oral_normal,স্বাভাবিক মুখের ভেতর,routine
oral_1_003251.jpg,1,oral_normal,oral_normal,স্বাভাবিক মুখের ভেতর,routine
oral_1_003252.jpg,1,oral_normal,oral_normal,স্বাভাবিক মুখের ভেতর,routine
oral_0_003253.jpg,0,oral_scc,oral_scc,মুখের ক্যানসারের মতো পরিবর্তন (OSC সন্দেহ),urgent
oral_1_003254.jpg,1,oral_normal,oral_normal,স্বাভাবিক মুখের ভেতর,routine
oral_1_003255.jpg,1,oral_normal,oral_normal,স্বাভাবিক মুখের ভেতর,routine
oral_1_003256.jpg,1,oral_normal,oral_normal,স্বাভাবিক মুখের ভেতর,routine
oral_0_003257.jpg,0,oral_scc,oral_scc,মুখের ক্যানসারের মতো পরিবর্তন (OSC সন্দেহ),urgent
oral_0_003258.jpg,0,oral_scc,oral_scc,মুখের ক্যানসারের মতো পরিবর্তন (OSC সন্দেহ),urgent
oral_1_003259.jpg,1,oral_normal,oral_normal,স্বাভাবিক মুখের ভেতর,routine
oral_0_003260.jpg,0,oral_scc,oral_scc,মুখের ক্যানসারের মতো পরিবর্তন (OSC সন্দেহ),urgent
oral_0_003261.jpg,0,oral_scc,oral_scc,মুখের ক্যানসারের মতো পরিবর্তন (OSC সন্দেহ),urgent
oral_1_003262.jpg,1,oral_normal,oral_normal,স্বাভাবিক মুখের ভেতর,routine
oral_1_003263.jpg,1,oral_normal,oral_normal,স্বাভাবিক মুখের ভেতর,routine
oral_0_003264.jpg,0,oral_scc,oral_scc,মুখের ক্যানসারের মতো পরিবর্তন (OSC সন্দেহ),urgent
oral_1_003265.jpg,1,oral_normal,oral_normal,স্বাভাবিক মুখের ভেতর,routine
oral_1_003266.jpg,1,oral_normal,oral_normal,স্বাভাবিক মুখের ভেতর,routine
oral_0_003267.jpg,0,oral_scc,oral_scc,মুখের ক্যানসারের মতো পরিবর্তন (OSC সন্দেহ),urgent
oral_0_003268.jpg,0,oral_scc,oral_scc,মুখের ক্যানসারের মতো পরিবর্তন (OSC সন্দেহ),urgent
oral_1_003269.jpg,1,oral_normal,oral_normal,স্বাভাবিক মুখের ভেতর,routine
oral_0_003270.jpg,0,oral_scc,oral_scc,মুখের ক্যানসারের মতো পরিবর্তন (OSC সন্দেহ),urgent
oral_0_003271.jpg,0,oral_scc,oral_scc,মুখের ক্যানসারের মতো পরিবর্তন (OSC সন্দেহ),urgent
oral_1_003272.jpg,1,oral_normal,oral_normal,স্বাভাবিক মুখের ভেতর,routine
oral_1_003273.jpg,1,oral_normal,oral_normal,স্বাভাবিক মুখের ভেতর,routine
oral_1_003274.jpg,1,oral_normal,oral_normal,স্বাভাবিক মুখের ভেতর,routine
oral_0_003275.jpg,0,oral_scc,oral_scc,মুখের ক্যানসারের মতো পরিবর্তন (OSC সন্দেহ),urgent
oral_1_003276.jpg,1,oral_normal,oral_normal,স্বাভাবিক মুখের ভেতর,routine
oral_1_003277.jpg,1,oral_normal,oral_normal,স্বাভাবিক মুখের ভেতর,routine
oral_1_003278.jpg,1,oral_normal,oral_normal,স্বাভাবিক মুখের ভেতর,routine
oral_1_003279.jpg,1,oral_normal,oral_normal,স্বাভাবিক মুখের ভেতর,routine
oral_0_003280.jpg,0,oral_scc,oral_scc,মুখের ক্যানসারের মতো পরিবর্তন (OSC সন্দেহ),urgent
oral_0_003281.jpg,0,oral_scc,oral_scc,মুখের ক্যানসারের মতো পরিবর্তন (OSC সন্দেহ),urgent
oral_1_003282.jpg,1,oral_normal,oral_normal,স্বাভাবিক মুখের ভেতর,routine
oral_0_003283.jpg,0,oral_scc,oral_scc,মুখের ক্যানসারের মতো পরিবর্তন (OSC সন্দেহ),urgent
oral_1_003284.jpg,1,oral_normal,oral_normal,স্বাভাবিক মুখের ভেতর,routine
oral_0_003285.jpg,0,oral_scc,oral_scc,মুখের ক্যানসারের মতো পরিবর্তন (OSC সন্দেহ),urgent
oral_0_003286.jpg,0,oral_scc,oral_scc,মুখের ক্যানসারের মতো পরিবর্তন (OSC সন্দেহ),urgent
oral_1_003287.jpg,1,oral_normal,oral_normal,স্বাভাবিক মুখের ভেতর,routine
oral_1_003288.jpg,1,oral_normal,oral_normal,স্বাভাবিক মুখের ভেতর,routine
oral_0_003289.jpg,0,oral_scc,oral_scc,মুখের ক্যানসারের মতো পরিবর্তন (OSC সন্দেহ),urgent
oral_0_003290.jpg,0,oral_scc,oral_scc,মুখের ক্যানসারের মতো পরিবর্তন (OSC সন্দেহ),urgent
oral_0_003291.jpg,0,oral_scc,oral_scc,মুখের ক্যানসারের মতো পরিবর্তন (OSC সন্দেহ),urgent
oral_0_003292.jpg,0,oral_scc,oral_scc,মুখের ক্যানসারের মতো পরিবর্তন (OSC সন্দেহ),urgent
oral_1_003293.jpg,1,oral_normal,oral_normal,স্বাভাবিক মুখের ভেতর,routine
oral_1_003294.jpg,1,oral_normal,oral_normal,স্বাভাবিক মুখের ভেতর,routine
oral_1_003295.jpg,1,oral_normal,oral_normal,স্বাভাবিক মুখের ভেতর,routine
oral_0_003296.jpg,0,oral_scc,oral_scc,মুখের ক্যানসারের মতো পরিবর্তন (OSC সন্দেহ),urgent
oral_0_003297.jpg,0,oral_scc,oral_scc,মুখের ক্যানসারের মতো পরিবর্তন (OSC সন্দেহ),urgent
oral_0_003298.jpg,0,oral_scc,oral_scc,মুখের ক্যানসারের মতো পরিবর্তন (OSC সন্দেহ),urgent
oral_1_003299.jpg,1,oral_normal,oral_normal,স্বাভাবিক মুখের ভেতর,routine
oral_1_003300.jpg,1,oral_normal,oral_normal,স্বাভাবিক মুখের ভেতর,routine
oral_0_003301.jpg,0,oral_scc,oral_scc,মুখের ক্যানসারের মতো পরিবর্তন (OSC সন্দেহ),urgent
oral_0_003302.jpg,0,oral_scc,oral_scc,মুখের ক্যানসারের মতো পরিবর্তন (OSC সন্দেহ),urgent
oral_0_003303.jpg,0,oral_scc,oral_scc,মুখের ক্যানসারের মতো পরিবর্তন (OSC সন্দেহ),urgent
oral_1_003304.jpg,1,oral_normal,oral_normal,স্বাভাবিক মুখের ভেতর,routine
oral_0_003305.jpg,0,oral_scc,oral_scc,মুখের ক্যানসারের মতো পরিবর্তন (OSC সন্দেহ),urgent
oral_0_003306.jpg,0,oral_scc,oral_scc,মুখের ক্যানসারের মতো পরিবর্তন (OSC সন্দেহ),urgent
oral_0_003307.jpg,0,oral_scc,oral_scc,মুখের ক্যানসারের মতো পরিবর্তন (OSC সন্দেহ),urgent
oral_0_003308.jpg,0,oral_scc,oral_scc,মুখের ক্যানসারের মতো পরিবর্তন (OSC সন্দেহ),urgent
oral_1_003309.jpg,1,oral_normal,oral_normal,স্বাভাবিক মুখের ভেতর,routine
oral_1_003310.jpg,1,oral_normal,oral_normal,স্বাভাবিক মুখের ভেতর,routine
oral_0_003311.jpg,0,oral_scc,oral_scc,মুখের ক্যানসারের মতো পরিবর্তন (OSC সন্দেহ),urgent
oral_1_003312.jpg,1,oral_normal,oral_normal,স্বাভাবিক মুখের ভেতর,routine
oral_1_003313.jpg,1,oral_normal,oral_normal,স্বাভাবিক মুখের ভেতর,routine
oral_1_003314.jpg,1,oral_normal,oral_normal,স্বাভাবিক মুখের ভেতর,routine
oral_1_003315.jpg,1,oral_normal,oral_normal,স্বাভাবিক মুখের ভেতর,routine
oral_0_003316.jpg,0,oral_scc,oral_scc,মুখের ক্যানসারের মতো পরিবর্তন (OSC সন্দেহ),urgent
oral_0_003317.jpg,0,oral_scc,oral_scc,মুখের ক্যানসারের মতো পরিবর্তন (OSC সন্দেহ),urgent
oral_1_003318.jpg,1,oral_normal,oral_normal,স্বাভাবিক মুখের ভেতর,routine
oral_1_003319.jpg,1,oral_normal,oral_normal,স্বাভাবিক মুখের ভেতর,routine
oral_1_003320.jpg,1,oral_normal,oral_normal,স্বাভাবিক মুখের ভেতর,routine
oral_1_003321.jpg,1,oral_normal,oral_normal,স্বাভাবিক মুখের ভেতর,routine
oral_0_003322.jpg,0,oral_scc,oral_scc,মুখের ক্যানসারের মতো পরিবর্তন (OSC সন্দেহ),urgent
oral_0_003323.jpg,0,oral_scc,oral_scc,মুখের ক্যানসারের মতো পরিবর্তন (OSC সন্দেহ),urgent
oral_0_003324.jpg,0,oral_scc,oral_scc,মুখের ক্যানসারের মতো পরিবর্তন (OSC সন্দেহ),urgent
oral_0_003325.jpg,0,oral_scc,oral_scc,মুখের ক্যানসারের মতো পরিবর্তন (OSC সন্দেহ),urgent
oral_0_003326.jpg,0,oral_scc,oral_scc,মুখের ক্যানসারের মতো পরিবর্তন (OSC সন্দেহ),urgent
oral_0_003327.jpg,0,oral_scc,oral_scc,মুখের ক্যানসারের মতো পরিবর্তন (OSC সন্দেহ),urgent
oral_1_003328.jpg,1,oral_normal,oral_normal,স্বাভাবিক মুখের ভেতর,routine
oral_1_003329.jpg,1,oral_normal,oral_normal,স্বাভাবিক মুখের ভেতর,routine
oral_0_003330.jpg,0,oral_scc,oral_scc,মুখের ক্যানসারের মতো পরিবর্তন (OSC সন্দেহ),urgent
oral_0_003331.jpg,0,oral_scc,oral_scc,মুখের ক্যানসারের মতো পরিবর্তন (OSC সন্দেহ),urgent
oral_1_003332.jpg,1,oral_normal,oral_normal,স্বাভাবিক মুখের ভেতর,routine
oral_1_003333.jpg,1,oral_normal,oral_normal,স্বাভাবিক মুখের ভেতর,routine
oral_0_003334.jpg,0,oral_scc,oral_scc,মুখের ক্যানসারের মতো পরিবর্তন (OSC সন্দেহ),urgent
oral_0_003335.jpg,0,oral_scc,oral_scc,মুখের ক্যানসারের মতো পরিবর্তন (OSC সন্দেহ),urgent
oral_0_003336.jpg,0,oral_scc,oral_scc,মুখের ক্যানসারের মতো পরিবর্তন (OSC সন্দেহ),urgent
oral_1_003337.jpg,1,oral_normal,oral_normal,স্বাভাবিক মুখের ভেতর,routine
oral_1_003338.jpg,1,oral_normal,oral_normal,স্বাভাবিক মুখের ভেতর,routine
oral_0_003339.jpg,0,oral_scc,oral_scc,মুখের ক্যানসারের মতো পরিবর্তন (OSC সন্দেহ),urgent
oral_0_003340.jpg,0,oral_scc,oral_scc,মুখের ক্যানসারের মতো পরিবর্তন (OSC সন্দেহ),urgent
oral_0_003341.jpg,0,oral_scc,oral_scc,মুখের ক্যানসারের মতো পরিবর্তন (OSC সন্দেহ),urgent
oral_0_003342.jpg,0,oral_scc,oral_scc,মুখের ক্যানসারের মতো পরিবর্তন (OSC সন্দেহ),urgent
oral_0_003343.jpg,0,oral_scc,oral_scc,মুখের ক্যানসারের মতো পরিবর্তন (OSC সন্দেহ),urgent
oral_1_003344.jpg,1,oral_normal,oral_normal,স্বাভাবিক মুখের ভেতর,routine
oral_1_003345.jpg,1,oral_normal,oral_normal,স্বাভাবিক মুখের ভেতর,routine
oral_0_003346.jpg,0,oral_scc,oral_scc,মুখের ক্যানসারের মতো পরিবর্তন (OSC সন্দেহ),urgent
oral_1_003347.jpg,1,oral_normal,oral_normal,স্বাভাবিক মুখের ভেতর,routine
oral_0_003348.jpg,0,oral_scc,oral_scc,মুখের ক্যানসারের মতো পরিবর্তন (OSC সন্দেহ),urgent
oral_1_003349.jpg,1,oral_normal,oral_normal,স্বাভাবিক মুখের ভেতর,routine
oral_0_003350.jpg,0,oral_scc,oral_scc,মুখের ক্যানসারের মতো পরিবর্তন (OSC সন্দেহ),urgent
oral_1_003351.jpg,1,oral_normal,oral_normal,স্বাভাবিক মুখের ভেতর,routine
oral_1_003352.jpg,1,oral_normal,oral_normal,স্বাভাবিক মুখের ভেতর,routine
oral_1_003353.jpg,1,oral_normal,oral_normal,স্বাভাবিক মুখের ভেতর,routine
oral_0_003354.jpg,0,oral_scc,oral_scc,মুখের ক্যানসারের মতো পরিবর্তন (OSC সন্দেহ),urgent
oral_0_003355.jpg,0,oral_scc,oral_scc,মুখের ক্যানসারের মতো পরিবর্তন (OSC সন্দেহ),urgent
oral_1_003356.jpg,1,oral_normal,oral_normal,স্বাভাবিক মুখের ভেতর,routine
oral_1_003357.jpg,1,oral_normal,oral_normal,স্বাভাবিক মুখের ভেতর,routine
oral_0_003358.jpg,0,oral_scc,oral_scc,মুখের ক্যানসারের মতো পরিবর্তন (OSC সন্দেহ),urgent
oral_1_003359.jpg,1,oral_normal,oral_normal,স্বাভাবিক মুখের ভেতর,routine
oral_1_003360.jpg,1,oral_normal,oral_normal,স্বাভাবিক মুখের ভেতর,routine
oral_1_003361.jpg,1,oral_normal,oral_normal,স্বাভাবিক মুখের ভেতর,routine
oral_0_003362.jpg,0,oral_scc,oral_scc,মুখের ক্যানসারের মতো পরিবর্তন (OSC সন্দেহ),urgent
oral_0_003363.jpg,0,oral_scc,oral_scc,মুখের ক্যানসারের মতো পরিবর্তন (OSC সন্দেহ),urgent
oral_1_003364.jpg,1,oral_normal,oral_normal,স্বাভাবিক মুখের ভেতর,routine
oral_0_003365.jpg,0,oral_scc,oral_scc,মুখের ক্যানসারের মতো পরিবর্তন (OSC সন্দেহ),urgent
oral_1_003366.jpg,1,oral_normal,oral_normal,স্বাভাবিক মুখের ভেতর,routine
oral_0_003367.jpg,0,oral_scc,oral_scc,মুখের ক্যানসারের মতো পরিবর্তন (OSC সন্দেহ),urgent
oral_1_003368.jpg,1,oral_normal,oral_normal,স্বাভাবিক মুখের ভেতর,routine
oral_0_003369.jpg,0,oral_scc,oral_scc,মুখের ক্যানসারের মতো পরিবর্তন (OSC সন্দেহ),urgent
oral_1_003370.jpg,1,oral_normal,oral_normal,স্বাভাবিক মুখের ভেতর,routine
oral_0_003371.jpg,0,oral_scc,oral_scc,মুখের ক্যানসারের মতো পরিবর্তন (OSC সন্দেহ),urgent
oral_0_003372.jpg,0,oral_scc,oral_scc,মুখের ক্যানসারের মতো পরিবর্তন (OSC সন্দেহ),urgent
oral_0_003373.jpg,0,oral_scc,oral_scc,মুখের ক্যানসারের মতো পরিবর্তন (OSC সন্দেহ),urgent
oral_0_003374.jpg,0,oral_scc,oral_scc,মুখের ক্যানসারের মতো পরিবর্তন (OSC সন্দেহ),urgent
oral_1_003375.jpg,1,oral_normal,oral_normal,স্বাভাবিক মুখের ভেতর,routine
oral_1_003376.jpg,1,oral_normal,oral_normal,স্বাভাবিক মুখের ভেতর,routine
oral_1_003377.jpg,1,oral_normal,oral_normal,স্বাভাবিক মুখের ভেতর,routine
oral_0_003378.jpg,0,oral_scc,oral_scc,মুখের ক্যানসারের মতো পরিবর্তন (OSC সন্দেহ),urgent
oral_0_003379.jpg,0,oral_scc,oral_scc,মুখের ক্যানসারের মতো পরিবর্তন (OSC সন্দেহ),urgent
oral_0_003380.jpg,0,oral_scc,oral_scc,মুখের ক্যানসারের মতো পরিবর্তন (OSC সন্দেহ),urgent
oral_1_003381.jpg,1,oral_normal,oral_normal,স্বাভাবিক মুখের ভেতর,routine
oral_0_003382.jpg,0,oral_scc,oral_scc,মুখের ক্যানসারের মতো পরিবর্তন (OSC সন্দেহ),urgent
oral_1_003383.jpg,1,oral_normal,oral_normal,স্বাভাবিক মুখের ভেতর,routine
oral_0_003384.jpg,0,oral_scc,oral_scc,মুখের ক্যানসারের মতো পরিবর্তন (OSC সন্দেহ),urgent
oral_1_003385.jpg,1,oral_normal,oral_normal,স্বাভাবিক মুখের ভেতর,routine
oral_0_003386.jpg,0,oral_scc,oral_scc,মুখের ক্যানসারের মতো পরিবর্তন (OSC সন্দেহ),urgent
oral_1_003387.jpg,1,oral_normal,oral_normal,স্বাভাবিক মুখের ভেতর,routine
oral_1_003388.jpg,1,oral_normal,oral_normal,স্বাভাবিক মুখের ভেতর,routine
oral_0_003389.jpg,0,oral_scc,oral_scc,মুখের ক্যানসারের মতো পরিবর্তন (OSC সন্দেহ),urgent
oral_1_003390.jpg,1,oral_normal,oral_normal,স্বাভাবিক মুখের ভেতর,routine
oral_0_003391.jpg,0,oral_scc,oral_scc,মুখের ক্যানসারের মতো পরিবর্তন (OSC সন্দেহ),urgent
oral_0_003392.jpg,0,oral_scc,oral_scc,মুখের ক্যানসারের মতো পরিবর্তন (OSC সন্দেহ),urgent
oral_1_003393.jpg,1,oral_normal,oral_normal,স্বাভাবিক মুখের ভেতর,routine
oral_1_003394.jpg,1,oral_normal,oral_normal,স্বাভাবিক মুখের ভেতর,routine
oral_1_003395.jpg,1,oral_normal,oral_normal,স্বাভাবিক মুখের ভেতর,routine
oral_1_003396.jpg,1,oral_normal,oral_normal,স্বাভাবিক মুখের ভেতর,routine
oral_1_003397.jpg,1,oral_normal,oral_normal,স্বাভাবিক মুখের ভেতর,routine
oral_1_003398.jpg,1,oral_normal,oral_normal,স্বাভাবিক মুখের ভেতর,routine
oral_0_003399.jpg,0,oral_scc,oral_scc,মুখের ক্যানসারের মতো পরিবর্তন (OSC সন্দেহ),urgent
oral_0_003400.jpg,0,oral_scc,oral_scc,মুখের ক্যানসারের মতো পরিবর্তন (OSC সন্দেহ),urgent
oral_0_003401.jpg,0,oral_scc,oral_scc,মুখের ক্যানসারের মতো পরিবর্তন (OSC সন্দেহ),urgent
oral_1_003402.jpg,1,oral_normal,oral_normal,স্বাভাবিক মুখের ভেতর,routine
oral_0_003403.jpg,0,oral_scc,oral_scc,মুখের ক্যানসারের মতো পরিবর্তন (OSC সন্দেহ),urgent
oral_1_003404.jpg,1,oral_normal,oral_normal,স্বাভাবিক মুখের ভেতর,routine
oral_1_003405.jpg,1,oral_normal,oral_normal,স্বাভাবিক মুখের ভেতর,routine
oral_0_003406.jpg,0,oral_scc,oral_scc,মুখের ক্যানসারের মতো পরিবর্তন (OSC সন্দেহ),urgent
oral_1_003407.jpg,1,oral_normal,oral_normal,স্বাভাবিক মুখের ভেতর,routine
oral_1_003408.jpg,1,oral_normal,oral_normal,স্বাভাবিক মুখের ভেতর,routine
oral_1_003409.jpg,1,oral_normal,oral_normal,স্বাভাবিক মুখের ভেতর,routine
oral_1_003410.jpg,1,oral_normal,oral_normal,স্বাভাবিক মুখের ভেতর,routine
oral_1_003411.jpg,1,oral_normal,oral_normal,স্বাভাবিক মুখের ভেতর,routine
oral_1_003412.jpg,1,oral_normal,oral_normal,স্বাভাবিক মুখের ভেতর,routine
oral_1_003413.jpg,1,oral_normal,oral_normal,স্বাভাবিক মুখের ভেতর,routine
oral_0_003414.jpg,0,oral_scc,oral_scc,মুখের ক্যানসারের মতো পরিবর্তন (OSC সন্দেহ),urgent
oral_0_003415.jpg,0,oral_scc,oral_scc,মুখের ক্যানসারের মতো পরিবর্তন (OSC সন্দেহ),urgent
oral_0_003416.jpg,0,oral_scc,oral_scc,মুখের ক্যানসারের মতো পরিবর্তন (OSC সন্দেহ),urgent
oral_1_003417.jpg,1,oral_normal,oral_normal,স্বাভাবিক মুখের ভেতর,routine
oral_1_003418.jpg,1,oral_normal,oral_normal,স্বাভাবিক মুখের ভেতর,routine
oral_1_003419.jpg,1,oral_normal,oral_normal,স্বাভাবিক মুখের ভেতর,routine
oral_0_003420.jpg,0,oral_scc,oral_scc,মুখের ক্যানসারের মতো পরিবর্তন (OSC সন্দেহ),urgent
oral_0_003421.jpg,0,oral_scc,oral_scc,মুখের ক্যানসারের মতো পরিবর্তন (OSC সন্দেহ),urgent
oral_0_003422.jpg,0,oral_scc,oral_scc,মুখের ক্যানসারের মতো পরিবর্তন (OSC সন্দেহ),urgent
oral_1_003423.jpg,1,oral_normal,oral_normal,স্বাভাবিক মুখের ভেতর,routine
oral_0_003424.jpg,0,oral_scc,oral_scc,মুখের ক্যানসারের মতো পরিবর্তন (OSC সন্দেহ),urgent
oral_1_003425.jpg,1,oral_normal,oral_normal,স্বাভাবিক মুখের ভেতর,routine
oral_0_003426.jpg,0,oral_scc,oral_scc,মুখের ক্যানসারের মতো পরিবর্তন (OSC সন্দেহ),urgent
oral_1_003427.jpg,1,oral_normal,oral_normal,স্বাভাবিক মুখের ভেতর,routine
oral_1_003428.jpg,1,oral_normal,oral_normal,স্বাভাবিক মুখের ভেতর,routine
oral_1_003429.jpg,1,oral_normal,oral_normal,স্বাভাবিক মুখের ভেতর,routine
oral_1_003430.jpg,1,oral_normal,oral_normal,স্বাভাবিক মুখের ভেতর,routine
oral_1_003431.jpg,1,oral_normal,oral_normal,স্বাভাবিক মুখের ভেতর,routine
oral_0_003432.jpg,0,oral_scc,oral_scc,মুখের ক্যানসারের মতো পরিবর্তন (OSC সন্দেহ),urgent
oral_1_003433.jpg,1,oral_normal,oral_normal,স্বাভাবিক মুখের ভেতর,routine
oral_0_003434.jpg,0,oral_scc,oral_scc,মুখের ক্যানসারের মতো পরিবর্তন (OSC সন্দেহ),urgent
oral_0_003435.jpg,0,oral_scc,oral_scc,মুখের ক্যানসারের মতো পরিবর্তন (OSC সন্দেহ),urgent
oral_1_003436.jpg,1,oral_normal,oral_normal,স্বাভাবিক মুখের ভেতর,routine
oral_0_003437.jpg,0,oral_scc,oral_scc,মুখের ক্যানসারের মতো পরিবর্তন (OSC সন্দেহ),urgent
oral_1_003438.jpg,1,oral_normal,oral_normal,স্বাভাবিক মুখের ভেতর,routine
oral_1_003439.jpg,1,oral_normal,oral_normal,স্বাভাবিক মুখের ভেতর,routine
oral_1_003440.jpg,1,oral_normal,oral_normal,স্বাভাবিক মুখের ভেতর,routine
oral_1_003441.jpg,1,oral_normal,oral_normal,স্বাভাবিক মুখের ভেতর,routine
oral_1_003442.jpg,1,oral_normal,oral_normal,স্বাভাবিক মুখের ভেতর,routine
oral_0_003443.jpg,0,oral_scc,oral_scc,মুখের ক্যানসারের মতো পরিবর্তন (OSC সন্দেহ),urgent
oral_1_003444.jpg,1,oral_normal,oral_normal,স্বাভাবিক মুখের ভেতর,routine
oral_1_003445.jpg,1,oral_normal,oral_normal,স্বাভাবিক মুখের ভেতর,routine
oral_1_003446.jpg,1,oral_normal,oral_normal,স্বাভাবিক মুখের ভেতর,routine
oral_0_003447.jpg,0,oral_scc,oral_scc,মুখের ক্যানসারের মতো পরিবর্তন (OSC সন্দেহ),urgent
oral_0_003448.jpg,0,oral_scc,oral_scc,মুখের ক্যানসারের মতো পরিবর্তন (OSC সন্দেহ),urgent
oral_1_003449.jpg,1,oral_normal,oral_normal,স্বাভাবিক মুখের ভেতর,routine
oral_1_003450.jpg,1,oral_normal,oral_normal,স্বাভাবিক মুখের ভেতর,routine
oral_1_003451.jpg,1,oral_normal,oral_normal,স্বাভাবিক মুখের ভেতর,routine
oral_0_003452.jpg,0,oral_scc,oral_scc,মুখের ক্যানসারের মতো পরিবর্তন (OSC সন্দেহ),urgent
oral_1_003453.jpg,1,oral_normal,oral_normal,স্বাভাবিক মুখের ভেতর,routine
oral_0_003454.jpg,0,oral_scc,oral_scc,মুখের ক্যানসারের মতো পরিবর্তন (OSC সন্দেহ),urgent
oral_1_003455.jpg,1,oral_normal,oral_normal,স্বাভাবিক মুখের ভেতর,routine
oral_1_003456.jpg,1,oral_normal,oral_normal,স্বাভাবিক মুখের ভেতর,routine
oral_1_003457.jpg,1,oral_normal,oral_normal,স্বাভাবিক মুখের ভেতর,routine
oral_1_003458.jpg,1,oral_normal,oral_normal,স্বাভাবিক মুখের ভেতর,routine
oral_1_003459.jpg,1,oral_normal,oral_normal,স্বাভাবিক মুখের ভেতর,routine
oral_1_003460.jpg,1,oral_normal,oral_normal,স্বাভাবিক মুখের ভেতর,routine
oral_1_003461.jpg,1,oral_normal,oral_normal,স্বাভাবিক মুখের ভেতর,routine
oral_1_003462.jpg,1,oral_normal,oral_normal,স্বাভাবিক মুখের ভেতর,routine
oral_0_003463.jpg,0,oral_scc,oral_scc,মুখের ক্যানসারের মতো পরিবর্তন (OSC সন্দেহ),urgent
oral_0_003464.jpg,0,oral_scc,oral_scc,মুখের ক্যানসারের মতো পরিবর্তন (OSC সন্দেহ),urgent
oral_0_003465.jpg,0,oral_scc,oral_scc,মুখের ক্যানসারের মতো পরিবর্তন (OSC সন্দেহ),urgent
oral_1_003466.jpg,1,oral_normal,oral_normal,স্বাভাবিক মুখের ভেতর,routine
oral_1_003467.jpg,1,oral_normal,oral_normal,স্বাভাবিক মুখের ভেতর,routine
oral_1_003468.jpg,1,oral_normal,oral_normal,স্বাভাবিক মুখের ভেতর,routine
oral_1_003469.jpg,1,oral_normal,oral_normal,স্বাভাবিক মুখের ভেতর,routine
oral_1_003470.jpg,1,oral_normal,oral_normal,স্বাভাবিক মুখের ভেতর,routine
oral_1_003471.jpg,1,oral_normal,oral_normal,স্বাভাবিক মুখের ভেতর,routine
oral_0_003472.jpg,0,oral_scc,oral_scc,মুখের ক্যানসারের মতো পরিবর্তন (OSC সন্দেহ),urgent
oral_0_003473.jpg,0,oral_scc,oral_scc,মুখের ক্যানসারের মতো পরিবর্তন (OSC সন্দেহ),urgent
oral_1_003474.jpg,1,oral_normal,oral_normal,স্বাভাবিক মুখের ভেতর,routine
oral_0_003475.jpg,0,oral_scc,oral_scc,মুখের ক্যানসারের মতো পরিবর্তন (OSC সন্দেহ),urgent
oral_1_003476.jpg,1,oral_normal,oral_normal,স্বাভাবিক মুখের ভেতর,routine
oral_0_003477.jpg,0,oral_scc,oral_scc,মুখের ক্যানসারের মতো পরিবর্তন (OSC সন্দেহ),urgent
oral_0_003478.jpg,0,oral_scc,oral_scc,মুখের ক্যানসারের মতো পরিবর্তন (OSC সন্দেহ),urgent
oral_0_003479.jpg,0,oral_scc,oral_scc,মুখের ক্যানসারের মতো পরিবর্তন (OSC সন্দেহ),urgent
oral_1_003480.jpg,1,oral_normal,oral_normal,স্বাভাবিক মুখের ভেতর,routine
oral_0_003481.jpg,0,oral_scc,oral_scc,মুখের ক্যানসারের মতো পরিবর্তন (OSC সন্দেহ),urgent
oral_0_003482.jpg,0,oral_scc,oral_scc,মুখের ক্যানসারের মতো পরিবর্তন (OSC সন্দেহ),urgent
oral_1_003483.jpg,1,oral_normal,oral_normal,স্বাভাবিক মুখের ভেতর,routine
oral_0_003484.jpg,0,oral_scc,oral_scc,মুখের ক্যানসারের মতো পরিবর্তন (OSC সন্দেহ),urgent
oral_0_003485.jpg,0,oral_scc,oral_scc,মুখের ক্যানসারের মতো পরিবর্তন (OSC সন্দেহ),urgent
oral_1_003486.jpg,1,oral_normal,oral_normal,স্বাভাবিক মুখের ভেতর,routine
oral_0_003487.jpg,0,oral_scc,oral_scc,মুখের ক্যানসারের মতো পরিবর্তন (OSC সন্দেহ),urgent
oral_1_003488.jpg,1,oral_normal,oral_normal,স্বাভাবিক মুখের ভেতর,routine
oral_0_003489.jpg,0,oral_scc,oral_scc,মুখের ক্যানসারের মতো পরিবর্তন (OSC সন্দেহ),urgent
oral_0_003490.jpg,0,oral_scc,oral_scc,মুখের ক্যানসারের মতো পরিবর্তন (OSC সন্দেহ),urgent
oral_1_003491.jpg,1,oral_normal,oral_normal,স্বাভাবিক মুখের ভেতর,routine
oral_1_003492.jpg,1,oral_normal,oral_normal,স্বাভাবিক মুখের ভেতর,routine
oral_1_003493.jpg,1,oral_normal,oral_normal,স্বাভাবিক মুখের ভেতর,routine
oral_0_003494.jpg,0,oral_scc,oral_scc,মুখের ক্যানসারের মতো পরিবর্তন (OSC সন্দেহ),urgent
oral_0_003495.jpg,0,oral_scc,oral_scc,মুখের ক্যানসারের মতো পরিবর্তন (OSC সন্দেহ),urgent
oral_0_003496.jpg,0,oral_scc,oral_scc,মুখের ক্যানসারের মতো পরিবর্তন (OSC সন্দেহ),urgent
oral_0_003497.jpg,0,oral_scc,oral_scc,মুখের ক্যানসারের মতো পরিবর্তন (OSC সন্দেহ),urgent
oral_1_003498.jpg,1,oral_normal,oral_normal,স্বাভাবিক মুখের ভেতর,routine
oral_1_003499.jpg,1,oral_normal,oral_normal,স্বাভাবিক মুখের ভেতর,routine
oral_1_003500.jpg,1,oral_normal,oral_normal,স্বাভাবিক মুখের ভেতর,routine
oral_0_003501.jpg,0,oral_scc,oral_scc,মুখের ক্যানসারের মতো পরিবর্তন (OSC সন্দেহ),urgent
oral_1_003502.jpg,1,oral_normal,oral_normal,স্বাভাবিক মুখের ভেতর,routine
oral_1_003503.jpg,1,oral_normal,oral_normal,স্বাভাবিক মুখের ভেতর,routine
oral_1_003504.jpg,1,oral_normal,oral_normal,স্বাভাবিক মুখের ভেতর,routine
oral_0_003505.jpg,0,oral_scc,oral_scc,মুখের ক্যানসারের মতো পরিবর্তন (OSC সন্দেহ),urgent
oral_0_003506.jpg,0,oral_scc,oral_scc,মুখের ক্যানসারের মতো পরিবর্তন (OSC সন্দেহ),urgent
oral_1_003507.jpg,1,oral_normal,oral_normal,স্বাভাবিক মুখের ভেতর,routine
oral_1_003508.jpg,1,oral_normal,oral_normal,স্বাভাবিক মুখের ভেতর,routine
oral_0_003509.jpg,0,oral_scc,oral_scc,মুখের ক্যানসারের মতো পরিবর্তন (OSC সন্দেহ),urgent
oral_0_003510.jpg,0,oral_scc,oral_scc,মুখের ক্যানসারের মতো পরিবর্তন (OSC সন্দেহ),urgent
oral_1_003511.jpg,1,oral_normal,oral_normal,স্বাভাবিক মুখের ভেতর,routine
oral_0_003512.jpg,0,oral_scc,oral_scc,মুখের ক্যানসারের মতো পরিবর্তন (OSC সন্দেহ),urgent
oral_1_003513.jpg,1,oral_normal,oral_normal,স্বাভাবিক মুখের ভেতর,routine
oral_1_003514.jpg,1,oral_normal,oral_normal,স্বাভাবিক মুখের ভেতর,routine
oral_1_003515.jpg,1,oral_normal,oral_normal,স্বাভাবিক মুখের ভেতর,routine
oral_0_003516.jpg,0,oral_scc,oral_scc,মুখের ক্যানসারের মতো পরিবর্তন (OSC সন্দেহ),urgent
oral_1_003517.jpg,1,oral_normal,oral_normal,স্বাভাবিক মুখের ভেতর,routine
oral_0_003518.jpg,0,oral_scc,oral_scc,মুখের ক্যানসারের মতো পরিবর্তন (OSC সন্দেহ),urgent
oral_0_003519.jpg,0,oral_scc,oral_scc,মুখের ক্যানসারের মতো পরিবর্তন (OSC সন্দেহ),urgent
oral_0_003520.jpg,0,oral_scc,oral_scc,মুখের ক্যানসারের মতো পরিবর্তন (OSC সন্দেহ),urgent
oral_1_003521.jpg,1,oral_normal,oral_normal,স্বাভাবিক মুখের ভেতর,routine
oral_0_003522.jpg,0,oral_scc,oral_scc,মুখের ক্যানসারের মতো পরিবর্তন (OSC সন্দেহ),urgent
oral_1_003523.jpg,1,oral_normal,oral_normal,স্বাভাবিক মুখের ভেতর,routine
oral_0_003524.jpg,0,oral_scc,oral_scc,মুখের ক্যানসারের মতো পরিবর্তন (OSC সন্দেহ),urgent
oral_1_003525.jpg,1,oral_normal,oral_normal,স্বাভাবিক মুখের ভেতর,routine
oral_0_003526.jpg,0,oral_scc,oral_scc,মুখের ক্যানসারের মতো পরিবর্তন (OSC সন্দেহ),urgent
oral_1_003527.jpg,1,oral_normal,oral_normal,স্বাভাবিক মুখের ভেতর,routine
oral_1_003528.jpg,1,oral_normal,oral_normal,স্বাভাবিক মুখের ভেতর,routine
oral_1_003529.jpg,1,oral_normal,oral_normal,স্বাভাবিক মুখের ভেতর,routine
oral_0_003530.jpg,0,oral_scc,oral_scc,মুখের ক্যানসারের মতো পরিবর্তন (OSC সন্দেহ),urgent
oral_1_003531.jpg,1,oral_normal,oral_normal,স্বাভাবিক মুখের ভেতর,routine
oral_0_003532.jpg,0,oral_scc,oral_scc,মুখের ক্যানসারের মতো পরিবর্তন (OSC সন্দেহ),urgent
oral_1_003533.jpg,1,oral_normal,oral_normal,স্বাভাবিক মুখের ভেতর,routine
oral_1_003534.jpg,1,oral_normal,oral_normal,স্বাভাবিক মুখের ভেতর,routine
oral_0_003535.jpg,0,oral_scc,oral_scc,মুখের ক্যানসারের মতো পরিবর্তন (OSC সন্দেহ),urgent
oral_1_003536.jpg,1,oral_normal,oral_normal,স্বাভাবিক মুখের ভেতর,routine
oral_0_003537.jpg,0,oral_scc,oral_scc,মুখের ক্যানসারের মতো পরিবর্তন (OSC সন্দেহ),urgent
oral_1_003538.jpg,1,oral_normal,oral_normal,স্বাভাবিক মুখের ভেতর,routine
oral_0_003539.jpg,0,oral_scc,oral_scc,মুখের ক্যানসারের মতো পরিবর্তন (OSC সন্দেহ),urgent
oral_1_003540.jpg,1,oral_normal,oral_normal,স্বাভাবিক মুখের ভেতর,routine
oral_0_003541.jpg,0,oral_scc,oral_scc,মুখের ক্যানসারের মতো পরিবর্তন (OSC সন্দেহ),urgent
oral_1_003542.jpg,1,oral_normal,oral_normal,স্বাভাবিক মুখের ভেতর,routine
oral_1_003543.jpg,1,oral_normal,oral_normal,স্বাভাবিক মুখের ভেতর,routine
oral_0_003544.jpg,0,oral_scc,oral_scc,মুখের ক্যানসারের মতো পরিবর্তন (OSC সন্দেহ),urgent
oral_0_003545.jpg,0,oral_scc,oral_scc,মুখের ক্যানসারের মতো পরিবর্তন (OSC সন্দেহ),urgent
oral_1_003546.jpg,1,oral_normal,oral_normal,স্বাভাবিক মুখের ভেতর,routine
oral_0_003547.jpg,0,oral_scc,oral_scc,মুখের ক্যানসারের মতো পরিবর্তন (OSC সন্দেহ),urgent
oral_0_003548.jpg,0,oral_scc,oral_scc,মুখের ক্যানসারের মতো পরিবর্তন (OSC সন্দেহ),urgent
oral_0_003549.jpg,0,oral_scc,oral_scc,মুখের ক্যানসারের মতো পরিবর্তন (OSC সন্দেহ),urgent
oral_1_003550.jpg,1,oral_normal,oral_normal,স্বাভাবিক মুখের ভেতর,routine
oral_1_003551.jpg,1,oral_normal,oral_normal,স্বাভাবিক মুখের ভেতর,routine
oral_1_003552.jpg,1,oral_normal,oral_normal,স্বাভাবিক মুখের ভেতর,routine
oral_0_003553.jpg,0,oral_scc,oral_scc,মুখের ক্যানসারের মতো পরিবর্তন (OSC সন্দেহ),urgent
oral_0_003554.jpg,0,oral_scc,oral_scc,মুখের ক্যানসারের মতো পরিবর্তন (OSC সন্দেহ),urgent
oral_0_003555.jpg,0,oral_scc,oral_scc,মুখের ক্যানসারের মতো পরিবর্তন (OSC সন্দেহ),urgent
oral_1_003556.jpg,1,oral_normal,oral_normal,স্বাভাবিক মুখের ভেতর,routine
oral_0_003557.jpg,0,oral_scc,oral_scc,মুখের ক্যানসারের মতো পরিবর্তন (OSC সন্দেহ),urgent
oral_0_003558.jpg,0,oral_scc,oral_scc,মুখের ক্যানসারের মতো পরিবর্তন (OSC সন্দেহ),urgent
oral_0_003559.jpg,0,oral_scc,oral_scc,মুখের ক্যানসারের মতো পরিবর্তন (OSC সন্দেহ),urgent
oral_1_003560.jpg,1,oral_normal,oral_normal,স্বাভাবিক মুখের ভেতর,routine
oral_0_003561.jpg,0,oral_scc,oral_scc,মুখের ক্যানসারের মতো পরিবর্তন (OSC সন্দেহ),urgent
oral_0_003562.jpg,0,oral_scc,oral_scc,মুখের ক্যানসারের মতো পরিবর্তন (OSC সন্দেহ),urgent
oral_0_003563.jpg,0,oral_scc,oral_scc,মুখের ক্যানসারের মতো পরিবর্তন (OSC সন্দেহ),urgent
oral_0_003564.jpg,0,oral_scc,oral_scc,মুখের ক্যানসারের মতো পরিবর্তন (OSC সন্দেহ),urgent
oral_0_003565.jpg,0,oral_scc,oral_scc,মুখের ক্যানসারের মতো পরিবর্তন (OSC সন্দেহ),urgent
oral_1_003566.jpg,1,oral_normal,oral_normal,স্বাভাবিক মুখের ভেতর,routine
oral_0_003567.jpg,0,oral_scc,oral_scc,মুখের ক্যানসারের মতো পরিবর্তন (OSC সন্দেহ),urgent
oral_0_003568.jpg,0,oral_scc,oral_scc,মুখের ক্যানসারের মতো পরিবর্তন (OSC সন্দেহ),urgent
oral_1_003569.jpg,1,oral_normal,oral_normal,স্বাভাবিক মুখের ভেতর,routine
oral_0_003570.jpg,0,oral_scc,oral_scc,মুখের ক্যানসারের মতো পরিবর্তন (OSC সন্দেহ),urgent
oral_0_003571.jpg,0,oral_scc,oral_scc,মুখের ক্যানসারের মতো পরিবর্তন (OSC সন্দেহ),urgent
oral_1_003572.jpg,1,oral_normal,oral_normal,স্বাভাবিক মুখের ভেতর,routine
oral_1_003573.jpg,1,oral_normal,oral_normal,স্বাভাবিক মুখের ভেতর,routine
oral_1_003574.jpg,1,oral_normal,oral_normal,স্বাভাবিক মুখের ভেতর,routine
oral_0_003575.jpg,0,oral_scc,oral_scc,মুখের ক্যানসারের মতো পরিবর্তন (OSC সন্দেহ),urgent
oral_1_003576.jpg,1,oral_normal,oral_normal,স্বাভাবিক মুখের ভেতর,routine
oral_0_003577.jpg,0,oral_scc,oral_scc,মুখের ক্যানসারের মতো পরিবর্তন (OSC সন্দেহ),urgent
oral_1_003578.jpg,1,oral_normal,oral_normal,স্বাভাবিক মুখের ভেতর,routine
oral_0_003579.jpg,0,oral_scc,oral_scc,মুখের ক্যানসারের মতো পরিবর্তন (OSC সন্দেহ),urgent
oral_0_003580.jpg,0,oral_scc,oral_scc,মুখের ক্যানসারের মতো পরিবর্তন (OSC সন্দেহ),urgent
oral_1_003581.jpg,1,oral_normal,oral_normal,স্বাভাবিক মুখের ভেতর,routine
oral_1_003582.jpg,1,oral_normal,oral_normal,স্বাভাবিক মুখের ভেতর,routine
oral_0_003583.jpg,0,oral_scc,oral_scc,মুখের ক্যানসারের মতো পরিবর্তন (OSC সন্দেহ),urgent
oral_0_003584.jpg,0,oral_scc,oral_scc,মুখের ক্যানসারের মতো পরিবর্তন (OSC সন্দেহ),urgent
oral_0_003585.jpg,0,oral_scc,oral_scc,মুখের ক্যানসারের মতো পরিবর্তন (OSC সন্দেহ),urgent
oral_1_003586.jpg,1,oral_normal,oral_normal,স্বাভাবিক মুখের ভেতর,routine
oral_1_003587.jpg,1,oral_normal,oral_normal,স্বাভাবিক মুখের ভেতর,routine
oral_0_003588.jpg,0,oral_scc,oral_scc,মুখের ক্যানসারের মতো পরিবর্তন (OSC সন্দেহ),urgent
oral_1_003589.jpg,1,oral_normal,oral_normal,স্বাভাবিক মুখের ভেতর,routine
oral_0_003590.jpg,0,oral_scc,oral_scc,মুখের ক্যানসারের মতো পরিবর্তন (OSC সন্দেহ),urgent
oral_1_003591.jpg,1,oral_normal,oral_normal,স্বাভাবিক মুখের ভেতর,routine
oral_1_003592.jpg,1,oral_normal,oral_normal,স্বাভাবিক মুখের ভেতর,routine
oral_0_003593.jpg,0,oral_scc,oral_scc,মুখের ক্যানসারের মতো পরিবর্তন (OSC সন্দেহ),urgent
oral_1_003594.jpg,1,oral_normal,oral_normal,স্বাভাবিক মুখের ভেতর,routine
oral_1_003595.jpg,1,oral_normal,oral_normal,স্বাভাবিক মুখের ভেতর,routine
oral_1_003596.jpg,1,oral_normal,oral_normal,স্বাভাবিক মুখের ভেতর,routine
oral_0_003597.jpg,0,oral_scc,oral_scc,মুখের ক্যানসারের মতো পরিবর্তন (OSC সন্দেহ),urgent
oral_0_003598.jpg,0,oral_scc,oral_scc,মুখের ক্যানসারের মতো পরিবর্তন (OSC সন্দেহ),urgent
oral_1_003599.jpg,1,oral_normal,oral_normal,স্বাভাবিক মুখের ভেতর,routine
oral_0_003600.jpg,0,oral_scc,oral_scc,মুখের ক্যানসারের মতো পরিবর্তন (OSC সন্দেহ),urgent
oral_1_003601.jpg,1,oral_normal,oral_normal,স্বাভাবিক মুখের ভেতর,routine
oral_1_003602.jpg,1,oral_normal,oral_normal,স্বাভাবিক মুখের ভেতর,routine
oral_1_003603.jpg,1,oral_normal,oral_normal,স্বাভাবিক মুখের ভেতর,routine
oral_1_003604.jpg,1,oral_normal,oral_normal,স্বাভাবিক মুখের ভেতর,routine
oral_1_003605.jpg,1,oral_normal,oral_normal,স্বাভাবিক মুখের ভেতর,routine
oral_0_003606.jpg,0,oral_scc,oral_scc,মুখের ক্যানসারের মতো পরিবর্তন (OSC সন্দেহ),urgent
oral_0_003607.jpg,0,oral_scc,oral_scc,মুখের ক্যানসারের মতো পরিবর্তন (OSC সন্দেহ),urgent
oral_0_003608.jpg,0,oral_scc,oral_scc,মুখের ক্যানসারের মতো পরিবর্তন (OSC সন্দেহ),urgent
oral_0_003609.jpg,0,oral_scc,oral_scc,মুখের ক্যানসারের মতো পরিবর্তন (OSC সন্দেহ),urgent
oral_1_003610.jpg,1,oral_normal,oral_normal,স্বাভাবিক মুখের ভেতর,routine
oral_1_003611.jpg,1,oral_normal,oral_normal,স্বাভাবিক মুখের ভেতর,routine
oral_0_003612.jpg,0,oral_scc,oral_scc,মুখের ক্যানসারের মতো পরিবর্তন (OSC সন্দেহ),urgent
oral_1_003613.jpg,1,oral_normal,oral_normal,স্বাভাবিক মুখের ভেতর,routine
oral_0_003614.jpg,0,oral_scc,oral_scc,মুখের ক্যানসারের মতো পরিবর্তন (OSC সন্দেহ),urgent
oral_0_003615.jpg,0,oral_scc,oral_scc,মুখের ক্যানসারের মতো পরিবর্তন (OSC সন্দেহ),urgent
oral_0_003616.jpg,0,oral_scc,oral_scc,মুখের ক্যানসারের মতো পরিবর্তন (OSC সন্দেহ),urgent
oral_0_003617.jpg,0,oral_scc,oral_scc,মুখের ক্যানসারের মতো পরিবর্তন (OSC সন্দেহ),urgent
oral_1_003618.jpg,1,oral_normal,oral_normal,স্বাভাবিক মুখের ভেতর,routine
oral_1_003619.jpg,1,oral_normal,oral_normal,স্বাভাবিক মুখের ভেতর,routine
oral_0_003620.jpg,0,oral_scc,oral_scc,মুখের ক্যানসারের মতো পরিবর্তন (OSC সন্দেহ),urgent
oral_0_003621.jpg,0,oral_scc,oral_scc,মুখের ক্যানসারের মতো পরিবর্তন (OSC সন্দেহ),urgent
oral_1_003622.jpg,1,oral_normal,oral_normal,স্বাভাবিক মুখের ভেতর,routine
oral_0_003623.jpg,0,oral_scc,oral_scc,মুখের ক্যানসারের মতো পরিবর্তন (OSC সন্দেহ),urgent
oral_1_003624.jpg,1,oral_normal,oral_normal,স্বাভাবিক মুখের ভেতর,routine
oral_1_003625.jpg,1,oral_normal,oral_normal,স্বাভাবিক মুখের ভেতর,routine
oral_1_003626.jpg,1,oral_normal,oral_normal,স্বাভাবিক মুখের ভেতর,routine
oral_1_003627.jpg,1,oral_normal,oral_normal,স্বাভাবিক মুখের ভেতর,routine
oral_1_003628.jpg,1,oral_normal,oral_normal,স্বাভাবিক মুখের ভেতর,routine
oral_0_003629.jpg,0,oral_scc,oral_scc,মুখের ক্যানসারের মতো পরিবর্তন (OSC সন্দেহ),urgent
oral_0_003630.jpg,0,oral_scc,oral_scc,মুখের ক্যানসারের মতো পরিবর্তন (OSC সন্দেহ),urgent
oral_1_003631.jpg,1,oral_normal,oral_normal,স্বাভাবিক মুখের ভেতর,routine
oral_0_003632.jpg,0,oral_scc,oral_scc,মুখের ক্যানসারের মতো পরিবর্তন (OSC সন্দেহ),urgent
oral_1_003633.jpg,1,oral_normal,oral_normal,স্বাভাবিক মুখের ভেতর,routine
oral_1_003634.jpg,1,oral_normal,oral_normal,স্বাভাবিক মুখের ভেতর,routine
oral_0_003635.jpg,0,oral_scc,oral_scc,মুখের ক্যানসারের মতো পরিবর্তন (OSC সন্দেহ),urgent
oral_0_003636.jpg,0,oral_scc,oral_scc,মুখের ক্যানসারের মতো পরিবর্তন (OSC সন্দেহ),urgent
oral_0_003637.jpg,0,oral_scc,oral_scc,মুখের ক্যানসারের মতো পরিবর্তন (OSC সন্দেহ),urgent
oral_0_003638.jpg,0,oral_scc,oral_scc,মুখের ক্যানসারের মতো পরিবর্তন (OSC সন্দেহ),urgent
oral_0_003639.jpg,0,oral_scc,oral_scc,মুখের ক্যানসারের মতো পরিবর্তন (OSC সন্দেহ),urgent
oral_1_003640.jpg,1,oral_normal,oral_normal,স্বাভাবিক মুখের ভেতর,routine
oral_0_003641.jpg,0,oral_scc,oral_scc,মুখের ক্যানসারের মতো পরিবর্তন (OSC সন্দেহ),urgent
oral_0_003642.jpg,0,oral_scc,oral_scc,মুখের ক্যানসারের মতো পরিবর্তন (OSC সন্দেহ),urgent
oral_1_003643.jpg,1,oral_normal,oral_normal,স্বাভাবিক মুখের ভেতর,routine
oral_0_003644.jpg,0,oral_scc,oral_scc,মুখের ক্যানসারের মতো পরিবর্তন (OSC সন্দেহ),urgent
oral_0_003645.jpg,0,oral_scc,oral_scc,মুখের ক্যানসারের মতো পরিবর্তন (OSC সন্দেহ),urgent
oral_1_003646.jpg,1,oral_normal,oral_normal,স্বাভাবিক মুখের ভেতর,routine
oral_0_003647.jpg,0,oral_scc,oral_scc,মুখের ক্যানসারের মতো পরিবর্তন (OSC সন্দেহ),urgent
oral_0_003648.jpg,0,oral_scc,oral_scc,মুখের ক্যানসারের মতো পরিবর্তন (OSC সন্দেহ),urgent
oral_1_003649.jpg,1,oral_normal,oral_normal,স্বাভাবিক মুখের ভেতর,routine
oral_0_003650.jpg,0,oral_scc,oral_scc,মুখের ক্যানসারের মতো পরিবর্তন (OSC সন্দেহ),urgent
oral_1_003651.jpg,1,oral_normal,oral_normal,স্বাভাবিক মুখের ভেতর,routine
oral_0_003652.jpg,0,oral_scc,oral_scc,মুখের ক্যানসারের মতো পরিবর্তন (OSC সন্দেহ),urgent
oral_1_003653.jpg,1,oral_normal,oral_normal,স্বাভাবিক মুখের ভেতর,routine
oral_1_003654.jpg,1,oral_normal,oral_normal,স্বাভাবিক মুখের ভেতর,routine
oral_1_003655.jpg,1,oral_normal,oral_normal,স্বাভাবিক মুখের ভেতর,routine
oral_0_003656.jpg,0,oral_scc,oral_scc,মুখের ক্যানসারের মতো পরিবর্তন (OSC সন্দেহ),urgent
oral_0_003657.jpg,0,oral_scc,oral_scc,মুখের ক্যানসারের মতো পরিবর্তন (OSC সন্দেহ),urgent
oral_0_003658.jpg,0,oral_scc,oral_scc,মুখের ক্যানসারের মতো পরিবর্তন (OSC সন্দেহ),urgent
oral_1_003659.jpg,1,oral_normal,oral_normal,স্বাভাবিক মুখের ভেতর,routine
oral_0_003660.jpg,0,oral_scc,oral_scc,মুখের ক্যানসারের মতো পরিবর্তন (OSC সন্দেহ),urgent
oral_0_003661.jpg,0,oral_scc,oral_scc,মুখের ক্যানসারের মতো পরিবর্তন (OSC সন্দেহ),urgent
oral_1_003662.jpg,1,oral_normal,oral_normal,স্বাভাবিক মুখের ভেতর,routine
oral_1_003663.jpg,1,oral_normal,oral_normal,স্বাভাবিক মুখের ভেতর,routine
oral_0_003664.jpg,0,oral_scc,oral_scc,মুখের ক্যানসারের মতো পরিবর্তন (OSC সন্দেহ),urgent
oral_1_003665.jpg,1,oral_normal,oral_normal,স্বাভাবিক মুখের ভেতর,routine
oral_0_003666.jpg,0,oral_scc,oral_scc,মুখের ক্যানসারের মতো পরিবর্তন (OSC সন্দেহ),urgent
oral_0_003667.jpg,0,oral_scc,oral_scc,মুখের ক্যানসারের মতো পরিবর্তন (OSC সন্দেহ),urgent
oral_0_003668.jpg,0,oral_scc,oral_scc,মুখের ক্যানসারের মতো পরিবর্তন (OSC সন্দেহ),urgent
oral_1_003669.jpg,1,oral_normal,oral_normal,স্বাভাবিক মুখের ভেতর,routine
oral_0_003670.jpg,0,oral_scc,oral_scc,মুখের ক্যানসারের মতো পরিবর্তন (OSC সন্দেহ),urgent
oral_1_003671.jpg,1,oral_normal,oral_normal,স্বাভাবিক মুখের ভেতর,routine
oral_1_003672.jpg,1,oral_normal,oral_normal,স্বাভাবিক মুখের ভেতর,routine
oral_1_003673.jpg,1,oral_normal,oral_normal,স্বাভাবিক মুখের ভেতর,routine
oral_0_003674.jpg,0,oral_scc,oral_scc,মুখের ক্যানসারের মতো পরিবর্তন (OSC সন্দেহ),urgent
oral_1_003675.jpg,1,oral_normal,oral_normal,স্বাভাবিক মুখের ভেতর,routine
oral_0_003676.jpg,0,oral_scc,oral_scc,মুখের ক্যানসারের মতো পরিবর্তন (OSC সন্দেহ),urgent
oral_1_003677.jpg,1,oral_normal,oral_normal,স্বাভাবিক মুখের ভেতর,routine
oral_0_003678.jpg,0,oral_scc,oral_scc,মুখের ক্যানসারের মতো পরিবর্তন (OSC সন্দেহ),urgent
oral_0_003679.jpg,0,oral_scc,oral_scc,মুখের ক্যানসারের মতো পরিবর্তন (OSC সন্দেহ),urgent
oral_1_003680.jpg,1,oral_normal,oral_normal,স্বাভাবিক মুখের ভেতর,routine
oral_0_003681.jpg,0,oral_scc,oral_scc,মুখের ক্যানসারের মতো পরিবর্তন (OSC সন্দেহ),urgent
oral_0_003682.jpg,0,oral_scc,oral_scc,মুখের ক্যানসারের মতো পরিবর্তন (OSC সন্দেহ),urgent
oral_0_003683.jpg,0,oral_scc,oral_scc,মুখের ক্যানসারের মতো পরিবর্তন (OSC সন্দেহ),urgent
oral_0_003684.jpg,0,oral_scc,oral_scc,মুখের ক্যানসারের মতো পরিবর্তন (OSC সন্দেহ),urgent
oral_0_003685.jpg,0,oral_scc,oral_scc,মুখের ক্যানসারের মতো পরিবর্তন (OSC সন্দেহ),urgent
oral_1_003686.jpg,1,oral_normal,oral_normal,স্বাভাবিক মুখের ভেতর,routine
oral_0_003687.jpg,0,oral_scc,oral_scc,মুখের ক্যানসারের মতো পরিবর্তন (OSC সন্দেহ),urgent
oral_1_003688.jpg,1,oral_normal,oral_normal,স্বাভাবিক মুখের ভেতর,routine
oral_0_003689.jpg,0,oral_scc,oral_scc,মুখের ক্যানসারের মতো পরিবর্তন (OSC সন্দেহ),urgent
oral_0_003690.jpg,0,oral_scc,oral_scc,মুখের ক্যানসারের মতো পরিবর্তন (OSC সন্দেহ),urgent
oral_0_003691.jpg,0,oral_scc,oral_scc,মুখের ক্যানসারের মতো পরিবর্তন (OSC সন্দেহ),urgent
oral_1_003692.jpg,1,oral_normal,oral_normal,স্বাভাবিক মুখের ভেতর,routine
oral_1_003693.jpg,1,oral_normal,oral_normal,স্বাভাবিক মুখের ভেতর,routine
oral_1_003694.jpg,1,oral_normal,oral_normal,স্বাভাবিক মুখের ভেতর,routine
oral_1_003695.jpg,1,oral_normal,oral_normal,স্বাভাবিক মুখের ভেতর,routine
oral_1_003696.jpg,1,oral_normal,oral_normal,স্বাভাবিক মুখের ভেতর,routine
oral_0_003697.jpg,0,oral_scc,oral_scc,মুখের ক্যানসারের মতো পরিবর্তন (OSC সন্দেহ),urgent
oral_0_003698.jpg,0,oral_scc,oral_scc,মুখের ক্যানসারের মতো পরিবর্তন (OSC সন্দেহ),urgent
oral_0_003699.jpg,0,oral_scc,oral_scc,মুখের ক্যানসারের মতো পরিবর্তন (OSC সন্দেহ),urgent
oral_0_003700.jpg,0,oral_scc,oral_scc,মুখের ক্যানসারের মতো পরিবর্তন (OSC সন্দেহ),urgent
oral_1_003701.jpg,1,oral_normal,oral_normal,স্বাভাবিক মুখের ভেতর,routine
oral_1_003702.jpg,1,oral_normal,oral_normal,স্বাভাবিক মুখের ভেতর,routine
oral_0_003703.jpg,0,oral_scc,oral_scc,মুখের ক্যানসারের মতো পরিবর্তন (OSC সন্দেহ),urgent
oral_0_003704.jpg,0,oral_scc,oral_scc,মুখের ক্যানসারের মতো পরিবর্তন (OSC সন্দেহ),urgent
oral_0_003705.jpg,0,oral_scc,oral_scc,মুখের ক্যানসারের মতো পরিবর্তন (OSC সন্দেহ),urgent
oral_0_003706.jpg,0,oral_scc,oral_scc,মুখের ক্যানসারের মতো পরিবর্তন (OSC সন্দেহ),urgent
oral_1_003707.jpg,1,oral_normal,oral_normal,স্বাভাবিক মুখের ভেতর,routine
oral_0_003708.jpg,0,oral_scc,oral_scc,মুখের ক্যানসারের মতো পরিবর্তন (OSC সন্দেহ),urgent
oral_1_003709.jpg,1,oral_normal,oral_normal,স্বাভাবিক মুখের ভেতর,routine
oral_0_003710.jpg,0,oral_scc,oral_scc,মুখের ক্যানসারের মতো পরিবর্তন (OSC সন্দেহ),urgent
oral_1_003711.jpg,1,oral_normal,oral_normal,স্বাভাবিক মুখের ভেতর,routine
oral_0_003712.jpg,0,oral_scc,oral_scc,মুখের ক্যানসারের মতো পরিবর্তন (OSC সন্দেহ),urgent
oral_0_003713.jpg,0,oral_scc,oral_scc,মুখের ক্যানসারের মতো পরিবর্তন (OSC সন্দেহ),urgent
oral_1_003714.jpg,1,oral_normal,oral_normal,স্বাভাবিক মুখের ভেতর,routine
oral_1_003715.jpg,1,oral_normal,oral_normal,স্বাভাবিক মুখের ভেতর,routine
oral_1_003716.jpg,1,oral_normal,oral_normal,স্বাভাবিক মুখের ভেতর,routine
oral_1_003717.jpg,1,oral_normal,oral_normal,স্বাভাবিক মুখের ভেতর,routine
oral_0_003718.jpg,0,oral_scc,oral_scc,মুখের ক্যানসারের মতো পরিবর্তন (OSC সন্দেহ),urgent
oral_1_003719.jpg,1,oral_normal,oral_normal,স্বাভাবিক মুখের ভেতর,routine
oral_0_003720.jpg,0,oral_scc,oral_scc,মুখের ক্যানসারের মতো পরিবর্তন (OSC সন্দেহ),urgent
oral_0_003721.jpg,0,oral_scc,oral_scc,মুখের ক্যানসারের মতো পরিবর্তন (OSC সন্দেহ),urgent
oral_1_003722.jpg,1,oral_normal,oral_normal,স্বাভাবিক মুখের ভেতর,routine
oral_1_003723.jpg,1,oral_normal,oral_normal,স্বাভাবিক মুখের ভেতর,routine
oral_0_003724.jpg,0,oral_scc,oral_scc,মুখের ক্যানসারের মতো পরিবর্তন (OSC সন্দেহ),urgent
oral_1_003725.jpg,1,oral_normal,oral_normal,স্বাভাবিক মুখের ভেতর,routine
oral_0_003726.jpg,0,oral_scc,oral_scc,মুখের ক্যানসারের মতো পরিবর্তন (OSC সন্দেহ),urgent
oral_1_003727.jpg,1,oral_normal,oral_normal,স্বাভাবিক মুখের ভেতর,routine
oral_1_003728.jpg,1,oral_normal,oral_normal,স্বাভাবিক মুখের ভেতর,routine
oral_1_003729.jpg,1,oral_normal,oral_normal,স্বাভাবিক মুখের ভেতর,routine
oral_1_003730.jpg,1,oral_normal,oral_normal,স্বাভাবিক মুখের ভেতর,routine
oral_1_003731.jpg,1,oral_normal,oral_normal,স্বাভাবিক মুখের ভেতর,routine
oral_0_003732.jpg,0,oral_scc,oral_scc,মুখের ক্যানসারের মতো পরিবর্তন (OSC সন্দেহ),urgent
oral_1_003733.jpg,1,oral_normal,oral_normal,স্বাভাবিক মুখের ভেতর,routine
oral_0_003734.jpg,0,oral_scc,oral_scc,মুখের ক্যানসারের মতো পরিবর্তন (OSC সন্দেহ),urgent
oral_1_003735.jpg,1,oral_normal,oral_normal,স্বাভাবিক মুখের ভেতর,routine
oral_1_003736.jpg,1,oral_normal,oral_normal,স্বাভাবিক মুখের ভেতর,routine
oral_1_003737.jpg,1,oral_normal,oral_normal,স্বাভাবিক মুখের ভেতর,routine
oral_0_003738.jpg,0,oral_scc,oral_scc,মুখের ক্যানসারের মতো পরিবর্তন (OSC সন্দেহ),urgent
oral_1_003739.jpg,1,oral_normal,oral_normal,স্বাভাবিক মুখের ভেতর,routine
oral_1_003740.jpg,1,oral_normal,oral_normal,স্বাভাবিক মুখের ভেতর,routine
oral_0_003741.jpg,0,oral_scc,oral_scc,মুখের ক্যানসারের মতো পরিবর্তন (OSC সন্দেহ),urgent
oral_1_003742.jpg,1,oral_normal,oral_normal,স্বাভাবিক মুখের ভেতর,routine
oral_0_003743.jpg,0,oral_scc,oral_scc,মুখের ক্যানসারের মতো পরিবর্তন (OSC সন্দেহ),urgent
oral_1_003744.jpg,1,oral_normal,oral_normal,স্বাভাবিক মুখের ভেতর,routine
oral_0_003745.jpg,0,oral_scc,oral_scc,মুখের ক্যানসারের মতো পরিবর্তন (OSC সন্দেহ),urgent
oral_1_003746.jpg,1,oral_normal,oral_normal,স্বাভাবিক মুখের ভেতর,routine
oral_0_003747.jpg,0,oral_scc,oral_scc,মুখের ক্যানসারের মতো পরিবর্তন (OSC সন্দেহ),urgent
oral_1_003748.jpg,1,oral_normal,oral_normal,স্বাভাবিক মুখের ভেতর,routine
oral_0_003749.jpg,0,oral_scc,oral_scc,মুখের ক্যানসারের মতো পরিবর্তন (OSC সন্দেহ),urgent
oral_0_003750.jpg,0,oral_scc,oral_scc,মুখের ক্যানসারের মতো পরিবর্তন (OSC সন্দেহ),urgent
oral_0_003751.jpg,0,oral_scc,oral_scc,মুখের ক্যানসারের মতো পরিবর্তন (OSC সন্দেহ),urgent
oral_1_003752.jpg,1,oral_normal,oral_normal,স্বাভাবিক মুখের ভেতর,routine
oral_0_003753.jpg,0,oral_scc,oral_scc,মুখের ক্যানসারের মতো পরিবর্তন (OSC সন্দেহ),urgent
oral_1_003754.jpg,1,oral_normal,oral_normal,স্বাভাবিক মুখের ভেতর,routine
oral_1_003755.jpg,1,oral_normal,oral_normal,স্বাভাবিক মুখের ভেতর,routine
oral_1_003756.jpg,1,oral_normal,oral_normal,স্বাভাবিক মুখের ভেতর,routine
oral_1_003757.jpg,1,oral_normal,oral_normal,স্বাভাবিক মুখের ভেতর,routine
oral_0_003758.jpg,0,oral_scc,oral_scc,মুখের ক্যানসারের মতো পরিবর্তন (OSC সন্দেহ),urgent
oral_1_003759.jpg,1,oral_normal,oral_normal,স্বাভাবিক মুখের ভেতর,routine
oral_0_003760.jpg,0,oral_scc,oral_scc,মুখের ক্যানসারের মতো পরিবর্তন (OSC সন্দেহ),urgent
oral_1_003761.jpg,1,oral_normal,oral_normal,স্বাভাবিক মুখের ভেতর,routine
oral_1_003762.jpg,1,oral_normal,oral_normal,স্বাভাবিক মুখের ভেতর,routine
oral_1_003763.jpg,1,oral_normal,oral_normal,স্বাভাবিক মুখের ভেতর,routine
oral_0_003764.jpg,0,oral_scc,oral_scc,মুখের ক্যানসারের মতো পরিবর্তন (OSC সন্দেহ),urgent
oral_0_003765.jpg,0,oral_scc,oral_scc,মুখের ক্যানসারের মতো পরিবর্তন (OSC সন্দেহ),urgent
oral_0_003766.jpg,0,oral_scc,oral_scc,মুখের ক্যানসারের মতো পরিবর্তন (OSC সন্দেহ),urgent
oral_0_003767.jpg,0,oral_scc,oral_scc,মুখের ক্যানসারের মতো পরিবর্তন (OSC সন্দেহ),urgent
oral_1_003768.jpg,1,oral_normal,oral_normal,স্বাভাবিক মুখের ভেতর,routine
oral_0_003769.jpg,0,oral_scc,oral_scc,মুখের ক্যানসারের মতো পরিবর্তন (OSC সন্দেহ),urgent
oral_0_003770.jpg,0,oral_scc,oral_scc,মুখের ক্যানসারের মতো পরিবর্তন (OSC সন্দেহ),urgent
oral_1_003771.jpg,1,oral_normal,oral_normal,স্বাভাবিক মুখের ভেতর,routine
oral_1_003772.jpg,1,oral_normal,oral_normal,স্বাভাবিক মুখের ভেতর,routine
oral_1_003773.jpg,1,oral_normal,oral_normal,স্বাভাবিক মুখের ভেতর,routine
oral_1_003774.jpg,1,oral_normal,oral_normal,স্বাভাবিক মুখের ভেতর,routine
oral_0_003775.jpg,0,oral_scc,oral_scc,মুখের ক্যানসারের মতো পরিবর্তন (OSC সন্দেহ),urgent
oral_1_003776.jpg,1,oral_normal,oral_normal,স্বাভাবিক মুখের ভেতর,routine
oral_0_003777.jpg,0,oral_scc,oral_scc,মুখের ক্যানসারের মতো পরিবর্তন (OSC সন্দেহ),urgent
oral_0_003778.jpg,0,oral_scc,oral_scc,মুখের ক্যানসারের মতো পরিবর্তন (OSC সন্দেহ),urgent
oral_1_003779.jpg,1,oral_normal,oral_normal,স্বাভাবিক মুখের ভেতর,routine
oral_1_003780.jpg,1,oral_normal,oral_normal,স্বাভাবিক মুখের ভেতর,routine
oral_1_003781.jpg,1,oral_normal,oral_normal,স্বাভাবিক মুখের ভেতর,routine
oral_0_003782.jpg,0,oral_scc,oral_scc,মুখের ক্যানসারের মতো পরিবর্তন (OSC সন্দেহ),urgent
oral_0_003783.jpg,0,oral_scc,oral_scc,মুখের ক্যানসারের মতো পরিবর্তন (OSC সন্দেহ),urgent
oral_1_003784.jpg,1,oral_normal,oral_normal,স্বাভাবিক মুখের ভেতর,routine
oral_1_003785.jpg,1,oral_normal,oral_normal,স্বাভাবিক মুখের ভেতর,routine
oral_1_003786.jpg,1,oral_normal,oral_normal,স্বাভাবিক মুখের ভেতর,routine
oral_1_003787.jpg,1,oral_normal,oral_normal,স্বাভাবিক মুখের ভেতর,routine
oral_0_003788.jpg,0,oral_scc,oral_scc,মুখের ক্যানসারের মতো পরিবর্তন (OSC সন্দেহ),urgent
oral_1_003789.jpg,1,oral_normal,oral_normal,স্বাভাবিক মুখের ভেতর,routine
oral_0_003790.jpg,0,oral_scc,oral_scc,মুখের ক্যানসারের মতো পরিবর্তন (OSC সন্দেহ),urgent
oral_0_003791.jpg,0,oral_scc,oral_scc,মুখের ক্যানসারের মতো পরিবর্তন (OSC সন্দেহ),urgent
oral_0_003792.jpg,0,oral_scc,oral_scc,মুখের ক্যানসারের মতো পরিবর্তন (OSC সন্দেহ),urgent
oral_1_003793.jpg,1,oral_normal,oral_normal,স্বাভাবিক মুখের ভেতর,routine
oral_1_003794.jpg,1,oral_normal,oral_normal,স্বাভাবিক মুখের ভেতর,routine
oral_0_003795.jpg,0,oral_scc,oral_scc,মুখের ক্যানসারের মতো পরিবর্তন (OSC সন্দেহ),urgent
oral_0_003796.jpg,0,oral_scc,oral_scc,মুখের ক্যানসারের মতো পরিবর্তন (OSC সন্দেহ),urgent
oral_1_003797.jpg,1,oral_normal,oral_normal,স্বাভাবিক মুখের ভেতর,routine
oral_0_003798.jpg,0,oral_scc,oral_scc,মুখের ক্যানসারের মতো পরিবর্তন (OSC সন্দেহ),urgent
oral_0_003799.jpg,0,oral_scc,oral_scc,মুখের ক্যানসারের মতো পরিবর্তন (OSC সন্দেহ),urgent
oral_1_003800.jpg,1,oral_normal,oral_normal,স্বাভাবিক মুখের ভেতর,routine
oral_1_003801.jpg,1,oral_normal,oral_normal,স্বাভাবিক মুখের ভেতর,routine
oral_1_003802.jpg,1,oral_normal,oral_normal,স্বাভাবিক মুখের ভেতর,routine
oral_1_003803.jpg,1,oral_normal,oral_normal,স্বাভাবিক মুখের ভেতর,routine
oral_1_003804.jpg,1,oral_normal,oral_normal,স্বাভাবিক মুখের ভেতর,routine
oral_1_003805.jpg,1,oral_normal,oral_normal,স্বাভাবিক মুখের ভেতর,routine
oral_0_003806.jpg,0,oral_scc,oral_scc,মুখের ক্যানসারের মতো পরিবর্তন (OSC সন্দেহ),urgent
oral_1_003807.jpg,1,oral_normal,oral_normal,স্বাভাবিক মুখের ভেতর,routine
oral_1_003808.jpg,1,oral_normal,oral_normal,স্বাভাবিক মুখের ভেতর,routine
oral_0_003809.jpg,0,oral_scc,oral_scc,মুখের ক্যানসারের মতো পরিবর্তন (OSC সন্দেহ),urgent
oral_1_003810.jpg,1,oral_normal,oral_normal,স্বাভাবিক মুখের ভেতর,routine
oral_0_003811.jpg,0,oral_scc,oral_scc,মুখের ক্যানসারের মতো পরিবর্তন (OSC সন্দেহ),urgent
oral_0_003812.jpg,0,oral_scc,oral_scc,মুখের ক্যানসারের মতো পরিবর্তন (OSC সন্দেহ),urgent
oral_1_003813.jpg,1,oral_normal,oral_normal,স্বাভাবিক মুখের ভেতর,routine
oral_1_003814.jpg,1,oral_normal,oral_normal,স্বাভাবিক মুখের ভেতর,routine
oral_1_003815.jpg,1,oral_normal,oral_normal,স্বাভাবিক মুখের ভেতর,routine
oral_1_003816.jpg,1,oral_normal,oral_normal,স্বাভাবিক মুখের ভেতর,routine
oral_1_003817.jpg,1,oral_normal,oral_normal,স্বাভাবিক মুখের ভেতর,routine
oral_0_003818.jpg,0,oral_scc,oral_scc,মুখের ক্যানসারের মতো পরিবর্তন (OSC সন্দেহ),urgent
oral_0_003819.jpg,0,oral_scc,oral_scc,মুখের ক্যানসারের মতো পরিবর্তন (OSC সন্দেহ),urgent
oral_0_003820.jpg,0,oral_scc,oral_scc,মুখের ক্যানসারের মতো পরিবর্তন (OSC সন্দেহ),urgent
oral_0_003821.jpg,0,oral_scc,oral_scc,মুখের ক্যানসারের মতো পরিবর্তন (OSC সন্দেহ),urgent
oral_1_003822.jpg,1,oral_normal,oral_normal,স্বাভাবিক মুখের ভেতর,routine
oral_0_003823.jpg,0,oral_scc,oral_scc,মুখের ক্যানসারের মতো পরিবর্তন (OSC সন্দেহ),urgent
oral_0_003824.jpg,0,oral_scc,oral_scc,মুখের ক্যানসারের মতো পরিবর্তন (OSC সন্দেহ),urgent
oral_1_003825.jpg,1,oral_normal,oral_normal,স্বাভাবিক মুখের ভেতর,routine
oral_0_003826.jpg,0,oral_scc,oral_scc,মুখের ক্যানসারের মতো পরিবর্তন (OSC সন্দেহ),urgent
oral_0_003827.jpg,0,oral_scc,oral_scc,মুখের ক্যানসারের মতো পরিবর্তন (OSC সন্দেহ),urgent
oral_0_003828.jpg,0,oral_scc,oral_scc,মুখের ক্যানসারের মতো পরিবর্তন (OSC সন্দেহ),urgent
oral_0_003829.jpg,0,oral_scc,oral_scc,মুখের ক্যানসারের মতো পরিবর্তন (OSC সন্দেহ),urgent
oral_1_003830.jpg,1,oral_normal,oral_normal,স্বাভাবিক মুখের ভেতর,routine
oral_0_003831.jpg,0,oral_scc,oral_scc,মুখের ক্যানসারের মতো পরিবর্তন (OSC সন্দেহ),urgent
oral_0_003832.jpg,0,oral_scc,oral_scc,মুখের ক্যানসারের মতো পরিবর্তন (OSC সন্দেহ),urgent
oral_1_003833.jpg,1,oral_normal,oral_normal,স্বাভাবিক মুখের ভেতর,routine
oral_1_003834.jpg,1,oral_normal,oral_normal,স্বাভাবিক মুখের ভেতর,routine
oral_0_003835.jpg,0,oral_scc,oral_scc,মুখের ক্যানসারের মতো পরিবর্তন (OSC সন্দেহ),urgent
oral_1_003836.jpg,1,oral_normal,oral_normal,স্বাভাবিক মুখের ভেতর,routine
oral_0_003837.jpg,0,oral_scc,oral_scc,মুখের ক্যানসারের মতো পরিবর্তন (OSC সন্দেহ),urgent
oral_0_003838.jpg,0,oral_scc,oral_scc,মুখের ক্যানসারের মতো পরিবর্তন (OSC সন্দেহ),urgent
oral_1_003839.jpg,1,oral_normal,oral_normal,স্বাভাবিক মুখের ভেতর,routine
oral_0_003840.jpg,0,oral_scc,oral_scc,মুখের ক্যানসারের মতো পরিবর্তন (OSC সন্দেহ),urgent
oral_1_003841.jpg,1,oral_normal,oral_normal,স্বাভাবিক মুখের ভেতর,routine
oral_1_003842.jpg,1,oral_normal,oral_normal,স্বাভাবিক মুখের ভেতর,routine
oral_1_003843.jpg,1,oral_normal,oral_normal,স্বাভাবিক মুখের ভেতর,routine
oral_0_003844.jpg,0,oral_scc,oral_scc,মুখের ক্যানসারের মতো পরিবর্তন (OSC সন্দেহ),urgent
oral_0_003845.jpg,0,oral_scc,oral_scc,মুখের ক্যানসারের মতো পরিবর্তন (OSC সন্দেহ),urgent
oral_1_003846.jpg,1,oral_normal,oral_normal,স্বাভাবিক মুখের ভেতর,routine
oral_1_003847.jpg,1,oral_normal,oral_normal,স্বাভাবিক মুখের ভেতর,routine
oral_1_003848.jpg,1,oral_normal,oral_normal,স্বাভাবিক মুখের ভেতর,routine
oral_1_003849.jpg,1,oral_normal,oral_normal,স্বাভাবিক মুখের ভেতর,routine
oral_0_003850.jpg,0,oral_scc,oral_scc,মুখের ক্যানসারের মতো পরিবর্তন (OSC সন্দেহ),urgent
oral_1_003851.jpg,1,oral_normal,oral_normal,স্বাভাবিক মুখের ভেতর,routine
oral_1_003852.jpg,1,oral_normal,oral_normal,স্বাভাবিক মুখের ভেতর,routine
oral_0_003853.jpg,0,oral_scc,oral_scc,মুখের ক্যানসারের মতো পরিবর্তন (OSC সন্দেহ),urgent
oral_0_003854.jpg,0,oral_scc,oral_scc,মুখের ক্যানসারের মতো পরিবর্তন (OSC সন্দেহ),urgent
oral_1_003855.jpg,1,oral_normal,oral_normal,স্বাভাবিক মুখের ভেতর,routine
oral_0_003856.jpg,0,oral_scc,oral_scc,মুখের ক্যানসারের মতো পরিবর্তন (OSC সন্দেহ),urgent
oral_0_003857.jpg,0,oral_scc,oral_scc,মুখের ক্যানসারের মতো পরিবর্তন (OSC সন্দেহ),urgent
oral_1_003858.jpg,1,oral_normal,oral_normal,স্বাভাবিক মুখের ভেতর,routine
oral_0_003859.jpg,0,oral_scc,oral_scc,মুখের ক্যানসারের মতো পরিবর্তন (OSC সন্দেহ),urgent
oral_1_003860.jpg,1,oral_normal,oral_normal,স্বাভাবিক মুখের ভেতর,routine
oral_1_003861.jpg,1,oral_normal,oral_normal,স্বাভাবিক মুখের ভেতর,routine
oral_0_003862.jpg,0,oral_scc,oral_scc,মুখের ক্যানসারের মতো পরিবর্তন (OSC সন্দেহ),urgent
oral_1_003863.jpg,1,oral_normal,oral_normal,স্বাভাবিক মুখের ভেতর,routine
oral_0_003864.jpg,0,oral_scc,oral_scc,মুখের ক্যানসারের মতো পরিবর্তন (OSC সন্দেহ),urgent
oral_1_003865.jpg,1,oral_normal,oral_normal,স্বাভাবিক মুখের ভেতর,routine
oral_1_003866.jpg,1,oral_normal,oral_normal,স্বাভাবিক মুখের ভেতর,routine
oral_1_003867.jpg,1,oral_normal,oral_normal,স্বাভাবিক মুখের ভেতর,routine
oral_1_003868.jpg,1,oral_normal,oral_normal,স্বাভাবিক মুখের ভেতর,routine
oral_0_003869.jpg,0,oral_scc,oral_scc,মুখের ক্যানসারের মতো পরিবর্তন (OSC সন্দেহ),urgent
oral_1_003870.jpg,1,oral_normal,oral_normal,স্বাভাবিক মুখের ভেতর,routine
oral_0_003871.jpg,0,oral_scc,oral_scc,মুখের ক্যানসারের মতো পরিবর্তন (OSC সন্দেহ),urgent
oral_0_003872.jpg,0,oral_scc,oral_scc,মুখের ক্যানসারের মতো পরিবর্তন (OSC সন্দেহ),urgent
oral_0_003873.jpg,0,oral_scc,oral_scc,মুখের ক্যানসারের মতো পরিবর্তন (OSC সন্দেহ),urgent
oral_0_003874.jpg,0,oral_scc,oral_scc,মুখের ক্যানসারের মতো পরিবর্তন (OSC সন্দেহ),urgent
oral_1_003875.jpg,1,oral_normal,oral_normal,স্বাভাবিক মুখের ভেতর,routine
oral_1_003876.jpg,1,oral_normal,oral_normal,স্বাভাবিক মুখের ভেতর,routine
oral_1_003877.jpg,1,oral_normal,oral_normal,স্বাভাবিক মুখের ভেতর,routine
oral_1_003878.jpg,1,oral_normal,oral_normal,স্বাভাবিক মুখের ভেতর,routine
oral_1_003879.jpg,1,oral_normal,oral_normal,স্বাভাবিক মুখের ভেতর,routine
oral_0_003880.jpg,0,oral_scc,oral_scc,মুখের ক্যানসারের মতো পরিবর্তন (OSC সন্দেহ),urgent
oral_1_003881.jpg,1,oral_normal,oral_normal,স্বাভাবিক মুখের ভেতর,routine
oral_1_003882.jpg,1,oral_normal,oral_normal,স্বাভাবিক মুখের ভেতর,routine
oral_0_003883.jpg,0,oral_scc,oral_scc,মুখের ক্যানসারের মতো পরিবর্তন (OSC সন্দেহ),urgent
oral_1_003884.jpg,1,oral_normal,oral_normal,স্বাভাবিক মুখের ভেতর,routine
oral_1_003885.jpg,1,oral_normal,oral_normal,স্বাভাবিক মুখের ভেতর,routine
oral_1_003886.jpg,1,oral_normal,oral_normal,স্বাভাবিক মুখের ভেতর,routine
oral_0_003887.jpg,0,oral_scc,oral_scc,মুখের ক্যানসারের মতো পরিবর্তন (OSC সন্দেহ),urgent
oral_1_003888.jpg,1,oral_normal,oral_normal,স্বাভাবিক মুখের ভেতর,routine
oral_1_003889.jpg,1,oral_normal,oral_normal,স্বাভাবিক মুখের ভেতর,routine
oral_0_003890.jpg,0,oral_scc,oral_scc,মুখের ক্যানসারের মতো পরিবর্তন (OSC সন্দেহ),urgent
oral_0_003891.jpg,0,oral_scc,oral_scc,মুখের ক্যানসারের মতো পরিবর্তন (OSC সন্দেহ),urgent
oral_1_003892.jpg,1,oral_normal,oral_normal,স্বাভাবিক মুখের ভেতর,routine
oral_0_003893.jpg,0,oral_scc,oral_scc,মুখের ক্যানসারের মতো পরিবর্তন (OSC সন্দেহ),urgent
oral_1_003894.jpg,1,oral_normal,oral_normal,স্বাভাবিক মুখের ভেতর,routine
oral_1_003895.jpg,1,oral_normal,oral_normal,স্বাভাবিক মুখের ভেতর,routine
oral_1_003896.jpg,1,oral_normal,oral_normal,স্বাভাবিক মুখের ভেতর,routine
oral_0_003897.jpg,0,oral_scc,oral_scc,মুখের ক্যানসারের মতো পরিবর্তন (OSC সন্দেহ),urgent
oral_1_003898.jpg,1,oral_normal,oral_normal,স্বাভাবিক মুখের ভেতর,routine
oral_0_003899.jpg,0,oral_scc,oral_scc,মুখের ক্যানসারের মতো পরিবর্তন (OSC সন্দেহ),urgent
oral_0_003900.jpg,0,oral_scc,oral_scc,মুখের ক্যানসারের মতো পরিবর্তন (OSC সন্দেহ),urgent
oral_0_003901.jpg,0,oral_scc,oral_scc,মুখের ক্যানসারের মতো পরিবর্তন (OSC সন্দেহ),urgent
oral_1_003902.jpg,1,oral_normal,oral_normal,স্বাভাবিক মুখের ভেতর,routine
oral_0_003903.jpg,0,oral_scc,oral_scc,মুখের ক্যানসারের মতো পরিবর্তন (OSC সন্দেহ),urgent
oral_0_003904.jpg,0,oral_scc,oral_scc,মুখের ক্যানসারের মতো পরিবর্তন (OSC সন্দেহ),urgent
oral_1_003905.jpg,1,oral_normal,oral_normal,স্বাভাবিক মুখের ভেতর,routine
oral_0_003906.jpg,0,oral_scc,oral_scc,মুখের ক্যানসারের মতো পরিবর্তন (OSC সন্দেহ),urgent
oral_0_003907.jpg,0,oral_scc,oral_scc,মুখের ক্যানসারের মতো পরিবর্তন (OSC সন্দেহ),urgent
oral_1_003908.jpg,1,oral_normal,oral_normal,স্বাভাবিক মুখের ভেতর,routine
oral_0_003909.jpg,0,oral_scc,oral_scc,মুখের ক্যানসারের মতো পরিবর্তন (OSC সন্দেহ),urgent
oral_0_003910.jpg,0,oral_scc,oral_scc,মুখের ক্যানসারের মতো পরিবর্তন (OSC সন্দেহ),urgent
oral_0_003911.jpg,0,oral_scc,oral_scc,মুখের ক্যানসারের মতো পরিবর্তন (OSC সন্দেহ),urgent
oral_0_003912.jpg,0,oral_scc,oral_scc,মুখের ক্যানসারের মতো পরিবর্তন (OSC সন্দেহ),urgent
oral_0_003913.jpg,0,oral_scc,oral_scc,মুখের ক্যানসারের মতো পরিবর্তন (OSC সন্দেহ),urgent
oral_0_003914.jpg,0,oral_scc,oral_scc,মুখের ক্যানসারের মতো পরিবর্তন (OSC সন্দেহ),urgent
oral_0_003915.jpg,0,oral_scc,oral_scc,মুখের ক্যানসারের মতো পরিবর্তন (OSC সন্দেহ),urgent
oral_1_003916.jpg,1,oral_normal,oral_normal,স্বাভাবিক মুখের ভেতর,routine
oral_1_003917.jpg,1,oral_normal,oral_normal,স্বাভাবিক মুখের ভেতর,routine
oral_0_003918.jpg,0,oral_scc,oral_scc,মুখের ক্যানসারের মতো পরিবর্তন (OSC সন্দেহ),urgent
oral_0_003919.jpg,0,oral_scc,oral_scc,মুখের ক্যানসারের মতো পরিবর্তন (OSC সন্দেহ),urgent
oral_1_003920.jpg,1,oral_normal,oral_normal,স্বাভাবিক মুখের ভেতর,routine
oral_1_003921.jpg,1,oral_normal,oral_normal,স্বাভাবিক মুখের ভেতর,routine
oral_0_003922.jpg,0,oral_scc,oral_scc,মুখের ক্যানসারের মতো পরিবর্তন (OSC সন্দেহ),urgent
oral_0_003923.jpg,0,oral_scc,oral_scc,মুখের ক্যানসারের মতো পরিবর্তন (OSC সন্দেহ),urgent
oral_0_003924.jpg,0,oral_scc,oral_scc,মুখের ক্যানসারের মতো পরিবর্তন (OSC সন্দেহ),urgent
oral_0_003925.jpg,0,oral_scc,oral_scc,মুখের ক্যানসারের মতো পরিবর্তন (OSC সন্দেহ),urgent
oral_0_003926.jpg,0,oral_scc,oral_scc,মুখের ক্যানসারের মতো পরিবর্তন (OSC সন্দেহ),urgent
oral_0_003927.jpg,0,oral_scc,oral_scc,মুখের ক্যানসারের মতো পরিবর্তন (OSC সন্দেহ),urgent
oral_1_003928.jpg,1,oral_normal,oral_normal,স্বাভাবিক মুখের ভেতর,routine
oral_0_003929.jpg,0,oral_scc,oral_scc,মুখের ক্যানসারের মতো পরিবর্তন (OSC সন্দেহ),urgent
oral_0_003930.jpg,0,oral_scc,oral_scc,মুখের ক্যানসারের মতো পরিবর্তন (OSC সন্দেহ),urgent
oral_1_003931.jpg,1,oral_normal,oral_normal,স্বাভাবিক মুখের ভেতর,routine
oral_0_003932.jpg,0,oral_scc,oral_scc,মুখের ক্যানসারের মতো পরিবর্তন (OSC সন্দেহ),urgent
oral_0_003933.jpg,0,oral_scc,oral_scc,মুখের ক্যানসারের মতো পরিবর্তন (OSC সন্দেহ),urgent
oral_1_003934.jpg,1,oral_normal,oral_normal,স্বাভাবিক মুখের ভেতর,routine
oral_1_003935.jpg,1,oral_normal,oral_normal,স্বাভাবিক মুখের ভেতর,routine
oral_0_003936.jpg,0,oral_scc,oral_scc,মুখের ক্যানসারের মতো পরিবর্তন (OSC সন্দেহ),urgent
oral_1_003937.jpg,1,oral_normal,oral_normal,স্বাভাবিক মুখের ভেতর,routine
oral_1_003938.jpg,1,oral_normal,oral_normal,স্বাভাবিক মুখের ভেতর,routine
oral_1_003939.jpg,1,oral_normal,oral_normal,স্বাভাবিক মুখের ভেতর,routine
oral_0_003940.jpg,0,oral_scc,oral_scc,মুখের ক্যানসারের মতো পরিবর্তন (OSC সন্দেহ),urgent
oral_1_003941.jpg,1,oral_normal,oral_normal,স্বাভাবিক মুখের ভেতর,routine
oral_0_003942.jpg,0,oral_scc,oral_scc,মুখের ক্যানসারের মতো পরিবর্তন (OSC সন্দেহ),urgent
oral_1_003943.jpg,1,oral_normal,oral_normal,স্বাভাবিক মুখের ভেতর,routine
oral_1_003944.jpg,1,oral_normal,oral_normal,স্বাভাবিক মুখের ভেতর,routine
oral_1_003945.jpg,1,oral_normal,oral_normal,স্বাভাবিক মুখের ভেতর,routine
oral_0_003946.jpg,0,oral_scc,oral_scc,মুখের ক্যানসারের মতো পরিবর্তন (OSC সন্দেহ),urgent
oral_1_003947.jpg,1,oral_normal,oral_normal,স্বাভাবিক মুখের ভেতর,routine
oral_0_003948.jpg,0,oral_scc,oral_scc,মুখের ক্যানসারের মতো পরিবর্তন (OSC সন্দেহ),urgent
oral_0_003949.jpg,0,oral_scc,oral_scc,মুখের ক্যানসারের মতো পরিবর্তন (OSC সন্দেহ),urgent
oral_1_003950.jpg,1,oral_normal,oral_normal,স্বাভাবিক মুখের ভেতর,routine
oral_0_003951.jpg,0,oral_scc,oral_scc,মুখের ক্যানসারের মতো পরিবর্তন (OSC সন্দেহ),urgent
oral_0_003952.jpg,0,oral_scc,oral_scc,মুখের ক্যানসারের মতো পরিবর্তন (OSC সন্দেহ),urgent
oral_0_003953.jpg,0,oral_scc,oral_scc,মুখের ক্যানসারের মতো পরিবর্তন (OSC সন্দেহ),urgent
oral_0_003954.jpg,0,oral_scc,oral_scc,মুখের ক্যানসারের মতো পরিবর্তন (OSC সন্দেহ),urgent
oral_1_003955.jpg,1,oral_normal,oral_normal,স্বাভাবিক মুখের ভেতর,routine
oral_1_003956.jpg,1,oral_normal,oral_normal,স্বাভাবিক মুখের ভেতর,routine
oral_0_003957.jpg,0,oral_scc,oral_scc,মুখের ক্যানসারের মতো পরিবর্তন (OSC সন্দেহ),urgent
oral_0_003958.jpg,0,oral_scc,oral_scc,মুখের ক্যানসারের মতো পরিবর্তন (OSC সন্দেহ),urgent
oral_0_003959.jpg,0,oral_scc,oral_scc,মুখের ক্যানসারের মতো পরিবর্তন (OSC সন্দেহ),urgent
oral_1_003960.jpg,1,oral_normal,oral_normal,স্বাভাবিক মুখের ভেতর,routine
oral_1_003961.jpg,1,oral_normal,oral_normal,স্বাভাবিক মুখের ভেতর,routine
oral_1_003962.jpg,1,oral_normal,oral_normal,স্বাভাবিক মুখের ভেতর,routine
oral_1_003963.jpg,1,oral_normal,oral_normal,স্বাভাবিক মুখের ভেতর,routine
oral_1_003964.jpg,1,oral_normal,oral_normal,স্বাভাবিক মুখের ভেতর,routine
oral_0_003965.jpg,0,oral_scc,oral_scc,মুখের ক্যানসারের মতো পরিবর্তন (OSC সন্দেহ),urgent
oral_1_003966.jpg,1,oral_normal,oral_normal,স্বাভাবিক মুখের ভেতর,routine
oral_0_003967.jpg,0,oral_scc,oral_scc,মুখের ক্যানসারের মতো পরিবর্তন (OSC সন্দেহ),urgent
oral_0_003968.jpg,0,oral_scc,oral_scc,মুখের ক্যানসারের মতো পরিবর্তন (OSC সন্দেহ),urgent
oral_0_003969.jpg,0,oral_scc,oral_scc,মুখের ক্যানসারের মতো পরিবর্তন (OSC সন্দেহ),urgent
oral_0_003970.jpg,0,oral_scc,oral_scc,মুখের ক্যানসারের মতো পরিবর্তন (OSC সন্দেহ),urgent
oral_0_003971.jpg,0,oral_scc,oral_scc,মুখের ক্যানসারের মতো পরিবর্তন (OSC সন্দেহ),urgent
oral_0_003972.jpg,0,oral_scc,oral_scc,মুখের ক্যানসারের মতো পরিবর্তন (OSC সন্দেহ),urgent
oral_1_003973.jpg,1,oral_normal,oral_normal,স্বাভাবিক মুখের ভেতর,routine
oral_1_003974.jpg,1,oral_normal,oral_normal,স্বাভাবিক মুখের ভেতর,routine
oral_0_003975.jpg,0,oral_scc,oral_scc,মুখের ক্যানসারের মতো পরিবর্তন (OSC সন্দেহ),urgent
oral_0_003976.jpg,0,oral_scc,oral_scc,মুখের ক্যানসারের মতো পরিবর্তন (OSC সন্দেহ),urgent
oral_1_003977.jpg,1,oral_normal,oral_normal,স্বাভাবিক মুখের ভেতর,routine
oral_0_003978.jpg,0,oral_scc,oral_scc,মুখের ক্যানসারের মতো পরিবর্তন (OSC সন্দেহ),urgent
oral_1_003979.jpg,1,oral_normal,oral_normal,স্বাভাবিক মুখের ভেতর,routine
oral_1_003980.jpg,1,oral_normal,oral_normal,স্বাভাবিক মুখের ভেতর,routine
oral_0_003981.jpg,0,oral_scc,oral_scc,মুখের ক্যানসারের মতো পরিবর্তন (OSC সন্দেহ),urgent
oral_1_003982.jpg,1,oral_normal,oral_normal,স্বাভাবিক মুখের ভেতর,routine
oral_1_003983.jpg,1,oral_normal,oral_normal,স্বাভাবিক মুখের ভেতর,routine
oral_0_003984.jpg,0,oral_scc,oral_scc,মুখের ক্যানসারের মতো পরিবর্তন (OSC সন্দেহ),urgent
oral_0_003985.jpg,0,oral_scc,oral_scc,মুখের ক্যানসারের মতো পরিবর্তন (OSC সন্দেহ),urgent
oral_0_003986.jpg,0,oral_scc,oral_scc,মুখের ক্যানসারের মতো পরিবর্তন (OSC সন্দেহ),urgent
oral_1_003987.jpg,1,oral_normal,oral_normal,স্বাভাবিক মুখের ভেতর,routine
oral_1_003988.jpg,1,oral_normal,oral_normal,স্বাভাবিক মুখের ভেতর,routine
oral_1_003989.jpg,1,oral_normal,oral_normal,স্বাভাবিক মুখের ভেতর,routine
oral_1_003990.jpg,1,oral_normal,oral_normal,স্বাভাবিক মুখের ভেতর,routine
oral_0_003991.jpg,0,oral_scc,oral_scc,মুখের ক্যানসারের মতো পরিবর্তন (OSC সন্দেহ),urgent
oral_0_003992.jpg,0,oral_scc,oral_scc,মুখের ক্যানসারের মতো পরিবর্তন (OSC সন্দেহ),urgent
oral_0_003993.jpg,0,oral_scc,oral_scc,মুখের ক্যানসারের মতো পরিবর্তন (OSC সন্দেহ),urgent
oral_0_003994.jpg,0,oral_scc,oral_scc,মুখের ক্যানসারের মতো পরিবর্তন (OSC সন্দেহ),urgent
oral_0_003995.jpg,0,oral_scc,oral_scc,মুখের ক্যানসারের মতো পরিবর্তন (OSC সন্দেহ),urgent
oral_1_003996.jpg,1,oral_normal,oral_normal,স্বাভাবিক মুখের ভেতর,routine
oral_1_003997.jpg,1,oral_normal,oral_normal,স্বাভাবিক মুখের ভেতর,routine
oral_0_003998.jpg,0,oral_scc,oral_scc,মুখের ক্যানসারের মতো পরিবর্তন (OSC সন্দেহ),urgent
oral_0_003999.jpg,0,oral_scc,oral_scc,মুখের ক্যানসারের মতো পরিবর্তন (OSC সন্দেহ),urgent
oral_0_004000.jpg,0,oral_scc,oral_scc,মুখের ক্যানসারের মতো পরিবর্তন (OSC সন্দেহ),urgent
oral_0_004001.jpg,0,oral_scc,oral_scc,মুখের ক্যানসারের মতো পরিবর্তন (OSC সন্দেহ),urgent
oral_0_004002.jpg,0,oral_scc,oral_scc,মুখের ক্যানসারের মতো পরিবর্তন (OSC সন্দেহ),urgent
oral_0_004003.jpg,0,oral_scc,oral_scc,মুখের ক্যানসারের মতো পরিবর্তন (OSC সন্দেহ),urgent
oral_1_004004.jpg,1,oral_normal,oral_normal,স্বাভাবিক মুখের ভেতর,routine
oral_1_004005.jpg,1,oral_normal,oral_normal,স্বাভাবিক মুখের ভেতর,routine
oral_1_004006.jpg,1,oral_normal,oral_normal,স্বাভাবিক মুখের ভেতর,routine
oral_1_004007.jpg,1,oral_normal,oral_normal,স্বাভাবিক মুখের ভেতর,routine
oral_0_004008.jpg,0,oral_scc,oral_scc,মুখের ক্যানসারের মতো পরিবর্তন (OSC সন্দেহ),urgent
oral_0_004009.jpg,0,oral_scc,oral_scc,মুখের ক্যানসারের মতো পরিবর্তন (OSC সন্দেহ),urgent
oral_1_004010.jpg,1,oral_normal,oral_normal,স্বাভাবিক মুখের ভেতর,routine
oral_1_004011.jpg,1,oral_normal,oral_normal,স্বাভাবিক মুখের ভেতর,routine
oral_0_004012.jpg,0,oral_scc,oral_scc,মুখের ক্যানসারের মতো পরিবর্তন (OSC সন্দেহ),urgent
oral_0_004013.jpg,0,oral_scc,oral_scc,মুখের ক্যানসারের মতো পরিবর্তন (OSC সন্দেহ),urgent
oral_0_004014.jpg,0,oral_scc,oral_scc,মুখের ক্যানসারের মতো পরিবর্তন (OSC সন্দেহ),urgent
oral_0_004015.jpg,0,oral_scc,oral_scc,মুখের ক্যানসারের মতো পরিবর্তন (OSC সন্দেহ),urgent
oral_0_004016.jpg,0,oral_scc,oral_scc,মুখের ক্যানসারের মতো পরিবর্তন (OSC সন্দেহ),urgent
oral_1_004017.jpg,1,oral_normal,oral_normal,স্বাভাবিক মুখের ভেতর,routine
oral_0_004018.jpg,0,oral_scc,oral_scc,মুখের ক্যানসারের মতো পরিবর্তন (OSC সন্দেহ),urgent
oral_1_004019.jpg,1,oral_normal,oral_normal,স্বাভাবিক মুখের ভেতর,routine
oral_1_004020.jpg,1,oral_normal,oral_normal,স্বাভাবিক মুখের ভেতর,routine
oral_1_004021.jpg,1,oral_normal,oral_normal,স্বাভাবিক মুখের ভেতর,routine
oral_0_004022.jpg,0,oral_scc,oral_scc,মুখের ক্যানসারের মতো পরিবর্তন (OSC সন্দেহ),urgent
oral_0_004023.jpg,0,oral_scc,oral_scc,মুখের ক্যানসারের মতো পরিবর্তন (OSC সন্দেহ),urgent
oral_0_004024.jpg,0,oral_scc,oral_scc,মুখের ক্যানসারের মতো পরিবর্তন (OSC সন্দেহ),urgent
oral_1_004025.jpg,1,oral_normal,oral_normal,স্বাভাবিক মুখের ভেতর,routine
oral_0_004026.jpg,0,oral_scc,oral_scc,মুখের ক্যানসারের মতো পরিবর্তন (OSC সন্দেহ),urgent
oral_1_004027.jpg,1,oral_normal,oral_normal,স্বাভাবিক মুখের ভেতর,routine
oral_1_004028.jpg,1,oral_normal,oral_normal,স্বাভাবিক মুখের ভেতর,routine
oral_1_004029.jpg,1,oral_normal,oral_normal,স্বাভাবিক মুখের ভেতর,routine
oral_0_004030.jpg,0,oral_scc,oral_scc,মুখের ক্যানসারের মতো পরিবর্তন (OSC সন্দেহ),urgent
oral_1_004031.jpg,1,oral_normal,oral_normal,স্বাভাবিক মুখের ভেতর,routine
oral_1_004032.jpg,1,oral_normal,oral_normal,স্বাভাবিক মুখের ভেতর,routine
oral_0_004033.jpg,0,oral_scc,oral_scc,মুখের ক্যানসারের মতো পরিবর্তন (OSC সন্দেহ),urgent
oral_0_004034.jpg,0,oral_scc,oral_scc,মুখের ক্যানসারের মতো পরিবর্তন (OSC সন্দেহ),urgent
oral_1_004035.jpg,1,oral_normal,oral_normal,স্বাভাবিক মুখের ভেতর,routine
oral_0_004036.jpg,0,oral_scc,oral_scc,মুখের ক্যানসারের মতো পরিবর্তন (OSC সন্দেহ),urgent
oral_1_004037.jpg,1,oral_normal,oral_normal,স্বাভাবিক মুখের ভেতর,routine
oral_1_004038.jpg,1,oral_normal,oral_normal,স্বাভাবিক মুখের ভেতর,routine
oral_0_004039.jpg,0,oral_scc,oral_scc,মুখের ক্যানসারের মতো পরিবর্তন (OSC সন্দেহ),urgent
oral_0_004040.jpg,0,oral_scc,oral_scc,মুখের ক্যানসারের মতো পরিবর্তন (OSC সন্দেহ),urgent
oral_0_004041.jpg,0,oral_scc,oral_scc,মুখের ক্যানসারের মতো পরিবর্তন (OSC সন্দেহ),urgent
oral_0_004042.jpg,0,oral_scc,oral_scc,মুখের ক্যানসারের মতো পরিবর্তন (OSC সন্দেহ),urgent
oral_0_004043.jpg,0,oral_scc,oral_scc,মুখের ক্যানসারের মতো পরিবর্তন (OSC সন্দেহ),urgent
oral_0_004044.jpg,0,oral_scc,oral_scc,মুখের ক্যানসারের মতো পরিবর্তন (OSC সন্দেহ),urgent
oral_1_004045.jpg,1,oral_normal,oral_normal,স্বাভাবিক মুখের ভেতর,routine
oral_0_004046.jpg,0,oral_scc,oral_scc,মুখের ক্যানসারের মতো পরিবর্তন (OSC সন্দেহ),urgent
oral_0_004047.jpg,0,oral_scc,oral_scc,মুখের ক্যানসারের মতো পরিবর্তন (OSC সন্দেহ),urgent
oral_0_004048.jpg,0,oral_scc,oral_scc,মুখের ক্যানসারের মতো পরিবর্তন (OSC সন্দেহ),urgent
oral_0_004049.jpg,0,oral_scc,oral_scc,মুখের ক্যানসারের মতো পরিবর্তন (OSC সন্দেহ),urgent
oral_1_004050.jpg,1,oral_normal,oral_normal,স্বাভাবিক মুখের ভেতর,routine
oral_0_004051.jpg,0,oral_scc,oral_scc,মুখের ক্যানসারের মতো পরিবর্তন (OSC সন্দেহ),urgent
oral_1_004052.jpg,1,oral_normal,oral_normal,স্বাভাবিক মুখের ভেতর,routine
oral_0_004053.jpg,0,oral_scc,oral_scc,মুখের ক্যানসারের মতো পরিবর্তন (OSC সন্দেহ),urgent
oral_1_004054.jpg,1,oral_normal,oral_normal,স্বাভাবিক মুখের ভেতর,routine
oral_1_004055.jpg,1,oral_normal,oral_normal,স্বাভাবিক মুখের ভেতর,routine
oral_0_004056.jpg,0,oral_scc,oral_scc,মুখের ক্যানসারের মতো পরিবর্তন (OSC সন্দেহ),urgent
oral_1_004057.jpg,1,oral_normal,oral_normal,স্বাভাবিক মুখের ভেতর,routine
oral_1_004058.jpg,1,oral_normal,oral_normal,স্বাভাবিক মুখের ভেতর,routine
oral_1_004059.jpg,1,oral_normal,oral_normal,স্বাভাবিক মুখের ভেতর,routine
oral_1_004060.jpg,1,oral_normal,oral_normal,স্বাভাবিক মুখের ভেতর,routine
oral_1_004061.jpg,1,oral_normal,oral_normal,স্বাভাবিক মুখের ভেতর,routine
oral_1_004062.jpg,1,oral_normal,oral_normal,স্বাভাবিক মুখের ভেতর,routine
oral_1_004063.jpg,1,oral_normal,oral_normal,স্বাভাবিক মুখের ভেতর,routine
oral_0_004064.jpg,0,oral_scc,oral_scc,মুখের ক্যানসারের মতো পরিবর্তন (OSC সন্দেহ),urgent
oral_1_004065.jpg,1,oral_normal,oral_normal,স্বাভাবিক মুখের ভেতর,routine
oral_1_004066.jpg,1,oral_normal,oral_normal,স্বাভাবিক মুখের ভেতর,routine
oral_1_004067.jpg,1,oral_normal,oral_normal,স্বাভাবিক মুখের ভেতর,routine
oral_0_004068.jpg,0,oral_scc,oral_scc,মুখের ক্যানসারের মতো পরিবর্তন (OSC সন্দেহ),urgent
oral_0_004069.jpg,0,oral_scc,oral_scc,মুখের ক্যানসারের মতো পরিবর্তন (OSC সন্দেহ),urgent
oral_1_004070.jpg,1,oral_normal,oral_normal,স্বাভাবিক মুখের ভেতর,routine
oral_1_004071.jpg,1,oral_normal,oral_normal,স্বাভাবিক মুখের ভেতর,routine
oral_1_004072.jpg,1,oral_normal,oral_normal,স্বাভাবিক মুখের ভেতর,routine
oral_1_004073.jpg,1,oral_normal,oral_normal,স্বাভাবিক মুখের ভেতর,routine
oral_0_004074.jpg,0,oral_scc,oral_scc,মুখের ক্যানসারের মতো পরিবর্তন (OSC সন্দেহ),urgent
oral_0_004075.jpg,0,oral_scc,oral_scc,মুখের ক্যানসারের মতো পরিবর্তন (OSC সন্দেহ),urgent
oral_1_004076.jpg,1,oral_normal,oral_normal,স্বাভাবিক মুখের ভেতর,routine
oral_1_004077.jpg,1,oral_normal,oral_normal,স্বাভাবিক মুখের ভেতর,routine
oral_0_004078.jpg,0,oral_scc,oral_scc,মুখের ক্যানসারের মতো পরিবর্তন (OSC সন্দেহ),urgent
oral_1_004079.jpg,1,oral_normal,oral_normal,স্বাভাবিক মুখের ভেতর,routine
oral_1_004080.jpg,1,oral_normal,oral_normal,স্বাভাবিক মুখের ভেতর,routine
oral_0_004081.jpg,0,oral_scc,oral_scc,মুখের ক্যানসারের মতো পরিবর্তন (OSC সন্দেহ),urgent
oral_1_004082.jpg,1,oral_normal,oral_normal,স্বাভাবিক মুখের ভেতর,routine
oral_1_004083.jpg,1,oral_normal,oral_normal,স্বাভাবিক মুখের ভেতর,routine
oral_1_004084.jpg,1,oral_normal,oral_normal,স্বাভাবিক মুখের ভেতর,routine
oral_0_004085.jpg,0,oral_scc,oral_scc,মুখের ক্যানসারের মতো পরিবর্তন (OSC সন্দেহ),urgent
oral_0_004086.jpg,0,oral_scc,oral_scc,মুখের ক্যানসারের মতো পরিবর্তন (OSC সন্দেহ),urgent
oral_1_004087.jpg,1,oral_normal,oral_normal,স্বাভাবিক মুখের ভেতর,routine
oral_0_004088.jpg,0,oral_scc,oral_scc,মুখের ক্যানসারের মতো পরিবর্তন (OSC সন্দেহ),urgent
oral_0_004089.jpg,0,oral_scc,oral_scc,মুখের ক্যানসারের মতো পরিবর্তন (OSC সন্দেহ),urgent
oral_0_004090.jpg,0,oral_scc,oral_scc,মুখের ক্যানসারের মতো পরিবর্তন (OSC সন্দেহ),urgent
oral_1_004091.jpg,1,oral_normal,oral_normal,স্বাভাবিক মুখের ভেতর,routine
oral_1_004092.jpg,1,oral_normal,oral_normal,স্বাভাবিক মুখের ভেতর,routine
oral_1_004093.jpg,1,oral_normal,oral_normal,স্বাভাবিক মুখের ভেতর,routine
oral_0_004094.jpg,0,oral_scc,oral_scc,মুখের ক্যানসারের মতো পরিবর্তন (OSC সন্দেহ),urgent
oral_1_004095.jpg,1,oral_normal,oral_normal,স্বাভাবিক মুখের ভেতর,routine
oral_1_004096.jpg,1,oral_normal,oral_normal,স্বাভাবিক মুখের ভেতর,routine
oral_0_004097.jpg,0,oral_scc,oral_scc,মুখের ক্যানসারের মতো পরিবর্তন (OSC সন্দেহ),urgent
oral_0_004098.jpg,0,oral_scc,oral_scc,মুখের ক্যানসারের মতো পরিবর্তন (OSC সন্দেহ),urgent
oral_1_004099.jpg,1,oral_normal,oral_normal,স্বাভাবিক মুখের ভেতর,routine
oral_0_004100.jpg,0,oral_scc,oral_scc,মুখের ক্যানসারের মতো পরিবর্তন (OSC সন্দেহ),urgent
oral_1_004101.jpg,1,oral_normal,oral_normal,স্বাভাবিক মুখের ভেতর,routine
oral_1_004102.jpg,1,oral_normal,oral_normal,স্বাভাবিক মুখের ভেতর,routine
oral_1_004103.jpg,1,oral_normal,oral_normal,স্বাভাবিক মুখের ভেতর,routine
oral_1_004104.jpg,1,oral_normal,oral_normal,স্বাভাবিক মুখের ভেতর,routine
oral_0_004105.jpg,0,oral_scc,oral_scc,মুখের ক্যানসারের মতো পরিবর্তন (OSC সন্দেহ),urgent
oral_1_004106.jpg,1,oral_normal,oral_normal,স্বাভাবিক মুখের ভেতর,routine
oral_0_004107.jpg,0,oral_scc,oral_scc,মুখের ক্যানসারের মতো পরিবর্তন (OSC সন্দেহ),urgent
oral_1_004108.jpg,1,oral_normal,oral_normal,স্বাভাবিক মুখের ভেতর,routine
oral_1_004109.jpg,1,oral_normal,oral_normal,স্বাভাবিক মুখের ভেতর,routine
oral_0_004110.jpg,0,oral_scc,oral_scc,মুখের ক্যানসারের মতো পরিবর্তন (OSC সন্দেহ),urgent
oral_0_004111.jpg,0,oral_scc,oral_scc,মুখের ক্যানসারের মতো পরিবর্তন (OSC সন্দেহ),urgent
oral_0_004112.jpg,0,oral_scc,oral_scc,মুখের ক্যানসারের মতো পরিবর্তন (OSC সন্দেহ),urgent
oral_1_004113.jpg,1,oral_normal,oral_normal,স্বাভাবিক মুখের ভেতর,routine
oral_1_004114.jpg,1,oral_normal,oral_normal,স্বাভাবিক মুখের ভেতর,routine
oral_0_004115.jpg,0,oral_scc,oral_scc,মুখের ক্যানসারের মতো পরিবর্তন (OSC সন্দেহ),urgent
oral_0_004116.jpg,0,oral_scc,oral_scc,মুখের ক্যানসারের মতো পরিবর্তন (OSC সন্দেহ),urgent
oral_0_004117.jpg,0,oral_scc,oral_scc,মুখের ক্যানসারের মতো পরিবর্তন (OSC সন্দেহ),urgent
oral_1_004118.jpg,1,oral_normal,oral_normal,স্বাভাবিক মুখের ভেতর,routine
oral_0_004119.jpg,0,oral_scc,oral_scc,মুখের ক্যানসারের মতো পরিবর্তন (OSC সন্দেহ),urgent
oral_0_004120.jpg,0,oral_scc,oral_scc,মুখের ক্যানসারের মতো পরিবর্তন (OSC সন্দেহ),urgent
oral_0_004121.jpg,0,oral_scc,oral_scc,মুখের ক্যানসারের মতো পরিবর্তন (OSC সন্দেহ),urgent
oral_0_004122.jpg,0,oral_scc,oral_scc,মুখের ক্যানসারের মতো পরিবর্তন (OSC সন্দেহ),urgent
oral_0_004123.jpg,0,oral_scc,oral_scc,মুখের ক্যানসারের মতো পরিবর্তন (OSC সন্দেহ),urgent
oral_0_004124.jpg,0,oral_scc,oral_scc,মুখের ক্যানসারের মতো পরিবর্তন (OSC সন্দেহ),urgent
oral_0_004125.jpg,0,oral_scc,oral_scc,মুখের ক্যানসারের মতো পরিবর্তন (OSC সন্দেহ),urgent
oral_0_004126.jpg,0,oral_scc,oral_scc,মুখের ক্যানসারের মতো পরিবর্তন (OSC সন্দেহ),urgent
oral_1_004127.jpg,1,oral_normal,oral_normal,স্বাভাবিক মুখের ভেতর,routine
oral_1_004128.jpg,1,oral_normal,oral_normal,স্বাভাবিক মুখের ভেতর,routine
oral_0_004129.jpg,0,oral_scc,oral_scc,মুখের ক্যানসারের মতো পরিবর্তন (OSC সন্দেহ),urgent
oral_0_004130.jpg,0,oral_scc,oral_scc,মুখের ক্যানসারের মতো পরিবর্তন (OSC সন্দেহ),urgent
oral_1_004131.jpg,1,oral_normal,oral_normal,স্বাভাবিক মুখের ভেতর,routine
oral_1_004132.jpg,1,oral_normal,oral_normal,স্বাভাবিক মুখের ভেতর,routine
oral_1_004133.jpg,1,oral_normal,oral_normal,স্বাভাবিক মুখের ভেতর,routine
oral_1_004134.jpg,1,oral_normal,oral_normal,স্বাভাবিক মুখের ভেতর,routine
oral_1_004135.jpg,1,oral_normal,oral_normal,স্বাভাবিক মুখের ভেতর,routine
oral_0_004136.jpg,0,oral_scc,oral_scc,মুখের ক্যানসারের মতো পরিবর্তন (OSC সন্দেহ),urgent
oral_0_004137.jpg,0,oral_scc,oral_scc,মুখের ক্যানসারের মতো পরিবর্তন (OSC সন্দেহ),urgent
oral_0_004138.jpg,0,oral_scc,oral_scc,মুখের ক্যানসারের মতো পরিবর্তন (OSC সন্দেহ),urgent
oral_0_004139.jpg,0,oral_scc,oral_scc,মুখের ক্যানসারের মতো পরিবর্তন (OSC সন্দেহ),urgent
oral_0_004140.jpg,0,oral_scc,oral_scc,মুখের ক্যানসারের মতো পরিবর্তন (OSC সন্দেহ),urgent
oral_1_004141.jpg,1,oral_normal,oral_normal,স্বাভাবিক মুখের ভেতর,routine
oral_0_004142.jpg,0,oral_scc,oral_scc,মুখের ক্যানসারের মতো পরিবর্তন (OSC সন্দেহ),urgent
oral_0_004143.jpg,0,oral_scc,oral_scc,মুখের ক্যানসারের মতো পরিবর্তন (OSC সন্দেহ),urgent
oral_1_004144.jpg,1,oral_normal,oral_normal,স্বাভাবিক মুখের ভেতর,routine
oral_1_004145.jpg,1,oral_normal,oral_normal,স্বাভাবিক মুখের ভেতর,routine
oral_0_004146.jpg,0,oral_scc,oral_scc,মুখের ক্যানসারের মতো পরিবর্তন (OSC সন্দেহ),urgent
oral_0_004147.jpg,0,oral_scc,oral_scc,মুখের ক্যানসারের মতো পরিবর্তন (OSC সন্দেহ),urgent
oral_0_004148.jpg,0,oral_scc,oral_scc,মুখের ক্যানসারের মতো পরিবর্তন (OSC সন্দেহ),urgent
oral_0_004149.jpg,0,oral_scc,oral_scc,মুখের ক্যানসারের মতো পরিবর্তন (OSC সন্দেহ),urgent
oral_0_004150.jpg,0,oral_scc,oral_scc,মুখের ক্যানসারের মতো পরিবর্তন (OSC সন্দেহ),urgent
oral_0_004151.jpg,0,oral_scc,oral_scc,মুখের ক্যানসারের মতো পরিবর্তন (OSC সন্দেহ),urgent
oral_0_004152.jpg,0,oral_scc,oral_scc,মুখের ক্যানসারের মতো পরিবর্তন (OSC সন্দেহ),urgent
oral_1_004153.jpg,1,oral_normal,oral_normal,স্বাভাবিক মুখের ভেতর,routine
oral_0_004154.jpg,0,oral_scc,oral_scc,মুখের ক্যানসারের মতো পরিবর্তন (OSC সন্দেহ),urgent
oral_0_004155.jpg,0,oral_scc,oral_scc,মুখের ক্যানসারের মতো পরিবর্তন (OSC সন্দেহ),urgent
oral_0_004156.jpg,0,oral_scc,oral_scc,মুখের ক্যানসারের মতো পরিবর্তন (OSC সন্দেহ),urgent
oral_0_004157.jpg,0,oral_scc,oral_scc,মুখের ক্যানসারের মতো পরিবর্তন (OSC সন্দেহ),urgent
oral_1_004158.jpg,1,oral_normal,oral_normal,স্বাভাবিক মুখের ভেতর,routine
oral_0_004159.jpg,0,oral_scc,oral_scc,মুখের ক্যানসারের মতো পরিবর্তন (OSC সন্দেহ),urgent
oral_0_004160.jpg,0,oral_scc,oral_scc,মুখের ক্যানসারের মতো পরিবর্তন (OSC সন্দেহ),urgent
oral_1_004161.jpg,1,oral_normal,oral_normal,স্বাভাবিক মুখের ভেতর,routine
oral_0_004162.jpg,0,oral_scc,oral_scc,মুখের ক্যানসারের মতো পরিবর্তন (OSC সন্দেহ),urgent
oral_1_004163.jpg,1,oral_normal,oral_normal,স্বাভাবিক মুখের ভেতর,routine
oral_1_004164.jpg,1,oral_normal,oral_normal,স্বাভাবিক মুখের ভেতর,routine
oral_1_004165.jpg,1,oral_normal,oral_normal,স্বাভাবিক মুখের ভেতর,routine
oral_1_004166.jpg,1,oral_normal,oral_normal,স্বাভাবিক মুখের ভেতর,routine
oral_0_004167.jpg,0,oral_scc,oral_scc,মুখের ক্যানসারের মতো পরিবর্তন (OSC সন্দেহ),urgent
oral_1_004168.jpg,1,oral_normal,oral_normal,স্বাভাবিক মুখের ভেতর,routine
oral_1_004169.jpg,1,oral_normal,oral_normal,স্বাভাবিক মুখের ভেতর,routine
oral_1_004170.jpg,1,oral_normal,oral_normal,স্বাভাবিক মুখের ভেতর,routine
oral_0_004171.jpg,0,oral_scc,oral_scc,মুখের ক্যানসারের মতো পরিবর্তন (OSC সন্দেহ),urgent
oral_0_004172.jpg,0,oral_scc,oral_scc,মুখের ক্যানসারের মতো পরিবর্তন (OSC সন্দেহ),urgent
oral_1_004173.jpg,1,oral_normal,oral_normal,স্বাভাবিক মুখের ভেতর,routine
oral_0_004174.jpg,0,oral_scc,oral_scc,মুখের ক্যানসারের মতো পরিবর্তন (OSC সন্দেহ),urgent
oral_0_004175.jpg,0,oral_scc,oral_scc,মুখের ক্যানসারের মতো পরিবর্তন (OSC সন্দেহ),urgent
oral_1_004176.jpg,1,oral_normal,oral_normal,স্বাভাবিক মুখের ভেতর,routine
oral_1_004177.jpg,1,oral_normal,oral_normal,স্বাভাবিক মুখের ভেতর,routine
oral_0_004178.jpg,0,oral_scc,oral_scc,মুখের ক্যানসারের মতো পরিবর্তন (OSC সন্দেহ),urgent
oral_0_004179.jpg,0,oral_scc,oral_scc,মুখের ক্যানসারের মতো পরিবর্তন (OSC সন্দেহ),urgent
oral_0_004180.jpg,0,oral_scc,oral_scc,মুখের ক্যানসারের মতো পরিবর্তন (OSC সন্দেহ),urgent
oral_1_004181.jpg,1,oral_normal,oral_normal,স্বাভাবিক মুখের ভেতর,routine
oral_0_004182.jpg,0,oral_scc,oral_scc,মুখের ক্যানসারের মতো পরিবর্তন (OSC সন্দেহ),urgent
oral_0_004183.jpg,0,oral_scc,oral_scc,মুখের ক্যানসারের মতো পরিবর্তন (OSC সন্দেহ),urgent
oral_1_004184.jpg,1,oral_normal,oral_normal,স্বাভাবিক মুখের ভেতর,routine
oral_0_004185.jpg,0,oral_scc,oral_scc,মুখের ক্যানসারের মতো পরিবর্তন (OSC সন্দেহ),urgent
oral_1_004186.jpg,1,oral_normal,oral_normal,স্বাভাবিক মুখের ভেতর,routine
oral_0_004187.jpg,0,oral_scc,oral_scc,মুখের ক্যানসারের মতো পরিবর্তন (OSC সন্দেহ),urgent
oral_0_004188.jpg,0,oral_scc,oral_scc,মুখের ক্যানসারের মতো পরিবর্তন (OSC সন্দেহ),urgent
oral_1_004189.jpg,1,oral_normal,oral_normal,স্বাভাবিক মুখের ভেতর,routine
oral_0_004190.jpg,0,oral_scc,oral_scc,মুখের ক্যানসারের মতো পরিবর্তন (OSC সন্দেহ),urgent
oral_0_004191.jpg,0,oral_scc,oral_scc,মুখের ক্যানসারের মতো পরিবর্তন (OSC সন্দেহ),urgent
oral_0_004192.jpg,0,oral_scc,oral_scc,মুখের ক্যানসারের মতো পরিবর্তন (OSC সন্দেহ),urgent
oral_1_004193.jpg,1,oral_normal,oral_normal,স্বাভাবিক মুখের ভেতর,routine
oral_0_004194.jpg,0,oral_scc,oral_scc,মুখের ক্যানসারের মতো পরিবর্তন (OSC সন্দেহ),urgent
oral_0_004195.jpg,0,oral_scc,oral_scc,মুখের ক্যানসারের মতো পরিবর্তন (OSC সন্দেহ),urgent
oral_0_004196.jpg,0,oral_scc,oral_scc,মুখের ক্যানসারের মতো পরিবর্তন (OSC সন্দেহ),urgent
oral_0_004197.jpg,0,oral_scc,oral_scc,মুখের ক্যানসারের মতো পরিবর্তন (OSC সন্দেহ),urgent
oral_0_004198.jpg,0,oral_scc,oral_scc,মুখের ক্যানসারের মতো পরিবর্তন (OSC সন্দেহ),urgent
oral_0_004199.jpg,0,oral_scc,oral_scc,মুখের ক্যানসারের মতো পরিবর্তন (OSC সন্দেহ),urgent
oral_0_004200.jpg,0,oral_scc,oral_scc,মুখের ক্যানসারের মতো পরিবর্তন (OSC সন্দেহ),urgent
oral_0_004201.jpg,0,oral_scc,oral_scc,মুখের ক্যানসারের মতো পরিবর্তন (OSC সন্দেহ),urgent
oral_0_004202.jpg,0,oral_scc,oral_scc,মুখের ক্যানসারের মতো পরিবর্তন (OSC সন্দেহ),urgent
oral_1_004203.jpg,1,oral_normal,oral_normal,স্বাভাবিক মুখের ভেতর,routine
oral_1_004204.jpg,1,oral_normal,oral_normal,স্বাভাবিক মুখের ভেতর,routine
oral_1_004205.jpg,1,oral_normal,oral_normal,স্বাভাবিক মুখের ভেতর,routine
oral_0_004206.jpg,0,oral_scc,oral_scc,মুখের ক্যানসারের মতো পরিবর্তন (OSC সন্দেহ),urgent
oral_0_004207.jpg,0,oral_scc,oral_scc,মুখের ক্যানসারের মতো পরিবর্তন (OSC সন্দেহ),urgent
oral_0_004208.jpg,0,oral_scc,oral_scc,মুখের ক্যানসারের মতো পরিবর্তন (OSC সন্দেহ),urgent
oral_1_004209.jpg,1,oral_normal,oral_normal,স্বাভাবিক মুখের ভেতর,routine
oral_1_004210.jpg,1,oral_normal,oral_normal,স্বাভাবিক মুখের ভেতর,routine
oral_1_004211.jpg,1,oral_normal,oral_normal,স্বাভাবিক মুখের ভেতর,routine
oral_1_004212.jpg,1,oral_normal,oral_normal,স্বাভাবিক মুখের ভেতর,routine
oral_1_004213.jpg,1,oral_normal,oral_normal,স্বাভাবিক মুখের ভেতর,routine
oral_1_004214.jpg,1,oral_normal,oral_normal,স্বাভাবিক মুখের ভেতর,routine
oral_1_004215.jpg,1,oral_normal,oral_normal,স্বাভাবিক মুখের ভেতর,routine
oral_0_004216.jpg,0,oral_scc,oral_scc,মুখের ক্যানসারের মতো পরিবর্তন (OSC সন্দেহ),urgent
oral_1_004217.jpg,1,oral_normal,oral_normal,স্বাভাবিক মুখের ভেতর,routine
oral_0_004218.jpg,0,oral_scc,oral_scc,মুখের ক্যানসারের মতো পরিবর্তন (OSC সন্দেহ),urgent
oral_1_004219.jpg,1,oral_normal,oral_normal,স্বাভাবিক মুখের ভেতর,routine
oral_1_004220.jpg,1,oral_normal,oral_normal,স্বাভাবিক মুখের ভেতর,routine
oral_0_004221.jpg,0,oral_scc,oral_scc,মুখের ক্যানসারের মতো পরিবর্তন (OSC সন্দেহ),urgent
oral_1_004222.jpg,1,oral_normal,oral_normal,স্বাভাবিক মুখের ভেতর,routine
oral_1_004223.jpg,1,oral_normal,oral_normal,স্বাভাবিক মুখের ভেতর,routine
oral_0_004224.jpg,0,oral_scc,oral_scc,মুখের ক্যানসারের মতো পরিবর্তন (OSC সন্দেহ),urgent
oral_1_004225.jpg,1,oral_normal,oral_normal,স্বাভাবিক মুখের ভেতর,routine
oral_1_004226.jpg,1,oral_normal,oral_normal,স্বাভাবিক মুখের ভেতর,routine
oral_1_004227.jpg,1,oral_normal,oral_normal,স্বাভাবিক মুখের ভেতর,routine
oral_0_004228.jpg,0,oral_scc,oral_scc,মুখের ক্যানসারের মতো পরিবর্তন (OSC সন্দেহ),urgent
oral_1_004229.jpg,1,oral_normal,oral_normal,স্বাভাবিক মুখের ভেতর,routine
oral_0_004230.jpg,0,oral_scc,oral_scc,মুখের ক্যানসারের মতো পরিবর্তন (OSC সন্দেহ),urgent
oral_0_004231.jpg,0,oral_scc,oral_scc,মুখের ক্যানসারের মতো পরিবর্তন (OSC সন্দেহ),urgent
oral_0_004232.jpg,0,oral_scc,oral_scc,মুখের ক্যানসারের মতো পরিবর্তন (OSC সন্দেহ),urgent
oral_1_004233.jpg,1,oral_normal,oral_normal,স্বাভাবিক মুখের ভেতর,routine
oral_1_004234.jpg,1,oral_normal,oral_normal,স্বাভাবিক মুখের ভেতর,routine
oral_1_004235.jpg,1,oral_normal,oral_normal,স্বাভাবিক মুখের ভেতর,routine
oral_1_004236.jpg,1,oral_normal,oral_normal,স্বাভাবিক মুখের ভেতর,routine
oral_0_004237.jpg,0,oral_scc,oral_scc,মুখের ক্যানসারের মতো পরিবর্তন (OSC সন্দেহ),urgent
oral_1_004238.jpg,1,oral_normal,oral_normal,স্বাভাবিক মুখের ভেতর,routine
oral_0_004239.jpg,0,oral_scc,oral_scc,মুখের ক্যানসারের মতো পরিবর্তন (OSC সন্দেহ),urgent
oral_0_004240.jpg,0,oral_scc,oral_scc,মুখের ক্যানসারের মতো পরিবর্তন (OSC সন্দেহ),urgent
oral_0_004241.jpg,0,oral_scc,oral_scc,মুখের ক্যানসারের মতো পরিবর্তন (OSC সন্দেহ),urgent
oral_1_004242.jpg,1,oral_normal,oral_normal,স্বাভাবিক মুখের ভেতর,routine
oral_1_004243.jpg,1,oral_normal,oral_normal,স্বাভাবিক মুখের ভেতর,routine
oral_0_004244.jpg,0,oral_scc,oral_scc,মুখের ক্যানসারের মতো পরিবর্তন (OSC সন্দেহ),urgent
oral_0_004245.jpg,0,oral_scc,oral_scc,মুখের ক্যানসারের মতো পরিবর্তন (OSC সন্দেহ),urgent
oral_1_004246.jpg,1,oral_normal,oral_normal,স্বাভাবিক মুখের ভেতর,routine
oral_0_004247.jpg,0,oral_scc,oral_scc,মুখের ক্যানসারের মতো পরিবর্তন (OSC সন্দেহ),urgent
oral_1_004248.jpg,1,oral_normal,oral_normal,স্বাভাবিক মুখের ভেতর,routine
oral_1_004249.jpg,1,oral_normal,oral_normal,স্বাভাবিক মুখের ভেতর,routine
oral_1_004250.jpg,1,oral_normal,oral_normal,স্বাভাবিক মুখের ভেতর,routine
oral_0_004251.jpg,0,oral_scc,oral_scc,মুখের ক্যানসারের মতো পরিবর্তন (OSC সন্দেহ),urgent
oral_1_004252.jpg,1,oral_normal,oral_normal,স্বাভাবিক মুখের ভেতর,routine
oral_1_004253.jpg,1,oral_normal,oral_normal,স্বাভাবিক মুখের ভেতর,routine
oral_1_004254.jpg,1,oral_normal,oral_normal,স্বাভাবিক মুখের ভেতর,routine
oral_1_004255.jpg,1,oral_normal,oral_normal,স্বাভাবিক মুখের ভেতর,routine
oral_0_004256.jpg,0,oral_scc,oral_scc,মুখের ক্যানসারের মতো পরিবর্তন (OSC সন্দেহ),urgent
oral_1_004257.jpg,1,oral_normal,oral_normal,স্বাভাবিক মুখের ভেতর,routine
oral_0_004258.jpg,0,oral_scc,oral_scc,মুখের ক্যানসারের মতো পরিবর্তন (OSC সন্দেহ),urgent
oral_1_004259.jpg,1,oral_normal,oral_normal,স্বাভাবিক মুখের ভেতর,routine
oral_0_004260.jpg,0,oral_scc,oral_scc,মুখের ক্যানসারের মতো পরিবর্তন (OSC সন্দেহ),urgent
oral_0_004261.jpg,0,oral_scc,oral_scc,মুখের ক্যানসারের মতো পরিবর্তন (OSC সন্দেহ),urgent
oral_0_004262.jpg,0,oral_scc,oral_scc,মুখের ক্যানসারের মতো পরিবর্তন (OSC সন্দেহ),urgent
oral_0_004263.jpg,0,oral_scc,oral_scc,মুখের ক্যানসারের মতো পরিবর্তন (OSC সন্দেহ),urgent
oral_0_004264.jpg,0,oral_scc,oral_scc,মুখের ক্যানসারের মতো পরিবর্তন (OSC সন্দেহ),urgent
oral_1_004265.jpg,1,oral_normal,oral_normal,স্বাভাবিক মুখের ভেতর,routine
oral_1_004266.jpg,1,oral_normal,oral_normal,স্বাভাবিক মুখের ভেতর,routine
oral_0_004267.jpg,0,oral_scc,oral_scc,মুখের ক্যানসারের মতো পরিবর্তন (OSC সন্দেহ),urgent
oral_1_004268.jpg,1,oral_normal,oral_normal,স্বাভাবিক মুখের ভেতর,routine
oral_1_004269.jpg,1,oral_normal,oral_normal,স্বাভাবিক মুখের ভেতর,routine
oral_0_004270.jpg,0,oral_scc,oral_scc,মুখের ক্যানসারের মতো পরিবর্তন (OSC সন্দেহ),urgent
oral_1_004271.jpg,1,oral_normal,oral_normal,স্বাভাবিক মুখের ভেতর,routine
oral_1_004272.jpg,1,oral_normal,oral_normal,স্বাভাবিক মুখের ভেতর,routine
oral_1_004273.jpg,1,oral_normal,oral_normal,স্বাভাবিক মুখের ভেতর,routine
oral_0_004274.jpg,0,oral_scc,oral_scc,মুখের ক্যানসারের মতো পরিবর্তন (OSC সন্দেহ),urgent
oral_0_004275.jpg,0,oral_scc,oral_scc,মুখের ক্যানসারের মতো পরিবর্তন (OSC সন্দেহ),urgent
oral_0_004276.jpg,0,oral_scc,oral_scc,মুখের ক্যানসারের মতো পরিবর্তন (OSC সন্দেহ),urgent
oral_1_004277.jpg,1,oral_normal,oral_normal,স্বাভাবিক মুখের ভেতর,routine
oral_0_004278.jpg,0,oral_scc,oral_scc,মুখের ক্যানসারের মতো পরিবর্তন (OSC সন্দেহ),urgent
oral_0_004279.jpg,0,oral_scc,oral_scc,মুখের ক্যানসারের মতো পরিবর্তন (OSC সন্দেহ),urgent
oral_1_004280.jpg,1,oral_normal,oral_normal,স্বাভাবিক মুখের ভেতর,routine
oral_1_004281.jpg,1,oral_normal,oral_normal,স্বাভাবিক মুখের ভেতর,routine
oral_1_004282.jpg,1,oral_normal,oral_normal,স্বাভাবিক মুখের ভেতর,routine
oral_1_004283.jpg,1,oral_normal,oral_normal,স্বাভাবিক মুখের ভেতর,routine
oral_1_004284.jpg,1,oral_normal,oral_normal,স্বাভাবিক মুখের ভেতর,routine
oral_0_004285.jpg,0,oral_scc,oral_scc,মুখের ক্যানসারের মতো পরিবর্তন (OSC সন্দেহ),urgent
oral_0_004286.jpg,0,oral_scc,oral_scc,মুখের ক্যানসারের মতো পরিবর্তন (OSC সন্দেহ),urgent
oral_0_004287.jpg,0,oral_scc,oral_scc,মুখের ক্যানসারের মতো পরিবর্তন (OSC সন্দেহ),urgent
oral_0_004288.jpg,0,oral_scc,oral_scc,মুখের ক্যানসারের মতো পরিবর্তন (OSC সন্দেহ),urgent
oral_1_004289.jpg,1,oral_normal,oral_normal,স্বাভাবিক মুখের ভেতর,routine
oral_0_004290.jpg,0,oral_scc,oral_scc,মুখের ক্যানসারের মতো পরিবর্তন (OSC সন্দেহ),urgent
oral_0_004291.jpg,0,oral_scc,oral_scc,মুখের ক্যানসারের মতো পরিবর্তন (OSC সন্দেহ),urgent
oral_1_004292.jpg,1,oral_normal,oral_normal,স্বাভাবিক মুখের ভেতর,routine
oral_1_004293.jpg,1,oral_normal,oral_normal,স্বাভাবিক মুখের ভেতর,routine
oral_1_004294.jpg,1,oral_normal,oral_normal,স্বাভাবিক মুখের ভেতর,routine
oral_1_004295.jpg,1,oral_normal,oral_normal,স্বাভাবিক মুখের ভেতর,routine
oral_1_004296.jpg,1,oral_normal,oral_normal,স্বাভাবিক মুখের ভেতর,routine
oral_1_004297.jpg,1,oral_normal,oral_normal,স্বাভাবিক মুখের ভেতর,routine
oral_0_004298.jpg,0,oral_scc,oral_scc,মুখের ক্যানসারের মতো পরিবর্তন (OSC সন্দেহ),urgent
oral_1_004299.jpg,1,oral_normal,oral_normal,স্বাভাবিক মুখের ভেতর,routine
oral_1_004300.jpg,1,oral_normal,oral_normal,স্বাভাবিক মুখের ভেতর,routine
oral_1_004301.jpg,1,oral_normal,oral_normal,স্বাভাবিক মুখের ভেতর,routine
oral_0_004302.jpg,0,oral_scc,oral_scc,মুখের ক্যানসারের মতো পরিবর্তন (OSC সন্দেহ),urgent
oral_0_004303.jpg,0,oral_scc,oral_scc,মুখের ক্যানসারের মতো পরিবর্তন (OSC সন্দেহ),urgent
oral_0_004304.jpg,0,oral_scc,oral_scc,মুখের ক্যানসারের মতো পরিবর্তন (OSC সন্দেহ),urgent
oral_1_004305.jpg,1,oral_normal,oral_normal,স্বাভাবিক মুখের ভেতর,routine
oral_1_004306.jpg,1,oral_normal,oral_normal,স্বাভাবিক মুখের ভেতর,routine
oral_0_004307.jpg,0,oral_scc,oral_scc,মুখের ক্যানসারের মতো পরিবর্তন (OSC সন্দেহ),urgent
oral_0_004308.jpg,0,oral_scc,oral_scc,মুখের ক্যানসারের মতো পরিবর্তন (OSC সন্দেহ),urgent
oral_1_004309.jpg,1,oral_normal,oral_normal,স্বাভাবিক মুখের ভেতর,routine
oral_1_004310.jpg,1,oral_normal,oral_normal,স্বাভাবিক মুখের ভেতর,routine
oral_0_004311.jpg,0,oral_scc,oral_scc,মুখের ক্যানসারের মতো পরিবর্তন (OSC সন্দেহ),urgent
oral_1_004312.jpg,1,oral_normal,oral_normal,স্বাভাবিক মুখের ভেতর,routine
oral_1_004313.jpg,1,oral_normal,oral_normal,স্বাভাবিক মুখের ভেতর,routine
oral_0_004314.jpg,0,oral_scc,oral_scc,মুখের ক্যানসারের মতো পরিবর্তন (OSC সন্দেহ),urgent
oral_0_004315.jpg,0,oral_scc,oral_scc,মুখের ক্যানসারের মতো পরিবর্তন (OSC সন্দেহ),urgent
oral_1_004316.jpg,1,oral_normal,oral_normal,স্বাভাবিক মুখের ভেতর,routine
oral_0_004317.jpg,0,oral_scc,oral_scc,মুখের ক্যানসারের মতো পরিবর্তন (OSC সন্দেহ),urgent
oral_0_004318.jpg,0,oral_scc,oral_scc,মুখের ক্যানসারের মতো পরিবর্তন (OSC সন্দেহ),urgent
oral_1_004319.jpg,1,oral_normal,oral_normal,স্বাভাবিক মুখের ভেতর,routine
oral_1_004320.jpg,1,oral_normal,oral_normal,স্বাভাবিক মুখের ভেতর,routine
oral_0_004321.jpg,0,oral_scc,oral_scc,মুখের ক্যানসারের মতো পরিবর্তন (OSC সন্দেহ),urgent
oral_0_004322.jpg,0,oral_scc,oral_scc,মুখের ক্যানসারের মতো পরিবর্তন (OSC সন্দেহ),urgent
oral_1_004323.jpg,1,oral_normal,oral_normal,স্বাভাবিক মুখের ভেতর,routine
oral_1_004324.jpg,1,oral_normal,oral_normal,স্বাভাবিক মুখের ভেতর,routine
oral_1_004325.jpg,1,oral_normal,oral_normal,স্বাভাবিক মুখের ভেতর,routine
oral_1_004326.jpg,1,oral_normal,oral_normal,স্বাভাবিক মুখের ভেতর,routine
oral_0_004327.jpg,0,oral_scc,oral_scc,মুখের ক্যানসারের মতো পরিবর্তন (OSC সন্দেহ),urgent
oral_0_004328.jpg,0,oral_scc,oral_scc,মুখের ক্যানসারের মতো পরিবর্তন (OSC সন্দেহ),urgent
oral_1_004329.jpg,1,oral_normal,oral_normal,স্বাভাবিক মুখের ভেতর,routine
oral_1_004330.jpg,1,oral_normal,oral_normal,স্বাভাবিক মুখের ভেতর,routine
oral_0_004331.jpg,0,oral_scc,oral_scc,মুখের ক্যানসারের মতো পরিবর্তন (OSC সন্দেহ),urgent
oral_1_004332.jpg,1,oral_normal,oral_normal,স্বাভাবিক মুখের ভেতর,routine
oral_1_004333.jpg,1,oral_normal,oral_normal,স্বাভাবিক মুখের ভেতর,routine
oral_1_004334.jpg,1,oral_normal,oral_normal,স্বাভাবিক মুখের ভেতর,routine
oral_1_004335.jpg,1,oral_normal,oral_normal,স্বাভাবিক মুখের ভেতর,routine
oral_0_004336.jpg,0,oral_scc,oral_scc,মুখের ক্যানসারের মতো পরিবর্তন (OSC সন্দেহ),urgent
oral_1_004337.jpg,1,oral_normal,oral_normal,স্বাভাবিক মুখের ভেতর,routine
oral_0_004338.jpg,0,oral_scc,oral_scc,মুখের ক্যানসারের মতো পরিবর্তন (OSC সন্দেহ),urgent
oral_0_004339.jpg,0,oral_scc,oral_scc,মুখের ক্যানসারের মতো পরিবর্তন (OSC সন্দেহ),urgent
oral_1_004340.jpg,1,oral_normal,oral_normal,স্বাভাবিক মুখের ভেতর,routine
oral_0_004341.jpg,0,oral_scc,oral_scc,মুখের ক্যানসারের মতো পরিবর্তন (OSC সন্দেহ),urgent
oral_1_004342.jpg,1,oral_normal,oral_normal,স্বাভাবিক মুখের ভেতর,routine
oral_0_004343.jpg,0,oral_scc,oral_scc,মুখের ক্যানসারের মতো পরিবর্তন (OSC সন্দেহ),urgent
oral_1_004344.jpg,1,oral_normal,oral_normal,স্বাভাবিক মুখের ভেতর,routine
oral_1_004345.jpg,1,oral_normal,oral_normal,স্বাভাবিক মুখের ভেতর,routine
oral_1_004346.jpg,1,oral_normal,oral_normal,স্বাভাবিক মুখের ভেতর,routine
oral_1_004347.jpg,1,oral_normal,oral_normal,স্বাভাবিক মুখের ভেতর,routine
oral_0_004348.jpg,0,oral_scc,oral_scc,মুখের ক্যানসারের মতো পরিবর্তন (OSC সন্দেহ),urgent
oral_1_004349.jpg,1,oral_normal,oral_normal,স্বাভাবিক মুখের ভেতর,routine
oral_1_004350.jpg,1,oral_normal,oral_normal,স্বাভাবিক মুখের ভেতর,routine
oral_1_004351.jpg,1,oral_normal,oral_normal,স্বাভাবিক মুখের ভেতর,routine
oral_1_004352.jpg,1,oral_normal,oral_normal,স্বাভাবিক মুখের ভেতর,routine
oral_0_004353.jpg,0,oral_scc,oral_scc,মুখের ক্যানসারের মতো পরিবর্তন (OSC সন্দেহ),urgent
oral_1_004354.jpg,1,oral_normal,oral_normal,স্বাভাবিক মুখের ভেতর,routine
oral_1_004355.jpg,1,oral_normal,oral_normal,স্বাভাবিক মুখের ভেতর,routine
oral_0_004356.jpg,0,oral_scc,oral_scc,মুখের ক্যানসারের মতো পরিবর্তন (OSC সন্দেহ),urgent
oral_0_004357.jpg,0,oral_scc,oral_scc,মুখের ক্যানসারের মতো পরিবর্তন (OSC সন্দেহ),urgent
oral_0_004358.jpg,0,oral_scc,oral_scc,মুখের ক্যানসারের মতো পরিবর্তন (OSC সন্দেহ),urgent
oral_0_004359.jpg,0,oral_scc,oral_scc,মুখের ক্যানসারের মতো পরিবর্তন (OSC সন্দেহ),urgent
oral_0_004360.jpg,0,oral_scc,oral_scc,মুখের ক্যানসারের মতো পরিবর্তন (OSC সন্দেহ),urgent
oral_0_004361.jpg,0,oral_scc,oral_scc,মুখের ক্যানসারের মতো পরিবর্তন (OSC সন্দেহ),urgent
oral_0_004362.jpg,0,oral_scc,oral_scc,মুখের ক্যানসারের মতো পরিবর্তন (OSC সন্দেহ),urgent
oral_0_004363.jpg,0,oral_scc,oral_scc,মুখের ক্যানসারের মতো পরিবর্তন (OSC সন্দেহ),urgent
oral_1_004364.jpg,1,oral_normal,oral_normal,স্বাভাবিক মুখের ভেতর,routine
oral_1_004365.jpg,1,oral_normal,oral_normal,স্বাভাবিক মুখের ভেতর,routine
oral_1_004366.jpg,1,oral_normal,oral_normal,স্বাভাবিক মুখের ভেতর,routine
oral_0_004367.jpg,0,oral_scc,oral_scc,মুখের ক্যানসারের মতো পরিবর্তন (OSC সন্দেহ),urgent
oral_0_004368.jpg,0,oral_scc,oral_scc,মুখের ক্যানসারের মতো পরিবর্তন (OSC সন্দেহ),urgent
oral_0_004369.jpg,0,oral_scc,oral_scc,মুখের ক্যানসারের মতো পরিবর্তন (OSC সন্দেহ),urgent
oral_1_004370.jpg,1,oral_normal,oral_normal,স্বাভাবিক মুখের ভেতর,routine
oral_0_004371.jpg,0,oral_scc,oral_scc,মুখের ক্যানসারের মতো পরিবর্তন (OSC সন্দেহ),urgent
oral_1_004372.jpg,1,oral_normal,oral_normal,স্বাভাবিক মুখের ভেতর,routine
oral_1_004373.jpg,1,oral_normal,oral_normal,স্বাভাবিক মুখের ভেতর,routine
oral_1_004374.jpg,1,oral_normal,oral_normal,স্বাভাবিক মুখের ভেতর,routine
oral_0_004375.jpg,0,oral_scc,oral_scc,মুখের ক্যানসারের মতো পরিবর্তন (OSC সন্দেহ),urgent
oral_1_004376.jpg,1,oral_normal,oral_normal,স্বাভাবিক মুখের ভেতর,routine
oral_0_004377.jpg,0,oral_scc,oral_scc,মুখের ক্যানসারের মতো পরিবর্তন (OSC সন্দেহ),urgent
oral_0_004378.jpg,0,oral_scc,oral_scc,মুখের ক্যানসারের মতো পরিবর্তন (OSC সন্দেহ),urgent
oral_0_004379.jpg,0,oral_scc,oral_scc,মুখের ক্যানসারের মতো পরিবর্তন (OSC সন্দেহ),urgent
oral_0_004380.jpg,0,oral_scc,oral_scc,মুখের ক্যানসারের মতো পরিবর্তন (OSC সন্দেহ),urgent
oral_0_004381.jpg,0,oral_scc,oral_scc,মুখের ক্যানসারের মতো পরিবর্তন (OSC সন্দেহ),urgent
oral_1_004382.jpg,1,oral_normal,oral_normal,স্বাভাবিক মুখের ভেতর,routine
oral_0_004383.jpg,0,oral_scc,oral_scc,মুখের ক্যানসারের মতো পরিবর্তন (OSC সন্দেহ),urgent
oral_0_004384.jpg,0,oral_scc,oral_scc,মুখের ক্যানসারের মতো পরিবর্তন (OSC সন্দেহ),urgent
oral_1_004385.jpg,1,oral_normal,oral_normal,স্বাভাবিক মুখের ভেতর,routine
oral_1_004386.jpg,1,oral_normal,oral_normal,স্বাভাবিক মুখের ভেতর,routine
oral_0_004387.jpg,0,oral_scc,oral_scc,মুখের ক্যানসারের মতো পরিবর্তন (OSC সন্দেহ),urgent
oral_1_004388.jpg,1,oral_normal,oral_normal,স্বাভাবিক মুখের ভেতর,routine
oral_1_004389.jpg,1,oral_normal,oral_normal,স্বাভাবিক মুখের ভেতর,routine
oral_1_004390.jpg,1,oral_normal,oral_normal,স্বাভাবিক মুখের ভেতর,routine
oral_1_004391.jpg,1,oral_normal,oral_normal,স্বাভাবিক মুখের ভেতর,routine
oral_0_004392.jpg,0,oral_scc,oral_scc,মুখের ক্যানসারের মতো পরিবর্তন (OSC সন্দেহ),urgent
oral_0_004393.jpg,0,oral_scc,oral_scc,মুখের ক্যানসারের মতো পরিবর্তন (OSC সন্দেহ),urgent
oral_0_004394.jpg,0,oral_scc,oral_scc,মুখের ক্যানসারের মতো পরিবর্তন (OSC সন্দেহ),urgent
oral_0_004395.jpg,0,oral_scc,oral_scc,মুখের ক্যানসারের মতো পরিবর্তন (OSC সন্দেহ),urgent
oral_1_004396.jpg,1,oral_normal,oral_normal,স্বাভাবিক মুখের ভেতর,routine
oral_0_004397.jpg,0,oral_scc,oral_scc,মুখের ক্যানসারের মতো পরিবর্তন (OSC সন্দেহ),urgent
oral_1_004398.jpg,1,oral_normal,oral_normal,স্বাভাবিক মুখের ভেতর,routine
oral_1_004399.jpg,1,oral_normal,oral_normal,স্বাভাবিক মুখের ভেতর,routine
oral_0_004400.jpg,0,oral_scc,oral_scc,মুখের ক্যানসারের মতো পরিবর্তন (OSC সন্দেহ),urgent
oral_1_004401.jpg,1,oral_normal,oral_normal,স্বাভাবিক মুখের ভেতর,routine
oral_0_004402.jpg,0,oral_scc,oral_scc,মুখের ক্যানসারের মতো পরিবর্তন (OSC সন্দেহ),urgent
oral_0_004403.jpg,0,oral_scc,oral_scc,মুখের ক্যানসারের মতো পরিবর্তন (OSC সন্দেহ),urgent
oral_0_004404.jpg,0,oral_scc,oral_scc,মুখের ক্যানসারের মতো পরিবর্তন (OSC সন্দেহ),urgent
oral_1_004405.jpg,1,oral_normal,oral_normal,স্বাভাবিক মুখের ভেতর,routine
oral_1_004406.jpg,1,oral_normal,oral_normal,স্বাভাবিক মুখের ভেতর,routine
oral_0_004407.jpg,0,oral_scc,oral_scc,মুখের ক্যানসারের মতো পরিবর্তন (OSC সন্দেহ),urgent
oral_0_004408.jpg,0,oral_scc,oral_scc,মুখের ক্যানসারের মতো পরিবর্তন (OSC সন্দেহ),urgent
oral_1_004409.jpg,1,oral_normal,oral_normal,স্বাভাবিক মুখের ভেতর,routine
oral_0_004410.jpg,0,oral_scc,oral_scc,মুখের ক্যানসারের মতো পরিবর্তন (OSC সন্দেহ),urgent
oral_0_004411.jpg,0,oral_scc,oral_scc,মুখের ক্যানসারের মতো পরিবর্তন (OSC সন্দেহ),urgent
oral_0_004412.jpg,0,oral_scc,oral_scc,মুখের ক্যানসারের মতো পরিবর্তন (OSC সন্দেহ),urgent
oral_1_004413.jpg,1,oral_normal,oral_normal,স্বাভাবিক মুখের ভেতর,routine
oral_0_004414.jpg,0,oral_scc,oral_scc,মুখের ক্যানসারের মতো পরিবর্তন (OSC সন্দেহ),urgent
oral_1_004415.jpg,1,oral_normal,oral_normal,স্বাভাবিক মুখের ভেতর,routine
oral_0_004416.jpg,0,oral_scc,oral_scc,মুখের ক্যানসারের মতো পরিবর্তন (OSC সন্দেহ),urgent
oral_1_004417.jpg,1,oral_normal,oral_normal,স্বাভাবিক মুখের ভেতর,routine
oral_0_004418.jpg,0,oral_scc,oral_scc,মুখের ক্যানসারের মতো পরিবর্তন (OSC সন্দেহ),urgent
oral_0_004419.jpg,0,oral_scc,oral_scc,মুখের ক্যানসারের মতো পরিবর্তন (OSC সন্দেহ),urgent
oral_0_004420.jpg,0,oral_scc,oral_scc,মুখের ক্যানসারের মতো পরিবর্তন (OSC সন্দেহ),urgent
oral_1_004421.jpg,1,oral_normal,oral_normal,স্বাভাবিক মুখের ভেতর,routine
oral_0_004422.jpg,0,oral_scc,oral_scc,মুখের ক্যানসারের মতো পরিবর্তন (OSC সন্দেহ),urgent
oral_0_004423.jpg,0,oral_scc,oral_scc,মুখের ক্যানসারের মতো পরিবর্তন (OSC সন্দেহ),urgent
oral_1_004424.jpg,1,oral_normal,oral_normal,স্বাভাবিক মুখের ভেতর,routine
oral_0_004425.jpg,0,oral_scc,oral_scc,মুখের ক্যানসারের মতো পরিবর্তন (OSC সন্দেহ),urgent
oral_1_004426.jpg,1,oral_normal,oral_normal,স্বাভাবিক মুখের ভেতর,routine
oral_0_004427.jpg,0,oral_scc,oral_scc,মুখের ক্যানসারের মতো পরিবর্তন (OSC সন্দেহ),urgent
oral_1_004428.jpg,1,oral_normal,oral_normal,স্বাভাবিক মুখের ভেতর,routine
oral_0_004429.jpg,0,oral_scc,oral_scc,মুখের ক্যানসারের মতো পরিবর্তন (OSC সন্দেহ),urgent
oral_1_004430.jpg,1,oral_normal,oral_normal,স্বাভাবিক মুখের ভেতর,routine
oral_1_004431.jpg,1,oral_normal,oral_normal,স্বাভাবিক মুখের ভেতর,routine
oral_0_004432.jpg,0,oral_scc,oral_scc,মুখের ক্যানসারের মতো পরিবর্তন (OSC সন্দেহ),urgent
oral_0_004433.jpg,0,oral_scc,oral_scc,মুখের ক্যানসারের মতো পরিবর্তন (OSC সন্দেহ),urgent
oral_1_004434.jpg,1,oral_normal,oral_normal,স্বাভাবিক মুখের ভেতর,routine
oral_0_004435.jpg,0,oral_scc,oral_scc,মুখের ক্যানসারের মতো পরিবর্তন (OSC সন্দেহ),urgent
oral_0_004436.jpg,0,oral_scc,oral_scc,মুখের ক্যানসারের মতো পরিবর্তন (OSC সন্দেহ),urgent
oral_1_004437.jpg,1,oral_normal,oral_normal,স্বাভাবিক মুখের ভেতর,routine
oral_1_004438.jpg,1,oral_normal,oral_normal,স্বাভাবিক মুখের ভেতর,routine
oral_1_004439.jpg,1,oral_normal,oral_normal,স্বাভাবিক মুখের ভেতর,routine
oral_0_004440.jpg,0,oral_scc,oral_scc,মুখের ক্যানসারের মতো পরিবর্তন (OSC সন্দেহ),urgent
oral_1_004441.jpg,1,oral_normal,oral_normal,স্বাভাবিক মুখের ভেতর,routine
oral_0_004442.jpg,0,oral_scc,oral_scc,মুখের ক্যানসারের মতো পরিবর্তন (OSC সন্দেহ),urgent
oral_1_004443.jpg,1,oral_normal,oral_normal,স্বাভাবিক মুখের ভেতর,routine
oral_0_004444.jpg,0,oral_scc,oral_scc,মুখের ক্যানসারের মতো পরিবর্তন (OSC সন্দেহ),urgent
oral_1_004445.jpg,1,oral_normal,oral_normal,স্বাভাবিক মুখের ভেতর,routine
oral_0_004446.jpg,0,oral_scc,oral_scc,মুখের ক্যানসারের মতো পরিবর্তন (OSC সন্দেহ),urgent
oral_0_004447.jpg,0,oral_scc,oral_scc,মুখের ক্যানসারের মতো পরিবর্তন (OSC সন্দেহ),urgent
oral_0_004448.jpg,0,oral_scc,oral_scc,মুখের ক্যানসারের মতো পরিবর্তন (OSC সন্দেহ),urgent
oral_0_004449.jpg,0,oral_scc,oral_scc,মুখের ক্যানসারের মতো পরিবর্তন (OSC সন্দেহ),urgent
oral_0_004450.jpg,0,oral_scc,oral_scc,মুখের ক্যানসারের মতো পরিবর্তন (OSC সন্দেহ),urgent
oral_0_004451.jpg,0,oral_scc,oral_scc,মুখের ক্যানসারের মতো পরিবর্তন (OSC সন্দেহ),urgent
oral_0_004452.jpg,0,oral_scc,oral_scc,মুখের ক্যানসারের মতো পরিবর্তন (OSC সন্দেহ),urgent
oral_0_004453.jpg,0,oral_scc,oral_scc,মুখের ক্যানসারের মতো পরিবর্তন (OSC সন্দেহ),urgent
oral_1_004454.jpg,1,oral_normal,oral_normal,স্বাভাবিক মুখের ভেতর,routine
oral_1_004455.jpg,1,oral_normal,oral_normal,স্বাভাবিক মুখের ভেতর,routine
oral_1_004456.jpg,1,oral_normal,oral_normal,স্বাভাবিক মুখের ভেতর,routine
oral_1_004457.jpg,1,oral_normal,oral_normal,স্বাভাবিক মুখের ভেতর,routine
oral_1_004458.jpg,1,oral_normal,oral_normal,স্বাভাবিক মুখের ভেতর,routine
oral_0_004459.jpg,0,oral_scc,oral_scc,মুখের ক্যানসারের মতো পরিবর্তন (OSC সন্দেহ),urgent
oral_0_004460.jpg,0,oral_scc,oral_scc,মুখের ক্যানসারের মতো পরিবর্তন (OSC সন্দেহ),urgent
oral_0_004461.jpg,0,oral_scc,oral_scc,মুখের ক্যানসারের মতো পরিবর্তন (OSC সন্দেহ),urgent
oral_1_004462.jpg,1,oral_normal,oral_normal,স্বাভাবিক মুখের ভেতর,routine
oral_0_004463.jpg,0,oral_scc,oral_scc,মুখের ক্যানসারের মতো পরিবর্তন (OSC সন্দেহ),urgent
oral_1_004464.jpg,1,oral_normal,oral_normal,স্বাভাবিক মুখের ভেতর,routine
oral_1_004465.jpg,1,oral_normal,oral_normal,স্বাভাবিক মুখের ভেতর,routine
oral_0_004466.jpg,0,oral_scc,oral_scc,মুখের ক্যানসারের মতো পরিবর্তন (OSC সন্দেহ),urgent
oral_0_004467.jpg,0,oral_scc,oral_scc,মুখের ক্যানসারের মতো পরিবর্তন (OSC সন্দেহ),urgent
oral_0_004468.jpg,0,oral_scc,oral_scc,মুখের ক্যানসারের মতো পরিবর্তন (OSC সন্দেহ),urgent
oral_1_004469.jpg,1,oral_normal,oral_normal,স্বাভাবিক মুখের ভেতর,routine
oral_0_004470.jpg,0,oral_scc,oral_scc,মুখের ক্যানসারের মতো পরিবর্তন (OSC সন্দেহ),urgent
oral_1_004471.jpg,1,oral_normal,oral_normal,স্বাভাবিক মুখের ভেতর,routine
oral_0_004472.jpg,0,oral_scc,oral_scc,মুখের ক্যানসারের মতো পরিবর্তন (OSC সন্দেহ),urgent
oral_0_004473.jpg,0,oral_scc,oral_scc,মুখের ক্যানসারের মতো পরিবর্তন (OSC সন্দেহ),urgent
oral_0_004474.jpg,0,oral_scc,oral_scc,মুখের ক্যানসারের মতো পরিবর্তন (OSC সন্দেহ),urgent
oral_0_004475.jpg,0,oral_scc,oral_scc,মুখের ক্যানসারের মতো পরিবর্তন (OSC সন্দেহ),urgent
oral_1_004476.jpg,1,oral_normal,oral_normal,স্বাভাবিক মুখের ভেতর,routine
oral_0_004477.jpg,0,oral_scc,oral_scc,মুখের ক্যানসারের মতো পরিবর্তন (OSC সন্দেহ),urgent
oral_0_004478.jpg,0,oral_scc,oral_scc,মুখের ক্যানসারের মতো পরিবর্তন (OSC সন্দেহ),urgent
oral_1_004479.jpg,1,oral_normal,oral_normal,স্বাভাবিক মুখের ভেতর,routine
oral_0_004480.jpg,0,oral_scc,oral_scc,মুখের ক্যানসারের মতো পরিবর্তন (OSC সন্দেহ),urgent
oral_0_004481.jpg,0,oral_scc,oral_scc,মুখের ক্যানসারের মতো পরিবর্তন (OSC সন্দেহ),urgent
oral_1_004482.jpg,1,oral_normal,oral_normal,স্বাভাবিক মুখের ভেতর,routine
oral_0_004483.jpg,0,oral_scc,oral_scc,মুখের ক্যানসারের মতো পরিবর্তন (OSC সন্দেহ),urgent
oral_1_004484.jpg,1,oral_normal,oral_normal,স্বাভাবিক মুখের ভেতর,routine
oral_0_004485.jpg,0,oral_scc,oral_scc,মুখের ক্যানসারের মতো পরিবর্তন (OSC সন্দেহ),urgent
oral_0_004486.jpg,0,oral_scc,oral_scc,মুখের ক্যানসারের মতো পরিবর্তন (OSC সন্দেহ),urgent
oral_0_004487.jpg,0,oral_scc,oral_scc,মুখের ক্যানসারের মতো পরিবর্তন (OSC সন্দেহ),urgent
oral_1_004488.jpg,1,oral_normal,oral_normal,স্বাভাবিক মুখের ভেতর,routine
oral_1_004489.jpg,1,oral_normal,oral_normal,স্বাভাবিক মুখের ভেতর,routine
oral_1_004490.jpg,1,oral_normal,oral_normal,স্বাভাবিক মুখের ভেতর,routine
oral_1_004491.jpg,1,oral_normal,oral_normal,স্বাভাবিক মুখের ভেতর,routine
oral_1_004492.jpg,1,oral_normal,oral_normal,স্বাভাবিক মুখের ভেতর,routine
oral_0_004493.jpg,0,oral_scc,oral_scc,মুখের ক্যানসারের মতো পরিবর্তন (OSC সন্দেহ),urgent
oral_1_004494.jpg,1,oral_normal,oral_normal,স্বাভাবিক মুখের ভেতর,routine
oral_0_004495.jpg,0,oral_scc,oral_scc,মুখের ক্যানসারের মতো পরিবর্তন (OSC সন্দেহ),urgent
oral_1_004496.jpg,1,oral_normal,oral_normal,স্বাভাবিক মুখের ভেতর,routine
oral_0_004497.jpg,0,oral_scc,oral_scc,মুখের ক্যানসারের মতো পরিবর্তন (OSC সন্দেহ),urgent
oral_0_004498.jpg,0,oral_scc,oral_scc,মুখের ক্যানসারের মতো পরিবর্তন (OSC সন্দেহ),urgent
oral_0_004499.jpg,0,oral_scc,oral_scc,মুখের ক্যানসারের মতো পরিবর্তন (OSC সন্দেহ),urgent
oral_0_004500.jpg,0,oral_scc,oral_scc,মুখের ক্যানসারের মতো পরিবর্তন (OSC সন্দেহ),urgent
oral_1_004501.jpg,1,oral_normal,oral_normal,স্বাভাবিক মুখের ভেতর,routine
oral_0_004502.jpg,0,oral_scc,oral_scc,মুখের ক্যানসারের মতো পরিবর্তন (OSC সন্দেহ),urgent
oral_1_004503.jpg,1,oral_normal,oral_normal,স্বাভাবিক মুখের ভেতর,routine
oral_1_004504.jpg,1,oral_normal,oral_normal,স্বাভাবিক মুখের ভেতর,routine
oral_0_004505.jpg,0,oral_scc,oral_scc,মুখের ক্যানসারের মতো পরিবর্তন (OSC সন্দেহ),urgent
oral_0_004506.jpg,0,oral_scc,oral_scc,মুখের ক্যানসারের মতো পরিবর্তন (OSC সন্দেহ),urgent
oral_1_004507.jpg,1,oral_normal,oral_normal,স্বাভাবিক মুখের ভেতর,routine
oral_0_004508.jpg,0,oral_scc,oral_scc,মুখের ক্যানসারের মতো পরিবর্তন (OSC সন্দেহ),urgent
oral_0_004509.jpg,0,oral_scc,oral_scc,মুখের ক্যানসারের মতো পরিবর্তন (OSC সন্দেহ),urgent
oral_0_004510.jpg,0,oral_scc,oral_scc,মুখের ক্যানসারের মতো পরিবর্তন (OSC সন্দেহ),urgent
oral_1_004511.jpg,1,oral_normal,oral_normal,স্বাভাবিক মুখের ভেতর,routine
oral_0_004512.jpg,0,oral_scc,oral_scc,মুখের ক্যানসারের মতো পরিবর্তন (OSC সন্দেহ),urgent
oral_1_004513.jpg,1,oral_normal,oral_normal,স্বাভাবিক মুখের ভেতর,routine
oral_1_004514.jpg,1,oral_normal,oral_normal,স্বাভাবিক মুখের ভেতর,routine
oral_1_004515.jpg,1,oral_normal,oral_normal,স্বাভাবিক মুখের ভেতর,routine
oral_0_004516.jpg,0,oral_scc,oral_scc,মুখের ক্যানসারের মতো পরিবর্তন (OSC সন্দেহ),urgent
oral_0_004517.jpg,0,oral_scc,oral_scc,মুখের ক্যানসারের মতো পরিবর্তন (OSC সন্দেহ),urgent
oral_1_004518.jpg,1,oral_normal,oral_normal,স্বাভাবিক মুখের ভেতর,routine
oral_0_004519.jpg,0,oral_scc,oral_scc,মুখের ক্যানসারের মতো পরিবর্তন (OSC সন্দেহ),urgent
oral_1_004520.jpg,1,oral_normal,oral_normal,স্বাভাবিক মুখের ভেতর,routine
oral_0_004521.jpg,0,oral_scc,oral_scc,মুখের ক্যানসারের মতো পরিবর্তন (OSC সন্দেহ),urgent
oral_0_004522.jpg,0,oral_scc,oral_scc,মুখের ক্যানসারের মতো পরিবর্তন (OSC সন্দেহ),urgent
oral_1_004523.jpg,1,oral_normal,oral_normal,স্বাভাবিক মুখের ভেতর,routine
oral_0_004524.jpg,0,oral_scc,oral_scc,মুখের ক্যানসারের মতো পরিবর্তন (OSC সন্দেহ),urgent
oral_0_004525.jpg,0,oral_scc,oral_scc,মুখের ক্যানসারের মতো পরিবর্তন (OSC সন্দেহ),urgent
oral_1_004526.jpg,1,oral_normal,oral_normal,স্বাভাবিক মুখের ভেতর,routine
oral_1_004527.jpg,1,oral_normal,oral_normal,স্বাভাবিক মুখের ভেতর,routine
oral_0_004528.jpg,0,oral_scc,oral_scc,মুখের ক্যানসারের মতো পরিবর্তন (OSC সন্দেহ),urgent
oral_0_004529.jpg,0,oral_scc,oral_scc,মুখের ক্যানসারের মতো পরিবর্তন (OSC সন্দেহ),urgent
oral_0_004530.jpg,0,oral_scc,oral_scc,মুখের ক্যানসারের মতো পরিবর্তন (OSC সন্দেহ),urgent
oral_0_004531.jpg,0,oral_scc,oral_scc,মুখের ক্যানসারের মতো পরিবর্তন (OSC সন্দেহ),urgent
oral_1_004532.jpg,1,oral_normal,oral_normal,স্বাভাবিক মুখের ভেতর,routine
oral_0_004533.jpg,0,oral_scc,oral_scc,মুখের ক্যানসারের মতো পরিবর্তন (OSC সন্দেহ),urgent
oral_1_004534.jpg,1,oral_normal,oral_normal,স্বাভাবিক মুখের ভেতর,routine
oral_0_004535.jpg,0,oral_scc,oral_scc,মুখের ক্যানসারের মতো পরিবর্তন (OSC সন্দেহ),urgent
oral_1_004536.jpg,1,oral_normal,oral_normal,স্বাভাবিক মুখের ভেতর,routine
oral_1_004537.jpg,1,oral_normal,oral_normal,স্বাভাবিক মুখের ভেতর,routine
oral_0_004538.jpg,0,oral_scc,oral_scc,মুখের ক্যানসারের মতো পরিবর্তন (OSC সন্দেহ),urgent
oral_0_004539.jpg,0,oral_scc,oral_scc,মুখের ক্যানসারের মতো পরিবর্তন (OSC সন্দেহ),urgent
oral_1_004540.jpg,1,oral_normal,oral_normal,স্বাভাবিক মুখের ভেতর,routine
oral_1_004541.jpg,1,oral_normal,oral_normal,স্বাভাবিক মুখের ভেতর,routine
oral_0_004542.jpg,0,oral_scc,oral_scc,মুখের ক্যানসারের মতো পরিবর্তন (OSC সন্দেহ),urgent
oral_1_004543.jpg,1,oral_normal,oral_normal,স্বাভাবিক মুখের ভেতর,routine
oral_0_004544.jpg,0,oral_scc,oral_scc,মুখের ক্যানসারের মতো পরিবর্তন (OSC সন্দেহ),urgent
oral_1_004545.jpg,1,oral_normal,oral_normal,স্বাভাবিক মুখের ভেতর,routine
oral_0_004546.jpg,0,oral_scc,oral_scc,মুখের ক্যানসারের মতো পরিবর্তন (OSC সন্দেহ),urgent
oral_1_004547.jpg,1,oral_normal,oral_normal,স্বাভাবিক মুখের ভেতর,routine
oral_1_004548.jpg,1,oral_normal,oral_normal,স্বাভাবিক মুখের ভেতর,routine
oral_0_004549.jpg,0,oral_scc,oral_scc,মুখের ক্যানসারের মতো পরিবর্তন (OSC সন্দেহ),urgent
oral_0_004550.jpg,0,oral_scc,oral_scc,মুখের ক্যানসারের মতো পরিবর্তন (OSC সন্দেহ),urgent
oral_0_004551.jpg,0,oral_scc,oral_scc,মুখের ক্যানসারের মতো পরিবর্তন (OSC সন্দেহ),urgent
oral_1_004552.jpg,1,oral_normal,oral_normal,স্বাভাবিক মুখের ভেতর,routine
oral_1_004553.jpg,1,oral_normal,oral_normal,স্বাভাবিক মুখের ভেতর,routine
oral_1_004554.jpg,1,oral_normal,oral_normal,স্বাভাবিক মুখের ভেতর,routine
oral_1_004555.jpg,1,oral_normal,oral_normal,স্বাভাবিক মুখের ভেতর,routine
oral_0_004556.jpg,0,oral_scc,oral_scc,মুখের ক্যানসারের মতো পরিবর্তন (OSC সন্দেহ),urgent
oral_1_004557.jpg,1,oral_normal,oral_normal,স্বাভাবিক মুখের ভেতর,routine
oral_0_004558.jpg,0,oral_scc,oral_scc,মুখের ক্যানসারের মতো পরিবর্তন (OSC সন্দেহ),urgent
oral_0_004559.jpg,0,oral_scc,oral_scc,মুখের ক্যানসারের মতো পরিবর্তন (OSC সন্দেহ),urgent
oral_0_004560.jpg,0,oral_scc,oral_scc,মুখের ক্যানসারের মতো পরিবর্তন (OSC সন্দেহ),urgent
oral_1_004561.jpg,1,oral_normal,oral_normal,স্বাভাবিক মুখের ভেতর,routine
oral_0_004562.jpg,0,oral_scc,oral_scc,মুখের ক্যানসারের মতো পরিবর্তন (OSC সন্দেহ),urgent
oral_1_004563.jpg,1,oral_normal,oral_normal,স্বাভাবিক মুখের ভেতর,routine
oral_1_004564.jpg,1,oral_normal,oral_normal,স্বাভাবিক মুখের ভেতর,routine
oral_0_004565.jpg,0,oral_scc,oral_scc,মুখের ক্যানসারের মতো পরিবর্তন (OSC সন্দেহ),urgent
oral_1_004566.jpg,1,oral_normal,oral_normal,স্বাভাবিক মুখের ভেতর,routine
oral_1_004567.jpg,1,oral_normal,oral_normal,স্বাভাবিক মুখের ভেতর,routine
oral_0_004568.jpg,0,oral_scc,oral_scc,মুখের ক্যানসারের মতো পরিবর্তন (OSC সন্দেহ),urgent
oral_0_004569.jpg,0,oral_scc,oral_scc,মুখের ক্যানসারের মতো পরিবর্তন (OSC সন্দেহ),urgent
oral_1_004570.jpg,1,oral_normal,oral_normal,স্বাভাবিক মুখের ভেতর,routine
oral_0_004571.jpg,0,oral_scc,oral_scc,মুখের ক্যানসারের মতো পরিবর্তন (OSC সন্দেহ),urgent
oral_1_004572.jpg,1,oral_normal,oral_normal,স্বাভাবিক মুখের ভেতর,routine
oral_1_004573.jpg,1,oral_normal,oral_normal,স্বাভাবিক মুখের ভেতর,routine
oral_1_004574.jpg,1,oral_normal,oral_normal,স্বাভাবিক মুখের ভেতর,routine
oral_1_004575.jpg,1,oral_normal,oral_normal,স্বাভাবিক মুখের ভেতর,routine
oral_0_004576.jpg,0,oral_scc,oral_scc,মুখের ক্যানসারের মতো পরিবর্তন (OSC সন্দেহ),urgent
oral_1_004577.jpg,1,oral_normal,oral_normal,স্বাভাবিক মুখের ভেতর,routine
oral_1_004578.jpg,1,oral_normal,oral_normal,স্বাভাবিক মুখের ভেতর,routine
oral_1_004579.jpg,1,oral_normal,oral_normal,স্বাভাবিক মুখের ভেতর,routine
oral_0_004580.jpg,0,oral_scc,oral_scc,মুখের ক্যানসারের মতো পরিবর্তন (OSC সন্দেহ),urgent
oral_0_004581.jpg,0,oral_scc,oral_scc,মুখের ক্যানসারের মতো পরিবর্তন (OSC সন্দেহ),urgent
oral_1_004582.jpg,1,oral_normal,oral_normal,স্বাভাবিক মুখের ভেতর,routine
oral_1_004583.jpg,1,oral_normal,oral_normal,স্বাভাবিক মুখের ভেতর,routine
oral_0_004584.jpg,0,oral_scc,oral_scc,মুখের ক্যানসারের মতো পরিবর্তন (OSC সন্দেহ),urgent
oral_1_004585.jpg,1,oral_normal,oral_normal,স্বাভাবিক মুখের ভেতর,routine
oral_0_004586.jpg,0,oral_scc,oral_scc,মুখের ক্যানসারের মতো পরিবর্তন (OSC সন্দেহ),urgent
oral_0_004587.jpg,0,oral_scc,oral_scc,মুখের ক্যানসারের মতো পরিবর্তন (OSC সন্দেহ),urgent
oral_1_004588.jpg,1,oral_normal,oral_normal,স্বাভাবিক মুখের ভেতর,routine
oral_1_004589.jpg,1,oral_normal,oral_normal,স্বাভাবিক মুখের ভেতর,routine
oral_1_004590.jpg,1,oral_normal,oral_normal,স্বাভাবিক মুখের ভেতর,routine
oral_0_004591.jpg,0,oral_scc,oral_scc,মুখের ক্যানসারের মতো পরিবর্তন (OSC সন্দেহ),urgent
oral_1_004592.jpg,1,oral_normal,oral_normal,স্বাভাবিক মুখের ভেতর,routine
oral_1_004593.jpg,1,oral_normal,oral_normal,স্বাভাবিক মুখের ভেতর,routine
oral_0_004594.jpg,0,oral_scc,oral_scc,মুখের ক্যানসারের মতো পরিবর্তন (OSC সন্দেহ),urgent
oral_1_004595.jpg,1,oral_normal,oral_normal,স্বাভাবিক মুখের ভেতর,routine
oral_0_004596.jpg,0,oral_scc,oral_scc,মুখের ক্যানসারের মতো পরিবর্তন (OSC সন্দেহ),urgent
oral_0_004597.jpg,0,oral_scc,oral_scc,মুখের ক্যানসারের মতো পরিবর্তন (OSC সন্দেহ),urgent
oral_0_004598.jpg,0,oral_scc,oral_scc,মুখের ক্যানসারের মতো পরিবর্তন (OSC সন্দেহ),urgent
oral_1_004599.jpg,1,oral_normal,oral_normal,স্বাভাবিক মুখের ভেতর,routine
oral_1_004600.jpg,1,oral_normal,oral_normal,স্বাভাবিক মুখের ভেতর,routine
oral_0_004601.jpg,0,oral_scc,oral_scc,মুখের ক্যানসারের মতো পরিবর্তন (OSC সন্দেহ),urgent
oral_1_004602.jpg,1,oral_normal,oral_normal,স্বাভাবিক মুখের ভেতর,routine
oral_0_004603.jpg,0,oral_scc,oral_scc,মুখের ক্যানসারের মতো পরিবর্তন (OSC সন্দেহ),urgent
oral_1_004604.jpg,1,oral_normal,oral_normal,স্বাভাবিক মুখের ভেতর,routine
oral_0_004605.jpg,0,oral_scc,oral_scc,মুখের ক্যানসারের মতো পরিবর্তন (OSC সন্দেহ),urgent
oral_1_004606.jpg,1,oral_normal,oral_normal,স্বাভাবিক মুখের ভেতর,routine
oral_0_004607.jpg,0,oral_scc,oral_scc,মুখের ক্যানসারের মতো পরিবর্তন (OSC সন্দেহ),urgent
oral_0_004608.jpg,0,oral_scc,oral_scc,মুখের ক্যানসারের মতো পরিবর্তন (OSC সন্দেহ),urgent
oral_1_004609.jpg,1,oral_normal,oral_normal,স্বাভাবিক মুখের ভেতর,routine
oral_0_004610.jpg,0,oral_scc,oral_scc,মুখের ক্যানসারের মতো পরিবর্তন (OSC সন্দেহ),urgent
oral_0_004611.jpg,0,oral_scc,oral_scc,মুখের ক্যানসারের মতো পরিবর্তন (OSC সন্দেহ),urgent
oral_1_004612.jpg,1,oral_normal,oral_normal,স্বাভাবিক মুখের ভেতর,routine
oral_1_004613.jpg,1,oral_normal,oral_normal,স্বাভাবিক মুখের ভেতর,routine
oral_1_004614.jpg,1,oral_normal,oral_normal,স্বাভাবিক মুখের ভেতর,routine
oral_0_004615.jpg,0,oral_scc,oral_scc,মুখের ক্যানসারের মতো পরিবর্তন (OSC সন্দেহ),urgent
oral_1_004616.jpg,1,oral_normal,oral_normal,স্বাভাবিক মুখের ভেতর,routine
oral_1_004617.jpg,1,oral_normal,oral_normal,স্বাভাবিক মুখের ভেতর,routine
oral_1_004618.jpg,1,oral_normal,oral_normal,স্বাভাবিক মুখের ভেতর,routine
oral_0_004619.jpg,0,oral_scc,oral_scc,মুখের ক্যানসারের মতো পরিবর্তন (OSC সন্দেহ),urgent
oral_0_004620.jpg,0,oral_scc,oral_scc,মুখের ক্যানসারের মতো পরিবর্তন (OSC সন্দেহ),urgent
oral_0_004621.jpg,0,oral_scc,oral_scc,মুখের ক্যানসারের মতো পরিবর্তন (OSC সন্দেহ),urgent
oral_0_004622.jpg,0,oral_scc,oral_scc,মুখের ক্যানসারের মতো পরিবর্তন (OSC সন্দেহ),urgent
oral_1_004623.jpg,1,oral_normal,oral_normal,স্বাভাবিক মুখের ভেতর,routine
oral_1_004624.jpg,1,oral_normal,oral_normal,স্বাভাবিক মুখের ভেতর,routine
oral_0_004625.jpg,0,oral_scc,oral_scc,মুখের ক্যানসারের মতো পরিবর্তন (OSC সন্দেহ),urgent
oral_1_004626.jpg,1,oral_normal,oral_normal,স্বাভাবিক মুখের ভেতর,routine
oral_1_004627.jpg,1,oral_normal,oral_normal,স্বাভাবিক মুখের ভেতর,routine
oral_0_004628.jpg,0,oral_scc,oral_scc,মুখের ক্যানসারের মতো পরিবর্তন (OSC সন্দেহ),urgent
oral_1_004629.jpg,1,oral_normal,oral_normal,স্বাভাবিক মুখের ভেতর,routine
oral_0_004630.jpg,0,oral_scc,oral_scc,মুখের ক্যানসারের মতো পরিবর্তন (OSC সন্দেহ),urgent
oral_1_004631.jpg,1,oral_normal,oral_normal,স্বাভাবিক মুখের ভেতর,routine
oral_1_004632.jpg,1,oral_normal,oral_normal,স্বাভাবিক মুখের ভেতর,routine
oral_1_004633.jpg,1,oral_normal,oral_normal,স্বাভাবিক মুখের ভেতর,routine
oral_0_004634.jpg,0,oral_scc,oral_scc,মুখের ক্যানসারের মতো পরিবর্তন (OSC সন্দেহ),urgent
oral_1_004635.jpg,1,oral_normal,oral_normal,স্বাভাবিক মুখের ভেতর,routine
oral_1_004636.jpg,1,oral_normal,oral_normal,স্বাভাবিক মুখের ভেতর,routine
oral_0_004637.jpg,0,oral_scc,oral_scc,মুখের ক্যানসারের মতো পরিবর্তন (OSC সন্দেহ),urgent
oral_1_004638.jpg,1,oral_normal,oral_normal,স্বাভাবিক মুখের ভেতর,routine
oral_1_004639.jpg,1,oral_normal,oral_normal,স্বাভাবিক মুখের ভেতর,routine
oral_1_004640.jpg,1,oral_normal,oral_normal,স্বাভাবিক মুখের ভেতর,routine
oral_0_004641.jpg,0,oral_scc,oral_scc,মুখের ক্যানসারের মতো পরিবর্তন (OSC সন্দেহ),urgent
oral_1_004642.jpg,1,oral_normal,oral_normal,স্বাভাবিক মুখের ভেতর,routine
oral_1_004643.jpg,1,oral_normal,oral_normal,স্বাভাবিক মুখের ভেতর,routine
oral_0_004644.jpg,0,oral_scc,oral_scc,মুখের ক্যানসারের মতো পরিবর্তন (OSC সন্দেহ),urgent
oral_0_004645.jpg,0,oral_scc,oral_scc,মুখের ক্যানসারের মতো পরিবর্তন (OSC সন্দেহ),urgent
oral_0_004646.jpg,0,oral_scc,oral_scc,মুখের ক্যানসারের মতো পরিবর্তন (OSC সন্দেহ),urgent
oral_1_004647.jpg,1,oral_normal,oral_normal,স্বাভাবিক মুখের ভেতর,routine
oral_0_004648.jpg,0,oral_scc,oral_scc,মুখের ক্যানসারের মতো পরিবর্তন (OSC সন্দেহ),urgent
oral_1_004649.jpg,1,oral_normal,oral_normal,স্বাভাবিক মুখের ভেতর,routine
oral_1_004650.jpg,1,oral_normal,oral_normal,স্বাভাবিক মুখের ভেতর,routine
oral_1_004651.jpg,1,oral_normal,oral_normal,স্বাভাবিক মুখের ভেতর,routine
oral_1_004652.jpg,1,oral_normal,oral_normal,স্বাভাবিক মুখের ভেতর,routine
oral_0_004653.jpg,0,oral_scc,oral_scc,মুখের ক্যানসারের মতো পরিবর্তন (OSC সন্দেহ),urgent
oral_0_004654.jpg,0,oral_scc,oral_scc,মুখের ক্যানসারের মতো পরিবর্তন (OSC সন্দেহ),urgent
oral_0_004655.jpg,0,oral_scc,oral_scc,মুখের ক্যানসারের মতো পরিবর্তন (OSC সন্দেহ),urgent
oral_1_004656.jpg,1,oral_normal,oral_normal,স্বাভাবিক মুখের ভেতর,routine
oral_1_004657.jpg,1,oral_normal,oral_normal,স্বাভাবিক মুখের ভেতর,routine
oral_0_004658.jpg,0,oral_scc,oral_scc,মুখের ক্যানসারের মতো পরিবর্তন (OSC সন্দেহ),urgent
oral_0_004659.jpg,0,oral_scc,oral_scc,মুখের ক্যানসারের মতো পরিবর্তন (OSC সন্দেহ),urgent
oral_0_004660.jpg,0,oral_scc,oral_scc,মুখের ক্যানসারের মতো পরিবর্তন (OSC সন্দেহ),urgent
oral_0_004661.jpg,0,oral_scc,oral_scc,মুখের ক্যানসারের মতো পরিবর্তন (OSC সন্দেহ),urgent
oral_0_004662.jpg,0,oral_scc,oral_scc,মুখের ক্যানসারের মতো পরিবর্তন (OSC সন্দেহ),urgent
oral_1_004663.jpg,1,oral_normal,oral_normal,স্বাভাবিক মুখের ভেতর,routine
oral_0_004664.jpg,0,oral_scc,oral_scc,মুখের ক্যানসারের মতো পরিবর্তন (OSC সন্দেহ),urgent
oral_0_004665.jpg,0,oral_scc,oral_scc,মুখের ক্যানসারের মতো পরিবর্তন (OSC সন্দেহ),urgent
oral_1_004666.jpg,1,oral_normal,oral_normal,স্বাভাবিক মুখের ভেতর,routine
oral_0_004667.jpg,0,oral_scc,oral_scc,মুখের ক্যানসারের মতো পরিবর্তন (OSC সন্দেহ),urgent
oral_1_004668.jpg,1,oral_normal,oral_normal,স্বাভাবিক মুখের ভেতর,routine
oral_0_004669.jpg,0,oral_scc,oral_scc,মুখের ক্যানসারের মতো পরিবর্তন (OSC সন্দেহ),urgent
oral_0_004670.jpg,0,oral_scc,oral_scc,মুখের ক্যানসারের মতো পরিবর্তন (OSC সন্দেহ),urgent
oral_0_004671.jpg,0,oral_scc,oral_scc,মুখের ক্যানসারের মতো পরিবর্তন (OSC সন্দেহ),urgent
oral_1_004672.jpg,1,oral_normal,oral_normal,স্বাভাবিক মুখের ভেতর,routine
oral_1_004673.jpg,1,oral_normal,oral_normal,স্বাভাবিক মুখের ভেতর,routine
oral_1_004674.jpg,1,oral_normal,oral_normal,স্বাভাবিক মুখের ভেতর,routine
oral_0_004675.jpg,0,oral_scc,oral_scc,মুখের ক্যানসারের মতো পরিবর্তন (OSC সন্দেহ),urgent
oral_0_004676.jpg,0,oral_scc,oral_scc,মুখের ক্যানসারের মতো পরিবর্তন (OSC সন্দেহ),urgent
oral_1_004677.jpg,1,oral_normal,oral_normal,স্বাভাবিক মুখের ভেতর,routine
oral_1_004678.jpg,1,oral_normal,oral_normal,স্বাভাবিক মুখের ভেতর,routine
oral_0_004679.jpg,0,oral_scc,oral_scc,মুখের ক্যানসারের মতো পরিবর্তন (OSC সন্দেহ),urgent
oral_1_004680.jpg,1,oral_normal,oral_normal,স্বাভাবিক মুখের ভেতর,routine
oral_0_004681.jpg,0,oral_scc,oral_scc,মুখের ক্যানসারের মতো পরিবর্তন (OSC সন্দেহ),urgent
oral_0_004682.jpg,0,oral_scc,oral_scc,মুখের ক্যানসারের মতো পরিবর্তন (OSC সন্দেহ),urgent
oral_0_004683.jpg,0,oral_scc,oral_scc,মুখের ক্যানসারের মতো পরিবর্তন (OSC সন্দেহ),urgent
oral_0_004684.jpg,0,oral_scc,oral_scc,মুখের ক্যানসারের মতো পরিবর্তন (OSC সন্দেহ),urgent
oral_0_004685.jpg,0,oral_scc,oral_scc,মুখের ক্যানসারের মতো পরিবর্তন (OSC সন্দেহ),urgent
oral_1_004686.jpg,1,oral_normal,oral_normal,স্বাভাবিক মুখের ভেতর,routine
oral_0_004687.jpg,0,oral_scc,oral_scc,মুখের ক্যানসারের মতো পরিবর্তন (OSC সন্দেহ),urgent
oral_1_004688.jpg,1,oral_normal,oral_normal,স্বাভাবিক মুখের ভেতর,routine
oral_1_004689.jpg,1,oral_normal,oral_normal,স্বাভাবিক মুখের ভেতর,routine
oral_1_004690.jpg,1,oral_normal,oral_normal,স্বাভাবিক মুখের ভেতর,routine
oral_0_004691.jpg,0,oral_scc,oral_scc,মুখের ক্যানসারের মতো পরিবর্তন (OSC সন্দেহ),urgent
oral_0_004692.jpg,0,oral_scc,oral_scc,মুখের ক্যানসারের মতো পরিবর্তন (OSC সন্দেহ),urgent
oral_0_004693.jpg,0,oral_scc,oral_scc,মুখের ক্যানসারের মতো পরিবর্তন (OSC সন্দেহ),urgent
oral_0_004694.jpg,0,oral_scc,oral_scc,মুখের ক্যানসারের মতো পরিবর্তন (OSC সন্দেহ),urgent
oral_1_004695.jpg,1,oral_normal,oral_normal,স্বাভাবিক মুখের ভেতর,routine
oral_1_004696.jpg,1,oral_normal,oral_normal,স্বাভাবিক মুখের ভেতর,routine
oral_0_004697.jpg,0,oral_scc,oral_scc,মুখের ক্যানসারের মতো পরিবর্তন (OSC সন্দেহ),urgent
oral_0_004698.jpg,0,oral_scc,oral_scc,মুখের ক্যানসারের মতো পরিবর্তন (OSC সন্দেহ),urgent
oral_0_004699.jpg,0,oral_scc,oral_scc,মুখের ক্যানসারের মতো পরিবর্তন (OSC সন্দেহ),urgent
oral_1_004700.jpg,1,oral_normal,oral_normal,স্বাভাবিক মুখের ভেতর,routine
oral_0_004701.jpg,0,oral_scc,oral_scc,মুখের ক্যানসারের মতো পরিবর্তন (OSC সন্দেহ),urgent
oral_1_004702.jpg,1,oral_normal,oral_normal,স্বাভাবিক মুখের ভেতর,routine
oral_1_004703.jpg,1,oral_normal,oral_normal,স্বাভাবিক মুখের ভেতর,routine
oral_1_004704.jpg,1,oral_normal,oral_normal,স্বাভাবিক মুখের ভেতর,routine
oral_1_004705.jpg,1,oral_normal,oral_normal,স্বাভাবিক মুখের ভেতর,routine
oral_0_004706.jpg,0,oral_scc,oral_scc,মুখের ক্যানসারের মতো পরিবর্তন (OSC সন্দেহ),urgent
oral_1_004707.jpg,1,oral_normal,oral_normal,স্বাভাবিক মুখের ভেতর,routine
oral_0_004708.jpg,0,oral_scc,oral_scc,মুখের ক্যানসারের মতো পরিবর্তন (OSC সন্দেহ),urgent
oral_0_004709.jpg,0,oral_scc,oral_scc,মুখের ক্যানসারের মতো পরিবর্তন (OSC সন্দেহ),urgent
oral_0_004710.jpg,0,oral_scc,oral_scc,মুখের ক্যানসারের মতো পরিবর্তন (OSC সন্দেহ),urgent
oral_0_004711.jpg,0,oral_scc,oral_scc,মুখের ক্যানসারের মতো পরিবর্তন (OSC সন্দেহ),urgent
oral_1_004712.jpg,1,oral_normal,oral_normal,স্বাভাবিক মুখের ভেতর,routine
oral_1_004713.jpg,1,oral_normal,oral_normal,স্বাভাবিক মুখের ভেতর,routine
oral_0_004714.jpg,0,oral_scc,oral_scc,মুখের ক্যানসারের মতো পরিবর্তন (OSC সন্দেহ),urgent
oral_1_004715.jpg,1,oral_normal,oral_normal,স্বাভাবিক মুখের ভেতর,routine
oral_0_004716.jpg,0,oral_scc,oral_scc,মুখের ক্যানসারের মতো পরিবর্তন (OSC সন্দেহ),urgent
oral_0_004717.jpg,0,oral_scc,oral_scc,মুখের ক্যানসারের মতো পরিবর্তন (OSC সন্দেহ),urgent
oral_0_004718.jpg,0,oral_scc,oral_scc,মুখের ক্যানসারের মতো পরিবর্তন (OSC সন্দেহ),urgent
oral_1_004719.jpg,1,oral_normal,oral_normal,স্বাভাবিক মুখের ভেতর,routine
oral_1_004720.jpg,1,oral_normal,oral_normal,স্বাভাবিক মুখের ভেতর,routine
oral_0_004721.jpg,0,oral_scc,oral_scc,মুখের ক্যানসারের মতো পরিবর্তন (OSC সন্দেহ),urgent
oral_0_004722.jpg,0,oral_scc,oral_scc,মুখের ক্যানসারের মতো পরিবর্তন (OSC সন্দেহ),urgent
oral_1_004723.jpg,1,oral_normal,oral_normal,স্বাভাবিক মুখের ভেতর,routine
oral_1_004724.jpg,1,oral_normal,oral_normal,স্বাভাবিক মুখের ভেতর,routine
oral_1_004725.jpg,1,oral_normal,oral_normal,স্বাভাবিক মুখের ভেতর,routine
oral_0_004726.jpg,0,oral_scc,oral_scc,মুখের ক্যানসারের মতো পরিবর্তন (OSC সন্দেহ),urgent
oral_1_004727.jpg,1,oral_normal,oral_normal,স্বাভাবিক মুখের ভেতর,routine
oral_0_004728.jpg,0,oral_scc,oral_scc,মুখের ক্যানসারের মতো পরিবর্তন (OSC সন্দেহ),urgent
oral_1_004729.jpg,1,oral_normal,oral_normal,স্বাভাবিক মুখের ভেতর,routine
oral_0_004730.jpg,0,oral_scc,oral_scc,মুখের ক্যানসারের মতো পরিবর্তন (OSC সন্দেহ),urgent
oral_1_004731.jpg,1,oral_normal,oral_normal,স্বাভাবিক মুখের ভেতর,routine
oral_0_004732.jpg,0,oral_scc,oral_scc,মুখের ক্যানসারের মতো পরিবর্তন (OSC সন্দেহ),urgent
oral_1_004733.jpg,1,oral_normal,oral_normal,স্বাভাবিক মুখের ভেতর,routine
oral_0_004734.jpg,0,oral_scc,oral_scc,মুখের ক্যানসারের মতো পরিবর্তন (OSC সন্দেহ),urgent
oral_0_004735.jpg,0,oral_scc,oral_scc,মুখের ক্যানসারের মতো পরিবর্তন (OSC সন্দেহ),urgent
oral_0_004736.jpg,0,oral_scc,oral_scc,মুখের ক্যানসারের মতো পরিবর্তন (OSC সন্দেহ),urgent
oral_0_004737.jpg,0,oral_scc,oral_scc,মুখের ক্যানসারের মতো পরিবর্তন (OSC সন্দেহ),urgent
oral_0_004738.jpg,0,oral_scc,oral_scc,মুখের ক্যানসারের মতো পরিবর্তন (OSC সন্দেহ),urgent
oral_1_004739.jpg,1,oral_normal,oral_normal,স্বাভাবিক মুখের ভেতর,routine
oral_1_004740.jpg,1,oral_normal,oral_normal,স্বাভাবিক মুখের ভেতর,routine
oral_1_004741.jpg,1,oral_normal,oral_normal,স্বাভাবিক মুখের ভেতর,routine
oral_0_004742.jpg,0,oral_scc,oral_scc,মুখের ক্যানসারের মতো পরিবর্তন (OSC সন্দেহ),urgent
oral_0_004743.jpg,0,oral_scc,oral_scc,মুখের ক্যানসারের মতো পরিবর্তন (OSC সন্দেহ),urgent
oral_1_004744.jpg,1,oral_normal,oral_normal,স্বাভাবিক মুখের ভেতর,routine
oral_1_004745.jpg,1,oral_normal,oral_normal,স্বাভাবিক মুখের ভেতর,routine
oral_1_004746.jpg,1,oral_normal,oral_normal,স্বাভাবিক মুখের ভেতর,routine
oral_0_004747.jpg,0,oral_scc,oral_scc,মুখের ক্যানসারের মতো পরিবর্তন (OSC সন্দেহ),urgent
oral_1_004748.jpg,1,oral_normal,oral_normal,স্বাভাবিক মুখের ভেতর,routine
oral_0_004749.jpg,0,oral_scc,oral_scc,মুখের ক্যানসারের মতো পরিবর্তন (OSC সন্দেহ),urgent
oral_0_004750.jpg,0,oral_scc,oral_scc,মুখের ক্যানসারের মতো পরিবর্তন (OSC সন্দেহ),urgent
oral_1_004751.jpg,1,oral_normal,oral_normal,স্বাভাবিক মুখের ভেতর,routine
oral_0_004752.jpg,0,oral_scc,oral_scc,মুখের ক্যানসারের মতো পরিবর্তন (OSC সন্দেহ),urgent
oral_1_004753.jpg,1,oral_normal,oral_normal,স্বাভাবিক মুখের ভেতর,routine
oral_1_004754.jpg,1,oral_normal,oral_normal,স্বাভাবিক মুখের ভেতর,routine
oral_1_004755.jpg,1,oral_normal,oral_normal,স্বাভাবিক মুখের ভেতর,routine
oral_1_004756.jpg,1,oral_normal,oral_normal,স্বাভাবিক মুখের ভেতর,routine
oral_0_004757.jpg,0,oral_scc,oral_scc,মুখের ক্যানসারের মতো পরিবর্তন (OSC সন্দেহ),urgent
oral_0_004758.jpg,0,oral_scc,oral_scc,মুখের ক্যানসারের মতো পরিবর্তন (OSC সন্দেহ),urgent
oral_1_004759.jpg,1,oral_normal,oral_normal,স্বাভাবিক মুখের ভেতর,routine
oral_1_004760.jpg,1,oral_normal,oral_normal,স্বাভাবিক মুখের ভেতর,routine
oral_1_004761.jpg,1,oral_normal,oral_normal,স্বাভাবিক মুখের ভেতর,routine
oral_1_004762.jpg,1,oral_normal,oral_normal,স্বাভাবিক মুখের ভেতর,routine
oral_1_004763.jpg,1,oral_normal,oral_normal,স্বাভাবিক মুখের ভেতর,routine
oral_1_004764.jpg,1,oral_normal,oral_normal,স্বাভাবিক মুখের ভেতর,routine
oral_1_004765.jpg,1,oral_normal,oral_normal,স্বাভাবিক মুখের ভেতর,routine
oral_0_004766.jpg,0,oral_scc,oral_scc,মুখের ক্যানসারের মতো পরিবর্তন (OSC সন্দেহ),urgent
oral_0_004767.jpg,0,oral_scc,oral_scc,মুখের ক্যানসারের মতো পরিবর্তন (OSC সন্দেহ),urgent
oral_1_004768.jpg,1,oral_normal,oral_normal,স্বাভাবিক মুখের ভেতর,routine
oral_0_004769.jpg,0,oral_scc,oral_scc,মুখের ক্যানসারের মতো পরিবর্তন (OSC সন্দেহ),urgent
oral_1_004770.jpg,1,oral_normal,oral_normal,স্বাভাবিক মুখের ভেতর,routine
oral_0_004771.jpg,0,oral_scc,oral_scc,মুখের ক্যানসারের মতো পরিবর্তন (OSC সন্দেহ),urgent
oral_0_004772.jpg,0,oral_scc,oral_scc,মুখের ক্যানসারের মতো পরিবর্তন (OSC সন্দেহ),urgent
oral_0_004773.jpg,0,oral_scc,oral_scc,মুখের ক্যানসারের মতো পরিবর্তন (OSC সন্দেহ),urgent
oral_1_004774.jpg,1,oral_normal,oral_normal,স্বাভাবিক মুখের ভেতর,routine
oral_0_004775.jpg,0,oral_scc,oral_scc,মুখের ক্যানসারের মতো পরিবর্তন (OSC সন্দেহ),urgent
oral_1_004776.jpg,1,oral_normal,oral_normal,স্বাভাবিক মুখের ভেতর,routine
oral_1_004777.jpg,1,oral_normal,oral_normal,স্বাভাবিক মুখের ভেতর,routine
oral_0_004778.jpg,0,oral_scc,oral_scc,মুখের ক্যানসারের মতো পরিবর্তন (OSC সন্দেহ),urgent
oral_1_004779.jpg,1,oral_normal,oral_normal,স্বাভাবিক মুখের ভেতর,routine
oral_1_004780.jpg,1,oral_normal,oral_normal,স্বাভাবিক মুখের ভেতর,routine
oral_0_004781.jpg,0,oral_scc,oral_scc,মুখের ক্যানসারের মতো পরিবর্তন (OSC সন্দেহ),urgent
oral_1_004782.jpg,1,oral_normal,oral_normal,স্বাভাবিক মুখের ভেতর,routine
oral_1_004783.jpg,1,oral_normal,oral_normal,স্বাভাবিক মুখের ভেতর,routine
oral_0_004784.jpg,0,oral_scc,oral_scc,মুখের ক্যানসারের মতো পরিবর্তন (OSC সন্দেহ),urgent
oral_0_004785.jpg,0,oral_scc,oral_scc,মুখের ক্যানসারের মতো পরিবর্তন (OSC সন্দেহ),urgent
oral_1_004786.jpg,1,oral_normal,oral_normal,স্বাভাবিক মুখের ভেতর,routine
oral_0_004787.jpg,0,oral_scc,oral_scc,মুখের ক্যানসারের মতো পরিবর্তন (OSC সন্দেহ),urgent
oral_1_004788.jpg,1,oral_normal,oral_normal,স্বাভাবিক মুখের ভেতর,routine
oral_1_004789.jpg,1,oral_normal,oral_normal,স্বাভাবিক মুখের ভেতর,routine
oral_0_004790.jpg,0,oral_scc,oral_scc,মুখের ক্যানসারের মতো পরিবর্তন (OSC সন্দেহ),urgent
oral_1_004791.jpg,1,oral_normal,oral_normal,স্বাভাবিক মুখের ভেতর,routine
oral_1_004792.jpg,1,oral_normal,oral_normal,স্বাভাবিক মুখের ভেতর,routine
oral_0_004793.jpg,0,oral_scc,oral_scc,মুখের ক্যানসারের মতো পরিবর্তন (OSC সন্দেহ),urgent
oral_1_004794.jpg,1,oral_normal,oral_normal,স্বাভাবিক মুখের ভেতর,routine
oral_1_004795.jpg,1,oral_normal,oral_normal,স্বাভাবিক মুখের ভেতর,routine
oral_1_004796.jpg,1,oral_normal,oral_normal,স্বাভাবিক মুখের ভেতর,routine
oral_1_004797.jpg,1,oral_normal,oral_normal,স্বাভাবিক মুখের ভেতর,routine
oral_0_004798.jpg,0,oral_scc,oral_scc,মুখের ক্যানসারের মতো পরিবর্তন (OSC সন্দেহ),urgent
oral_1_004799.jpg,1,oral_normal,oral_normal,স্বাভাবিক মুখের ভেতর,routine
oral_0_004800.jpg,0,oral_scc,oral_scc,মুখের ক্যানসারের মতো পরিবর্তন (OSC সন্দেহ),urgent
oral_1_004801.jpg,1,oral_normal,oral_normal,স্বাভাবিক মুখের ভেতর,routine
oral_0_004802.jpg,0,oral_scc,oral_scc,মুখের ক্যানসারের মতো পরিবর্তন (OSC সন্দেহ),urgent
oral_0_004803.jpg,0,oral_scc,oral_scc,মুখের ক্যানসারের মতো পরিবর্তন (OSC সন্দেহ),urgent
oral_1_004804.jpg,1,oral_normal,oral_normal,স্বাভাবিক মুখের ভেতর,routine
oral_1_004805.jpg,1,oral_normal,oral_normal,স্বাভাবিক মুখের ভেতর,routine
oral_1_004806.jpg,1,oral_normal,oral_normal,স্বাভাবিক মুখের ভেতর,routine
oral_1_004807.jpg,1,oral_normal,oral_normal,স্বাভাবিক মুখের ভেতর,routine
oral_0_004808.jpg,0,oral_scc,oral_scc,মুখের ক্যানসারের মতো পরিবর্তন (OSC সন্দেহ),urgent
oral_1_004809.jpg,1,oral_normal,oral_normal,স্বাভাবিক মুখের ভেতর,routine
oral_1_004810.jpg,1,oral_normal,oral_normal,স্বাভাবিক মুখের ভেতর,routine
oral_1_004811.jpg,1,oral_normal,oral_normal,স্বাভাবিক মুখের ভেতর,routine
oral_1_004812.jpg,1,oral_normal,oral_normal,স্বাভাবিক মুখের ভেতর,routine
oral_1_004813.jpg,1,oral_normal,oral_normal,স্বাভাবিক মুখের ভেতর,routine
oral_0_004814.jpg,0,oral_scc,oral_scc,মুখের ক্যানসারের মতো পরিবর্তন (OSC সন্দেহ),urgent
oral_0_004815.jpg,0,oral_scc,oral_scc,মুখের ক্যানসারের মতো পরিবর্তন (OSC সন্দেহ),urgent
oral_1_004816.jpg,1,oral_normal,oral_normal,স্বাভাবিক মুখের ভেতর,routine
oral_0_004817.jpg,0,oral_scc,oral_scc,মুখের ক্যানসারের মতো পরিবর্তন (OSC সন্দেহ),urgent
oral_0_004818.jpg,0,oral_scc,oral_scc,মুখের ক্যানসারের মতো পরিবর্তন (OSC সন্দেহ),urgent
oral_1_004819.jpg,1,oral_normal,oral_normal,স্বাভাবিক মুখের ভেতর,routine
oral_0_004820.jpg,0,oral_scc,oral_scc,মুখের ক্যানসারের মতো পরিবর্তন (OSC সন্দেহ),urgent
oral_1_004821.jpg,1,oral_normal,oral_normal,স্বাভাবিক মুখের ভেতর,routine
oral_0_004822.jpg,0,oral_scc,oral_scc,মুখের ক্যানসারের মতো পরিবর্তন (OSC সন্দেহ),urgent
oral_1_004823.jpg,1,oral_normal,oral_normal,স্বাভাবিক মুখের ভেতর,routine
oral_0_004824.jpg,0,oral_scc,oral_scc,মুখের ক্যানসারের মতো পরিবর্তন (OSC সন্দেহ),urgent
oral_0_004825.jpg,0,oral_scc,oral_scc,মুখের ক্যানসারের মতো পরিবর্তন (OSC সন্দেহ),urgent
oral_1_004826.jpg,1,oral_normal,oral_normal,স্বাভাবিক মুখের ভেতর,routine
oral_0_004827.jpg,0,oral_scc,oral_scc,মুখের ক্যানসারের মতো পরিবর্তন (OSC সন্দেহ),urgent
oral_1_004828.jpg,1,oral_normal,oral_normal,স্বাভাবিক মুখের ভেতর,routine
oral_1_004829.jpg,1,oral_normal,oral_normal,স্বাভাবিক মুখের ভেতর,routine
oral_0_004830.jpg,0,oral_scc,oral_scc,মুখের ক্যানসারের মতো পরিবর্তন (OSC সন্দেহ),urgent
oral_0_004831.jpg,0,oral_scc,oral_scc,মুখের ক্যানসারের মতো পরিবর্তন (OSC সন্দেহ),urgent
oral_0_004832.jpg,0,oral_scc,oral_scc,মুখের ক্যানসারের মতো পরিবর্তন (OSC সন্দেহ),urgent
oral_1_004833.jpg,1,oral_normal,oral_normal,স্বাভাবিক মুখের ভেতর,routine
oral_0_004834.jpg,0,oral_scc,oral_scc,মুখের ক্যানসারের মতো পরিবর্তন (OSC সন্দেহ),urgent
oral_0_004835.jpg,0,oral_scc,oral_scc,মুখের ক্যানসারের মতো পরিবর্তন (OSC সন্দেহ),urgent
oral_1_004836.jpg,1,oral_normal,oral_normal,স্বাভাবিক মুখের ভেতর,routine
oral_0_004837.jpg,0,oral_scc,oral_scc,মুখের ক্যানসারের মতো পরিবর্তন (OSC সন্দেহ),urgent
oral_1_004838.jpg,1,oral_normal,oral_normal,স্বাভাবিক মুখের ভেতর,routine
oral_1_004839.jpg,1,oral_normal,oral_normal,স্বাভাবিক মুখের ভেতর,routine
oral_1_004840.jpg,1,oral_normal,oral_normal,স্বাভাবিক মুখের ভেতর,routine
oral_1_004841.jpg,1,oral_normal,oral_normal,স্বাভাবিক মুখের ভেতর,routine
oral_0_004842.jpg,0,oral_scc,oral_scc,মুখের ক্যানসারের মতো পরিবর্তন (OSC সন্দেহ),urgent
oral_0_004843.jpg,0,oral_scc,oral_scc,মুখের ক্যানসারের মতো পরিবর্তন (OSC সন্দেহ),urgent
oral_1_004844.jpg,1,oral_normal,oral_normal,স্বাভাবিক মুখের ভেতর,routine
oral_1_004845.jpg,1,oral_normal,oral_normal,স্বাভাবিক মুখের ভেতর,routine
oral_1_004846.jpg,1,oral_normal,oral_normal,স্বাভাবিক মুখের ভেতর,routine
oral_0_004847.jpg,0,oral_scc,oral_scc,মুখের ক্যানসারের মতো পরিবর্তন (OSC সন্দেহ),urgent
oral_1_004848.jpg,1,oral_normal,oral_normal,স্বাভাবিক মুখের ভেতর,routine
oral_0_004849.jpg,0,oral_scc,oral_scc,মুখের ক্যানসারের মতো পরিবর্তন (OSC সন্দেহ),urgent
oral_0_004850.jpg,0,oral_scc,oral_scc,মুখের ক্যানসারের মতো পরিবর্তন (OSC সন্দেহ),urgent
oral_1_004851.jpg,1,oral_normal,oral_normal,স্বাভাবিক মুখের ভেতর,routine
oral_0_004852.jpg,0,oral_scc,oral_scc,মুখের ক্যানসারের মতো পরিবর্তন (OSC সন্দেহ),urgent
oral_1_004853.jpg,1,oral_normal,oral_normal,স্বাভাবিক মুখের ভেতর,routine
oral_0_004854.jpg,0,oral_scc,oral_scc,মুখের ক্যানসারের মতো পরিবর্তন (OSC সন্দেহ),urgent
oral_1_004855.jpg,1,oral_normal,oral_normal,স্বাভাবিক মুখের ভেতর,routine
oral_1_004856.jpg,1,oral_normal,oral_normal,স্বাভাবিক মুখের ভেতর,routine
oral_0_004857.jpg,0,oral_scc,oral_scc,মুখের ক্যানসারের মতো পরিবর্তন (OSC সন্দেহ),urgent
oral_1_004858.jpg,1,oral_normal,oral_normal,স্বাভাবিক মুখের ভেতর,routine
oral_0_004859.jpg,0,oral_scc,oral_scc,মুখের ক্যানসারের মতো পরিবর্তন (OSC সন্দেহ),urgent
oral_0_004860.jpg,0,oral_scc,oral_scc,মুখের ক্যানসারের মতো পরিবর্তন (OSC সন্দেহ),urgent
oral_0_004861.jpg,0,oral_scc,oral_scc,মুখের ক্যানসারের মতো পরিবর্তন (OSC সন্দেহ),urgent
oral_0_004862.jpg,0,oral_scc,oral_scc,মুখের ক্যানসারের মতো পরিবর্তন (OSC সন্দেহ),urgent
oral_0_004863.jpg,0,oral_scc,oral_scc,মুখের ক্যানসারের মতো পরিবর্তন (OSC সন্দেহ),urgent
oral_1_004864.jpg,1,oral_normal,oral_normal,স্বাভাবিক মুখের ভেতর,routine
oral_1_004865.jpg,1,oral_normal,oral_normal,স্বাভাবিক মুখের ভেতর,routine
oral_0_004866.jpg,0,oral_scc,oral_scc,মুখের ক্যানসারের মতো পরিবর্তন (OSC সন্দেহ),urgent
oral_0_004867.jpg,0,oral_scc,oral_scc,মুখের ক্যানসারের মতো পরিবর্তন (OSC সন্দেহ),urgent
oral_1_004868.jpg,1,oral_normal,oral_normal,স্বাভাবিক মুখের ভেতর,routine
oral_0_004869.jpg,0,oral_scc,oral_scc,মুখের ক্যানসারের মতো পরিবর্তন (OSC সন্দেহ),urgent
oral_0_004870.jpg,0,oral_scc,oral_scc,মুখের ক্যানসারের মতো পরিবর্তন (OSC সন্দেহ),urgent
oral_1_004871.jpg,1,oral_normal,oral_normal,স্বাভাবিক মুখের ভেতর,routine
oral_1_004872.jpg,1,oral_normal,oral_normal,স্বাভাবিক মুখের ভেতর,routine
oral_0_004873.jpg,0,oral_scc,oral_scc,মুখের ক্যানসারের মতো পরিবর্তন (OSC সন্দেহ),urgent
oral_1_004874.jpg,1,oral_normal,oral_normal,স্বাভাবিক মুখের ভেতর,routine
oral_1_004875.jpg,1,oral_normal,oral_normal,স্বাভাবিক মুখের ভেতর,routine
oral_0_004876.jpg,0,oral_scc,oral_scc,মুখের ক্যানসারের মতো পরিবর্তন (OSC সন্দেহ),urgent
oral_0_004877.jpg,0,oral_scc,oral_scc,মুখের ক্যানসারের মতো পরিবর্তন (OSC সন্দেহ),urgent
oral_1_004878.jpg,1,oral_normal,oral_normal,স্বাভাবিক মুখের ভেতর,routine
oral_1_004879.jpg,1,oral_normal,oral_normal,স্বাভাবিক মুখের ভেতর,routine
oral_0_004880.jpg,0,oral_scc,oral_scc,মুখের ক্যানসারের মতো পরিবর্তন (OSC সন্দেহ),urgent
oral_1_004881.jpg,1,oral_normal,oral_normal,স্বাভাবিক মুখের ভেতর,routine
oral_0_004882.jpg,0,oral_scc,oral_scc,মুখের ক্যানসারের মতো পরিবর্তন (OSC সন্দেহ),urgent
oral_1_004883.jpg,1,oral_normal,oral_normal,স্বাভাবিক মুখের ভেতর,routine
oral_1_004884.jpg,1,oral_normal,oral_normal,স্বাভাবিক মুখের ভেতর,routine
oral_1_004885.jpg,1,oral_normal,oral_normal,স্বাভাবিক মুখের ভেতর,routine
oral_0_004886.jpg,0,oral_scc,oral_scc,মুখের ক্যানসারের মতো পরিবর্তন (OSC সন্দেহ),urgent
oral_0_004887.jpg,0,oral_scc,oral_scc,মুখের ক্যানসারের মতো পরিবর্তন (OSC সন্দেহ),urgent
oral_0_004888.jpg,0,oral_scc,oral_scc,মুখের ক্যানসারের মতো পরিবর্তন (OSC সন্দেহ),urgent
oral_0_004889.jpg,0,oral_scc,oral_scc,মুখের ক্যানসারের মতো পরিবর্তন (OSC সন্দেহ),urgent
oral_1_004890.jpg,1,oral_normal,oral_normal,স্বাভাবিক মুখের ভেতর,routine
oral_0_004891.jpg,0,oral_scc,oral_scc,মুখের ক্যানসারের মতো পরিবর্তন (OSC সন্দেহ),urgent
oral_0_004892.jpg,0,oral_scc,oral_scc,মুখের ক্যানসারের মতো পরিবর্তন (OSC সন্দেহ),urgent
oral_1_004893.jpg,1,oral_normal,oral_normal,স্বাভাবিক মুখের ভেতর,routine
oral_0_004894.jpg,0,oral_scc,oral_scc,মুখের ক্যানসারের মতো পরিবর্তন (OSC সন্দেহ),urgent
oral_0_004895.jpg,0,oral_scc,oral_scc,মুখের ক্যানসারের মতো পরিবর্তন (OSC সন্দেহ),urgent
oral_1_004896.jpg,1,oral_normal,oral_normal,স্বাভাবিক মুখের ভেতর,routine
oral_0_004897.jpg,0,oral_scc,oral_scc,মুখের ক্যানসারের মতো পরিবর্তন (OSC সন্দেহ),urgent
oral_1_004898.jpg,1,oral_normal,oral_normal,স্বাভাবিক মুখের ভেতর,routine
oral_0_004899.jpg,0,oral_scc,oral_scc,মুখের ক্যানসারের মতো পরিবর্তন (OSC সন্দেহ),urgent
oral_1_004900.jpg,1,oral_normal,oral_normal,স্বাভাবিক মুখের ভেতর,routine
oral_0_004901.jpg,0,oral_scc,oral_scc,মুখের ক্যানসারের মতো পরিবর্তন (OSC সন্দেহ),urgent
oral_1_004902.jpg,1,oral_normal,oral_normal,স্বাভাবিক মুখের ভেতর,routine
oral_0_004903.jpg,0,oral_scc,oral_scc,মুখের ক্যানসারের মতো পরিবর্তন (OSC সন্দেহ),urgent
oral_1_004904.jpg,1,oral_normal,oral_normal,স্বাভাবিক মুখের ভেতর,routine
oral_1_004905.jpg,1,oral_normal,oral_normal,স্বাভাবিক মুখের ভেতর,routine
oral_0_004906.jpg,0,oral_scc,oral_scc,মুখের ক্যানসারের মতো পরিবর্তন (OSC সন্দেহ),urgent
oral_1_004907.jpg,1,oral_normal,oral_normal,স্বাভাবিক মুখের ভেতর,routine
oral_1_004908.jpg,1,oral_normal,oral_normal,স্বাভাবিক মুখের ভেতর,routine
oral_0_004909.jpg,0,oral_scc,oral_scc,মুখের ক্যানসারের মতো পরিবর্তন (OSC সন্দেহ),urgent
oral_0_004910.jpg,0,oral_scc,oral_scc,মুখের ক্যানসারের মতো পরিবর্তন (OSC সন্দেহ),urgent
oral_1_004911.jpg,1,oral_normal,oral_normal,স্বাভাবিক মুখের ভেতর,routine
oral_0_004912.jpg,0,oral_scc,oral_scc,মুখের ক্যানসারের মতো পরিবর্তন (OSC সন্দেহ),urgent
oral_0_004913.jpg,0,oral_scc,oral_scc,মুখের ক্যানসারের মতো পরিবর্তন (OSC সন্দেহ),urgent
oral_1_004914.jpg,1,oral_normal,oral_normal,স্বাভাবিক মুখের ভেতর,routine
oral_0_004915.jpg,0,oral_scc,oral_scc,মুখের ক্যানসারের মতো পরিবর্তন (OSC সন্দেহ),urgent
oral_1_004916.jpg,1,oral_normal,oral_normal,স্বাভাবিক মুখের ভেতর,routine
oral_1_004917.jpg,1,oral_normal,oral_normal,স্বাভাবিক মুখের ভেতর,routine
oral_0_004918.jpg,0,oral_scc,oral_scc,মুখের ক্যানসারের মতো পরিবর্তন (OSC সন্দেহ),urgent
oral_0_004919.jpg,0,oral_scc,oral_scc,মুখের ক্যানসারের মতো পরিবর্তন (OSC সন্দেহ),urgent
oral_1_004920.jpg,1,oral_normal,oral_normal,স্বাভাবিক মুখের ভেতর,routine
oral_1_004921.jpg,1,oral_normal,oral_normal,স্বাভাবিক মুখের ভেতর,routine
oral_1_004922.jpg,1,oral_normal,oral_normal,স্বাভাবিক মুখের ভেতর,routine
oral_0_004923.jpg,0,oral_scc,oral_scc,মুখের ক্যানসারের মতো পরিবর্তন (OSC সন্দেহ),urgent
oral_0_004924.jpg,0,oral_scc,oral_scc,মুখের ক্যানসারের মতো পরিবর্তন (OSC সন্দেহ),urgent
oral_0_004925.jpg,0,oral_scc,oral_scc,মুখের ক্যানসারের মতো পরিবর্তন (OSC সন্দেহ),urgent
oral_0_004926.jpg,0,oral_scc,oral_scc,মুখের ক্যানসারের মতো পরিবর্তন (OSC সন্দেহ),urgent
oral_1_004927.jpg,1,oral_normal,oral_normal,স্বাভাবিক মুখের ভেতর,routine
oral_1_004928.jpg,1,oral_normal,oral_normal,স্বাভাবিক মুখের ভেতর,routine
oral_0_004929.jpg,0,oral_scc,oral_scc,মুখের ক্যানসারের মতো পরিবর্তন (OSC সন্দেহ),urgent
oral_0_004930.jpg,0,oral_scc,oral_scc,মুখের ক্যানসারের মতো পরিবর্তন (OSC সন্দেহ),urgent
oral_0_004931.jpg,0,oral_scc,oral_scc,মুখের ক্যানসারের মতো পরিবর্তন (OSC সন্দেহ),urgent
oral_1_004932.jpg,1,oral_normal,oral_normal,স্বাভাবিক মুখের ভেতর,routine
oral_0_004933.jpg,0,oral_scc,oral_scc,মুখের ক্যানসারের মতো পরিবর্তন (OSC সন্দেহ),urgent
oral_1_004934.jpg,1,oral_normal,oral_normal,স্বাভাবিক মুখের ভেতর,routine
oral_0_004935.jpg,0,oral_scc,oral_scc,মুখের ক্যানসারের মতো পরিবর্তন (OSC সন্দেহ),urgent
oral_1_004936.jpg,1,oral_normal,oral_normal,স্বাভাবিক মুখের ভেতর,routine
oral_1_004937.jpg,1,oral_normal,oral_normal,স্বাভাবিক মুখের ভেতর,routine
oral_0_004938.jpg,0,oral_scc,oral_scc,মুখের ক্যানসারের মতো পরিবর্তন (OSC সন্দেহ),urgent
oral_0_004939.jpg,0,oral_scc,oral_scc,মুখের ক্যানসারের মতো পরিবর্তন (OSC সন্দেহ),urgent
oral_0_004940.jpg,0,oral_scc,oral_scc,মুখের ক্যানসারের মতো পরিবর্তন (OSC সন্দেহ),urgent
oral_0_004941.jpg,0,oral_scc,oral_scc,মুখের ক্যানসারের মতো পরিবর্তন (OSC সন্দেহ),urgent
oral_1_004942.jpg,1,oral_normal,oral_normal,স্বাভাবিক মুখের ভেতর,routine
oral_1_004943.jpg,1,oral_normal,oral_normal,স্বাভাবিক মুখের ভেতর,routine
oral_0_004944.jpg,0,oral_scc,oral_scc,মুখের ক্যানসারের মতো পরিবর্তন (OSC সন্দেহ),urgent
oral_1_004945.jpg,1,oral_normal,oral_normal,স্বাভাবিক মুখের ভেতর,routine
oral_1_004946.jpg,1,oral_normal,oral_normal,স্বাভাবিক মুখের ভেতর,routine
oral_0_004947.jpg,0,oral_scc,oral_scc,মুখের ক্যানসারের মতো পরিবর্তন (OSC সন্দেহ),urgent
oral_1_004948.jpg,1,oral_normal,oral_normal,স্বাভাবিক মুখের ভেতর,routine
oral_0_004949.jpg,0,oral_scc,oral_scc,মুখের ক্যানসারের মতো পরিবর্তন (OSC সন্দেহ),urgent
oral_1_004950.jpg,1,oral_normal,oral_normal,স্বাভাবিক মুখের ভেতর,routine
oral_0_004951.jpg,0,oral_scc,oral_scc,মুখের ক্যানসারের মতো পরিবর্তন (OSC সন্দেহ),urgent
oral_0_004952.jpg,0,oral_scc,oral_scc,মুখের ক্যানসারের মতো পরিবর্তন (OSC সন্দেহ),urgent
oral_0_004953.jpg,0,oral_scc,oral_scc,মুখের ক্যানসারের মতো পরিবর্তন (OSC সন্দেহ),urgent
oral_1_004954.jpg,1,oral_normal,oral_normal,স্বাভাবিক মুখের ভেতর,routine
oral_1_004955.jpg,1,oral_normal,oral_normal,স্বাভাবিক মুখের ভেতর,routine
oral_0_004956.jpg,0,oral_scc,oral_scc,মুখের ক্যানসারের মতো পরিবর্তন (OSC সন্দেহ),urgent
oral_1_004957.jpg,1,oral_normal,oral_normal,স্বাভাবিক মুখের ভেতর,routine
oral_0_004958.jpg,0,oral_scc,oral_scc,মুখের ক্যানসারের মতো পরিবর্তন (OSC সন্দেহ),urgent
oral_1_004959.jpg,1,oral_normal,oral_normal,স্বাভাবিক মুখের ভেতর,routine
oral_1_004960.jpg,1,oral_normal,oral_normal,স্বাভাবিক মুখের ভেতর,routine
oral_0_004961.jpg,0,oral_scc,oral_scc,মুখের ক্যানসারের মতো পরিবর্তন (OSC সন্দেহ),urgent
oral_0_004962.jpg,0,oral_scc,oral_scc,মুখের ক্যানসারের মতো পরিবর্তন (OSC সন্দেহ),urgent
oral_1_004963.jpg,1,oral_normal,oral_normal,স্বাভাবিক মুখের ভেতর,routine
oral_0_004964.jpg,0,oral_scc,oral_scc,মুখের ক্যানসারের মতো পরিবর্তন (OSC সন্দেহ),urgent
oral_1_004965.jpg,1,oral_normal,oral_normal,স্বাভাবিক মুখের ভেতর,routine
oral_1_004966.jpg,1,oral_normal,oral_normal,স্বাভাবিক মুখের ভেতর,routine
oral_1_004967.jpg,1,oral_normal,oral_normal,স্বাভাবিক মুখের ভেতর,routine
oral_0_004968.jpg,0,oral_scc,oral_scc,মুখের ক্যানসারের মতো পরিবর্তন (OSC সন্দেহ),urgent
oral_0_004969.jpg,0,oral_scc,oral_scc,মুখের ক্যানসারের মতো পরিবর্তন (OSC সন্দেহ),urgent
oral_0_004970.jpg,0,oral_scc,oral_scc,মুখের ক্যানসারের মতো পরিবর্তন (OSC সন্দেহ),urgent
oral_1_004971.jpg,1,oral_normal,oral_normal,স্বাভাবিক মুখের ভেতর,routine
oral_1_004972.jpg,1,oral_normal,oral_normal,স্বাভাবিক মুখের ভেতর,routine
oral_1_004973.jpg,1,oral_normal,oral_normal,স্বাভাবিক মুখের ভেতর,routine
oral_0_004974.jpg,0,oral_scc,oral_scc,মুখের ক্যানসারের মতো পরিবর্তন (OSC সন্দেহ),urgent
oral_0_004975.jpg,0,oral_scc,oral_scc,মুখের ক্যানসারের মতো পরিবর্তন (OSC সন্দেহ),urgent
oral_1_004976.jpg,1,oral_normal,oral_normal,স্বাভাবিক মুখের ভেতর,routine
oral_0_004977.jpg,0,oral_scc,oral_scc,মুখের ক্যানসারের মতো পরিবর্তন (OSC সন্দেহ),urgent
oral_0_004978.jpg,0,oral_scc,oral_scc,মুখের ক্যানসারের মতো পরিবর্তন (OSC সন্দেহ),urgent
oral_0_004979.jpg,0,oral_scc,oral_scc,মুখের ক্যানসারের মতো পরিবর্তন (OSC সন্দেহ),urgent
oral_0_004980.jpg,0,oral_scc,oral_scc,মুখের ক্যানসারের মতো পরিবর্তন (OSC সন্দেহ),urgent
oral_1_004981.jpg,1,oral_normal,oral_normal,স্বাভাবিক মুখের ভেতর,routine
oral_1_004982.jpg,1,oral_normal,oral_normal,স্বাভাবিক মুখের ভেতর,routine
oral_0_004983.jpg,0,oral_scc,oral_scc,মুখের ক্যানসারের মতো পরিবর্তন (OSC সন্দেহ),urgent
oral_0_004984.jpg,0,oral_scc,oral_scc,মুখের ক্যানসারের মতো পরিবর্তন (OSC সন্দেহ),urgent
oral_1_004985.jpg,1,oral_normal,oral_normal,স্বাভাবিক মুখের ভেতর,routine
oral_1_004986.jpg,1,oral_normal,oral_normal,স্বাভাবিক মুখের ভেতর,routine
oral_0_004987.jpg,0,oral_scc,oral_scc,মুখের ক্যানসারের মতো পরিবর্তন (OSC সন্দেহ),urgent
oral_0_004988.jpg,0,oral_scc,oral_scc,মুখের ক্যানসারের মতো পরিবর্তন (OSC সন্দেহ),urgent
oral_1_004989.jpg,1,oral_normal,oral_normal,স্বাভাবিক মুখের ভেতর,routine
oral_1_004990.jpg,1,oral_normal,oral_normal,স্বাভাবিক মুখের ভেতর,routine
oral_1_004991.jpg,1,oral_normal,oral_normal,স্বাভাবিক মুখের ভেতর,routine
oral_1_004992.jpg,1,oral_normal,oral_normal,স্বাভাবিক মুখের ভেতর,routine
oral_0_004993.jpg,0,oral_scc,oral_scc,মুখের ক্যানসারের মতো পরিবর্তন (OSC সন্দেহ),urgent
oral_1_004994.jpg,1,oral_normal,oral_normal,স্বাভাবিক মুখের ভেতর,routine
oral_0_004995.jpg,0,oral_scc,oral_scc,মুখের ক্যানসারের মতো পরিবর্তন (OSC সন্দেহ),urgent
oral_1_004996.jpg,1,oral_normal,oral_normal,স্বাভাবিক মুখের ভেতর,routine
oral_1_004997.jpg,1,oral_normal,oral_normal,স্বাভাবিক মুখের ভেতর,routine
oral_0_004998.jpg,0,oral_scc,oral_scc,মুখের ক্যানসারের মতো পরিবর্তন (OSC সন্দেহ),urgent
oral_0_004999.jpg,0,oral_scc,oral_scc,মুখের ক্যানসারের মতো পরিবর্তন (OSC সন্দেহ),urgent
oral_0_005000.jpg,0,oral_scc,oral_scc,মুখের ক্যানসারের মতো পরিবর্তন (OSC সন্দেহ),urgent
oral_0_005001.jpg,0,oral_scc,oral_scc,মুখের ক্যানসারের মতো পরিবর্তন (OSC সন্দেহ),urgent
oral_0_005002.jpg,0,oral_scc,oral_scc,মুখের ক্যানসারের মতো পরিবর্তন (OSC সন্দেহ),urgent
oral_1_005003.jpg,1,oral_normal,oral_normal,স্বাভাবিক মুখের ভেতর,routine
oral_0_005004.jpg,0,oral_scc,oral_scc,মুখের ক্যানসারের মতো পরিবর্তন (OSC সন্দেহ),urgent
oral_1_005005.jpg,1,oral_normal,oral_normal,স্বাভাবিক মুখের ভেতর,routine
oral_0_005006.jpg,0,oral_scc,oral_scc,মুখের ক্যানসারের মতো পরিবর্তন (OSC সন্দেহ),urgent
oral_1_005007.jpg,1,oral_normal,oral_normal,স্বাভাবিক মুখের ভেতর,routine
oral_1_005008.jpg,1,oral_normal,oral_normal,স্বাভাবিক মুখের ভেতর,routine
oral_1_005009.jpg,1,oral_normal,oral_normal,স্বাভাবিক মুখের ভেতর,routine
oral_1_005010.jpg,1,oral_normal,oral_normal,স্বাভাবিক মুখের ভেতর,routine
oral_0_005011.jpg,0,oral_scc,oral_scc,মুখের ক্যানসারের মতো পরিবর্তন (OSC সন্দেহ),urgent
oral_1_005012.jpg,1,oral_normal,oral_normal,স্বাভাবিক মুখের ভেতর,routine
oral_1_005013.jpg,1,oral_normal,oral_normal,স্বাভাবিক মুখের ভেতর,routine
oral_0_005014.jpg,0,oral_scc,oral_scc,মুখের ক্যানসারের মতো পরিবর্তন (OSC সন্দেহ),urgent
oral_0_005015.jpg,0,oral_scc,oral_scc,মুখের ক্যানসারের মতো পরিবর্তন (OSC সন্দেহ),urgent
oral_1_005016.jpg,1,oral_normal,oral_normal,স্বাভাবিক মুখের ভেতর,routine
oral_1_005017.jpg,1,oral_normal,oral_normal,স্বাভাবিক মুখের ভেতর,routine
oral_0_005018.jpg,0,oral_scc,oral_scc,মুখের ক্যানসারের মতো পরিবর্তন (OSC সন্দেহ),urgent
oral_0_005019.jpg,0,oral_scc,oral_scc,মুখের ক্যানসারের মতো পরিবর্তন (OSC সন্দেহ),urgent
oral_1_005020.jpg,1,oral_normal,oral_normal,স্বাভাবিক মুখের ভেতর,routine
oral_0_005021.jpg,0,oral_scc,oral_scc,মুখের ক্যানসারের মতো পরিবর্তন (OSC সন্দেহ),urgent
oral_0_005022.jpg,0,oral_scc,oral_scc,মুখের ক্যানসারের মতো পরিবর্তন (OSC সন্দেহ),urgent
oral_0_005023.jpg,0,oral_scc,oral_scc,মুখের ক্যানসারের মতো পরিবর্তন (OSC সন্দেহ),urgent
oral_0_005024.jpg,0,oral_scc,oral_scc,মুখের ক্যানসারের মতো পরিবর্তন (OSC সন্দেহ),urgent
oral_0_005025.jpg,0,oral_scc,oral_scc,মুখের ক্যানসারের মতো পরিবর্তন (OSC সন্দেহ),urgent
oral_0_005026.jpg,0,oral_scc,oral_scc,মুখের ক্যানসারের মতো পরিবর্তন (OSC সন্দেহ),urgent
oral_0_005027.jpg,0,oral_scc,oral_scc,মুখের ক্যানসারের মতো পরিবর্তন (OSC সন্দেহ),urgent
oral_1_005028.jpg,1,oral_normal,oral_normal,স্বাভাবিক মুখের ভেতর,routine
oral_0_005029.jpg,0,oral_scc,oral_scc,মুখের ক্যানসারের মতো পরিবর্তন (OSC সন্দেহ),urgent
oral_0_005030.jpg,0,oral_scc,oral_scc,মুখের ক্যানসারের মতো পরিবর্তন (OSC সন্দেহ),urgent
oral_0_005031.jpg,0,oral_scc,oral_scc,মুখের ক্যানসারের মতো পরিবর্তন (OSC সন্দেহ),urgent
oral_1_005032.jpg,1,oral_normal,oral_normal,স্বাভাবিক মুখের ভেতর,routine
oral_0_005033.jpg,0,oral_scc,oral_scc,মুখের ক্যানসারের মতো পরিবর্তন (OSC সন্দেহ),urgent
oral_0_005034.jpg,0,oral_scc,oral_scc,মুখের ক্যানসারের মতো পরিবর্তন (OSC সন্দেহ),urgent
oral_1_005035.jpg,1,oral_normal,oral_normal,স্বাভাবিক মুখের ভেতর,routine
oral_0_005036.jpg,0,oral_scc,oral_scc,মুখের ক্যানসারের মতো পরিবর্তন (OSC সন্দেহ),urgent
oral_0_005037.jpg,0,oral_scc,oral_scc,মুখের ক্যানসারের মতো পরিবর্তন (OSC সন্দেহ),urgent
oral_1_005038.jpg,1,oral_normal,oral_normal,স্বাভাবিক মুখের ভেতর,routine
oral_0_005039.jpg,0,oral_scc,oral_scc,মুখের ক্যানসারের মতো পরিবর্তন (OSC সন্দেহ),urgent
oral_0_005040.jpg,0,oral_scc,oral_scc,মুখের ক্যানসারের মতো পরিবর্তন (OSC সন্দেহ),urgent
oral_1_005041.jpg,1,oral_normal,oral_normal,স্বাভাবিক মুখের ভেতর,routine
oral_1_005042.jpg,1,oral_normal,oral_normal,স্বাভাবিক মুখের ভেতর,routine
oral_1_005043.jpg,1,oral_normal,oral_normal,স্বাভাবিক মুখের ভেতর,routine
oral_0_005044.jpg,0,oral_scc,oral_scc,মুখের ক্যানসারের মতো পরিবর্তন (OSC সন্দেহ),urgent
oral_0_005045.jpg,0,oral_scc,oral_scc,মুখের ক্যানসারের মতো পরিবর্তন (OSC সন্দেহ),urgent
oral_1_005046.jpg,1,oral_normal,oral_normal,স্বাভাবিক মুখের ভেতর,routine
oral_1_005047.jpg,1,oral_normal,oral_normal,স্বাভাবিক মুখের ভেতর,routine
oral_0_005048.jpg,0,oral_scc,oral_scc,মুখের ক্যানসারের মতো পরিবর্তন (OSC সন্দেহ),urgent
oral_0_005049.jpg,0,oral_scc,oral_scc,মুখের ক্যানসারের মতো পরিবর্তন (OSC সন্দেহ),urgent
oral_1_005050.jpg,1,oral_normal,oral_normal,স্বাভাবিক মুখের ভেতর,routine
oral_0_005051.jpg,0,oral_scc,oral_scc,মুখের ক্যানসারের মতো পরিবর্তন (OSC সন্দেহ),urgent
oral_0_005052.jpg,0,oral_scc,oral_scc,মুখের ক্যানসারের মতো পরিবর্তন (OSC সন্দেহ),urgent
oral_1_005053.jpg,1,oral_normal,oral_normal,স্বাভাবিক মুখের ভেতর,routine
oral_1_005054.jpg,1,oral_normal,oral_normal,স্বাভাবিক মুখের ভেতর,routine
oral_1_005055.jpg,1,oral_normal,oral_normal,স্বাভাবিক মুখের ভেতর,routine
oral_0_005056.jpg,0,oral_scc,oral_scc,মুখের ক্যানসারের মতো পরিবর্তন (OSC সন্দেহ),urgent
oral_0_005057.jpg,0,oral_scc,oral_scc,মুখের ক্যানসারের মতো পরিবর্তন (OSC সন্দেহ),urgent
oral_0_005058.jpg,0,oral_scc,oral_scc,মুখের ক্যানসারের মতো পরিবর্তন (OSC সন্দেহ),urgent
oral_0_005059.jpg,0,oral_scc,oral_scc,মুখের ক্যানসারের মতো পরিবর্তন (OSC সন্দেহ),urgent
oral_0_005060.jpg,0,oral_scc,oral_scc,মুখের ক্যানসারের মতো পরিবর্তন (OSC সন্দেহ),urgent
oral_1_005061.jpg,1,oral_normal,oral_normal,স্বাভাবিক মুখের ভেতর,routine
oral_1_005062.jpg,1,oral_normal,oral_normal,স্বাভাবিক মুখের ভেতর,routine
oral_1_005063.jpg,1,oral_normal,oral_normal,স্বাভাবিক মুখের ভেতর,routine
oral_1_005064.jpg,1,oral_normal,oral_normal,স্বাভাবিক মুখের ভেতর,routine
oral_1_005065.jpg,1,oral_normal,oral_normal,স্বাভাবিক মুখের ভেতর,routine
oral_0_005066.jpg,0,oral_scc,oral_scc,মুখের ক্যানসারের মতো পরিবর্তন (OSC সন্দেহ),urgent
oral_0_005067.jpg,0,oral_scc,oral_scc,মুখের ক্যানসারের মতো পরিবর্তন (OSC সন্দেহ),urgent
oral_1_005068.jpg,1,oral_normal,oral_normal,স্বাভাবিক মুখের ভেতর,routine
oral_1_005069.jpg,1,oral_normal,oral_normal,স্বাভাবিক মুখের ভেতর,routine
oral_1_005070.jpg,1,oral_normal,oral_normal,স্বাভাবিক মুখের ভেতর,routine
oral_1_005071.jpg,1,oral_normal,oral_normal,স্বাভাবিক মুখের ভেতর,routine
oral_1_005072.jpg,1,oral_normal,oral_normal,স্বাভাবিক মুখের ভেতর,routine
oral_0_005073.jpg,0,oral_scc,oral_scc,মুখের ক্যানসারের মতো পরিবর্তন (OSC সন্দেহ),urgent
oral_1_005074.jpg,1,oral_normal,oral_normal,স্বাভাবিক মুখের ভেতর,routine
oral_1_005075.jpg,1,oral_normal,oral_normal,স্বাভাবিক মুখের ভেতর,routine
oral_1_005076.jpg,1,oral_normal,oral_normal,স্বাভাবিক মুখের ভেতর,routine
oral_1_005077.jpg,1,oral_normal,oral_normal,স্বাভাবিক মুখের ভেতর,routine
oral_0_005078.jpg,0,oral_scc,oral_scc,মুখের ক্যানসারের মতো পরিবর্তন (OSC সন্দেহ),urgent
oral_0_005079.jpg,0,oral_scc,oral_scc,মুখের ক্যানসারের মতো পরিবর্তন (OSC সন্দেহ),urgent
oral_0_005080.jpg,0,oral_scc,oral_scc,মুখের ক্যানসারের মতো পরিবর্তন (OSC সন্দেহ),urgent
oral_0_005081.jpg,0,oral_scc,oral_scc,মুখের ক্যানসারের মতো পরিবর্তন (OSC সন্দেহ),urgent
oral_1_005082.jpg,1,oral_normal,oral_normal,স্বাভাবিক মুখের ভেতর,routine
oral_1_005083.jpg,1,oral_normal,oral_normal,স্বাভাবিক মুখের ভেতর,routine
oral_0_005084.jpg,0,oral_scc,oral_scc,মুখের ক্যানসারের মতো পরিবর্তন (OSC সন্দেহ),urgent
oral_0_005085.jpg,0,oral_scc,oral_scc,মুখের ক্যানসারের মতো পরিবর্তন (OSC সন্দেহ),urgent
oral_1_005086.jpg,1,oral_normal,oral_normal,স্বাভাবিক মুখের ভেতর,routine
oral_0_005087.jpg,0,oral_scc,oral_scc,মুখের ক্যানসারের মতো পরিবর্তন (OSC সন্দেহ),urgent
oral_0_005088.jpg,0,oral_scc,oral_scc,মুখের ক্যানসারের মতো পরিবর্তন (OSC সন্দেহ),urgent
oral_1_005089.jpg,1,oral_normal,oral_normal,স্বাভাবিক মুখের ভেতর,routine
oral_1_005090.jpg,1,oral_normal,oral_normal,স্বাভাবিক মুখের ভেতর,routine
oral_1_005091.jpg,1,oral_normal,oral_normal,স্বাভাবিক মুখের ভেতর,routine
oral_0_005092.jpg,0,oral_scc,oral_scc,মুখের ক্যানসারের মতো পরিবর্তন (OSC সন্দেহ),urgent
oral_0_005093.jpg,0,oral_scc,oral_scc,মুখের ক্যানসারের মতো পরিবর্তন (OSC সন্দেহ),urgent
oral_0_005094.jpg,0,oral_scc,oral_scc,মুখের ক্যানসারের মতো পরিবর্তন (OSC সন্দেহ),urgent
oral_1_005095.jpg,1,oral_normal,oral_normal,স্বাভাবিক মুখের ভেতর,routine
oral_1_005096.jpg,1,oral_normal,oral_normal,স্বাভাবিক মুখের ভেতর,routine
oral_1_005097.jpg,1,oral_normal,oral_normal,স্বাভাবিক মুখের ভেতর,routine
oral_1_005098.jpg,1,oral_normal,oral_normal,স্বাভাবিক মুখের ভেতর,routine
oral_1_005099.jpg,1,oral_normal,oral_normal,স্বাভাবিক মুখের ভেতর,routine
oral_1_005100.jpg,1,oral_normal,oral_normal,স্বাভাবিক মুখের ভেতর,routine
oral_1_005101.jpg,1,oral_normal,oral_normal,স্বাভাবিক মুখের ভেতর,routine
oral_0_005102.jpg,0,oral_scc,oral_scc,মুখের ক্যানসারের মতো পরিবর্তন (OSC সন্দেহ),urgent
oral_1_005103.jpg,1,oral_normal,oral_normal,স্বাভাবিক মুখের ভেতর,routine
oral_0_005104.jpg,0,oral_scc,oral_scc,মুখের ক্যানসারের মতো পরিবর্তন (OSC সন্দেহ),urgent
oral_1_005105.jpg,1,oral_normal,oral_normal,স্বাভাবিক মুখের ভেতর,routine
oral_0_005106.jpg,0,oral_scc,oral_scc,মুখের ক্যানসারের মতো পরিবর্তন (OSC সন্দেহ),urgent
oral_1_005107.jpg,1,oral_normal,oral_normal,স্বাভাবিক মুখের ভেতর,routine
oral_0_005108.jpg,0,oral_scc,oral_scc,মুখের ক্যানসারের মতো পরিবর্তন (OSC সন্দেহ),urgent
oral_0_005109.jpg,0,oral_scc,oral_scc,মুখের ক্যানসারের মতো পরিবর্তন (OSC সন্দেহ),urgent
oral_1_005110.jpg,1,oral_normal,oral_normal,স্বাভাবিক মুখের ভেতর,routine
oral_1_005111.jpg,1,oral_normal,oral_normal,স্বাভাবিক মুখের ভেতর,routine
oral_1_005112.jpg,1,oral_normal,oral_normal,স্বাভাবিক মুখের ভেতর,routine
oral_0_005113.jpg,0,oral_scc,oral_scc,মুখের ক্যানসারের মতো পরিবর্তন (OSC সন্দেহ),urgent
oral_1_005114.jpg,1,oral_normal,oral_normal,স্বাভাবিক মুখের ভেতর,routine
oral_1_005115.jpg,1,oral_normal,oral_normal,স্বাভাবিক মুখের ভেতর,routine
oral_0_005116.jpg,0,oral_scc,oral_scc,মুখের ক্যানসারের মতো পরিবর্তন (OSC সন্দেহ),urgent
oral_0_005117.jpg,0,oral_scc,oral_scc,মুখের ক্যানসারের মতো পরিবর্তন (OSC সন্দেহ),urgent
oral_0_005118.jpg,0,oral_scc,oral_scc,মুখের ক্যানসারের মতো পরিবর্তন (OSC সন্দেহ),urgent
oral_0_005119.jpg,0,oral_scc,oral_scc,মুখের ক্যানসারের মতো পরিবর্তন (OSC সন্দেহ),urgent
oral_0_005120.jpg,0,oral_scc,oral_scc,মুখের ক্যানসারের মতো পরিবর্তন (OSC সন্দেহ),urgent
oral_1_005121.jpg,1,oral_normal,oral_normal,স্বাভাবিক মুখের ভেতর,routine
oral_1_005122.jpg,1,oral_normal,oral_normal,স্বাভাবিক মুখের ভেতর,routine
oral_1_005123.jpg,1,oral_normal,oral_normal,স্বাভাবিক মুখের ভেতর,routine
oral_0_005124.jpg,0,oral_scc,oral_scc,মুখের ক্যানসারের মতো পরিবর্তন (OSC সন্দেহ),urgent
oral_0_005125.jpg,0,oral_scc,oral_scc,মুখের ক্যানসারের মতো পরিবর্তন (OSC সন্দেহ),urgent
oral_0_005126.jpg,0,oral_scc,oral_scc,মুখের ক্যানসারের মতো পরিবর্তন (OSC সন্দেহ),urgent
oral_0_005127.jpg,0,oral_scc,oral_scc,মুখের ক্যানসারের মতো পরিবর্তন (OSC সন্দেহ),urgent
oral_1_005128.jpg,1,oral_normal,oral_normal,স্বাভাবিক মুখের ভেতর,routine
oral_1_005129.jpg,1,oral_normal,oral_normal,স্বাভাবিক মুখের ভেতর,routine
oral_1_005130.jpg,1,oral_normal,oral_normal,স্বাভাবিক মুখের ভেতর,routine
oral_1_005131.jpg,1,oral_normal,oral_normal,স্বাভাবিক মুখের ভেতর,routine
oral_1_005132.jpg,1,oral_normal,oral_normal,স্বাভাবিক মুখের ভেতর,routine
oral_1_005133.jpg,1,oral_normal,oral_normal,স্বাভাবিক মুখের ভেতর,routine
oral_1_005134.jpg,1,oral_normal,oral_normal,স্বাভাবিক মুখের ভেতর,routine
oral_0_005135.jpg,0,oral_scc,oral_scc,মুখের ক্যানসারের মতো পরিবর্তন (OSC সন্দেহ),urgent
oral_0_005136.jpg,0,oral_scc,oral_scc,মুখের ক্যানসারের মতো পরিবর্তন (OSC সন্দেহ),urgent
oral_0_005137.jpg,0,oral_scc,oral_scc,মুখের ক্যানসারের মতো পরিবর্তন (OSC সন্দেহ),urgent
oral_1_005138.jpg,1,oral_normal,oral_normal,স্বাভাবিক মুখের ভেতর,routine
oral_1_005139.jpg,1,oral_normal,oral_normal,স্বাভাবিক মুখের ভেতর,routine
oral_1_005140.jpg,1,oral_normal,oral_normal,স্বাভাবিক মুখের ভেতর,routine
oral_1_005141.jpg,1,oral_normal,oral_normal,স্বাভাবিক মুখের ভেতর,routine
oral_0_005142.jpg,0,oral_scc,oral_scc,মুখের ক্যানসারের মতো পরিবর্তন (OSC সন্দেহ),urgent
oral_1_005143.jpg,1,oral_normal,oral_normal,স্বাভাবিক মুখের ভেতর,routine
oral_0_005144.jpg,0,oral_scc,oral_scc,মুখের ক্যানসারের মতো পরিবর্তন (OSC সন্দেহ),urgent
oral_0_005145.jpg,0,oral_scc,oral_scc,মুখের ক্যানসারের মতো পরিবর্তন (OSC সন্দেহ),urgent
oral_1_005146.jpg,1,oral_normal,oral_normal,স্বাভাবিক মুখের ভেতর,routine
oral_1_005147.jpg,1,oral_normal,oral_normal,স্বাভাবিক মুখের ভেতর,routine
oral_0_005148.jpg,0,oral_scc,oral_scc,মুখের ক্যানসারের মতো পরিবর্তন (OSC সন্দেহ),urgent
oral_1_005149.jpg,1,oral_normal,oral_normal,স্বাভাবিক মুখের ভেতর,routine
oral_1_005150.jpg,1,oral_normal,oral_normal,স্বাভাবিক মুখের ভেতর,routine
oral_0_005151.jpg,0,oral_scc,oral_scc,মুখের ক্যানসারের মতো পরিবর্তন (OSC সন্দেহ),urgent
oral_0_005152.jpg,0,oral_scc,oral_scc,মুখের ক্যানসারের মতো পরিবর্তন (OSC সন্দেহ),urgent
oral_0_005153.jpg,0,oral_scc,oral_scc,মুখের ক্যানসারের মতো পরিবর্তন (OSC সন্দেহ),urgent
oral_0_005154.jpg,0,oral_scc,oral_scc,মুখের ক্যানসারের মতো পরিবর্তন (OSC সন্দেহ),urgent
oral_0_005155.jpg,0,oral_scc,oral_scc,মুখের ক্যানসারের মতো পরিবর্তন (OSC সন্দেহ),urgent
oral_1_005156.jpg,1,oral_normal,oral_normal,স্বাভাবিক মুখের ভেতর,routine
oral_0_005157.jpg,0,oral_scc,oral_scc,মুখের ক্যানসারের মতো পরিবর্তন (OSC সন্দেহ),urgent
oral_1_005158.jpg,1,oral_normal,oral_normal,স্বাভাবিক মুখের ভেতর,routine
oral_0_005159.jpg,0,oral_scc,oral_scc,মুখের ক্যানসারের মতো পরিবর্তন (OSC সন্দেহ),urgent
oral_0_005160.jpg,0,oral_scc,oral_scc,মুখের ক্যানসারের মতো পরিবর্তন (OSC সন্দেহ),urgent
oral_1_005161.jpg,1,oral_normal,oral_normal,স্বাভাবিক মুখের ভেতর,routine
oral_1_005162.jpg,1,oral_normal,oral_normal,স্বাভাবিক মুখের ভেতর,routine
oral_0_005163.jpg,0,oral_scc,oral_scc,মুখের ক্যানসারের মতো পরিবর্তন (OSC সন্দেহ),urgent
oral_0_005164.jpg,0,oral_scc,oral_scc,মুখের ক্যানসারের মতো পরিবর্তন (OSC সন্দেহ),urgent
oral_0_005165.jpg,0,oral_scc,oral_scc,মুখের ক্যানসারের মতো পরিবর্তন (OSC সন্দেহ),urgent
oral_0_005166.jpg,0,oral_scc,oral_scc,মুখের ক্যানসারের মতো পরিবর্তন (OSC সন্দেহ),urgent
oral_1_005167.jpg,1,oral_normal,oral_normal,স্বাভাবিক মুখের ভেতর,routine
oral_0_005168.jpg,0,oral_scc,oral_scc,মুখের ক্যানসারের মতো পরিবর্তন (OSC সন্দেহ),urgent
oral_0_005169.jpg,0,oral_scc,oral_scc,মুখের ক্যানসারের মতো পরিবর্তন (OSC সন্দেহ),urgent
oral_1_005170.jpg,1,oral_normal,oral_normal,স্বাভাবিক মুখের ভেতর,routine
oral_1_005171.jpg,1,oral_normal,oral_normal,স্বাভাবিক মুখের ভেতর,routine
oral_0_005172.jpg,0,oral_scc,oral_scc,মুখের ক্যানসারের মতো পরিবর্তন (OSC সন্দেহ),urgent
oral_0_005173.jpg,0,oral_scc,oral_scc,মুখের ক্যানসারের মতো পরিবর্তন (OSC সন্দেহ),urgent
oral_0_005174.jpg,0,oral_scc,oral_scc,মুখের ক্যানসারের মতো পরিবর্তন (OSC সন্দেহ),urgent
oral_0_005175.jpg,0,oral_scc,oral_scc,মুখের ক্যানসারের মতো পরিবর্তন (OSC সন্দেহ),urgent
oral_1_005176.jpg,1,oral_normal,oral_normal,স্বাভাবিক মুখের ভেতর,routine
oral_1_005177.jpg,1,oral_normal,oral_normal,স্বাভাবিক মুখের ভেতর,routine
oral_1_005178.jpg,1,oral_normal,oral_normal,স্বাভাবিক মুখের ভেতর,routine
oral_0_005179.jpg,0,oral_scc,oral_scc,মুখের ক্যানসারের মতো পরিবর্তন (OSC সন্দেহ),urgent
oral_1_005180.jpg,1,oral_normal,oral_normal,স্বাভাবিক মুখের ভেতর,routine
oral_0_005181.jpg,0,oral_scc,oral_scc,মুখের ক্যানসারের মতো পরিবর্তন (OSC সন্দেহ),urgent
oral_1_005182.jpg,1,oral_normal,oral_normal,স্বাভাবিক মুখের ভেতর,routine
oral_0_005183.jpg,0,oral_scc,oral_scc,মুখের ক্যানসারের মতো পরিবর্তন (OSC সন্দেহ),urgent
oral_0_005184.jpg,0,oral_scc,oral_scc,মুখের ক্যানসারের মতো পরিবর্তন (OSC সন্দেহ),urgent
oral_1_005185.jpg,1,oral_normal,oral_normal,স্বাভাবিক মুখের ভেতর,routine
oral_1_005186.jpg,1,oral_normal,oral_normal,স্বাভাবিক মুখের ভেতর,routine
oral_1_005187.jpg,1,oral_normal,oral_normal,স্বাভাবিক মুখের ভেতর,routine
oral_1_005188.jpg,1,oral_normal,oral_normal,স্বাভাবিক মুখের ভেতর,routine
oral_0_005189.jpg,0,oral_scc,oral_scc,মুখের ক্যানসারের মতো পরিবর্তন (OSC সন্দেহ),urgent
oral_1_005190.jpg,1,oral_normal,oral_normal,স্বাভাবিক মুখের ভেতর,routine
oral_0_005191.jpg,0,oral_scc,oral_scc,মুখের ক্যানসারের মতো পরিবর্তন (OSC সন্দেহ),urgent
oral_1_005192.jpg,1,oral_normal,oral_normal,স্বাভাবিক মুখের ভেতর,routine
oral_0_005193.jpg,0,oral_scc,oral_scc,মুখের ক্যানসারের মতো পরিবর্তন (OSC সন্দেহ),urgent
oral_0_005194.jpg,0,oral_scc,oral_scc,মুখের ক্যানসারের মতো পরিবর্তন (OSC সন্দেহ),urgent
oral_1_005195.jpg,1,oral_normal,oral_normal,স্বাভাবিক মুখের ভেতর,routine
oral_0_005196.jpg,0,oral_scc,oral_scc,মুখের ক্যানসারের মতো পরিবর্তন (OSC সন্দেহ),urgent
oral_0_005197.jpg,0,oral_scc,oral_scc,মুখের ক্যানসারের মতো পরিবর্তন (OSC সন্দেহ),urgent
oral_0_005198.jpg,0,oral_scc,oral_scc,মুখের ক্যানসারের মতো পরিবর্তন (OSC সন্দেহ),urgent
oral_1_005199.jpg,1,oral_normal,oral_normal,স্বাভাবিক মুখের ভেতর,routine
oral_1_005200.jpg,1,oral_normal,oral_normal,স্বাভাবিক মুখের ভেতর,routine
oral_1_005201.jpg,1,oral_normal,oral_normal,স্বাভাবিক মুখের ভেতর,routine
oral_0_005202.jpg,0,oral_scc,oral_scc,মুখের ক্যানসারের মতো পরিবর্তন (OSC সন্দেহ),urgent
oral_1_005203.jpg,1,oral_normal,oral_normal,স্বাভাবিক মুখের ভেতর,routine
oral_1_005204.jpg,1,oral_normal,oral_normal,স্বাভাবিক মুখের ভেতর,routine
oral_1_005205.jpg,1,oral_normal,oral_normal,স্বাভাবিক মুখের ভেতর,routine
oral_1_005206.jpg,1,oral_normal,oral_normal,স্বাভাবিক মুখের ভেতর,routine
oral_0_005207.jpg,0,oral_scc,oral_scc,মুখের ক্যানসারের মতো পরিবর্তন (OSC সন্দেহ),urgent
oral_1_005208.jpg,1,oral_normal,oral_normal,স্বাভাবিক মুখের ভেতর,routine
oral_1_005209.jpg,1,oral_normal,oral_normal,স্বাভাবিক মুখের ভেতর,routine
oral_1_005210.jpg,1,oral_normal,oral_normal,স্বাভাবিক মুখের ভেতর,routine
oral_1_005211.jpg,1,oral_normal,oral_normal,স্বাভাবিক মুখের ভেতর,routine
oral_1_005212.jpg,1,oral_normal,oral_normal,স্বাভাবিক মুখের ভেতর,routine
oral_0_005213.jpg,0,oral_scc,oral_scc,মুখের ক্যানসারের মতো পরিবর্তন (OSC সন্দেহ),urgent
oral_1_005214.jpg,1,oral_normal,oral_normal,স্বাভাবিক মুখের ভেতর,routine
oral_0_005215.jpg,0,oral_scc,oral_scc,মুখের ক্যানসারের মতো পরিবর্তন (OSC সন্দেহ),urgent
oral_0_005216.jpg,0,oral_scc,oral_scc,মুখের ক্যানসারের মতো পরিবর্তন (OSC সন্দেহ),urgent
oral_0_005217.jpg,0,oral_scc,oral_scc,মুখের ক্যানসারের মতো পরিবর্তন (OSC সন্দেহ),urgent
oral_1_005218.jpg,1,oral_normal,oral_normal,স্বাভাবিক মুখের ভেতর,routine
oral_1_005219.jpg,1,oral_normal,oral_normal,স্বাভাবিক মুখের ভেতর,routine
oral_1_005220.jpg,1,oral_normal,oral_normal,স্বাভাবিক মুখের ভেতর,routine
oral_1_005221.jpg,1,oral_normal,oral_normal,স্বাভাবিক মুখের ভেতর,routine
oral_1_005222.jpg,1,oral_normal,oral_normal,স্বাভাবিক মুখের ভেতর,routine
oral_1_005223.jpg,1,oral_normal,oral_normal,স্বাভাবিক মুখের ভেতর,routine
oral_0_005224.jpg,0,oral_scc,oral_scc,মুখের ক্যানসারের মতো পরিবর্তন (OSC সন্দেহ),urgent
oral_1_005225.jpg,1,oral_normal,oral_normal,স্বাভাবিক মুখের ভেতর,routine
oral_0_005226.jpg,0,oral_scc,oral_scc,মুখের ক্যানসারের মতো পরিবর্তন (OSC সন্দেহ),urgent
oral_0_005227.jpg,0,oral_scc,oral_scc,মুখের ক্যানসারের মতো পরিবর্তন (OSC সন্দেহ),urgent
oral_0_005228.jpg,0,oral_scc,oral_scc,মুখের ক্যানসারের মতো পরিবর্তন (OSC সন্দেহ),urgent
oral_1_005229.jpg,1,oral_normal,oral_normal,স্বাভাবিক মুখের ভেতর,routine
oral_1_005230.jpg,1,oral_normal,oral_normal,স্বাভাবিক মুখের ভেতর,routine
oral_0_005231.jpg,0,oral_scc,oral_scc,মুখের ক্যানসারের মতো পরিবর্তন (OSC সন্দেহ),urgent
oral_0_005232.jpg,0,oral_scc,oral_scc,মুখের ক্যানসারের মতো পরিবর্তন (OSC সন্দেহ),urgent
oral_1_005233.jpg,1,oral_normal,oral_normal,স্বাভাবিক মুখের ভেতর,routine
oral_1_005234.jpg,1,oral_normal,oral_normal,স্বাভাবিক মুখের ভেতর,routine
oral_1_005235.jpg,1,oral_normal,oral_normal,স্বাভাবিক মুখের ভেতর,routine
oral_0_005236.jpg,0,oral_scc,oral_scc,মুখের ক্যানসারের মতো পরিবর্তন (OSC সন্দেহ),urgent
oral_0_005237.jpg,0,oral_scc,oral_scc,মুখের ক্যানসারের মতো পরিবর্তন (OSC সন্দেহ),urgent
oral_0_005238.jpg,0,oral_scc,oral_scc,মুখের ক্যানসারের মতো পরিবর্তন (OSC সন্দেহ),urgent
oral_1_005239.jpg,1,oral_normal,oral_normal,স্বাভাবিক মুখের ভেতর,routine
oral_0_005240.jpg,0,oral_scc,oral_scc,মুখের ক্যানসারের মতো পরিবর্তন (OSC সন্দেহ),urgent
oral_1_005241.jpg,1,oral_normal,oral_normal,স্বাভাবিক মুখের ভেতর,routine
oral_0_005242.jpg,0,oral_scc,oral_scc,মুখের ক্যানসারের মতো পরিবর্তন (OSC সন্দেহ),urgent
oral_0_005243.jpg,0,oral_scc,oral_scc,মুখের ক্যানসারের মতো পরিবর্তন (OSC সন্দেহ),urgent
oral_0_005244.jpg,0,oral_scc,oral_scc,মুখের ক্যানসারের মতো পরিবর্তন (OSC সন্দেহ),urgent
oral_0_005245.jpg,0,oral_scc,oral_scc,মুখের ক্যানসারের মতো পরিবর্তন (OSC সন্দেহ),urgent
oral_1_005246.jpg,1,oral_normal,oral_normal,স্বাভাবিক মুখের ভেতর,routine
oral_1_005247.jpg,1,oral_normal,oral_normal,স্বাভাবিক মুখের ভেতর,routine
oral_0_005248.jpg,0,oral_scc,oral_scc,মুখের ক্যানসারের মতো পরিবর্তন (OSC সন্দেহ),urgent
oral_0_005249.jpg,0,oral_scc,oral_scc,মুখের ক্যানসারের মতো পরিবর্তন (OSC সন্দেহ),urgent
oral_1_005250.jpg,1,oral_normal,oral_normal,স্বাভাবিক মুখের ভেতর,routine
oral_1_005251.jpg,1,oral_normal,oral_normal,স্বাভাবিক মুখের ভেতর,routine
oral_0_005252.jpg,0,oral_scc,oral_scc,মুখের ক্যানসারের মতো পরিবর্তন (OSC সন্দেহ),urgent
oral_1_005253.jpg,1,oral_normal,oral_normal,স্বাভাবিক মুখের ভেতর,routine
oral_0_005254.jpg,0,oral_scc,oral_scc,মুখের ক্যানসারের মতো পরিবর্তন (OSC সন্দেহ),urgent
oral_1_005255.jpg,1,oral_normal,oral_normal,স্বাভাবিক মুখের ভেতর,routine
oral_0_005256.jpg,0,oral_scc,oral_scc,মুখের ক্যানসারের মতো পরিবর্তন (OSC সন্দেহ),urgent
oral_0_005257.jpg,0,oral_scc,oral_scc,মুখের ক্যানসারের মতো পরিবর্তন (OSC সন্দেহ),urgent
oral_1_005258.jpg,1,oral_normal,oral_normal,স্বাভাবিক মুখের ভেতর,routine
oral_0_005259.jpg,0,oral_scc,oral_scc,মুখের ক্যানসারের মতো পরিবর্তন (OSC সন্দেহ),urgent
oral_0_005260.jpg,0,oral_scc,oral_scc,মুখের ক্যানসারের মতো পরিবর্তন (OSC সন্দেহ),urgent
oral_1_005261.jpg,1,oral_normal,oral_normal,স্বাভাবিক মুখের ভেতর,routine
oral_0_005262.jpg,0,oral_scc,oral_scc,মুখের ক্যানসারের মতো পরিবর্তন (OSC সন্দেহ),urgent
oral_0_005263.jpg,0,oral_scc,oral_scc,মুখের ক্যানসারের মতো পরিবর্তন (OSC সন্দেহ),urgent
oral_1_005264.jpg,1,oral_normal,oral_normal,স্বাভাবিক মুখের ভেতর,routine
oral_0_005265.jpg,0,oral_scc,oral_scc,মুখের ক্যানসারের মতো পরিবর্তন (OSC সন্দেহ),urgent
oral_0_005266.jpg,0,oral_scc,oral_scc,মুখের ক্যানসারের মতো পরিবর্তন (OSC সন্দেহ),urgent
oral_1_005267.jpg,1,oral_normal,oral_normal,স্বাভাবিক মুখের ভেতর,routine
oral_0_005268.jpg,0,oral_scc,oral_scc,মুখের ক্যানসারের মতো পরিবর্তন (OSC সন্দেহ),urgent
oral_1_005269.jpg,1,oral_normal,oral_normal,স্বাভাবিক মুখের ভেতর,routine
oral_0_005270.jpg,0,oral_scc,oral_scc,মুখের ক্যানসারের মতো পরিবর্তন (OSC সন্দেহ),urgent
oral_1_005271.jpg,1,oral_normal,oral_normal,স্বাভাবিক মুখের ভেতর,routine
oral_1_005272.jpg,1,oral_normal,oral_normal,স্বাভাবিক মুখের ভেতর,routine
oral_0_005273.jpg,0,oral_scc,oral_scc,মুখের ক্যানসারের মতো পরিবর্তন (OSC সন্দেহ),urgent
oral_0_005274.jpg,0,oral_scc,oral_scc,মুখের ক্যানসারের মতো পরিবর্তন (OSC সন্দেহ),urgent
oral_0_005275.jpg,0,oral_scc,oral_scc,মুখের ক্যানসারের মতো পরিবর্তন (OSC সন্দেহ),urgent
oral_0_005276.jpg,0,oral_scc,oral_scc,মুখের ক্যানসারের মতো পরিবর্তন (OSC সন্দেহ),urgent
oral_1_005277.jpg,1,oral_normal,oral_normal,স্বাভাবিক মুখের ভেতর,routine
oral_1_005278.jpg,1,oral_normal,oral_normal,স্বাভাবিক মুখের ভেতর,routine
oral_0_005279.jpg,0,oral_scc,oral_scc,মুখের ক্যানসারের মতো পরিবর্তন (OSC সন্দেহ),urgent
oral_1_005280.jpg,1,oral_normal,oral_normal,স্বাভাবিক মুখের ভেতর,routine
oral_0_005281.jpg,0,oral_scc,oral_scc,মুখের ক্যানসারের মতো পরিবর্তন (OSC সন্দেহ),urgent
oral_0_005282.jpg,0,oral_scc,oral_scc,মুখের ক্যানসারের মতো পরিবর্তন (OSC সন্দেহ),urgent
oral_0_005283.jpg,0,oral_scc,oral_scc,মুখের ক্যানসারের মতো পরিবর্তন (OSC সন্দেহ),urgent
oral_0_005284.jpg,0,oral_scc,oral_scc,মুখের ক্যানসারের মতো পরিবর্তন (OSC সন্দেহ),urgent
oral_0_005285.jpg,0,oral_scc,oral_scc,মুখের ক্যানসারের মতো পরিবর্তন (OSC সন্দেহ),urgent
oral_0_005286.jpg,0,oral_scc,oral_scc,মুখের ক্যানসারের মতো পরিবর্তন (OSC সন্দেহ),urgent
oral_1_005287.jpg,1,oral_normal,oral_normal,স্বাভাবিক মুখের ভেতর,routine
oral_1_005288.jpg,1,oral_normal,oral_normal,স্বাভাবিক মুখের ভেতর,routine
oral_0_005289.jpg,0,oral_scc,oral_scc,মুখের ক্যানসারের মতো পরিবর্তন (OSC সন্দেহ),urgent
oral_0_005290.jpg,0,oral_scc,oral_scc,মুখের ক্যানসারের মতো পরিবর্তন (OSC সন্দেহ),urgent
oral_0_005291.jpg,0,oral_scc,oral_scc,মুখের ক্যানসারের মতো পরিবর্তন (OSC সন্দেহ),urgent
oral_0_005292.jpg,0,oral_scc,oral_scc,মুখের ক্যানসারের মতো পরিবর্তন (OSC সন্দেহ),urgent
oral_1_005293.jpg,1,oral_normal,oral_normal,স্বাভাবিক মুখের ভেতর,routine
oral_1_005294.jpg,1,oral_normal,oral_normal,স্বাভাবিক মুখের ভেতর,routine
oral_0_005295.jpg,0,oral_scc,oral_scc,মুখের ক্যানসারের মতো পরিবর্তন (OSC সন্দেহ),urgent
oral_1_005296.jpg,1,oral_normal,oral_normal,স্বাভাবিক মুখের ভেতর,routine
oral_0_005297.jpg,0,oral_scc,oral_scc,মুখের ক্যানসারের মতো পরিবর্তন (OSC সন্দেহ),urgent
oral_0_005298.jpg,0,oral_scc,oral_scc,মুখের ক্যানসারের মতো পরিবর্তন (OSC সন্দেহ),urgent
oral_0_005299.jpg,0,oral_scc,oral_scc,মুখের ক্যানসারের মতো পরিবর্তন (OSC সন্দেহ),urgent
oral_1_005300.jpg,1,oral_normal,oral_normal,স্বাভাবিক মুখের ভেতর,routine
oral_1_005301.jpg,1,oral_normal,oral_normal,স্বাভাবিক মুখের ভেতর,routine
oral_1_005302.jpg,1,oral_normal,oral_normal,স্বাভাবিক মুখের ভেতর,routine
oral_0_005303.jpg,0,oral_scc,oral_scc,মুখের ক্যানসারের মতো পরিবর্তন (OSC সন্দেহ),urgent
oral_1_005304.jpg,1,oral_normal,oral_normal,স্বাভাবিক মুখের ভেতর,routine
oral_0_005305.jpg,0,oral_scc,oral_scc,মুখের ক্যানসারের মতো পরিবর্তন (OSC সন্দেহ),urgent
oral_1_005306.jpg,1,oral_normal,oral_normal,স্বাভাবিক মুখের ভেতর,routine
oral_1_005307.jpg,1,oral_normal,oral_normal,স্বাভাবিক মুখের ভেতর,routine
oral_1_005308.jpg,1,oral_normal,oral_normal,স্বাভাবিক মুখের ভেতর,routine
oral_1_005309.jpg,1,oral_normal,oral_normal,স্বাভাবিক মুখের ভেতর,routine
oral_1_005310.jpg,1,oral_normal,oral_normal,স্বাভাবিক মুখের ভেতর,routine
oral_1_005311.jpg,1,oral_normal,oral_normal,স্বাভাবিক মুখের ভেতর,routine
oral_0_005312.jpg,0,oral_scc,oral_scc,মুখের ক্যানসারের মতো পরিবর্তন (OSC সন্দেহ),urgent
oral_0_005313.jpg,0,oral_scc,oral_scc,মুখের ক্যানসারের মতো পরিবর্তন (OSC সন্দেহ),urgent
oral_0_005314.jpg,0,oral_scc,oral_scc,মুখের ক্যানসারের মতো পরিবর্তন (OSC সন্দেহ),urgent
oral_0_005315.jpg,0,oral_scc,oral_scc,মুখের ক্যানসারের মতো পরিবর্তন (OSC সন্দেহ),urgent
oral_1_005316.jpg,1,oral_normal,oral_normal,স্বাভাবিক মুখের ভেতর,routine
oral_1_005317.jpg,1,oral_normal,oral_normal,স্বাভাবিক মুখের ভেতর,routine
oral_1_005318.jpg,1,oral_normal,oral_normal,স্বাভাবিক মুখের ভেতর,routine
oral_0_005319.jpg,0,oral_scc,oral_scc,মুখের ক্যানসারের মতো পরিবর্তন (OSC সন্দেহ),urgent
oral_1_005320.jpg,1,oral_normal,oral_normal,স্বাভাবিক মুখের ভেতর,routine
oral_0_005321.jpg,0,oral_scc,oral_scc,মুখের ক্যানসারের মতো পরিবর্তন (OSC সন্দেহ),urgent
oral_0_005322.jpg,0,oral_scc,oral_scc,মুখের ক্যানসারের মতো পরিবর্তন (OSC সন্দেহ),urgent
oral_0_005323.jpg,0,oral_scc,oral_scc,মুখের ক্যানসারের মতো পরিবর্তন (OSC সন্দেহ),urgent
oral_1_005324.jpg,1,oral_normal,oral_normal,স্বাভাবিক মুখের ভেতর,routine
oral_0_005325.jpg,0,oral_scc,oral_scc,মুখের ক্যানসারের মতো পরিবর্তন (OSC সন্দেহ),urgent
oral_0_005326.jpg,0,oral_scc,oral_scc,মুখের ক্যানসারের মতো পরিবর্তন (OSC সন্দেহ),urgent
oral_1_005327.jpg,1,oral_normal,oral_normal,স্বাভাবিক মুখের ভেতর,routine
oral_1_005328.jpg,1,oral_normal,oral_normal,স্বাভাবিক মুখের ভেতর,routine
oral_0_005329.jpg,0,oral_scc,oral_scc,মুখের ক্যানসারের মতো পরিবর্তন (OSC সন্দেহ),urgent
oral_0_005330.jpg,0,oral_scc,oral_scc,মুখের ক্যানসারের মতো পরিবর্তন (OSC সন্দেহ),urgent
oral_0_005331.jpg,0,oral_scc,oral_scc,মুখের ক্যানসারের মতো পরিবর্তন (OSC সন্দেহ),urgent
oral_0_005332.jpg,0,oral_scc,oral_scc,মুখের ক্যানসারের মতো পরিবর্তন (OSC সন্দেহ),urgent
oral_0_005333.jpg,0,oral_scc,oral_scc,মুখের ক্যানসারের মতো পরিবর্তন (OSC সন্দেহ),urgent
oral_0_005334.jpg,0,oral_scc,oral_scc,মুখের ক্যানসারের মতো পরিবর্তন (OSC সন্দেহ),urgent
oral_0_005335.jpg,0,oral_scc,oral_scc,মুখের ক্যানসারের মতো পরিবর্তন (OSC সন্দেহ),urgent
oral_1_005336.jpg,1,oral_normal,oral_normal,স্বাভাবিক মুখের ভেতর,routine
oral_1_005337.jpg,1,oral_normal,oral_normal,স্বাভাবিক মুখের ভেতর,routine
oral_1_005338.jpg,1,oral_normal,oral_normal,স্বাভাবিক মুখের ভেতর,routine
oral_0_005339.jpg,0,oral_scc,oral_scc,মুখের ক্যানসারের মতো পরিবর্তন (OSC সন্দেহ),urgent
oral_1_005340.jpg,1,oral_normal,oral_normal,স্বাভাবিক মুখের ভেতর,routine
oral_1_005341.jpg,1,oral_normal,oral_normal,স্বাভাবিক মুখের ভেতর,routine
oral_1_005342.jpg,1,oral_normal,oral_normal,স্বাভাবিক মুখের ভেতর,routine
oral_1_005343.jpg,1,oral_normal,oral_normal,স্বাভাবিক মুখের ভেতর,routine
oral_0_005344.jpg,0,oral_scc,oral_scc,মুখের ক্যানসারের মতো পরিবর্তন (OSC সন্দেহ),urgent
oral_0_005345.jpg,0,oral_scc,oral_scc,মুখের ক্যানসারের মতো পরিবর্তন (OSC সন্দেহ),urgent
oral_1_005346.jpg,1,oral_normal,oral_normal,স্বাভাবিক মুখের ভেতর,routine
oral_1_005347.jpg,1,oral_normal,oral_normal,স্বাভাবিক মুখের ভেতর,routine
oral_1_005348.jpg,1,oral_normal,oral_normal,স্বাভাবিক মুখের ভেতর,routine
oral_1_005349.jpg,1,oral_normal,oral_normal,স্বাভাবিক মুখের ভেতর,routine
oral_0_005350.jpg,0,oral_scc,oral_scc,মুখের ক্যানসারের মতো পরিবর্তন (OSC সন্দেহ),urgent
oral_0_005351.jpg,0,oral_scc,oral_scc,মুখের ক্যানসারের মতো পরিবর্তন (OSC সন্দেহ),urgent
oral_1_005352.jpg,1,oral_normal,oral_normal,স্বাভাবিক মুখের ভেতর,routine
oral_0_005353.jpg,0,oral_scc,oral_scc,মুখের ক্যানসারের মতো পরিবর্তন (OSC সন্দেহ),urgent
oral_1_005354.jpg,1,oral_normal,oral_normal,স্বাভাবিক মুখের ভেতর,routine
oral_1_005355.jpg,1,oral_normal,oral_normal,স্বাভাবিক মুখের ভেতর,routine
oral_0_005356.jpg,0,oral_scc,oral_scc,মুখের ক্যানসারের মতো পরিবর্তন (OSC সন্দেহ),urgent
oral_1_005357.jpg,1,oral_normal,oral_normal,স্বাভাবিক মুখের ভেতর,routine
oral_0_005358.jpg,0,oral_scc,oral_scc,মুখের ক্যানসারের মতো পরিবর্তন (OSC সন্দেহ),urgent
oral_1_005359.jpg,1,oral_normal,oral_normal,স্বাভাবিক মুখের ভেতর,routine
oral_1_005360.jpg,1,oral_normal,oral_normal,স্বাভাবিক মুখের ভেতর,routine
oral_0_005361.jpg,0,oral_scc,oral_scc,মুখের ক্যানসারের মতো পরিবর্তন (OSC সন্দেহ),urgent
oral_1_005362.jpg,1,oral_normal,oral_normal,স্বাভাবিক মুখের ভেতর,routine
oral_0_005363.jpg,0,oral_scc,oral_scc,মুখের ক্যানসারের মতো পরিবর্তন (OSC সন্দেহ),urgent
oral_1_005364.jpg,1,oral_normal,oral_normal,স্বাভাবিক মুখের ভেতর,routine
oral_0_005365.jpg,0,oral_scc,oral_scc,মুখের ক্যানসারের মতো পরিবর্তন (OSC সন্দেহ),urgent
oral_1_005366.jpg,1,oral_normal,oral_normal,স্বাভাবিক মুখের ভেতর,routine
oral_1_005367.jpg,1,oral_normal,oral_normal,স্বাভাবিক মুখের ভেতর,routine
oral_0_005368.jpg,0,oral_scc,oral_scc,মুখের ক্যানসারের মতো পরিবর্তন (OSC সন্দেহ),urgent
oral_1_005369.jpg,1,oral_normal,oral_normal,স্বাভাবিক মুখের ভেতর,routine
oral_1_005370.jpg,1,oral_normal,oral_normal,স্বাভাবিক মুখের ভেতর,routine
oral_0_005371.jpg,0,oral_scc,oral_scc,মুখের ক্যানসারের মতো পরিবর্তন (OSC সন্দেহ),urgent
oral_1_005372.jpg,1,oral_normal,oral_normal,স্বাভাবিক মুখের ভেতর,routine
oral_1_005373.jpg,1,oral_normal,oral_normal,স্বাভাবিক মুখের ভেতর,routine
oral_0_005374.jpg,0,oral_scc,oral_scc,মুখের ক্যানসারের মতো পরিবর্তন (OSC সন্দেহ),urgent
oral_1_005375.jpg,1,oral_normal,oral_normal,স্বাভাবিক মুখের ভেতর,routine
oral_0_005376.jpg,0,oral_scc,oral_scc,মুখের ক্যানসারের মতো পরিবর্তন (OSC সন্দেহ),urgent
oral_0_005377.jpg,0,oral_scc,oral_scc,মুখের ক্যানসারের মতো পরিবর্তন (OSC সন্দেহ),urgent
oral_0_005378.jpg,0,oral_scc,oral_scc,মুখের ক্যানসারের মতো পরিবর্তন (OSC সন্দেহ),urgent
oral_0_005379.jpg,0,oral_scc,oral_scc,মুখের ক্যানসারের মতো পরিবর্তন (OSC সন্দেহ),urgent
oral_0_005380.jpg,0,oral_scc,oral_scc,মুখের ক্যানসারের মতো পরিবর্তন (OSC সন্দেহ),urgent
oral_0_005381.jpg,0,oral_scc,oral_scc,মুখের ক্যানসারের মতো পরিবর্তন (OSC সন্দেহ),urgent
oral_1_005382.jpg,1,oral_normal,oral_normal,স্বাভাবিক মুখের ভেতর,routine
oral_1_005383.jpg,1,oral_normal,oral_normal,স্বাভাবিক মুখের ভেতর,routine
oral_1_005384.jpg,1,oral_normal,oral_normal,স্বাভাবিক মুখের ভেতর,routine
oral_1_005385.jpg,1,oral_normal,oral_normal,স্বাভাবিক মুখের ভেতর,routine
oral_0_005386.jpg,0,oral_scc,oral_scc,মুখের ক্যানসারের মতো পরিবর্তন (OSC সন্দেহ),urgent
oral_0_005387.jpg,0,oral_scc,oral_scc,মুখের ক্যানসারের মতো পরিবর্তন (OSC সন্দেহ),urgent
oral_0_005388.jpg,0,oral_scc,oral_scc,মুখের ক্যানসারের মতো পরিবর্তন (OSC সন্দেহ),urgent
oral_0_005389.jpg,0,oral_scc,oral_scc,মুখের ক্যানসারের মতো পরিবর্তন (OSC সন্দেহ),urgent
oral_1_005390.jpg,1,oral_normal,oral_normal,স্বাভাবিক মুখের ভেতর,routine
oral_0_005391.jpg,0,oral_scc,oral_scc,মুখের ক্যানসারের মতো পরিবর্তন (OSC সন্দেহ),urgent
oral_1_005392.jpg,1,oral_normal,oral_normal,স্বাভাবিক মুখের ভেতর,routine
oral_1_005393.jpg,1,oral_normal,oral_normal,স্বাভাবিক মুখের ভেতর,routine
oral_1_005394.jpg,1,oral_normal,oral_normal,স্বাভাবিক মুখের ভেতর,routine
oral_0_005395.jpg,0,oral_scc,oral_scc,মুখের ক্যানসারের মতো পরিবর্তন (OSC সন্দেহ),urgent
oral_1_005396.jpg,1,oral_normal,oral_normal,স্বাভাবিক মুখের ভেতর,routine
oral_1_005397.jpg,1,oral_normal,oral_normal,স্বাভাবিক মুখের ভেতর,routine
oral_0_005398.jpg,0,oral_scc,oral_scc,মুখের ক্যানসারের মতো পরিবর্তন (OSC সন্দেহ),urgent
oral_0_005399.jpg,0,oral_scc,oral_scc,মুখের ক্যানসারের মতো পরিবর্তন (OSC সন্দেহ),urgent
oral_1_005400.jpg,1,oral_normal,oral_normal,স্বাভাবিক মুখের ভেতর,routine
oral_0_005401.jpg,0,oral_scc,oral_scc,মুখের ক্যানসারের মতো পরিবর্তন (OSC সন্দেহ),urgent
oral_0_005402.jpg,0,oral_scc,oral_scc,মুখের ক্যানসারের মতো পরিবর্তন (OSC সন্দেহ),urgent
oral_0_005403.jpg,0,oral_scc,oral_scc,মুখের ক্যানসারের মতো পরিবর্তন (OSC সন্দেহ),urgent
oral_0_005404.jpg,0,oral_scc,oral_scc,মুখের ক্যানসারের মতো পরিবর্তন (OSC সন্দেহ),urgent
oral_0_005405.jpg,0,oral_scc,oral_scc,মুখের ক্যানসারের মতো পরিবর্তন (OSC সন্দেহ),urgent
oral_1_005406.jpg,1,oral_normal,oral_normal,স্বাভাবিক মুখের ভেতর,routine
oral_0_005407.jpg,0,oral_scc,oral_scc,মুখের ক্যানসারের মতো পরিবর্তন (OSC সন্দেহ),urgent
oral_0_005408.jpg,0,oral_scc,oral_scc,মুখের ক্যানসারের মতো পরিবর্তন (OSC সন্দেহ),urgent
oral_1_005409.jpg,1,oral_normal,oral_normal,স্বাভাবিক মুখের ভেতর,routine
oral_1_005410.jpg,1,oral_normal,oral_normal,স্বাভাবিক মুখের ভেতর,routine
oral_1_005411.jpg,1,oral_normal,oral_normal,স্বাভাবিক মুখের ভেতর,routine
oral_0_005412.jpg,0,oral_scc,oral_scc,মুখের ক্যানসারের মতো পরিবর্তন (OSC সন্দেহ),urgent
oral_1_005413.jpg,1,oral_normal,oral_normal,স্বাভাবিক মুখের ভেতর,routine
oral_0_005414.jpg,0,oral_scc,oral_scc,মুখের ক্যানসারের মতো পরিবর্তন (OSC সন্দেহ),urgent
oral_0_005415.jpg,0,oral_scc,oral_scc,মুখের ক্যানসারের মতো পরিবর্তন (OSC সন্দেহ),urgent
oral_1_005416.jpg,1,oral_normal,oral_normal,স্বাভাবিক মুখের ভেতর,routine
oral_1_005417.jpg,1,oral_normal,oral_normal,স্বাভাবিক মুখের ভেতর,routine
oral_0_005418.jpg,0,oral_scc,oral_scc,মুখের ক্যানসারের মতো পরিবর্তন (OSC সন্দেহ),urgent
oral_1_005419.jpg,1,oral_normal,oral_normal,স্বাভাবিক মুখের ভেতর,routine
oral_0_005420.jpg,0,oral_scc,oral_scc,মুখের ক্যানসারের মতো পরিবর্তন (OSC সন্দেহ),urgent
oral_0_005421.jpg,0,oral_scc,oral_scc,মুখের ক্যানসারের মতো পরিবর্তন (OSC সন্দেহ),urgent
oral_1_005422.jpg,1,oral_normal,oral_normal,স্বাভাবিক মুখের ভেতর,routine
oral_0_005423.jpg,0,oral_scc,oral_scc,মুখের ক্যানসারের মতো পরিবর্তন (OSC সন্দেহ),urgent
oral_0_005424.jpg,0,oral_scc,oral_scc,মুখের ক্যানসারের মতো পরিবর্তন (OSC সন্দেহ),urgent
oral_0_005425.jpg,0,oral_scc,oral_scc,মুখের ক্যানসারের মতো পরিবর্তন (OSC সন্দেহ),urgent
oral_0_005426.jpg,0,oral_scc,oral_scc,মুখের ক্যানসারের মতো পরিবর্তন (OSC সন্দেহ),urgent
oral_1_005427.jpg,1,oral_normal,oral_normal,স্বাভাবিক মুখের ভেতর,routine
oral_1_005428.jpg,1,oral_normal,oral_normal,স্বাভাবিক মুখের ভেতর,routine
oral_1_005429.jpg,1,oral_normal,oral_normal,স্বাভাবিক মুখের ভেতর,routine
oral_0_005430.jpg,0,oral_scc,oral_scc,মুখের ক্যানসারের মতো পরিবর্তন (OSC সন্দেহ),urgent
oral_1_005431.jpg,1,oral_normal,oral_normal,স্বাভাবিক মুখের ভেতর,routine
oral_1_005432.jpg,1,oral_normal,oral_normal,স্বাভাবিক মুখের ভেতর,routine
oral_0_005433.jpg,0,oral_scc,oral_scc,মুখের ক্যানসারের মতো পরিবর্তন (OSC সন্দেহ),urgent
oral_1_005434.jpg,1,oral_normal,oral_normal,স্বাভাবিক মুখের ভেতর,routine
oral_0_005435.jpg,0,oral_scc,oral_scc,মুখের ক্যানসারের মতো পরিবর্তন (OSC সন্দেহ),urgent
oral_1_005436.jpg,1,oral_normal,oral_normal,স্বাভাবিক মুখের ভেতর,routine
oral_1_005437.jpg,1,oral_normal,oral_normal,স্বাভাবিক মুখের ভেতর,routine
oral_0_005438.jpg,0,oral_scc,oral_scc,মুখের ক্যানসারের মতো পরিবর্তন (OSC সন্দেহ),urgent
oral_0_005439.jpg,0,oral_scc,oral_scc,মুখের ক্যানসারের মতো পরিবর্তন (OSC সন্দেহ),urgent
oral_1_005440.jpg,1,oral_normal,oral_normal,স্বাভাবিক মুখের ভেতর,routine
oral_1_005441.jpg,1,oral_normal,oral_normal,স্বাভাবিক মুখের ভেতর,routine
oral_1_005442.jpg,1,oral_normal,oral_normal,স্বাভাবিক মুখের ভেতর,routine
oral_1_005443.jpg,1,oral_normal,oral_normal,স্বাভাবিক মুখের ভেতর,routine
oral_0_005444.jpg,0,oral_scc,oral_scc,মুখের ক্যানসারের মতো পরিবর্তন (OSC সন্দেহ),urgent
oral_1_005445.jpg,1,oral_normal,oral_normal,স্বাভাবিক মুখের ভেতর,routine
oral_1_005446.jpg,1,oral_normal,oral_normal,স্বাভাবিক মুখের ভেতর,routine
oral_1_005447.jpg,1,oral_normal,oral_normal,স্বাভাবিক মুখের ভেতর,routine
oral_1_005448.jpg,1,oral_normal,oral_normal,স্বাভাবিক মুখের ভেতর,routine
oral_0_005449.jpg,0,oral_scc,oral_scc,মুখের ক্যানসারের মতো পরিবর্তন (OSC সন্দেহ),urgent
oral_1_005450.jpg,1,oral_normal,oral_normal,স্বাভাবিক মুখের ভেতর,routine
oral_0_005451.jpg,0,oral_scc,oral_scc,মুখের ক্যানসারের মতো পরিবর্তন (OSC সন্দেহ),urgent
oral_0_005452.jpg,0,oral_scc,oral_scc,মুখের ক্যানসারের মতো পরিবর্তন (OSC সন্দেহ),urgent
oral_0_005453.jpg,0,oral_scc,oral_scc,মুখের ক্যানসারের মতো পরিবর্তন (OSC সন্দেহ),urgent
oral_0_005454.jpg,0,oral_scc,oral_scc,মুখের ক্যানসারের মতো পরিবর্তন (OSC সন্দেহ),urgent
oral_0_005455.jpg,0,oral_scc,oral_scc,মুখের ক্যানসারের মতো পরিবর্তন (OSC সন্দেহ),urgent
oral_0_005456.jpg,0,oral_scc,oral_scc,মুখের ক্যানসারের মতো পরিবর্তন (OSC সন্দেহ),urgent
oral_1_005457.jpg,1,oral_normal,oral_normal,স্বাভাবিক মুখের ভেতর,routine
oral_1_005458.jpg,1,oral_normal,oral_normal,স্বাভাবিক মুখের ভেতর,routine
oral_0_005459.jpg,0,oral_scc,oral_scc,মুখের ক্যানসারের মতো পরিবর্তন (OSC সন্দেহ),urgent
oral_0_005460.jpg,0,oral_scc,oral_scc,মুখের ক্যানসারের মতো পরিবর্তন (OSC সন্দেহ),urgent
oral_0_005461.jpg,0,oral_scc,oral_scc,মুখের ক্যানসারের মতো পরিবর্তন (OSC সন্দেহ),urgent
oral_1_005462.jpg,1,oral_normal,oral_normal,স্বাভাবিক মুখের ভেতর,routine
oral_1_005463.jpg,1,oral_normal,oral_normal,স্বাভাবিক মুখের ভেতর,routine
oral_0_005464.jpg,0,oral_scc,oral_scc,মুখের ক্যানসারের মতো পরিবর্তন (OSC সন্দেহ),urgent
oral_0_005465.jpg,0,oral_scc,oral_scc,মুখের ক্যানসারের মতো পরিবর্তন (OSC সন্দেহ),urgent
oral_1_005466.jpg,1,oral_normal,oral_normal,স্বাভাবিক মুখের ভেতর,routine
oral_1_005467.jpg,1,oral_normal,oral_normal,স্বাভাবিক মুখের ভেতর,routine
oral_1_005468.jpg,1,oral_normal,oral_normal,স্বাভাবিক মুখের ভেতর,routine
oral_0_005469.jpg,0,oral_scc,oral_scc,মুখের ক্যানসারের মতো পরিবর্তন (OSC সন্দেহ),urgent
oral_0_005470.jpg,0,oral_scc,oral_scc,মুখের ক্যানসারের মতো পরিবর্তন (OSC সন্দেহ),urgent
oral_1_005471.jpg,1,oral_normal,oral_normal,স্বাভাবিক মুখের ভেতর,routine
oral_0_005472.jpg,0,oral_scc,oral_scc,মুখের ক্যানসারের মতো পরিবর্তন (OSC সন্দেহ),urgent
oral_0_005473.jpg,0,oral_scc,oral_scc,মুখের ক্যানসারের মতো পরিবর্তন (OSC সন্দেহ),urgent
oral_0_005474.jpg,0,oral_scc,oral_scc,মুখের ক্যানসারের মতো পরিবর্তন (OSC সন্দেহ),urgent
oral_1_005475.jpg,1,oral_normal,oral_normal,স্বাভাবিক মুখের ভেতর,routine
oral_1_005476.jpg,1,oral_normal,oral_normal,স্বাভাবিক মুখের ভেতর,routine
oral_0_005477.jpg,0,oral_scc,oral_scc,মুখের ক্যানসারের মতো পরিবর্তন (OSC সন্দেহ),urgent
oral_1_005478.jpg,1,oral_normal,oral_normal,স্বাভাবিক মুখের ভেতর,routine
oral_0_005479.jpg,0,oral_scc,oral_scc,মুখের ক্যানসারের মতো পরিবর্তন (OSC সন্দেহ),urgent
oral_0_005480.jpg,0,oral_scc,oral_scc,মুখের ক্যানসারের মতো পরিবর্তন (OSC সন্দেহ),urgent
oral_1_005481.jpg,1,oral_normal,oral_normal,স্বাভাবিক মুখের ভেতর,routine
oral_1_005482.jpg,1,oral_normal,oral_normal,স্বাভাবিক মুখের ভেতর,routine
oral_0_005483.jpg,0,oral_scc,oral_scc,মুখের ক্যানসারের মতো পরিবর্তন (OSC সন্দেহ),urgent
oral_0_005484.jpg,0,oral_scc,oral_scc,মুখের ক্যানসারের মতো পরিবর্তন (OSC সন্দেহ),urgent
oral_1_005485.jpg,1,oral_normal,oral_normal,স্বাভাবিক মুখের ভেতর,routine
oral_0_005486.jpg,0,oral_scc,oral_scc,মুখের ক্যানসারের মতো পরিবর্তন (OSC সন্দেহ),urgent
oral_1_005487.jpg,1,oral_normal,oral_normal,স্বাভাবিক মুখের ভেতর,routine
oral_1_005488.jpg,1,oral_normal,oral_normal,স্বাভাবিক মুখের ভেতর,routine
oral_0_005489.jpg,0,oral_scc,oral_scc,মুখের ক্যানসারের মতো পরিবর্তন (OSC সন্দেহ),urgent
oral_1_005490.jpg,1,oral_normal,oral_normal,স্বাভাবিক মুখের ভেতর,routine
oral_1_005491.jpg,1,oral_normal,oral_normal,স্বাভাবিক মুখের ভেতর,routine
oral_0_005492.jpg,0,oral_scc,oral_scc,মুখের ক্যানসারের মতো পরিবর্তন (OSC সন্দেহ),urgent
oral_0_005493.jpg,0,oral_scc,oral_scc,মুখের ক্যানসারের মতো পরিবর্তন (OSC সন্দেহ),urgent
oral_1_005494.jpg,1,oral_normal,oral_normal,স্বাভাবিক মুখের ভেতর,routine
oral_1_005495.jpg,1,oral_normal,oral_normal,স্বাভাবিক মুখের ভেতর,routine
oral_1_005496.jpg,1,oral_normal,oral_normal,স্বাভাবিক মুখের ভেতর,routine
oral_1_005497.jpg,1,oral_normal,oral_normal,স্বাভাবিক মুখের ভেতর,routine
oral_0_005498.jpg,0,oral_scc,oral_scc,মুখের ক্যানসারের মতো পরিবর্তন (OSC সন্দেহ),urgent
oral_0_005499.jpg,0,oral_scc,oral_scc,মুখের ক্যানসারের মতো পরিবর্তন (OSC সন্দেহ),urgent
oral_0_005500.jpg,0,oral_scc,oral_scc,মুখের ক্যানসারের মতো পরিবর্তন (OSC সন্দেহ),urgent
oral_0_005501.jpg,0,oral_scc,oral_scc,মুখের ক্যানসারের মতো পরিবর্তন (OSC সন্দেহ),urgent
oral_0_005502.jpg,0,oral_scc,oral_scc,মুখের ক্যানসারের মতো পরিবর্তন (OSC সন্দেহ),urgent
oral_0_005503.jpg,0,oral_scc,oral_scc,মুখের ক্যানসারের মতো পরিবর্তন (OSC সন্দেহ),urgent
oral_0_005504.jpg,0,oral_scc,oral_scc,মুখের ক্যানসারের মতো পরিবর্তন (OSC সন্দেহ),urgent
oral_0_005505.jpg,0,oral_scc,oral_scc,মুখের ক্যানসারের মতো পরিবর্তন (OSC সন্দেহ),urgent
oral_0_005506.jpg,0,oral_scc,oral_scc,মুখের ক্যানসারের মতো পরিবর্তন (OSC সন্দেহ),urgent
oral_1_005507.jpg,1,oral_normal,oral_normal,স্বাভাবিক মুখের ভেতর,routine
oral_1_005508.jpg,1,oral_normal,oral_normal,স্বাভাবিক মুখের ভেতর,routine
oral_1_005509.jpg,1,oral_normal,oral_normal,স্বাভাবিক মুখের ভেতর,routine
oral_0_005510.jpg,0,oral_scc,oral_scc,মুখের ক্যানসারের মতো পরিবর্তন (OSC সন্দেহ),urgent
oral_1_005511.jpg,1,oral_normal,oral_normal,স্বাভাবিক মুখের ভেতর,routine
oral_1_005512.jpg,1,oral_normal,oral_normal,স্বাভাবিক মুখের ভেতর,routine
oral_1_005513.jpg,1,oral_normal,oral_normal,স্বাভাবিক মুখের ভেতর,routine
oral_1_005514.jpg,1,oral_normal,oral_normal,স্বাভাবিক মুখের ভেতর,routine
oral_0_005515.jpg,0,oral_scc,oral_scc,মুখের ক্যানসারের মতো পরিবর্তন (OSC সন্দেহ),urgent
oral_0_005516.jpg,0,oral_scc,oral_scc,মুখের ক্যানসারের মতো পরিবর্তন (OSC সন্দেহ),urgent
oral_1_005517.jpg,1,oral_normal,oral_normal,স্বাভাবিক মুখের ভেতর,routine
oral_0_005518.jpg,0,oral_scc,oral_scc,মুখের ক্যানসারের মতো পরিবর্তন (OSC সন্দেহ),urgent
oral_1_005519.jpg,1,oral_normal,oral_normal,স্বাভাবিক মুখের ভেতর,routine
oral_1_005520.jpg,1,oral_normal,oral_normal,স্বাভাবিক মুখের ভেতর,routine
oral_1_005521.jpg,1,oral_normal,oral_normal,স্বাভাবিক মুখের ভেতর,routine
oral_0_005522.jpg,0,oral_scc,oral_scc,মুখের ক্যানসারের মতো পরিবর্তন (OSC সন্দেহ),urgent
oral_0_005523.jpg,0,oral_scc,oral_scc,মুখের ক্যানসারের মতো পরিবর্তন (OSC সন্দেহ),urgent
oral_0_005524.jpg,0,oral_scc,oral_scc,মুখের ক্যানসারের মতো পরিবর্তন (OSC সন্দেহ),urgent
oral_1_005525.jpg,1,oral_normal,oral_normal,স্বাভাবিক মুখের ভেতর,routine
oral_0_005526.jpg,0,oral_scc,oral_scc,মুখের ক্যানসারের মতো পরিবর্তন (OSC সন্দেহ),urgent
oral_1_005527.jpg,1,oral_normal,oral_normal,স্বাভাবিক মুখের ভেতর,routine
oral_1_005528.jpg,1,oral_normal,oral_normal,স্বাভাবিক মুখের ভেতর,routine
oral_1_005529.jpg,1,oral_normal,oral_normal,স্বাভাবিক মুখের ভেতর,routine
oral_1_005530.jpg,1,oral_normal,oral_normal,স্বাভাবিক মুখের ভেতর,routine
oral_0_005531.jpg,0,oral_scc,oral_scc,মুখের ক্যানসারের মতো পরিবর্তন (OSC সন্দেহ),urgent
oral_0_005532.jpg,0,oral_scc,oral_scc,মুখের ক্যানসারের মতো পরিবর্তন (OSC সন্দেহ),urgent
oral_0_005533.jpg,0,oral_scc,oral_scc,মুখের ক্যানসারের মতো পরিবর্তন (OSC সন্দেহ),urgent
oral_1_005534.jpg,1,oral_normal,oral_normal,স্বাভাবিক মুখের ভেতর,routine
oral_0_005535.jpg,0,oral_scc,oral_scc,মুখের ক্যানসারের মতো পরিবর্তন (OSC সন্দেহ),urgent
oral_0_005536.jpg,0,oral_scc,oral_scc,মুখের ক্যানসারের মতো পরিবর্তন (OSC সন্দেহ),urgent
oral_1_005537.jpg,1,oral_normal,oral_normal,স্বাভাবিক মুখের ভেতর,routine
oral_1_005538.jpg,1,oral_normal,oral_normal,স্বাভাবিক মুখের ভেতর,routine
oral_0_005539.jpg,0,oral_scc,oral_scc,মুখের ক্যানসারের মতো পরিবর্তন (OSC সন্দেহ),urgent
oral_1_005540.jpg,1,oral_normal,oral_normal,স্বাভাবিক মুখের ভেতর,routine
oral_1_005541.jpg,1,oral_normal,oral_normal,স্বাভাবিক মুখের ভেতর,routine
oral_0_005542.jpg,0,oral_scc,oral_scc,মুখের ক্যানসারের মতো পরিবর্তন (OSC সন্দেহ),urgent
oral_1_005543.jpg,1,oral_normal,oral_normal,স্বাভাবিক মুখের ভেতর,routine
oral_0_005544.jpg,0,oral_scc,oral_scc,মুখের ক্যানসারের মতো পরিবর্তন (OSC সন্দেহ),urgent
oral_0_005545.jpg,0,oral_scc,oral_scc,মুখের ক্যানসারের মতো পরিবর্তন (OSC সন্দেহ),urgent
oral_0_005546.jpg,0,oral_scc,oral_scc,মুখের ক্যানসারের মতো পরিবর্তন (OSC সন্দেহ),urgent
oral_0_005547.jpg,0,oral_scc,oral_scc,মুখের ক্যানসারের মতো পরিবর্তন (OSC সন্দেহ),urgent
oral_1_005548.jpg,1,oral_normal,oral_normal,স্বাভাবিক মুখের ভেতর,routine
oral_0_005549.jpg,0,oral_scc,oral_scc,মুখের ক্যানসারের মতো পরিবর্তন (OSC সন্দেহ),urgent
oral_1_005550.jpg,1,oral_normal,oral_normal,স্বাভাবিক মুখের ভেতর,routine
oral_1_005551.jpg,1,oral_normal,oral_normal,স্বাভাবিক মুখের ভেতর,routine
oral_0_005552.jpg,0,oral_scc,oral_scc,মুখের ক্যানসারের মতো পরিবর্তন (OSC সন্দেহ),urgent
oral_1_005553.jpg,1,oral_normal,oral_normal,স্বাভাবিক মুখের ভেতর,routine
oral_1_005554.jpg,1,oral_normal,oral_normal,স্বাভাবিক মুখের ভেতর,routine
oral_1_005555.jpg,1,oral_normal,oral_normal,স্বাভাবিক মুখের ভেতর,routine
oral_0_005556.jpg,0,oral_scc,oral_scc,মুখের ক্যানসারের মতো পরিবর্তন (OSC সন্দেহ),urgent
oral_1_005557.jpg,1,oral_normal,oral_normal,স্বাভাবিক মুখের ভেতর,routine
oral_0_005558.jpg,0,oral_scc,oral_scc,মুখের ক্যানসারের মতো পরিবর্তন (OSC সন্দেহ),urgent
oral_1_005559.jpg,1,oral_normal,oral_normal,স্বাভাবিক মুখের ভেতর,routine
oral_1_005560.jpg,1,oral_normal,oral_normal,স্বাভাবিক মুখের ভেতর,routine
oral_0_005561.jpg,0,oral_scc,oral_scc,মুখের ক্যানসারের মতো পরিবর্তন (OSC সন্দেহ),urgent
oral_0_005562.jpg,0,oral_scc,oral_scc,মুখের ক্যানসারের মতো পরিবর্তন (OSC সন্দেহ),urgent
oral_1_005563.jpg,1,oral_normal,oral_normal,স্বাভাবিক মুখের ভেতর,routine
oral_1_005564.jpg,1,oral_normal,oral_normal,স্বাভাবিক মুখের ভেতর,routine
oral_1_005565.jpg,1,oral_normal,oral_normal,স্বাভাবিক মুখের ভেতর,routine
oral_0_005566.jpg,0,oral_scc,oral_scc,মুখের ক্যানসারের মতো পরিবর্তন (OSC সন্দেহ),urgent
oral_0_005567.jpg,0,oral_scc,oral_scc,মুখের ক্যানসারের মতো পরিবর্তন (OSC সন্দেহ),urgent
oral_0_005568.jpg,0,oral_scc,oral_scc,মুখের ক্যানসারের মতো পরিবর্তন (OSC সন্দেহ),urgent
oral_0_005569.jpg,0,oral_scc,oral_scc,মুখের ক্যানসারের মতো পরিবর্তন (OSC সন্দেহ),urgent
oral_1_005570.jpg,1,oral_normal,oral_normal,স্বাভাবিক মুখের ভেতর,routine
oral_0_005571.jpg,0,oral_scc,oral_scc,মুখের ক্যানসারের মতো পরিবর্তন (OSC সন্দেহ),urgent
oral_1_005572.jpg,1,oral_normal,oral_normal,স্বাভাবিক মুখের ভেতর,routine
oral_0_005573.jpg,0,oral_scc,oral_scc,মুখের ক্যানসারের মতো পরিবর্তন (OSC সন্দেহ),urgent
oral_0_005574.jpg,0,oral_scc,oral_scc,মুখের ক্যানসারের মতো পরিবর্তন (OSC সন্দেহ),urgent
oral_1_005575.jpg,1,oral_normal,oral_normal,স্বাভাবিক মুখের ভেতর,routine
oral_1_005576.jpg,1,oral_normal,oral_normal,স্বাভাবিক মুখের ভেতর,routine
oral_0_005577.jpg,0,oral_scc,oral_scc,মুখের ক্যানসারের মতো পরিবর্তন (OSC সন্দেহ),urgent
oral_1_005578.jpg,1,oral_normal,oral_normal,স্বাভাবিক মুখের ভেতর,routine
oral_1_005579.jpg,1,oral_normal,oral_normal,স্বাভাবিক মুখের ভেতর,routine
oral_1_005580.jpg,1,oral_normal,oral_normal,স্বাভাবিক মুখের ভেতর,routine
oral_1_005581.jpg,1,oral_normal,oral_normal,স্বাভাবিক মুখের ভেতর,routine
oral_1_005582.jpg,1,oral_normal,oral_normal,স্বাভাবিক মুখের ভেতর,routine
oral_0_005583.jpg,0,oral_scc,oral_scc,মুখের ক্যানসারের মতো পরিবর্তন (OSC সন্দেহ),urgent
oral_0_005584.jpg,0,oral_scc,oral_scc,মুখের ক্যানসারের মতো পরিবর্তন (OSC সন্দেহ),urgent
oral_1_005585.jpg,1,oral_normal,oral_normal,স্বাভাবিক মুখের ভেতর,routine
oral_0_005586.jpg,0,oral_scc,oral_scc,মুখের ক্যানসারের মতো পরিবর্তন (OSC সন্দেহ),urgent
oral_0_005587.jpg,0,oral_scc,oral_scc,মুখের ক্যানসারের মতো পরিবর্তন (OSC সন্দেহ),urgent
oral_1_005588.jpg,1,oral_normal,oral_normal,স্বাভাবিক মুখের ভেতর,routine
oral_1_005589.jpg,1,oral_normal,oral_normal,স্বাভাবিক মুখের ভেতর,routine
oral_0_005590.jpg,0,oral_scc,oral_scc,মুখের ক্যানসারের মতো পরিবর্তন (OSC সন্দেহ),urgent
oral_0_005591.jpg,0,oral_scc,oral_scc,মুখের ক্যানসারের মতো পরিবর্তন (OSC সন্দেহ),urgent
oral_0_005592.jpg,0,oral_scc,oral_scc,মুখের ক্যানসারের মতো পরিবর্তন (OSC সন্দেহ),urgent
oral_0_005593.jpg,0,oral_scc,oral_scc,মুখের ক্যানসারের মতো পরিবর্তন (OSC সন্দেহ),urgent
oral_1_005594.jpg,1,oral_normal,oral_normal,স্বাভাবিক মুখের ভেতর,routine
oral_0_005595.jpg,0,oral_scc,oral_scc,মুখের ক্যানসারের মতো পরিবর্তন (OSC সন্দেহ),urgent
oral_0_005596.jpg,0,oral_scc,oral_scc,মুখের ক্যানসারের মতো পরিবর্তন (OSC সন্দেহ),urgent
oral_0_005597.jpg,0,oral_scc,oral_scc,মুখের ক্যানসারের মতো পরিবর্তন (OSC সন্দেহ),urgent
oral_1_005598.jpg,1,oral_normal,oral_normal,স্বাভাবিক মুখের ভেতর,routine
oral_0_005599.jpg,0,oral_scc,oral_scc,মুখের ক্যানসারের মতো পরিবর্তন (OSC সন্দেহ),urgent
oral_0_005600.jpg,0,oral_scc,oral_scc,মুখের ক্যানসারের মতো পরিবর্তন (OSC সন্দেহ),urgent
oral_0_005601.jpg,0,oral_scc,oral_scc,মুখের ক্যানসারের মতো পরিবর্তন (OSC সন্দেহ),urgent
oral_0_005602.jpg,0,oral_scc,oral_scc,মুখের ক্যানসারের মতো পরিবর্তন (OSC সন্দেহ),urgent
oral_0_005603.jpg,0,oral_scc,oral_scc,মুখের ক্যানসারের মতো পরিবর্তন (OSC সন্দেহ),urgent
oral_0_005604.jpg,0,oral_scc,oral_scc,মুখের ক্যানসারের মতো পরিবর্তন (OSC সন্দেহ),urgent
oral_0_005605.jpg,0,oral_scc,oral_scc,মুখের ক্যানসারের মতো পরিবর্তন (OSC সন্দেহ),urgent
oral_0_005606.jpg,0,oral_scc,oral_scc,মুখের ক্যানসারের মতো পরিবর্তন (OSC সন্দেহ),urgent
oral_0_005607.jpg,0,oral_scc,oral_scc,মুখের ক্যানসারের মতো পরিবর্তন (OSC সন্দেহ),urgent
oral_1_005608.jpg,1,oral_normal,oral_normal,স্বাভাবিক মুখের ভেতর,routine
oral_0_005609.jpg,0,oral_scc,oral_scc,মুখের ক্যানসারের মতো পরিবর্তন (OSC সন্দেহ),urgent
oral_0_005610.jpg,0,oral_scc,oral_scc,মুখের ক্যানসারের মতো পরিবর্তন (OSC সন্দেহ),urgent
oral_1_005611.jpg,1,oral_normal,oral_normal,স্বাভাবিক মুখের ভেতর,routine
oral_1_005612.jpg,1,oral_normal,oral_normal,স্বাভাবিক মুখের ভেতর,routine
oral_1_005613.jpg,1,oral_normal,oral_normal,স্বাভাবিক মুখের ভেতর,routine
oral_1_005614.jpg,1,oral_normal,oral_normal,স্বাভাবিক মুখের ভেতর,routine
oral_1_005615.jpg,1,oral_normal,oral_normal,স্বাভাবিক মুখের ভেতর,routine
oral_0_005616.jpg,0,oral_scc,oral_scc,মুখের ক্যানসারের মতো পরিবর্তন (OSC সন্দেহ),urgent
oral_0_005617.jpg,0,oral_scc,oral_scc,মুখের ক্যানসারের মতো পরিবর্তন (OSC সন্দেহ),urgent
oral_1_005618.jpg,1,oral_normal,oral_normal,স্বাভাবিক মুখের ভেতর,routine
oral_1_005619.jpg,1,oral_normal,oral_normal,স্বাভাবিক মুখের ভেতর,routine
oral_0_005620.jpg,0,oral_scc,oral_scc,মুখের ক্যানসারের মতো পরিবর্তন (OSC সন্দেহ),urgent
oral_1_005621.jpg,1,oral_normal,oral_normal,স্বাভাবিক মুখের ভেতর,routine
oral_1_005622.jpg,1,oral_normal,oral_normal,স্বাভাবিক মুখের ভেতর,routine
oral_1_005623.jpg,1,oral_normal,oral_normal,স্বাভাবিক মুখের ভেতর,routine
oral_0_005624.jpg,0,oral_scc,oral_scc,মুখের ক্যানসারের মতো পরিবর্তন (OSC সন্দেহ),urgent
oral_0_005625.jpg,0,oral_scc,oral_scc,মুখের ক্যানসারের মতো পরিবর্তন (OSC সন্দেহ),urgent
oral_1_005626.jpg,1,oral_normal,oral_normal,স্বাভাবিক মুখের ভেতর,routine
oral_1_005627.jpg,1,oral_normal,oral_normal,স্বাভাবিক মুখের ভেতর,routine
oral_1_005628.jpg,1,oral_normal,oral_normal,স্বাভাবিক মুখের ভেতর,routine
oral_1_005629.jpg,1,oral_normal,oral_normal,স্বাভাবিক মুখের ভেতর,routine
oral_1_005630.jpg,1,oral_normal,oral_normal,স্বাভাবিক মুখের ভেতর,routine
oral_1_005631.jpg,1,oral_normal,oral_normal,স্বাভাবিক মুখের ভেতর,routine
oral_0_005632.jpg,0,oral_scc,oral_scc,মুখের ক্যানসারের মতো পরিবর্তন (OSC সন্দেহ),urgent
oral_1_005633.jpg,1,oral_normal,oral_normal,স্বাভাবিক মুখের ভেতর,routine
oral_0_005634.jpg,0,oral_scc,oral_scc,মুখের ক্যানসারের মতো পরিবর্তন (OSC সন্দেহ),urgent
oral_1_005635.jpg,1,oral_normal,oral_normal,স্বাভাবিক মুখের ভেতর,routine
oral_0_005636.jpg,0,oral_scc,oral_scc,মুখের ক্যানসারের মতো পরিবর্তন (OSC সন্দেহ),urgent
oral_0_005637.jpg,0,oral_scc,oral_scc,মুখের ক্যানসারের মতো পরিবর্তন (OSC সন্দেহ),urgent
oral_0_005638.jpg,0,oral_scc,oral_scc,মুখের ক্যানসারের মতো পরিবর্তন (OSC সন্দেহ),urgent
oral_1_005639.jpg,1,oral_normal,oral_normal,স্বাভাবিক মুখের ভেতর,routine
oral_0_005640.jpg,0,oral_scc,oral_scc,মুখের ক্যানসারের মতো পরিবর্তন (OSC সন্দেহ),urgent
oral_0_005641.jpg,0,oral_scc,oral_scc,মুখের ক্যানসারের মতো পরিবর্তন (OSC সন্দেহ),urgent
oral_1_005642.jpg,1,oral_normal,oral_normal,স্বাভাবিক মুখের ভেতর,routine
oral_1_005643.jpg,1,oral_normal,oral_normal,স্বাভাবিক মুখের ভেতর,routine
oral_0_005644.jpg,0,oral_scc,oral_scc,মুখের ক্যানসারের মতো পরিবর্তন (OSC সন্দেহ),urgent
oral_0_005645.jpg,0,oral_scc,oral_scc,মুখের ক্যানসারের মতো পরিবর্তন (OSC সন্দেহ),urgent
oral_0_005646.jpg,0,oral_scc,oral_scc,মুখের ক্যানসারের মতো পরিবর্তন (OSC সন্দেহ),urgent
oral_0_005647.jpg,0,oral_scc,oral_scc,মুখের ক্যানসারের মতো পরিবর্তন (OSC সন্দেহ),urgent
oral_0_005648.jpg,0,oral_scc,oral_scc,মুখের ক্যানসারের মতো পরিবর্তন (OSC সন্দেহ),urgent
oral_1_005649.jpg,1,oral_normal,oral_normal,স্বাভাবিক মুখের ভেতর,routine
oral_0_005650.jpg,0,oral_scc,oral_scc,মুখের ক্যানসারের মতো পরিবর্তন (OSC সন্দেহ),urgent
oral_1_005651.jpg,1,oral_normal,oral_normal,স্বাভাবিক মুখের ভেতর,routine
oral_1_005652.jpg,1,oral_normal,oral_normal,স্বাভাবিক মুখের ভেতর,routine
oral_1_005653.jpg,1,oral_normal,oral_normal,স্বাভাবিক মুখের ভেতর,routine
oral_0_005654.jpg,0,oral_scc,oral_scc,মুখের ক্যানসারের মতো পরিবর্তন (OSC সন্দেহ),urgent
oral_0_005655.jpg,0,oral_scc,oral_scc,মুখের ক্যানসারের মতো পরিবর্তন (OSC সন্দেহ),urgent
oral_0_005656.jpg,0,oral_scc,oral_scc,মুখের ক্যানসারের মতো পরিবর্তন (OSC সন্দেহ),urgent
oral_0_005657.jpg,0,oral_scc,oral_scc,মুখের ক্যানসারের মতো পরিবর্তন (OSC সন্দেহ),urgent
oral_0_005658.jpg,0,oral_scc,oral_scc,মুখের ক্যানসারের মতো পরিবর্তন (OSC সন্দেহ),urgent
oral_1_005659.jpg,1,oral_normal,oral_normal,স্বাভাবিক মুখের ভেতর,routine
oral_0_005660.jpg,0,oral_scc,oral_scc,মুখের ক্যানসারের মতো পরিবর্তন (OSC সন্দেহ),urgent
oral_0_005661.jpg,0,oral_scc,oral_scc,মুখের ক্যানসারের মতো পরিবর্তন (OSC সন্দেহ),urgent
oral_0_005662.jpg,0,oral_scc,oral_scc,মুখের ক্যানসারের মতো পরিবর্তন (OSC সন্দেহ),urgent
oral_1_005663.jpg,1,oral_normal,oral_normal,স্বাভাবিক মুখের ভেতর,routine
oral_0_005664.jpg,0,oral_scc,oral_scc,মুখের ক্যানসারের মতো পরিবর্তন (OSC সন্দেহ),urgent
oral_0_005665.jpg,0,oral_scc,oral_scc,মুখের ক্যানসারের মতো পরিবর্তন (OSC সন্দেহ),urgent
oral_0_005666.jpg,0,oral_scc,oral_scc,মুখের ক্যানসারের মতো পরিবর্তন (OSC সন্দেহ),urgent
oral_0_005667.jpg,0,oral_scc,oral_scc,মুখের ক্যানসারের মতো পরিবর্তন (OSC সন্দেহ),urgent
oral_0_005668.jpg,0,oral_scc,oral_scc,মুখের ক্যানসারের মতো পরিবর্তন (OSC সন্দেহ),urgent
oral_0_005669.jpg,0,oral_scc,oral_scc,মুখের ক্যানসারের মতো পরিবর্তন (OSC সন্দেহ),urgent
oral_1_005670.jpg,1,oral_normal,oral_normal,স্বাভাবিক মুখের ভেতর,routine
oral_1_005671.jpg,1,oral_normal,oral_normal,স্বাভাবিক মুখের ভেতর,routine
oral_1_005672.jpg,1,oral_normal,oral_normal,স্বাভাবিক মুখের ভেতর,routine
oral_1_005673.jpg,1,oral_normal,oral_normal,স্বাভাবিক মুখের ভেতর,routine
oral_1_005674.jpg,1,oral_normal,oral_normal,স্বাভাবিক মুখের ভেতর,routine
oral_0_005675.jpg,0,oral_scc,oral_scc,মুখের ক্যানসারের মতো পরিবর্তন (OSC সন্দেহ),urgent
oral_1_005676.jpg,1,oral_normal,oral_normal,স্বাভাবিক মুখের ভেতর,routine
oral_0_005677.jpg,0,oral_scc,oral_scc,মুখের ক্যানসারের মতো পরিবর্তন (OSC সন্দেহ),urgent
oral_0_005678.jpg,0,oral_scc,oral_scc,মুখের ক্যানসারের মতো পরিবর্তন (OSC সন্দেহ),urgent
oral_1_005679.jpg,1,oral_normal,oral_normal,স্বাভাবিক মুখের ভেতর,routine
oral_0_005680.jpg,0,oral_scc,oral_scc,মুখের ক্যানসারের মতো পরিবর্তন (OSC সন্দেহ),urgent
oral_0_005681.jpg,0,oral_scc,oral_scc,মুখের ক্যানসারের মতো পরিবর্তন (OSC সন্দেহ),urgent
oral_1_005682.jpg,1,oral_normal,oral_normal,স্বাভাবিক মুখের ভেতর,routine
oral_1_005683.jpg,1,oral_normal,oral_normal,স্বাভাবিক মুখের ভেতর,routine
oral_1_005684.jpg,1,oral_normal,oral_normal,স্বাভাবিক মুখের ভেতর,routine
oral_0_005685.jpg,0,oral_scc,oral_scc,মুখের ক্যানসারের মতো পরিবর্তন (OSC সন্দেহ),urgent
oral_1_005686.jpg,1,oral_normal,oral_normal,স্বাভাবিক মুখের ভেতর,routine
oral_0_005687.jpg,0,oral_scc,oral_scc,মুখের ক্যানসারের মতো পরিবর্তন (OSC সন্দেহ),urgent
oral_1_005688.jpg,1,oral_normal,oral_normal,স্বাভাবিক মুখের ভেতর,routine
oral_1_005689.jpg,1,oral_normal,oral_normal,স্বাভাবিক মুখের ভেতর,routine
oral_1_005690.jpg,1,oral_normal,oral_normal,স্বাভাবিক মুখের ভেতর,routine
oral_0_005691.jpg,0,oral_scc,oral_scc,মুখের ক্যানসারের মতো পরিবর্তন (OSC সন্দেহ),urgent
oral_0_005692.jpg,0,oral_scc,oral_scc,মুখের ক্যানসারের মতো পরিবর্তন (OSC সন্দেহ),urgent
oral_1_005693.jpg,1,oral_normal,oral_normal,স্বাভাবিক মুখের ভেতর,routine
oral_0_005694.jpg,0,oral_scc,oral_scc,মুখের ক্যানসারের মতো পরিবর্তন (OSC সন্দেহ),urgent
oral_0_005695.jpg,0,oral_scc,oral_scc,মুখের ক্যানসারের মতো পরিবর্তন (OSC সন্দেহ),urgent
oral_0_005696.jpg,0,oral_scc,oral_scc,মুখের ক্যানসারের মতো পরিবর্তন (OSC সন্দেহ),urgent
oral_1_005697.jpg,1,oral_normal,oral_normal,স্বাভাবিক মুখের ভেতর,routine
oral_0_005698.jpg,0,oral_scc,oral_scc,মুখের ক্যানসারের মতো পরিবর্তন (OSC সন্দেহ),urgent
oral_1_005699.jpg,1,oral_normal,oral_normal,স্বাভাবিক মুখের ভেতর,routine
oral_1_005700.jpg,1,oral_normal,oral_normal,স্বাভাবিক মুখের ভেতর,routine
oral_1_005701.jpg,1,oral_normal,oral_normal,স্বাভাবিক মুখের ভেতর,routine
oral_1_005702.jpg,1,oral_normal,oral_normal,স্বাভাবিক মুখের ভেতর,routine
oral_1_005703.jpg,1,oral_normal,oral_normal,স্বাভাবিক মুখের ভেতর,routine
oral_1_005704.jpg,1,oral_normal,oral_normal,স্বাভাবিক মুখের ভেতর,routine
oral_1_005705.jpg,1,oral_normal,oral_normal,স্বাভাবিক মুখের ভেতর,routine
oral_0_005706.jpg,0,oral_scc,oral_scc,মুখের ক্যানসারের মতো পরিবর্তন (OSC সন্দেহ),urgent
oral_0_005707.jpg,0,oral_scc,oral_scc,মুখের ক্যানসারের মতো পরিবর্তন (OSC সন্দেহ),urgent
oral_0_005708.jpg,0,oral_scc,oral_scc,মুখের ক্যানসারের মতো পরিবর্তন (OSC সন্দেহ),urgent
oral_1_005709.jpg,1,oral_normal,oral_normal,স্বাভাবিক মুখের ভেতর,routine
oral_1_005710.jpg,1,oral_normal,oral_normal,স্বাভাবিক মুখের ভেতর,routine
oral_1_005711.jpg,1,oral_normal,oral_normal,স্বাভাবিক মুখের ভেতর,routine
oral_0_005712.jpg,0,oral_scc,oral_scc,মুখের ক্যানসারের মতো পরিবর্তন (OSC সন্দেহ),urgent
oral_0_005713.jpg,0,oral_scc,oral_scc,মুখের ক্যানসারের মতো পরিবর্তন (OSC সন্দেহ),urgent
oral_1_005714.jpg,1,oral_normal,oral_normal,স্বাভাবিক মুখের ভেতর,routine
oral_0_005715.jpg,0,oral_scc,oral_scc,মুখের ক্যানসারের মতো পরিবর্তন (OSC সন্দেহ),urgent
oral_0_005716.jpg,0,oral_scc,oral_scc,মুখের ক্যানসারের মতো পরিবর্তন (OSC সন্দেহ),urgent
oral_1_005717.jpg,1,oral_normal,oral_normal,স্বাভাবিক মুখের ভেতর,routine
oral_1_005718.jpg,1,oral_normal,oral_normal,স্বাভাবিক মুখের ভেতর,routine
oral_1_005719.jpg,1,oral_normal,oral_normal,স্বাভাবিক মুখের ভেতর,routine
oral_0_005720.jpg,0,oral_scc,oral_scc,মুখের ক্যানসারের মতো পরিবর্তন (OSC সন্দেহ),urgent
oral_1_005721.jpg,1,oral_normal,oral_normal,স্বাভাবিক মুখের ভেতর,routine
oral_0_005722.jpg,0,oral_scc,oral_scc,মুখের ক্যানসারের মতো পরিবর্তন (OSC সন্দেহ),urgent
oral_0_005723.jpg,0,oral_scc,oral_scc,মুখের ক্যানসারের মতো পরিবর্তন (OSC সন্দেহ),urgent
oral_1_005724.jpg,1,oral_normal,oral_normal,স্বাভাবিক মুখের ভেতর,routine
oral_0_005725.jpg,0,oral_scc,oral_scc,মুখের ক্যানসারের মতো পরিবর্তন (OSC সন্দেহ),urgent
oral_1_005726.jpg,1,oral_normal,oral_normal,স্বাভাবিক মুখের ভেতর,routine
oral_1_005727.jpg,1,oral_normal,oral_normal,স্বাভাবিক মুখের ভেতর,routine
oral_0_005728.jpg,0,oral_scc,oral_scc,মুখের ক্যানসারের মতো পরিবর্তন (OSC সন্দেহ),urgent
oral_0_005729.jpg,0,oral_scc,oral_scc,মুখের ক্যানসারের মতো পরিবর্তন (OSC সন্দেহ),urgent
oral_0_005730.jpg,0,oral_scc,oral_scc,মুখের ক্যানসারের মতো পরিবর্তন (OSC সন্দেহ),urgent
oral_0_005731.jpg,0,oral_scc,oral_scc,মুখের ক্যানসারের মতো পরিবর্তন (OSC সন্দেহ),urgent
oral_1_005732.jpg,1,oral_normal,oral_normal,স্বাভাবিক মুখের ভেতর,routine
oral_0_005733.jpg,0,oral_scc,oral_scc,মুখের ক্যানসারের মতো পরিবর্তন (OSC সন্দেহ),urgent
oral_0_005734.jpg,0,oral_scc,oral_scc,মুখের ক্যানসারের মতো পরিবর্তন (OSC সন্দেহ),urgent
oral_0_005735.jpg,0,oral_scc,oral_scc,মুখের ক্যানসারের মতো পরিবর্তন (OSC সন্দেহ),urgent
oral_0_005736.jpg,0,oral_scc,oral_scc,মুখের ক্যানসারের মতো পরিবর্তন (OSC সন্দেহ),urgent
oral_1_005737.jpg,1,oral_normal,oral_normal,স্বাভাবিক মুখের ভেতর,routine
oral_0_005738.jpg,0,oral_scc,oral_scc,মুখের ক্যানসারের মতো পরিবর্তন (OSC সন্দেহ),urgent
oral_1_005739.jpg,1,oral_normal,oral_normal,স্বাভাবিক মুখের ভেতর,routine
oral_1_005740.jpg,1,oral_normal,oral_normal,স্বাভাবিক মুখের ভেতর,routine
oral_1_005741.jpg,1,oral_normal,oral_normal,স্বাভাবিক মুখের ভেতর,routine
oral_0_005742.jpg,0,oral_scc,oral_scc,মুখের ক্যানসারের মতো পরিবর্তন (OSC সন্দেহ),urgent
oral_1_005743.jpg,1,oral_normal,oral_normal,স্বাভাবিক মুখের ভেতর,routine
oral_1_005744.jpg,1,oral_normal,oral_normal,স্বাভাবিক মুখের ভেতর,routine
oral_0_005745.jpg,0,oral_scc,oral_scc,মুখের ক্যানসারের মতো পরিবর্তন (OSC সন্দেহ),urgent
oral_1_005746.jpg,1,oral_normal,oral_normal,স্বাভাবিক মুখের ভেতর,routine
oral_0_005747.jpg,0,oral_scc,oral_scc,মুখের ক্যানসারের মতো পরিবর্তন (OSC সন্দেহ),urgent
oral_0_005748.jpg,0,oral_scc,oral_scc,মুখের ক্যানসারের মতো পরিবর্তন (OSC সন্দেহ),urgent
oral_1_005749.jpg,1,oral_normal,oral_normal,স্বাভাবিক মুখের ভেতর,routine
oral_1_005750.jpg,1,oral_normal,oral_normal,স্বাভাবিক মুখের ভেতর,routine
oral_0_005751.jpg,0,oral_scc,oral_scc,মুখের ক্যানসারের মতো পরিবর্তন (OSC সন্দেহ),urgent
oral_0_005752.jpg,0,oral_scc,oral_scc,মুখের ক্যানসারের মতো পরিবর্তন (OSC সন্দেহ),urgent
oral_1_005753.jpg,1,oral_normal,oral_normal,স্বাভাবিক মুখের ভেতর,routine
oral_1_005754.jpg,1,oral_normal,oral_normal,স্বাভাবিক মুখের ভেতর,routine
oral_1_005755.jpg,1,oral_normal,oral_normal,স্বাভাবিক মুখের ভেতর,routine
oral_0_005756.jpg,0,oral_scc,oral_scc,মুখের ক্যানসারের মতো পরিবর্তন (OSC সন্দেহ),urgent
oral_0_005757.jpg,0,oral_scc,oral_scc,মুখের ক্যানসারের মতো পরিবর্তন (OSC সন্দেহ),urgent
oral_1_005758.jpg,1,oral_normal,oral_normal,স্বাভাবিক মুখের ভেতর,routine
oral_1_005759.jpg,1,oral_normal,oral_normal,স্বাভাবিক মুখের ভেতর,routine
oral_0_005760.jpg,0,oral_scc,oral_scc,মুখের ক্যানসারের মতো পরিবর্তন (OSC সন্দেহ),urgent
oral_0_005761.jpg,0,oral_scc,oral_scc,মুখের ক্যানসারের মতো পরিবর্তন (OSC সন্দেহ),urgent
oral_1_005762.jpg,1,oral_normal,oral_normal,স্বাভাবিক মুখের ভেতর,routine
oral_0_005763.jpg,0,oral_scc,oral_scc,মুখের ক্যানসারের মতো পরিবর্তন (OSC সন্দেহ),urgent
oral_0_005764.jpg,0,oral_scc,oral_scc,মুখের ক্যানসারের মতো পরিবর্তন (OSC সন্দেহ),urgent
oral_0_005765.jpg,0,oral_scc,oral_scc,মুখের ক্যানসারের মতো পরিবর্তন (OSC সন্দেহ),urgent
oral_0_005766.jpg,0,oral_scc,oral_scc,মুখের ক্যানসারের মতো পরিবর্তন (OSC সন্দেহ),urgent
oral_1_005767.jpg,1,oral_normal,oral_normal,স্বাভাবিক মুখের ভেতর,routine
oral_1_005768.jpg,1,oral_normal,oral_normal,স্বাভাবিক মুখের ভেতর,routine
oral_0_005769.jpg,0,oral_scc,oral_scc,মুখের ক্যানসারের মতো পরিবর্তন (OSC সন্দেহ),urgent
oral_0_005770.jpg,0,oral_scc,oral_scc,মুখের ক্যানসারের মতো পরিবর্তন (OSC সন্দেহ),urgent
oral_1_005771.jpg,1,oral_normal,oral_normal,স্বাভাবিক মুখের ভেতর,routine
oral_0_005772.jpg,0,oral_scc,oral_scc,মুখের ক্যানসারের মতো পরিবর্তন (OSC সন্দেহ),urgent
oral_1_005773.jpg,1,oral_normal,oral_normal,স্বাভাবিক মুখের ভেতর,routine
oral_1_005774.jpg,1,oral_normal,oral_normal,স্বাভাবিক মুখের ভেতর,routine
oral_1_005775.jpg,1,oral_normal,oral_normal,স্বাভাবিক মুখের ভেতর,routine
oral_1_005776.jpg,1,oral_normal,oral_normal,স্বাভাবিক মুখের ভেতর,routine
oral_1_005777.jpg,1,oral_normal,oral_normal,স্বাভাবিক মুখের ভেতর,routine
oral_1_005778.jpg,1,oral_normal,oral_normal,স্বাভাবিক মুখের ভেতর,routine
oral_0_005779.jpg,0,oral_scc,oral_scc,মুখের ক্যানসারের মতো পরিবর্তন (OSC সন্দেহ),urgent
oral_0_005780.jpg,0,oral_scc,oral_scc,মুখের ক্যানসারের মতো পরিবর্তন (OSC সন্দেহ),urgent
oral_0_005781.jpg,0,oral_scc,oral_scc,মুখের ক্যানসারের মতো পরিবর্তন (OSC সন্দেহ),urgent
oral_1_005782.jpg,1,oral_normal,oral_normal,স্বাভাবিক মুখের ভেতর,routine
oral_1_005783.jpg,1,oral_normal,oral_normal,স্বাভাবিক মুখের ভেতর,routine
oral_1_005784.jpg,1,oral_normal,oral_normal,স্বাভাবিক মুখের ভেতর,routine
oral_0_005785.jpg,0,oral_scc,oral_scc,মুখের ক্যানসারের মতো পরিবর্তন (OSC সন্দেহ),urgent
oral_1_005786.jpg,1,oral_normal,oral_normal,স্বাভাবিক মুখের ভেতর,routine
oral_1_005787.jpg,1,oral_normal,oral_normal,স্বাভাবিক মুখের ভেতর,routine
oral_1_005788.jpg,1,oral_normal,oral_normal,স্বাভাবিক মুখের ভেতর,routine
oral_1_005789.jpg,1,oral_normal,oral_normal,স্বাভাবিক মুখের ভেতর,routine
oral_1_005790.jpg,1,oral_normal,oral_normal,স্বাভাবিক মুখের ভেতর,routine
oral_1_005791.jpg,1,oral_normal,oral_normal,স্বাভাবিক মুখের ভেতর,routine
oral_1_005792.jpg,1,oral_normal,oral_normal,স্বাভাবিক মুখের ভেতর,routine
oral_1_005793.jpg,1,oral_normal,oral_normal,স্বাভাবিক মুখের ভেতর,routine
oral_0_005794.jpg,0,oral_scc,oral_scc,মুখের ক্যানসারের মতো পরিবর্তন (OSC সন্দেহ),urgent
oral_0_005795.jpg,0,oral_scc,oral_scc,মুখের ক্যানসারের মতো পরিবর্তন (OSC সন্দেহ),urgent
oral_0_005796.jpg,0,oral_scc,oral_scc,মুখের ক্যানসারের মতো পরিবর্তন (OSC সন্দেহ),urgent
oral_1_005797.jpg,1,oral_normal,oral_normal,স্বাভাবিক মুখের ভেতর,routine
oral_0_005798.jpg,0,oral_scc,oral_scc,মুখের ক্যানসারের মতো পরিবর্তন (OSC সন্দেহ),urgent
oral_0_005799.jpg,0,oral_scc,oral_scc,মুখের ক্যানসারের মতো পরিবর্তন (OSC সন্দেহ),urgent
oral_1_005800.jpg,1,oral_normal,oral_normal,স্বাভাবিক মুখের ভেতর,routine
oral_1_005801.jpg,1,oral_normal,oral_normal,স্বাভাবিক মুখের ভেতর,routine
oral_0_005802.jpg,0,oral_scc,oral_scc,মুখের ক্যানসারের মতো পরিবর্তন (OSC সন্দেহ),urgent
oral_0_005803.jpg,0,oral_scc,oral_scc,মুখের ক্যানসারের মতো পরিবর্তন (OSC সন্দেহ),urgent
oral_1_005804.jpg,1,oral_normal,oral_normal,স্বাভাবিক মুখের ভেতর,routine
oral_1_005805.jpg,1,oral_normal,oral_normal,স্বাভাবিক মুখের ভেতর,routine
oral_1_005806.jpg,1,oral_normal,oral_normal,স্বাভাবিক মুখের ভেতর,routine
oral_1_005807.jpg,1,oral_normal,oral_normal,স্বাভাবিক মুখের ভেতর,routine
oral_0_005808.jpg,0,oral_scc,oral_scc,মুখের ক্যানসারের মতো পরিবর্তন (OSC সন্দেহ),urgent
oral_1_005809.jpg,1,oral_normal,oral_normal,স্বাভাবিক মুখের ভেতর,routine
oral_0_005810.jpg,0,oral_scc,oral_scc,মুখের ক্যানসারের মতো পরিবর্তন (OSC সন্দেহ),urgent
oral_1_005811.jpg,1,oral_normal,oral_normal,স্বাভাবিক মুখের ভেতর,routine
oral_1_005812.jpg,1,oral_normal,oral_normal,স্বাভাবিক মুখের ভেতর,routine
oral_0_005813.jpg,0,oral_scc,oral_scc,মুখের ক্যানসারের মতো পরিবর্তন (OSC সন্দেহ),urgent
oral_1_005814.jpg,1,oral_normal,oral_normal,স্বাভাবিক মুখের ভেতর,routine
oral_1_005815.jpg,1,oral_normal,oral_normal,স্বাভাবিক মুখের ভেতর,routine
oral_1_005816.jpg,1,oral_normal,oral_normal,স্বাভাবিক মুখের ভেতর,routine
oral_1_005817.jpg,1,oral_normal,oral_normal,স্বাভাবিক মুখের ভেতর,routine
oral_1_005818.jpg,1,oral_normal,oral_normal,স্বাভাবিক মুখের ভেতর,routine
oral_0_005819.jpg,0,oral_scc,oral_scc,মুখের ক্যানসারের মতো পরিবর্তন (OSC সন্দেহ),urgent
oral_0_005820.jpg,0,oral_scc,oral_scc,মুখের ক্যানসারের মতো পরিবর্তন (OSC সন্দেহ),urgent
oral_0_005821.jpg,0,oral_scc,oral_scc,মুখের ক্যানসারের মতো পরিবর্তন (OSC সন্দেহ),urgent
oral_0_005822.jpg,0,oral_scc,oral_scc,মুখের ক্যানসারের মতো পরিবর্তন (OSC সন্দেহ),urgent
oral_0_005823.jpg,0,oral_scc,oral_scc,মুখের ক্যানসারের মতো পরিবর্তন (OSC সন্দেহ),urgent
oral_0_005824.jpg,0,oral_scc,oral_scc,মুখের ক্যানসারের মতো পরিবর্তন (OSC সন্দেহ),urgent
oral_1_005825.jpg,1,oral_normal,oral_normal,স্বাভাবিক মুখের ভেতর,routine
oral_1_005826.jpg,1,oral_normal,oral_normal,স্বাভাবিক মুখের ভেতর,routine
oral_1_005827.jpg,1,oral_normal,oral_normal,স্বাভাবিক মুখের ভেতর,routine
oral_0_005828.jpg,0,oral_scc,oral_scc,মুখের ক্যানসারের মতো পরিবর্তন (OSC সন্দেহ),urgent
oral_1_005829.jpg,1,oral_normal,oral_normal,স্বাভাবিক মুখের ভেতর,routine
oral_0_005830.jpg,0,oral_scc,oral_scc,মুখের ক্যানসারের মতো পরিবর্তন (OSC সন্দেহ),urgent
oral_0_005831.jpg,0,oral_scc,oral_scc,মুখের ক্যানসারের মতো পরিবর্তন (OSC সন্দেহ),urgent
oral_0_005832.jpg,0,oral_scc,oral_scc,মুখের ক্যানসারের মতো পরিবর্তন (OSC সন্দেহ),urgent
oral_1_005833.jpg,1,oral_normal,oral_normal,স্বাভাবিক মুখের ভেতর,routine
oral_0_005834.jpg,0,oral_scc,oral_scc,মুখের ক্যানসারের মতো পরিবর্তন (OSC সন্দেহ),urgent
oral_1_005835.jpg,1,oral_normal,oral_normal,স্বাভাবিক মুখের ভেতর,routine
oral_0_005836.jpg,0,oral_scc,oral_scc,মুখের ক্যানসারের মতো পরিবর্তন (OSC সন্দেহ),urgent
oral_0_005837.jpg,0,oral_scc,oral_scc,মুখের ক্যানসারের মতো পরিবর্তন (OSC সন্দেহ),urgent
oral_0_005838.jpg,0,oral_scc,oral_scc,মুখের ক্যানসারের মতো পরিবর্তন (OSC সন্দেহ),urgent
oral_1_005839.jpg,1,oral_normal,oral_normal,স্বাভাবিক মুখের ভেতর,routine
oral_0_005840.jpg,0,oral_scc,oral_scc,মুখের ক্যানসারের মতো পরিবর্তন (OSC সন্দেহ),urgent
oral_1_005841.jpg,1,oral_normal,oral_normal,স্বাভাবিক মুখের ভেতর,routine
oral_0_005842.jpg,0,oral_scc,oral_scc,মুখের ক্যানসারের মতো পরিবর্তন (OSC সন্দেহ),urgent
oral_1_005843.jpg,1,oral_normal,oral_normal,স্বাভাবিক মুখের ভেতর,routine
oral_1_005844.jpg,1,oral_normal,oral_normal,স্বাভাবিক মুখের ভেতর,routine
oral_1_005845.jpg,1,oral_normal,oral_normal,স্বাভাবিক মুখের ভেতর,routine
oral_1_005846.jpg,1,oral_normal,oral_normal,স্বাভাবিক মুখের ভেতর,routine
oral_1_005847.jpg,1,oral_normal,oral_normal,স্বাভাবিক মুখের ভেতর,routine
oral_0_005848.jpg,0,oral_scc,oral_scc,মুখের ক্যানসারের মতো পরিবর্তন (OSC সন্দেহ),urgent
oral_1_005849.jpg,1,oral_normal,oral_normal,স্বাভাবিক মুখের ভেতর,routine
oral_0_005850.jpg,0,oral_scc,oral_scc,মুখের ক্যানসারের মতো পরিবর্তন (OSC সন্দেহ),urgent
oral_0_005851.jpg,0,oral_scc,oral_scc,মুখের ক্যানসারের মতো পরিবর্তন (OSC সন্দেহ),urgent
oral_1_005852.jpg,1,oral_normal,oral_normal,স্বাভাবিক মুখের ভেতর,routine
oral_0_005853.jpg,0,oral_scc,oral_scc,মুখের ক্যানসারের মতো পরিবর্তন (OSC সন্দেহ),urgent
oral_1_005854.jpg,1,oral_normal,oral_normal,স্বাভাবিক মুখের ভেতর,routine
oral_0_005855.jpg,0,oral_scc,oral_scc,মুখের ক্যানসারের মতো পরিবর্তন (OSC সন্দেহ),urgent
oral_1_005856.jpg,1,oral_normal,oral_normal,স্বাভাবিক মুখের ভেতর,routine
oral_1_005857.jpg,1,oral_normal,oral_normal,স্বাভাবিক মুখের ভেতর,routine
oral_1_005858.jpg,1,oral_normal,oral_normal,স্বাভাবিক মুখের ভেতর,routine
oral_0_005859.jpg,0,oral_scc,oral_scc,মুখের ক্যানসারের মতো পরিবর্তন (OSC সন্দেহ),urgent
oral_0_005860.jpg,0,oral_scc,oral_scc,মুখের ক্যানসারের মতো পরিবর্তন (OSC সন্দেহ),urgent
oral_0_005861.jpg,0,oral_scc,oral_scc,মুখের ক্যানসারের মতো পরিবর্তন (OSC সন্দেহ),urgent
oral_0_005862.jpg,0,oral_scc,oral_scc,মুখের ক্যানসারের মতো পরিবর্তন (OSC সন্দেহ),urgent
oral_0_005863.jpg,0,oral_scc,oral_scc,মুখের ক্যানসারের মতো পরিবর্তন (OSC সন্দেহ),urgent
oral_1_005864.jpg,1,oral_normal,oral_normal,স্বাভাবিক মুখের ভেতর,routine
oral_1_005865.jpg,1,oral_normal,oral_normal,স্বাভাবিক মুখের ভেতর,routine
oral_0_005866.jpg,0,oral_scc,oral_scc,মুখের ক্যানসারের মতো পরিবর্তন (OSC সন্দেহ),urgent
oral_0_005867.jpg,0,oral_scc,oral_scc,মুখের ক্যানসারের মতো পরিবর্তন (OSC সন্দেহ),urgent
oral_1_005868.jpg,1,oral_normal,oral_normal,স্বাভাবিক মুখের ভেতর,routine
oral_0_005869.jpg,0,oral_scc,oral_scc,মুখের ক্যানসারের মতো পরিবর্তন (OSC সন্দেহ),urgent
oral_0_005870.jpg,0,oral_scc,oral_scc,মুখের ক্যানসারের মতো পরিবর্তন (OSC সন্দেহ),urgent
oral_1_005871.jpg,1,oral_normal,oral_normal,স্বাভাবিক মুখের ভেতর,routine
oral_0_005872.jpg,0,oral_scc,oral_scc,মুখের ক্যানসারের মতো পরিবর্তন (OSC সন্দেহ),urgent
oral_0_005873.jpg,0,oral_scc,oral_scc,মুখের ক্যানসারের মতো পরিবর্তন (OSC সন্দেহ),urgent
oral_0_005874.jpg,0,oral_scc,oral_scc,মুখের ক্যানসারের মতো পরিবর্তন (OSC সন্দেহ),urgent
oral_1_005875.jpg,1,oral_normal,oral_normal,স্বাভাবিক মুখের ভেতর,routine
oral_0_005876.jpg,0,oral_scc,oral_scc,মুখের ক্যানসারের মতো পরিবর্তন (OSC সন্দেহ),urgent
oral_0_005877.jpg,0,oral_scc,oral_scc,মুখের ক্যানসারের মতো পরিবর্তন (OSC সন্দেহ),urgent
oral_0_005878.jpg,0,oral_scc,oral_scc,মুখের ক্যানসারের মতো পরিবর্তন (OSC সন্দেহ),urgent
oral_1_005879.jpg,1,oral_normal,oral_normal,স্বাভাবিক মুখের ভেতর,routine
oral_1_005880.jpg,1,oral_normal,oral_normal,স্বাভাবিক মুখের ভেতর,routine
oral_1_005881.jpg,1,oral_normal,oral_normal,স্বাভাবিক মুখের ভেতর,routine
oral_0_005882.jpg,0,oral_scc,oral_scc,মুখের ক্যানসারের মতো পরিবর্তন (OSC সন্দেহ),urgent
oral_1_005883.jpg,1,oral_normal,oral_normal,স্বাভাবিক মুখের ভেতর,routine
oral_1_005884.jpg,1,oral_normal,oral_normal,স্বাভাবিক মুখের ভেতর,routine
oral_1_005885.jpg,1,oral_normal,oral_normal,স্বাভাবিক মুখের ভেতর,routine
oral_1_005886.jpg,1,oral_normal,oral_normal,স্বাভাবিক মুখের ভেতর,routine
oral_0_005887.jpg,0,oral_scc,oral_scc,মুখের ক্যানসারের মতো পরিবর্তন (OSC সন্দেহ),urgent
oral_0_005888.jpg,0,oral_scc,oral_scc,মুখের ক্যানসারের মতো পরিবর্তন (OSC সন্দেহ),urgent
oral_0_005889.jpg,0,oral_scc,oral_scc,মুখের ক্যানসারের মতো পরিবর্তন (OSC সন্দেহ),urgent
oral_0_005890.jpg,0,oral_scc,oral_scc,মুখের ক্যানসারের মতো পরিবর্তন (OSC সন্দেহ),urgent
oral_1_005891.jpg,1,oral_normal,oral_normal,স্বাভাবিক মুখের ভেতর,routine
oral_1_005892.jpg,1,oral_normal,oral_normal,স্বাভাবিক মুখের ভেতর,routine
oral_1_005893.jpg,1,oral_normal,oral_normal,স্বাভাবিক মুখের ভেতর,routine
oral_0_005894.jpg,0,oral_scc,oral_scc,মুখের ক্যানসারের মতো পরিবর্তন (OSC সন্দেহ),urgent
oral_1_005895.jpg,1,oral_normal,oral_normal,স্বাভাবিক মুখের ভেতর,routine
oral_1_005896.jpg,1,oral_normal,oral_normal,স্বাভাবিক মুখের ভেতর,routine
oral_1_005897.jpg,1,oral_normal,oral_normal,স্বাভাবিক মুখের ভেতর,routine
oral_1_005898.jpg,1,oral_normal,oral_normal,স্বাভাবিক মুখের ভেতর,routine
oral_1_005899.jpg,1,oral_normal,oral_normal,স্বাভাবিক মুখের ভেতর,routine
oral_0_005900.jpg,0,oral_scc,oral_scc,মুখের ক্যানসারের মতো পরিবর্তন (OSC সন্দেহ),urgent
oral_1_005901.jpg,1,oral_normal,oral_normal,স্বাভাবিক মুখের ভেতর,routine
oral_1_005902.jpg,1,oral_normal,oral_normal,স্বাভাবিক মুখের ভেতর,routine
oral_0_005903.jpg,0,oral_scc,oral_scc,মুখের ক্যানসারের মতো পরিবর্তন (OSC সন্দেহ),urgent
oral_1_005904.jpg,1,oral_normal,oral_normal,স্বাভাবিক মুখের ভেতর,routine
oral_0_005905.jpg,0,oral_scc,oral_scc,মুখের ক্যানসারের মতো পরিবর্তন (OSC সন্দেহ),urgent
oral_0_005906.jpg,0,oral_scc,oral_scc,মুখের ক্যানসারের মতো পরিবর্তন (OSC সন্দেহ),urgent
oral_1_005907.jpg,1,oral_normal,oral_normal,স্বাভাবিক মুখের ভেতর,routine
oral_0_005908.jpg,0,oral_scc,oral_scc,মুখের ক্যানসারের মতো পরিবর্তন (OSC সন্দেহ),urgent
oral_0_005909.jpg,0,oral_scc,oral_scc,মুখের ক্যানসারের মতো পরিবর্তন (OSC সন্দেহ),urgent
oral_1_005910.jpg,1,oral_normal,oral_normal,স্বাভাবিক মুখের ভেতর,routine
oral_0_005911.jpg,0,oral_scc,oral_scc,মুখের ক্যানসারের মতো পরিবর্তন (OSC সন্দেহ),urgent
oral_1_005912.jpg,1,oral_normal,oral_normal,স্বাভাবিক মুখের ভেতর,routine
oral_1_005913.jpg,1,oral_normal,oral_normal,স্বাভাবিক মুখের ভেতর,routine
oral_0_005914.jpg,0,oral_scc,oral_scc,মুখের ক্যানসারের মতো পরিবর্তন (OSC সন্দেহ),urgent
oral_0_005915.jpg,0,oral_scc,oral_scc,মুখের ক্যানসারের মতো পরিবর্তন (OSC সন্দেহ),urgent
oral_1_005916.jpg,1,oral_normal,oral_normal,স্বাভাবিক মুখের ভেতর,routine
oral_1_005917.jpg,1,oral_normal,oral_normal,স্বাভাবিক মুখের ভেতর,routine
oral_1_005918.jpg,1,oral_normal,oral_normal,স্বাভাবিক মুখের ভেতর,routine
oral_1_005919.jpg,1,oral_normal,oral_normal,স্বাভাবিক মুখের ভেতর,routine
oral_0_005920.jpg,0,oral_scc,oral_scc,মুখের ক্যানসারের মতো পরিবর্তন (OSC সন্দেহ),urgent
oral_1_005921.jpg,1,oral_normal,oral_normal,স্বাভাবিক মুখের ভেতর,routine
oral_1_005922.jpg,1,oral_normal,oral_normal,স্বাভাবিক মুখের ভেতর,routine
oral_1_005923.jpg,1,oral_normal,oral_normal,স্বাভাবিক মুখের ভেতর,routine
oral_1_005924.jpg,1,oral_normal,oral_normal,স্বাভাবিক মুখের ভেতর,routine
oral_1_005925.jpg,1,oral_normal,oral_normal,স্বাভাবিক মুখের ভেতর,routine
oral_0_005926.jpg,0,oral_scc,oral_scc,মুখের ক্যানসারের মতো পরিবর্তন (OSC সন্দেহ),urgent
oral_0_005927.jpg,0,oral_scc,oral_scc,মুখের ক্যানসারের মতো পরিবর্তন (OSC সন্দেহ),urgent
oral_0_005928.jpg,0,oral_scc,oral_scc,মুখের ক্যানসারের মতো পরিবর্তন (OSC সন্দেহ),urgent
oral_1_005929.jpg,1,oral_normal,oral_normal,স্বাভাবিক মুখের ভেতর,routine
oral_1_005930.jpg,1,oral_normal,oral_normal,স্বাভাবিক মুখের ভেতর,routine
oral_1_005931.jpg,1,oral_normal,oral_normal,স্বাভাবিক মুখের ভেতর,routine
oral_0_005932.jpg,0,oral_scc,oral_scc,মুখের ক্যানসারের মতো পরিবর্তন (OSC সন্দেহ),urgent
oral_1_005933.jpg,1,oral_normal,oral_normal,স্বাভাবিক মুখের ভেতর,routine
oral_1_005934.jpg,1,oral_normal,oral_normal,স্বাভাবিক মুখের ভেতর,routine
oral_1_005935.jpg,1,oral_normal,oral_normal,স্বাভাবিক মুখের ভেতর,routine
oral_0_005936.jpg,0,oral_scc,oral_scc,মুখের ক্যানসারের মতো পরিবর্তন (OSC সন্দেহ),urgent
oral_0_005937.jpg,0,oral_scc,oral_scc,মুখের ক্যানসারের মতো পরিবর্তন (OSC সন্দেহ),urgent
oral_0_005938.jpg,0,oral_scc,oral_scc,মুখের ক্যানসারের মতো পরিবর্তন (OSC সন্দেহ),urgent
oral_1_005939.jpg,1,oral_normal,oral_normal,স্বাভাবিক মুখের ভেতর,routine
oral_0_005940.jpg,0,oral_scc,oral_scc,মুখের ক্যানসারের মতো পরিবর্তন (OSC সন্দেহ),urgent
oral_1_005941.jpg,1,oral_normal,oral_normal,স্বাভাবিক মুখের ভেতর,routine
oral_1_005942.jpg,1,oral_normal,oral_normal,স্বাভাবিক মুখের ভেতর,routine
oral_1_005943.jpg,1,oral_normal,oral_normal,স্বাভাবিক মুখের ভেতর,routine
oral_1_005944.jpg,1,oral_normal,oral_normal,স্বাভাবিক মুখের ভেতর,routine
oral_1_005945.jpg,1,oral_normal,oral_normal,স্বাভাবিক মুখের ভেতর,routine
oral_1_005946.jpg,1,oral_normal,oral_normal,স্বাভাবিক মুখের ভেতর,routine
oral_0_005947.jpg,0,oral_scc,oral_scc,মুখের ক্যানসারের মতো পরিবর্তন (OSC সন্দেহ),urgent
oral_1_005948.jpg,1,oral_normal,oral_normal,স্বাভাবিক মুখের ভেতর,routine
oral_1_005949.jpg,1,oral_normal,oral_normal,স্বাভাবিক মুখের ভেতর,routine
oral_0_005950.jpg,0,oral_scc,oral_scc,মুখের ক্যানসারের মতো পরিবর্তন (OSC সন্দেহ),urgent
oral_0_005951.jpg,0,oral_scc,oral_scc,মুখের ক্যানসারের মতো পরিবর্তন (OSC সন্দেহ),urgent
oral_1_005952.jpg,1,oral_normal,oral_normal,স্বাভাবিক মুখের ভেতর,routine
oral_0_005953.jpg,0,oral_scc,oral_scc,মুখের ক্যানসারের মতো পরিবর্তন (OSC সন্দেহ),urgent
oral_1_005954.jpg,1,oral_normal,oral_normal,স্বাভাবিক মুখের ভেতর,routine
oral_1_005955.jpg,1,oral_normal,oral_normal,স্বাভাবিক মুখের ভেতর,routine
oral_0_005956.jpg,0,oral_scc,oral_scc,মুখের ক্যানসারের মতো পরিবর্তন (OSC সন্দেহ),urgent
oral_1_005957.jpg,1,oral_normal,oral_normal,স্বাভাবিক মুখের ভেতর,routine
oral_1_005958.jpg,1,oral_normal,oral_normal,স্বাভাবিক মুখের ভেতর,routine
oral_0_005959.jpg,0,oral_scc,oral_scc,মুখের ক্যানসারের মতো পরিবর্তন (OSC সন্দেহ),urgent
oral_1_005960.jpg,1,oral_normal,oral_normal,স্বাভাবিক মুখের ভেতর,routine
oral_0_005961.jpg,0,oral_scc,oral_scc,মুখের ক্যানসারের মতো পরিবর্তন (OSC সন্দেহ),urgent
oral_0_005962.jpg,0,oral_scc,oral_scc,মুখের ক্যানসারের মতো পরিবর্তন (OSC সন্দেহ),urgent
oral_1_005963.jpg,1,oral_normal,oral_normal,স্বাভাবিক মুখের ভেতর,routine
oral_1_005964.jpg,1,oral_normal,oral_normal,স্বাভাবিক মুখের ভেতর,routine
oral_1_005965.jpg,1,oral_normal,oral_normal,স্বাভাবিক মুখের ভেতর,routine
oral_1_005966.jpg,1,oral_normal,oral_normal,স্বাভাবিক মুখের ভেতর,routine
oral_1_005967.jpg,1,oral_normal,oral_normal,স্বাভাবিক মুখের ভেতর,routine
oral_0_005968.jpg,0,oral_scc,oral_scc,মুখের ক্যানসারের মতো পরিবর্তন (OSC সন্দেহ),urgent
oral_0_005969.jpg,0,oral_scc,oral_scc,মুখের ক্যানসারের মতো পরিবর্তন (OSC সন্দেহ),urgent
oral_1_005970.jpg,1,oral_normal,oral_normal,স্বাভাবিক মুখের ভেতর,routine
oral_1_005971.jpg,1,oral_normal,oral_normal,স্বাভাবিক মুখের ভেতর,routine
oral_1_005972.jpg,1,oral_normal,oral_normal,স্বাভাবিক মুখের ভেতর,routine
oral_0_005973.jpg,0,oral_scc,oral_scc,মুখের ক্যানসারের মতো পরিবর্তন (OSC সন্দেহ),urgent
oral_1_005974.jpg,1,oral_normal,oral_normal,স্বাভাবিক মুখের ভেতর,routine
oral_0_005975.jpg,0,oral_scc,oral_scc,মুখের ক্যানসারের মতো পরিবর্তন (OSC সন্দেহ),urgent
oral_1_005976.jpg,1,oral_normal,oral_normal,স্বাভাবিক মুখের ভেতর,routine
oral_0_005977.jpg,0,oral_scc,oral_scc,মুখের ক্যানসারের মতো পরিবর্তন (OSC সন্দেহ),urgent
oral_0_005978.jpg,0,oral_scc,oral_scc,মুখের ক্যানসারের মতো পরিবর্তন (OSC সন্দেহ),urgent
oral_0_005979.jpg,0,oral_scc,oral_scc,মুখের ক্যানসারের মতো পরিবর্তন (OSC সন্দেহ),urgent
oral_1_005980.jpg,1,oral_normal,oral_normal,স্বাভাবিক মুখের ভেতর,routine
oral_0_005981.jpg,0,oral_scc,oral_scc,মুখের ক্যানসারের মতো পরিবর্তন (OSC সন্দেহ),urgent
oral_1_005982.jpg,1,oral_normal,oral_normal,স্বাভাবিক মুখের ভেতর,routine
oral_1_005983.jpg,1,oral_normal,oral_normal,স্বাভাবিক মুখের ভেতর,routine
oral_0_005984.jpg,0,oral_scc,oral_scc,মুখের ক্যানসারের মতো পরিবর্তন (OSC সন্দেহ),urgent
oral_0_005985.jpg,0,oral_scc,oral_scc,মুখের ক্যানসারের মতো পরিবর্তন (OSC সন্দেহ),urgent
oral_1_005986.jpg,1,oral_normal,oral_normal,স্বাভাবিক মুখের ভেতর,routine
oral_0_005987.jpg,0,oral_scc,oral_scc,মুখের ক্যানসারের মতো পরিবর্তন (OSC সন্দেহ),urgent
oral_1_005988.jpg,1,oral_normal,oral_normal,স্বাভাবিক মুখের ভেতর,routine
oral_1_005989.jpg,1,oral_normal,oral_normal,স্বাভাবিক মুখের ভেতর,routine
oral_1_005990.jpg,1,oral_normal,oral_normal,স্বাভাবিক মুখের ভেতর,routine
oral_1_005991.jpg,1,oral_normal,oral_normal,স্বাভাবিক মুখের ভেতর,routine
oral_0_005992.jpg,0,oral_scc,oral_scc,মুখের ক্যানসারের মতো পরিবর্তন (OSC সন্দেহ),urgent
oral_1_005993.jpg,1,oral_normal,oral_normal,স্বাভাবিক মুখের ভেতর,routine
oral_1_005994.jpg,1,oral_normal,oral_normal,স্বাভাবিক মুখের ভেতর,routine
oral_0_005995.jpg,0,oral_scc,oral_scc,মুখের ক্যানসারের মতো পরিবর্তন (OSC সন্দেহ),urgent
oral_0_005996.jpg,0,oral_scc,oral_scc,মুখের ক্যানসারের মতো পরিবর্তন (OSC সন্দেহ),urgent
oral_1_005997.jpg,1,oral_normal,oral_normal,স্বাভাবিক মুখের ভেতর,routine
oral_1_005998.jpg,1,oral_normal,oral_normal,স্বাভাবিক মুখের ভেতর,routine
oral_1_005999.jpg,1,oral_normal,oral_normal,স্বাভাবিক মুখের ভেতর,routine
oral_1_006000.jpg,1,oral_normal,oral_normal,স্বাভাবিক মুখের ভেতর,routine
oral_0_006001.jpg,0,oral_scc,oral_scc,মুখের ক্যানসারের মতো পরিবর্তন (OSC সন্দেহ),urgent
oral_0_006002.jpg,0,oral_scc,oral_scc,মুখের ক্যানসারের মতো পরিবর্তন (OSC সন্দেহ),urgent
oral_0_006003.jpg,0,oral_scc,oral_scc,মুখের ক্যানসারের মতো পরিবর্তন (OSC সন্দেহ),urgent
oral_1_006004.jpg,1,oral_normal,oral_normal,স্বাভাবিক মুখের ভেতর,routine
oral_0_006005.jpg,0,oral_scc,oral_scc,মুখের ক্যানসারের মতো পরিবর্তন (OSC সন্দেহ),urgent
oral_0_006006.jpg,0,oral_scc,oral_scc,মুখের ক্যানসারের মতো পরিবর্তন (OSC সন্দেহ),urgent
oral_1_006007.jpg,1,oral_normal,oral_normal,স্বাভাবিক মুখের ভেতর,routine
oral_0_006008.jpg,0,oral_scc,oral_scc,মুখের ক্যানসারের মতো পরিবর্তন (OSC সন্দেহ),urgent
oral_1_006009.jpg,1,oral_normal,oral_normal,স্বাভাবিক মুখের ভেতর,routine
oral_1_006010.jpg,1,oral_normal,oral_normal,স্বাভাবিক মুখের ভেতর,routine
oral_1_006011.jpg,1,oral_normal,oral_normal,স্বাভাবিক মুখের ভেতর,routine
oral_0_006012.jpg,0,oral_scc,oral_scc,মুখের ক্যানসারের মতো পরিবর্তন (OSC সন্দেহ),urgent
oral_1_006013.jpg,1,oral_normal,oral_normal,স্বাভাবিক মুখের ভেতর,routine
oral_0_006014.jpg,0,oral_scc,oral_scc,মুখের ক্যানসারের মতো পরিবর্তন (OSC সন্দেহ),urgent
oral_0_006015.jpg,0,oral_scc,oral_scc,মুখের ক্যানসারের মতো পরিবর্তন (OSC সন্দেহ),urgent
oral_0_006016.jpg,0,oral_scc,oral_scc,মুখের ক্যানসারের মতো পরিবর্তন (OSC সন্দেহ),urgent
oral_1_006017.jpg,1,oral_normal,oral_normal,স্বাভাবিক মুখের ভেতর,routine
oral_0_006018.jpg,0,oral_scc,oral_scc,মুখের ক্যানসারের মতো পরিবর্তন (OSC সন্দেহ),urgent
oral_1_006019.jpg,1,oral_normal,oral_normal,স্বাভাবিক মুখের ভেতর,routine
oral_0_006020.jpg,0,oral_scc,oral_scc,মুখের ক্যানসারের মতো পরিবর্তন (OSC সন্দেহ),urgent
oral_1_006021.jpg,1,oral_normal,oral_normal,স্বাভাবিক মুখের ভেতর,routine
oral_0_006022.jpg,0,oral_scc,oral_scc,মুখের ক্যানসারের মতো পরিবর্তন (OSC সন্দেহ),urgent
oral_1_006023.jpg,1,oral_normal,oral_normal,স্বাভাবিক মুখের ভেতর,routine
oral_1_006024.jpg,1,oral_normal,oral_normal,স্বাভাবিক মুখের ভেতর,routine
oral_0_006025.jpg,0,oral_scc,oral_scc,মুখের ক্যানসারের মতো পরিবর্তন (OSC সন্দেহ),urgent
oral_0_006026.jpg,0,oral_scc,oral_scc,মুখের ক্যানসারের মতো পরিবর্তন (OSC সন্দেহ),urgent
oral_1_006027.jpg,1,oral_normal,oral_normal,স্বাভাবিক মুখের ভেতর,routine
oral_0_006028.jpg,0,oral_scc,oral_scc,মুখের ক্যানসারের মতো পরিবর্তন (OSC সন্দেহ),urgent
oral_0_006029.jpg,0,oral_scc,oral_scc,মুখের ক্যানসারের মতো পরিবর্তন (OSC সন্দেহ),urgent
oral_0_006030.jpg,0,oral_scc,oral_scc,মুখের ক্যানসারের মতো পরিবর্তন (OSC সন্দেহ),urgent
oral_1_006031.jpg,1,oral_normal,oral_normal,স্বাভাবিক মুখের ভেতর,routine
oral_1_006032.jpg,1,oral_normal,oral_normal,স্বাভাবিক মুখের ভেতর,routine
oral_0_006033.jpg,0,oral_scc,oral_scc,মুখের ক্যানসারের মতো পরিবর্তন (OSC সন্দেহ),urgent
oral_0_006034.jpg,0,oral_scc,oral_scc,মুখের ক্যানসারের মতো পরিবর্তন (OSC সন্দেহ),urgent
oral_1_006035.jpg,1,oral_normal,oral_normal,স্বাভাবিক মুখের ভেতর,routine
oral_0_006036.jpg,0,oral_scc,oral_scc,মুখের ক্যানসারের মতো পরিবর্তন (OSC সন্দেহ),urgent
oral_1_006037.jpg,1,oral_normal,oral_normal,স্বাভাবিক মুখের ভেতর,routine
oral_0_006038.jpg,0,oral_scc,oral_scc,মুখের ক্যানসারের মতো পরিবর্তন (OSC সন্দেহ),urgent
oral_0_006039.jpg,0,oral_scc,oral_scc,মুখের ক্যানসারের মতো পরিবর্তন (OSC সন্দেহ),urgent
oral_0_006040.jpg,0,oral_scc,oral_scc,মুখের ক্যানসারের মতো পরিবর্তন (OSC সন্দেহ),urgent
oral_0_006041.jpg,0,oral_scc,oral_scc,মুখের ক্যানসারের মতো পরিবর্তন (OSC সন্দেহ),urgent
oral_1_006042.jpg,1,oral_normal,oral_normal,স্বাভাবিক মুখের ভেতর,routine
oral_0_006043.jpg,0,oral_scc,oral_scc,মুখের ক্যানসারের মতো পরিবর্তন (OSC সন্দেহ),urgent
oral_0_006044.jpg,0,oral_scc,oral_scc,মুখের ক্যানসারের মতো পরিবর্তন (OSC সন্দেহ),urgent
oral_1_006045.jpg,1,oral_normal,oral_normal,স্বাভাবিক মুখের ভেতর,routine
oral_1_006046.jpg,1,oral_normal,oral_normal,স্বাভাবিক মুখের ভেতর,routine
oral_1_006047.jpg,1,oral_normal,oral_normal,স্বাভাবিক মুখের ভেতর,routine
oral_0_006048.jpg,0,oral_scc,oral_scc,মুখের ক্যানসারের মতো পরিবর্তন (OSC সন্দেহ),urgent
oral_1_006049.jpg,1,oral_normal,oral_normal,স্বাভাবিক মুখের ভেতর,routine
oral_0_006050.jpg,0,oral_scc,oral_scc,মুখের ক্যানসারের মতো পরিবর্তন (OSC সন্দেহ),urgent
oral_1_006051.jpg,1,oral_normal,oral_normal,স্বাভাবিক মুখের ভেতর,routine
oral_0_006052.jpg,0,oral_scc,oral_scc,মুখের ক্যানসারের মতো পরিবর্তন (OSC সন্দেহ),urgent
oral_1_006053.jpg,1,oral_normal,oral_normal,স্বাভাবিক মুখের ভেতর,routine
oral_1_006054.jpg,1,oral_normal,oral_normal,স্বাভাবিক মুখের ভেতর,routine
oral_0_006055.jpg,0,oral_scc,oral_scc,মুখের ক্যানসারের মতো পরিবর্তন (OSC সন্দেহ),urgent
oral_0_006056.jpg,0,oral_scc,oral_scc,মুখের ক্যানসারের মতো পরিবর্তন (OSC সন্দেহ),urgent
oral_1_006057.jpg,1,oral_normal,oral_normal,স্বাভাবিক মুখের ভেতর,routine
oral_1_006058.jpg,1,oral_normal,oral_normal,স্বাভাবিক মুখের ভেতর,routine
oral_1_006059.jpg,1,oral_normal,oral_normal,স্বাভাবিক মুখের ভেতর,routine
oral_1_006060.jpg,1,oral_normal,oral_normal,স্বাভাবিক মুখের ভেতর,routine
oral_0_006061.jpg,0,oral_scc,oral_scc,মুখের ক্যানসারের মতো পরিবর্তন (OSC সন্দেহ),urgent
oral_1_006062.jpg,1,oral_normal,oral_normal,স্বাভাবিক মুখের ভেতর,routine
oral_1_006063.jpg,1,oral_normal,oral_normal,স্বাভাবিক মুখের ভেতর,routine
oral_1_006064.jpg,1,oral_normal,oral_normal,স্বাভাবিক মুখের ভেতর,routine
oral_0_006065.jpg,0,oral_scc,oral_scc,মুখের ক্যানসারের মতো পরিবর্তন (OSC সন্দেহ),urgent
oral_1_006066.jpg,1,oral_normal,oral_normal,স্বাভাবিক মুখের ভেতর,routine
oral_0_006067.jpg,0,oral_scc,oral_scc,মুখের ক্যানসারের মতো পরিবর্তন (OSC সন্দেহ),urgent
oral_0_006068.jpg,0,oral_scc,oral_scc,মুখের ক্যানসারের মতো পরিবর্তন (OSC সন্দেহ),urgent
oral_0_006069.jpg,0,oral_scc,oral_scc,মুখের ক্যানসারের মতো পরিবর্তন (OSC সন্দেহ),urgent
oral_0_006070.jpg,0,oral_scc,oral_scc,মুখের ক্যানসারের মতো পরিবর্তন (OSC সন্দেহ),urgent
oral_1_006071.jpg,1,oral_normal,oral_normal,স্বাভাবিক মুখের ভেতর,routine
oral_1_006072.jpg,1,oral_normal,oral_normal,স্বাভাবিক মুখের ভেতর,routine
oral_0_006073.jpg,0,oral_scc,oral_scc,মুখের ক্যানসারের মতো পরিবর্তন (OSC সন্দেহ),urgent
oral_0_006074.jpg,0,oral_scc,oral_scc,মুখের ক্যানসারের মতো পরিবর্তন (OSC সন্দেহ),urgent
oral_1_006075.jpg,1,oral_normal,oral_normal,স্বাভাবিক মুখের ভেতর,routine
oral_0_006076.jpg,0,oral_scc,oral_scc,মুখের ক্যানসারের মতো পরিবর্তন (OSC সন্দেহ),urgent
oral_1_006077.jpg,1,oral_normal,oral_normal,স্বাভাবিক মুখের ভেতর,routine
oral_1_006078.jpg,1,oral_normal,oral_normal,স্বাভাবিক মুখের ভেতর,routine
oral_1_006079.jpg,1,oral_normal,oral_normal,স্বাভাবিক মুখের ভেতর,routine
oral_1_006080.jpg,1,oral_normal,oral_normal,স্বাভাবিক মুখের ভেতর,routine
oral_0_006081.jpg,0,oral_scc,oral_scc,মুখের ক্যানসারের মতো পরিবর্তন (OSC সন্দেহ),urgent
oral_0_006082.jpg,0,oral_scc,oral_scc,মুখের ক্যানসারের মতো পরিবর্তন (OSC সন্দেহ),urgent
oral_0_006083.jpg,0,oral_scc,oral_scc,মুখের ক্যানসারের মতো পরিবর্তন (OSC সন্দেহ),urgent
oral_1_006084.jpg,1,oral_normal,oral_normal,স্বাভাবিক মুখের ভেতর,routine
oral_1_006085.jpg,1,oral_normal,oral_normal,স্বাভাবিক মুখের ভেতর,routine
oral_1_006086.jpg,1,oral_normal,oral_normal,স্বাভাবিক মুখের ভেতর,routine
oral_1_006087.jpg,1,oral_normal,oral_normal,স্বাভাবিক মুখের ভেতর,routine
oral_1_006088.jpg,1,oral_normal,oral_normal,স্বাভাবিক মুখের ভেতর,routine
oral_1_006089.jpg,1,oral_normal,oral_normal,স্বাভাবিক মুখের ভেতর,routine
oral_1_006090.jpg,1,oral_normal,oral_normal,স্বাভাবিক মুখের ভেতর,routine
oral_0_006091.jpg,0,oral_scc,oral_scc,মুখের ক্যানসারের মতো পরিবর্তন (OSC সন্দেহ),urgent
oral_0_006092.jpg,0,oral_scc,oral_scc,মুখের ক্যানসারের মতো পরিবর্তন (OSC সন্দেহ),urgent
oral_0_006093.jpg,0,oral_scc,oral_scc,মুখের ক্যানসারের মতো পরিবর্তন (OSC সন্দেহ),urgent
oral_0_006094.jpg,0,oral_scc,oral_scc,মুখের ক্যানসারের মতো পরিবর্তন (OSC সন্দেহ),urgent
oral_1_006095.jpg,1,oral_normal,oral_normal,স্বাভাবিক মুখের ভেতর,routine
oral_0_006096.jpg,0,oral_scc,oral_scc,মুখের ক্যানসারের মতো পরিবর্তন (OSC সন্দেহ),urgent
oral_0_006097.jpg,0,oral_scc,oral_scc,মুখের ক্যানসারের মতো পরিবর্তন (OSC সন্দেহ),urgent
oral_0_006098.jpg,0,oral_scc,oral_scc,মুখের ক্যানসারের মতো পরিবর্তন (OSC সন্দেহ),urgent
oral_1_006099.jpg,1,oral_normal,oral_normal,স্বাভাবিক মুখের ভেতর,routine
oral_0_006100.jpg,0,oral_scc,oral_scc,মুখের ক্যানসারের মতো পরিবর্তন (OSC সন্দেহ),urgent
oral_1_006101.jpg,1,oral_normal,oral_normal,স্বাভাবিক মুখের ভেতর,routine
oral_0_006102.jpg,0,oral_scc,oral_scc,মুখের ক্যানসারের মতো পরিবর্তন (OSC সন্দেহ),urgent
oral_1_006103.jpg,1,oral_normal,oral_normal,স্বাভাবিক মুখের ভেতর,routine
oral_0_006104.jpg,0,oral_scc,oral_scc,মুখের ক্যানসারের মতো পরিবর্তন (OSC সন্দেহ),urgent
oral_0_006105.jpg,0,oral_scc,oral_scc,মুখের ক্যানসারের মতো পরিবর্তন (OSC সন্দেহ),urgent
oral_0_006106.jpg,0,oral_scc,oral_scc,মুখের ক্যানসারের মতো পরিবর্তন (OSC সন্দেহ),urgent
oral_1_006107.jpg,1,oral_normal,oral_normal,স্বাভাবিক মুখের ভেতর,routine
oral_1_006108.jpg,1,oral_normal,oral_normal,স্বাভাবিক মুখের ভেতর,routine
oral_1_006109.jpg,1,oral_normal,oral_normal,স্বাভাবিক মুখের ভেতর,routine
oral_0_006110.jpg,0,oral_scc,oral_scc,মুখের ক্যানসারের মতো পরিবর্তন (OSC সন্দেহ),urgent
oral_1_006111.jpg,1,oral_normal,oral_normal,স্বাভাবিক মুখের ভেতর,routine
oral_1_006112.jpg,1,oral_normal,oral_normal,স্বাভাবিক মুখের ভেতর,routine
oral_1_006113.jpg,1,oral_normal,oral_normal,স্বাভাবিক মুখের ভেতর,routine
oral_1_006114.jpg,1,oral_normal,oral_normal,স্বাভাবিক মুখের ভেতর,routine
oral_0_006115.jpg,0,oral_scc,oral_scc,মুখের ক্যানসারের মতো পরিবর্তন (OSC সন্দেহ),urgent
oral_0_006116.jpg,0,oral_scc,oral_scc,মুখের ক্যানসারের মতো পরিবর্তন (OSC সন্দেহ),urgent
oral_0_006117.jpg,0,oral_scc,oral_scc,মুখের ক্যানসারের মতো পরিবর্তন (OSC সন্দেহ),urgent
oral_0_006118.jpg,0,oral_scc,oral_scc,মুখের ক্যানসারের মতো পরিবর্তন (OSC সন্দেহ),urgent
oral_1_006119.jpg,1,oral_normal,oral_normal,স্বাভাবিক মুখের ভেতর,routine
oral_1_006120.jpg,1,oral_normal,oral_normal,স্বাভাবিক মুখের ভেতর,routine
oral_0_006121.jpg,0,oral_scc,oral_scc,মুখের ক্যানসারের মতো পরিবর্তন (OSC সন্দেহ),urgent
oral_1_006122.jpg,1,oral_normal,oral_normal,স্বাভাবিক মুখের ভেতর,routine
oral_1_006123.jpg,1,oral_normal,oral_normal,স্বাভাবিক মুখের ভেতর,routine
oral_0_006124.jpg,0,oral_scc,oral_scc,মুখের ক্যানসারের মতো পরিবর্তন (OSC সন্দেহ),urgent
oral_0_006125.jpg,0,oral_scc,oral_scc,মুখের ক্যানসারের মতো পরিবর্তন (OSC সন্দেহ),urgent
oral_0_006126.jpg,0,oral_scc,oral_scc,মুখের ক্যানসারের মতো পরিবর্তন (OSC সন্দেহ),urgent
oral_0_006127.jpg,0,oral_scc,oral_scc,মুখের ক্যানসারের মতো পরিবর্তন (OSC সন্দেহ),urgent
oral_0_006128.jpg,0,oral_scc,oral_scc,মুখের ক্যানসারের মতো পরিবর্তন (OSC সন্দেহ),urgent
oral_1_006129.jpg,1,oral_normal,oral_normal,স্বাভাবিক মুখের ভেতর,routine
oral_1_006130.jpg,1,oral_normal,oral_normal,স্বাভাবিক মুখের ভেতর,routine
oral_0_006131.jpg,0,oral_scc,oral_scc,মুখের ক্যানসারের মতো পরিবর্তন (OSC সন্দেহ),urgent
oral_0_006132.jpg,0,oral_scc,oral_scc,মুখের ক্যানসারের মতো পরিবর্তন (OSC সন্দেহ),urgent
oral_1_006133.jpg,1,oral_normal,oral_normal,স্বাভাবিক মুখের ভেতর,routine
oral_1_006134.jpg,1,oral_normal,oral_normal,স্বাভাবিক মুখের ভেতর,routine
oral_1_006135.jpg,1,oral_normal,oral_normal,স্বাভাবিক মুখের ভেতর,routine
oral_0_006136.jpg,0,oral_scc,oral_scc,মুখের ক্যানসারের মতো পরিবর্তন (OSC সন্দেহ),urgent
oral_0_006137.jpg,0,oral_scc,oral_scc,মুখের ক্যানসারের মতো পরিবর্তন (OSC সন্দেহ),urgent
oral_0_006138.jpg,0,oral_scc,oral_scc,মুখের ক্যানসারের মতো পরিবর্তন (OSC সন্দেহ),urgent
oral_0_006139.jpg,0,oral_scc,oral_scc,মুখের ক্যানসারের মতো পরিবর্তন (OSC সন্দেহ),urgent
oral_0_006140.jpg,0,oral_scc,oral_scc,মুখের ক্যানসারের মতো পরিবর্তন (OSC সন্দেহ),urgent
oral_0_006141.jpg,0,oral_scc,oral_scc,মুখের ক্যানসারের মতো পরিবর্তন (OSC সন্দেহ),urgent
oral_0_006142.jpg,0,oral_scc,oral_scc,মুখের ক্যানসারের মতো পরিবর্তন (OSC সন্দেহ),urgent
oral_0_006143.jpg,0,oral_scc,oral_scc,মুখের ক্যানসারের মতো পরিবর্তন (OSC সন্দেহ),urgent
oral_1_006144.jpg,1,oral_normal,oral_normal,স্বাভাবিক মুখের ভেতর,routine
oral_1_006145.jpg,1,oral_normal,oral_normal,স্বাভাবিক মুখের ভেতর,routine
oral_0_006146.jpg,0,oral_scc,oral_scc,মুখের ক্যানসারের মতো পরিবর্তন (OSC সন্দেহ),urgent
oral_1_006147.jpg,1,oral_normal,oral_normal,স্বাভাবিক মুখের ভেতর,routine
oral_0_006148.jpg,0,oral_scc,oral_scc,মুখের ক্যানসারের মতো পরিবর্তন (OSC সন্দেহ),urgent
oral_0_006149.jpg,0,oral_scc,oral_scc,মুখের ক্যানসারের মতো পরিবর্তন (OSC সন্দেহ),urgent
oral_0_006150.jpg,0,oral_scc,oral_scc,মুখের ক্যানসারের মতো পরিবর্তন (OSC সন্দেহ),urgent
oral_1_006151.jpg,1,oral_normal,oral_normal,স্বাভাবিক মুখের ভেতর,routine
oral_0_006152.jpg,0,oral_scc,oral_scc,মুখের ক্যানসারের মতো পরিবর্তন (OSC সন্দেহ),urgent
oral_1_006153.jpg,1,oral_normal,oral_normal,স্বাভাবিক মুখের ভেতর,routine
oral_1_006154.jpg,1,oral_normal,oral_normal,স্বাভাবিক মুখের ভেতর,routine
oral_1_006155.jpg,1,oral_normal,oral_normal,স্বাভাবিক মুখের ভেতর,routine
oral_1_006156.jpg,1,oral_normal,oral_normal,স্বাভাবিক মুখের ভেতর,routine
oral_1_006157.jpg,1,oral_normal,oral_normal,স্বাভাবিক মুখের ভেতর,routine
oral_1_006158.jpg,1,oral_normal,oral_normal,স্বাভাবিক মুখের ভেতর,routine
oral_0_006159.jpg,0,oral_scc,oral_scc,মুখের ক্যানসারের মতো পরিবর্তন (OSC সন্দেহ),urgent
oral_1_006160.jpg,1,oral_normal,oral_normal,স্বাভাবিক মুখের ভেতর,routine
oral_0_006161.jpg,0,oral_scc,oral_scc,মুখের ক্যানসারের মতো পরিবর্তন (OSC সন্দেহ),urgent
oral_1_006162.jpg,1,oral_normal,oral_normal,স্বাভাবিক মুখের ভেতর,routine
oral_1_006163.jpg,1,oral_normal,oral_normal,স্বাভাবিক মুখের ভেতর,routine
oral_0_006164.jpg,0,oral_scc,oral_scc,মুখের ক্যানসারের মতো পরিবর্তন (OSC সন্দেহ),urgent
oral_1_006165.jpg,1,oral_normal,oral_normal,স্বাভাবিক মুখের ভেতর,routine
oral_0_006166.jpg,0,oral_scc,oral_scc,মুখের ক্যানসারের মতো পরিবর্তন (OSC সন্দেহ),urgent
oral_0_006167.jpg,0,oral_scc,oral_scc,মুখের ক্যানসারের মতো পরিবর্তন (OSC সন্দেহ),urgent
oral_1_006168.jpg,1,oral_normal,oral_normal,স্বাভাবিক মুখের ভেতর,routine
oral_1_006169.jpg,1,oral_normal,oral_normal,স্বাভাবিক মুখের ভেতর,routine
oral_1_006170.jpg,1,oral_normal,oral_normal,স্বাভাবিক মুখের ভেতর,routine
oral_0_006171.jpg,0,oral_scc,oral_scc,মুখের ক্যানসারের মতো পরিবর্তন (OSC সন্দেহ),urgent
oral_0_006172.jpg,0,oral_scc,oral_scc,মুখের ক্যানসারের মতো পরিবর্তন (OSC সন্দেহ),urgent
oral_0_006173.jpg,0,oral_scc,oral_scc,মুখের ক্যানসারের মতো পরিবর্তন (OSC সন্দেহ),urgent
oral_0_006174.jpg,0,oral_scc,oral_scc,মুখের ক্যানসারের মতো পরিবর্তন (OSC সন্দেহ),urgent
oral_0_006175.jpg,0,oral_scc,oral_scc,মুখের ক্যানসারের মতো পরিবর্তন (OSC সন্দেহ),urgent
oral_1_006176.jpg,1,oral_normal,oral_normal,স্বাভাবিক মুখের ভেতর,routine
oral_0_006177.jpg,0,oral_scc,oral_scc,মুখের ক্যানসারের মতো পরিবর্তন (OSC সন্দেহ),urgent
oral_0_006178.jpg,0,oral_scc,oral_scc,মুখের ক্যানসারের মতো পরিবর্তন (OSC সন্দেহ),urgent
oral_1_006179.jpg,1,oral_normal,oral_normal,স্বাভাবিক মুখের ভেতর,routine
oral_1_006180.jpg,1,oral_normal,oral_normal,স্বাভাবিক মুখের ভেতর,routine
oral_1_006181.jpg,1,oral_normal,oral_normal,স্বাভাবিক মুখের ভেতর,routine
oral_1_006182.jpg,1,oral_normal,oral_normal,স্বাভাবিক মুখের ভেতর,routine
oral_1_006183.jpg,1,oral_normal,oral_normal,স্বাভাবিক মুখের ভেতর,routine
oral_0_006184.jpg,0,oral_scc,oral_scc,মুখের ক্যানসারের মতো পরিবর্তন (OSC সন্দেহ),urgent
oral_1_006185.jpg,1,oral_normal,oral_normal,স্বাভাবিক মুখের ভেতর,routine
oral_1_006186.jpg,1,oral_normal,oral_normal,স্বাভাবিক মুখের ভেতর,routine
oral_0_006187.jpg,0,oral_scc,oral_scc,মুখের ক্যানসারের মতো পরিবর্তন (OSC সন্দেহ),urgent
oral_1_006188.jpg,1,oral_normal,oral_normal,স্বাভাবিক মুখের ভেতর,routine
oral_1_006189.jpg,1,oral_normal,oral_normal,স্বাভাবিক মুখের ভেতর,routine
oral_0_006190.jpg,0,oral_scc,oral_scc,মুখের ক্যানসারের মতো পরিবর্তন (OSC সন্দেহ),urgent
oral_1_006191.jpg,1,oral_normal,oral_normal,স্বাভাবিক মুখের ভেতর,routine
oral_0_006192.jpg,0,oral_scc,oral_scc,মুখের ক্যানসারের মতো পরিবর্তন (OSC সন্দেহ),urgent
oral_0_006193.jpg,0,oral_scc,oral_scc,মুখের ক্যানসারের মতো পরিবর্তন (OSC সন্দেহ),urgent
oral_0_006194.jpg,0,oral_scc,oral_scc,মুখের ক্যানসারের মতো পরিবর্তন (OSC সন্দেহ),urgent
oral_1_006195.jpg,1,oral_normal,oral_normal,স্বাভাবিক মুখের ভেতর,routine
oral_1_006196.jpg,1,oral_normal,oral_normal,স্বাভাবিক মুখের ভেতর,routine
oral_1_006197.jpg,1,oral_normal,oral_normal,স্বাভাবিক মুখের ভেতর,routine
oral_0_006198.jpg,0,oral_scc,oral_scc,মুখের ক্যানসারের মতো পরিবর্তন (OSC সন্দেহ),urgent
oral_1_006199.jpg,1,oral_normal,oral_normal,স্বাভাবিক মুখের ভেতর,routine
oral_1_006200.jpg,1,oral_normal,oral_normal,স্বাভাবিক মুখের ভেতর,routine
oral_0_006201.jpg,0,oral_scc,oral_scc,মুখের ক্যানসারের মতো পরিবর্তন (OSC সন্দেহ),urgent
oral_0_006202.jpg,0,oral_scc,oral_scc,মুখের ক্যানসারের মতো পরিবর্তন (OSC সন্দেহ),urgent
oral_1_006203.jpg,1,oral_normal,oral_normal,স্বাভাবিক মুখের ভেতর,routine
oral_1_006204.jpg,1,oral_normal,oral_normal,স্বাভাবিক মুখের ভেতর,routine
oral_0_006205.jpg,0,oral_scc,oral_scc,মুখের ক্যানসারের মতো পরিবর্তন (OSC সন্দেহ),urgent
oral_1_006206.jpg,1,oral_normal,oral_normal,স্বাভাবিক মুখের ভেতর,routine
oral_1_006207.jpg,1,oral_normal,oral_normal,স্বাভাবিক মুখের ভেতর,routine
oral_0_006208.jpg,0,oral_scc,oral_scc,মুখের ক্যানসারের মতো পরিবর্তন (OSC সন্দেহ),urgent
oral_0_006209.jpg,0,oral_scc,oral_scc,মুখের ক্যানসারের মতো পরিবর্তন (OSC সন্দেহ),urgent
oral_0_006210.jpg,0,oral_scc,oral_scc,মুখের ক্যানসারের মতো পরিবর্তন (OSC সন্দেহ),urgent
oral_0_006211.jpg,0,oral_scc,oral_scc,মুখের ক্যানসারের মতো পরিবর্তন (OSC সন্দেহ),urgent
oral_0_006212.jpg,0,oral_scc,oral_scc,মুখের ক্যানসারের মতো পরিবর্তন (OSC সন্দেহ),urgent
oral_0_006213.jpg,0,oral_scc,oral_scc,মুখের ক্যানসারের মতো পরিবর্তন (OSC সন্দেহ),urgent
oral_0_006214.jpg,0,oral_scc,oral_scc,মুখের ক্যানসারের মতো পরিবর্তন (OSC সন্দেহ),urgent
oral_0_006215.jpg,0,oral_scc,oral_scc,মুখের ক্যানসারের মতো পরিবর্তন (OSC সন্দেহ),urgent
oral_0_006216.jpg,0,oral_scc,oral_scc,মুখের ক্যানসারের মতো পরিবর্তন (OSC সন্দেহ),urgent
oral_0_006217.jpg,0,oral_scc,oral_scc,মুখের ক্যানসারের মতো পরিবর্তন (OSC সন্দেহ),urgent
oral_0_006218.jpg,0,oral_scc,oral_scc,মুখের ক্যানসারের মতো পরিবর্তন (OSC সন্দেহ),urgent
oral_1_006219.jpg,1,oral_normal,oral_normal,স্বাভাবিক মুখের ভেতর,routine
oral_0_006220.jpg,0,oral_scc,oral_scc,মুখের ক্যানসারের মতো পরিবর্তন (OSC সন্দেহ),urgent
oral_0_006221.jpg,0,oral_scc,oral_scc,মুখের ক্যানসারের মতো পরিবর্তন (OSC সন্দেহ),urgent
oral_1_006222.jpg,1,oral_normal,oral_normal,স্বাভাবিক মুখের ভেতর,routine
oral_1_006223.jpg,1,oral_normal,oral_normal,স্বাভাবিক মুখের ভেতর,routine
oral_1_006224.jpg,1,oral_normal,oral_normal,স্বাভাবিক মুখের ভেতর,routine
oral_1_006225.jpg,1,oral_normal,oral_normal,স্বাভাবিক মুখের ভেতর,routine
oral_1_006226.jpg,1,oral_normal,oral_normal,স্বাভাবিক মুখের ভেতর,routine
oral_0_006227.jpg,0,oral_scc,oral_scc,মুখের ক্যানসারের মতো পরিবর্তন (OSC সন্দেহ),urgent
oral_1_006228.jpg,1,oral_normal,oral_normal,স্বাভাবিক মুখের ভেতর,routine
oral_0_006229.jpg,0,oral_scc,oral_scc,মুখের ক্যানসারের মতো পরিবর্তন (OSC সন্দেহ),urgent
oral_0_006230.jpg,0,oral_scc,oral_scc,মুখের ক্যানসারের মতো পরিবর্তন (OSC সন্দেহ),urgent
oral_1_006231.jpg,1,oral_normal,oral_normal,স্বাভাবিক মুখের ভেতর,routine
oral_1_006232.jpg,1,oral_normal,oral_normal,স্বাভাবিক মুখের ভেতর,routine
oral_1_006233.jpg,1,oral_normal,oral_normal,স্বাভাবিক মুখের ভেতর,routine
oral_1_006234.jpg,1,oral_normal,oral_normal,স্বাভাবিক মুখের ভেতর,routine
oral_1_006235.jpg,1,oral_normal,oral_normal,স্বাভাবিক মুখের ভেতর,routine
oral_1_006236.jpg,1,oral_normal,oral_normal,স্বাভাবিক মুখের ভেতর,routine
oral_0_006237.jpg,0,oral_scc,oral_scc,মুখের ক্যানসারের মতো পরিবর্তন (OSC সন্দেহ),urgent
oral_0_006238.jpg,0,oral_scc,oral_scc,মুখের ক্যানসারের মতো পরিবর্তন (OSC সন্দেহ),urgent
oral_1_006239.jpg,1,oral_normal,oral_normal,স্বাভাবিক মুখের ভেতর,routine
oral_1_006240.jpg,1,oral_normal,oral_normal,স্বাভাবিক মুখের ভেতর,routine
oral_1_006241.jpg,1,oral_normal,oral_normal,স্বাভাবিক মুখের ভেতর,routine
oral_0_006242.jpg,0,oral_scc,oral_scc,মুখের ক্যানসারের মতো পরিবর্তন (OSC সন্দেহ),urgent
oral_0_006243.jpg,0,oral_scc,oral_scc,মুখের ক্যানসারের মতো পরিবর্তন (OSC সন্দেহ),urgent
oral_1_006244.jpg,1,oral_normal,oral_normal,স্বাভাবিক মুখের ভেতর,routine
oral_1_006245.jpg,1,oral_normal,oral_normal,স্বাভাবিক মুখের ভেতর,routine
oral_0_006246.jpg,0,oral_scc,oral_scc,মুখের ক্যানসারের মতো পরিবর্তন (OSC সন্দেহ),urgent
oral_1_006247.jpg,1,oral_normal,oral_normal,স্বাভাবিক মুখের ভেতর,routine
oral_1_006248.jpg,1,oral_normal,oral_normal,স্বাভাবিক মুখের ভেতর,routine
oral_0_006249.jpg,0,oral_scc,oral_scc,মুখের ক্যানসারের মতো পরিবর্তন (OSC সন্দেহ),urgent
oral_1_006250.jpg,1,oral_normal,oral_normal,স্বাভাবিক মুখের ভেতর,routine
oral_1_006251.jpg,1,oral_normal,oral_normal,স্বাভাবিক মুখের ভেতর,routine
oral_1_006252.jpg,1,oral_normal,oral_normal,স্বাভাবিক মুখের ভেতর,routine
oral_0_006253.jpg,0,oral_scc,oral_scc,মুখের ক্যানসারের মতো পরিবর্তন (OSC সন্দেহ),urgent
oral_1_006254.jpg,1,oral_normal,oral_normal,স্বাভাবিক মুখের ভেতর,routine
oral_1_006255.jpg,1,oral_normal,oral_normal,স্বাভাবিক মুখের ভেতর,routine
oral_0_006256.jpg,0,oral_scc,oral_scc,মুখের ক্যানসারের মতো পরিবর্তন (OSC সন্দেহ),urgent
oral_1_006257.jpg,1,oral_normal,oral_normal,স্বাভাবিক মুখের ভেতর,routine
oral_1_006258.jpg,1,oral_normal,oral_normal,স্বাভাবিক মুখের ভেতর,routine
oral_0_006259.jpg,0,oral_scc,oral_scc,মুখের ক্যানসারের মতো পরিবর্তন (OSC সন্দেহ),urgent
oral_0_006260.jpg,0,oral_scc,oral_scc,মুখের ক্যানসারের মতো পরিবর্তন (OSC সন্দেহ),urgent
oral_0_006261.jpg,0,oral_scc,oral_scc,মুখের ক্যানসারের মতো পরিবর্তন (OSC সন্দেহ),urgent
oral_0_006262.jpg,0,oral_scc,oral_scc,মুখের ক্যানসারের মতো পরিবর্তন (OSC সন্দেহ),urgent
oral_0_006263.jpg,0,oral_scc,oral_scc,মুখের ক্যানসারের মতো পরিবর্তন (OSC সন্দেহ),urgent
oral_0_006264.jpg,0,oral_scc,oral_scc,মুখের ক্যানসারের মতো পরিবর্তন (OSC সন্দেহ),urgent
oral_1_006265.jpg,1,oral_normal,oral_normal,স্বাভাবিক মুখের ভেতর,routine
oral_0_006266.jpg,0,oral_scc,oral_scc,মুখের ক্যানসারের মতো পরিবর্তন (OSC সন্দেহ),urgent
oral_1_006267.jpg,1,oral_normal,oral_normal,স্বাভাবিক মুখের ভেতর,routine
oral_1_006268.jpg,1,oral_normal,oral_normal,স্বাভাবিক মুখের ভেতর,routine
oral_0_006269.jpg,0,oral_scc,oral_scc,মুখের ক্যানসারের মতো পরিবর্তন (OSC সন্দেহ),urgent
oral_0_006270.jpg,0,oral_scc,oral_scc,মুখের ক্যানসারের মতো পরিবর্তন (OSC সন্দেহ),urgent
oral_0_006271.jpg,0,oral_scc,oral_scc,মুখের ক্যানসারের মতো পরিবর্তন (OSC সন্দেহ),urgent
oral_1_006272.jpg,1,oral_normal,oral_normal,স্বাভাবিক মুখের ভেতর,routine
oral_0_006273.jpg,0,oral_scc,oral_scc,মুখের ক্যানসারের মতো পরিবর্তন (OSC সন্দেহ),urgent
oral_0_006274.jpg,0,oral_scc,oral_scc,মুখের ক্যানসারের মতো পরিবর্তন (OSC সন্দেহ),urgent
oral_0_006275.jpg,0,oral_scc,oral_scc,মুখের ক্যানসারের মতো পরিবর্তন (OSC সন্দেহ),urgent
oral_1_006276.jpg,1,oral_normal,oral_normal,স্বাভাবিক মুখের ভেতর,routine
oral_0_006277.jpg,0,oral_scc,oral_scc,মুখের ক্যানসারের মতো পরিবর্তন (OSC সন্দেহ),urgent
oral_0_006278.jpg,0,oral_scc,oral_scc,মুখের ক্যানসারের মতো পরিবর্তন (OSC সন্দেহ),urgent
oral_1_006279.jpg,1,oral_normal,oral_normal,স্বাভাবিক মুখের ভেতর,routine
oral_1_006280.jpg,1,oral_normal,oral_normal,স্বাভাবিক মুখের ভেতর,routine
oral_0_006281.jpg,0,oral_scc,oral_scc,মুখের ক্যানসারের মতো পরিবর্তন (OSC সন্দেহ),urgent
oral_0_006282.jpg,0,oral_scc,oral_scc,মুখের ক্যানসারের মতো পরিবর্তন (OSC সন্দেহ),urgent
oral_0_006283.jpg,0,oral_scc,oral_scc,মুখের ক্যানসারের মতো পরিবর্তন (OSC সন্দেহ),urgent
oral_0_006284.jpg,0,oral_scc,oral_scc,মুখের ক্যানসারের মতো পরিবর্তন (OSC সন্দেহ),urgent
oral_1_006285.jpg,1,oral_normal,oral_normal,স্বাভাবিক মুখের ভেতর,routine
oral_1_006286.jpg,1,oral_normal,oral_normal,স্বাভাবিক মুখের ভেতর,routine
oral_1_006287.jpg,1,oral_normal,oral_normal,স্বাভাবিক মুখের ভেতর,routine
oral_1_006288.jpg,1,oral_normal,oral_normal,স্বাভাবিক মুখের ভেতর,routine
oral_1_006289.jpg,1,oral_normal,oral_normal,স্বাভাবিক মুখের ভেতর,routine
oral_0_006290.jpg,0,oral_scc,oral_scc,মুখের ক্যানসারের মতো পরিবর্তন (OSC সন্দেহ),urgent
oral_1_006291.jpg,1,oral_normal,oral_normal,স্বাভাবিক মুখের ভেতর,routine
oral_0_006292.jpg,0,oral_scc,oral_scc,মুখের ক্যানসারের মতো পরিবর্তন (OSC সন্দেহ),urgent
oral_0_006293.jpg,0,oral_scc,oral_scc,মুখের ক্যানসারের মতো পরিবর্তন (OSC সন্দেহ),urgent
oral_1_006294.jpg,1,oral_normal,oral_normal,স্বাভাবিক মুখের ভেতর,routine
oral_1_006295.jpg,1,oral_normal,oral_normal,স্বাভাবিক মুখের ভেতর,routine
oral_1_006296.jpg,1,oral_normal,oral_normal,স্বাভাবিক মুখের ভেতর,routine
oral_1_006297.jpg,1,oral_normal,oral_normal,স্বাভাবিক মুখের ভেতর,routine
oral_1_006298.jpg,1,oral_normal,oral_normal,স্বাভাবিক মুখের ভেতর,routine
oral_0_006299.jpg,0,oral_scc,oral_scc,মুখের ক্যানসারের মতো পরিবর্তন (OSC সন্দেহ),urgent
oral_0_006300.jpg,0,oral_scc,oral_scc,মুখের ক্যানসারের মতো পরিবর্তন (OSC সন্দেহ),urgent
oral_0_006301.jpg,0,oral_scc,oral_scc,মুখের ক্যানসারের মতো পরিবর্তন (OSC সন্দেহ),urgent
oral_0_006302.jpg,0,oral_scc,oral_scc,মুখের ক্যানসারের মতো পরিবর্তন (OSC সন্দেহ),urgent
oral_0_006303.jpg,0,oral_scc,oral_scc,মুখের ক্যানসারের মতো পরিবর্তন (OSC সন্দেহ),urgent
oral_1_006304.jpg,1,oral_normal,oral_normal,স্বাভাবিক মুখের ভেতর,routine
oral_0_006305.jpg,0,oral_scc,oral_scc,মুখের ক্যানসারের মতো পরিবর্তন (OSC সন্দেহ),urgent
oral_0_006306.jpg,0,oral_scc,oral_scc,মুখের ক্যানসারের মতো পরিবর্তন (OSC সন্দেহ),urgent
oral_1_006307.jpg,1,oral_normal,oral_normal,স্বাভাবিক মুখের ভেতর,routine
oral_1_006308.jpg,1,oral_normal,oral_normal,স্বাভাবিক মুখের ভেতর,routine
oral_1_006309.jpg,1,oral_normal,oral_normal,স্বাভাবিক মুখের ভেতর,routine
oral_1_006310.jpg,1,oral_normal,oral_normal,স্বাভাবিক মুখের ভেতর,routine
oral_0_006311.jpg,0,oral_scc,oral_scc,মুখের ক্যানসারের মতো পরিবর্তন (OSC সন্দেহ),urgent
oral_1_006312.jpg,1,oral_normal,oral_normal,স্বাভাবিক মুখের ভেতর,routine
oral_0_006313.jpg,0,oral_scc,oral_scc,মুখের ক্যানসারের মতো পরিবর্তন (OSC সন্দেহ),urgent
oral_0_006314.jpg,0,oral_scc,oral_scc,মুখের ক্যানসারের মতো পরিবর্তন (OSC সন্দেহ),urgent
oral_0_006315.jpg,0,oral_scc,oral_scc,মুখের ক্যানসারের মতো পরিবর্তন (OSC সন্দেহ),urgent
oral_0_006316.jpg,0,oral_scc,oral_scc,মুখের ক্যানসারের মতো পরিবর্তন (OSC সন্দেহ),urgent
oral_0_006317.jpg,0,oral_scc,oral_scc,মুখের ক্যানসারের মতো পরিবর্তন (OSC সন্দেহ),urgent
oral_0_006318.jpg,0,oral_scc,oral_scc,মুখের ক্যানসারের মতো পরিবর্তন (OSC সন্দেহ),urgent
oral_0_006319.jpg,0,oral_scc,oral_scc,মুখের ক্যানসারের মতো পরিবর্তন (OSC সন্দেহ),urgent
oral_0_006320.jpg,0,oral_scc,oral_scc,মুখের ক্যানসারের মতো পরিবর্তন (OSC সন্দেহ),urgent
oral_1_006321.jpg,1,oral_normal,oral_normal,স্বাভাবিক মুখের ভেতর,routine
oral_0_006322.jpg,0,oral_scc,oral_scc,মুখের ক্যানসারের মতো পরিবর্তন (OSC সন্দেহ),urgent
oral_1_006323.jpg,1,oral_normal,oral_normal,স্বাভাবিক মুখের ভেতর,routine
oral_1_006324.jpg,1,oral_normal,oral_normal,স্বাভাবিক মুখের ভেতর,routine
oral_0_006325.jpg,0,oral_scc,oral_scc,মুখের ক্যানসারের মতো পরিবর্তন (OSC সন্দেহ),urgent
oral_0_006326.jpg,0,oral_scc,oral_scc,মুখের ক্যানসারের মতো পরিবর্তন (OSC সন্দেহ),urgent
oral_1_006327.jpg,1,oral_normal,oral_normal,স্বাভাবিক মুখের ভেতর,routine
oral_1_006328.jpg,1,oral_normal,oral_normal,স্বাভাবিক মুখের ভেতর,routine
oral_1_006329.jpg,1,oral_normal,oral_normal,স্বাভাবিক মুখের ভেতর,routine
oral_0_006330.jpg,0,oral_scc,oral_scc,মুখের ক্যানসারের মতো পরিবর্তন (OSC সন্দেহ),urgent
oral_0_006331.jpg,0,oral_scc,oral_scc,মুখের ক্যানসারের মতো পরিবর্তন (OSC সন্দেহ),urgent
oral_0_006332.jpg,0,oral_scc,oral_scc,মুখের ক্যানসারের মতো পরিবর্তন (OSC সন্দেহ),urgent
oral_1_006333.jpg,1,oral_normal,oral_normal,স্বাভাবিক মুখের ভেতর,routine
oral_1_006334.jpg,1,oral_normal,oral_normal,স্বাভাবিক মুখের ভেতর,routine
oral_1_006335.jpg,1,oral_normal,oral_normal,স্বাভাবিক মুখের ভেতর,routine
oral_1_006336.jpg,1,oral_normal,oral_normal,স্বাভাবিক মুখের ভেতর,routine
oral_0_006337.jpg,0,oral_scc,oral_scc,মুখের ক্যানসারের মতো পরিবর্তন (OSC সন্দেহ),urgent
oral_1_006338.jpg,1,oral_normal,oral_normal,স্বাভাবিক মুখের ভেতর,routine
oral_0_006339.jpg,0,oral_scc,oral_scc,মুখের ক্যানসারের মতো পরিবর্তন (OSC সন্দেহ),urgent
oral_1_006340.jpg,1,oral_normal,oral_normal,স্বাভাবিক মুখের ভেতর,routine
oral_1_006341.jpg,1,oral_normal,oral_normal,স্বাভাবিক মুখের ভেতর,routine
oral_0_006342.jpg,0,oral_scc,oral_scc,মুখের ক্যানসারের মতো পরিবর্তন (OSC সন্দেহ),urgent
oral_1_006343.jpg,1,oral_normal,oral_normal,স্বাভাবিক মুখের ভেতর,routine
oral_0_006344.jpg,0,oral_scc,oral_scc,মুখের ক্যানসারের মতো পরিবর্তন (OSC সন্দেহ),urgent
oral_0_006345.jpg,0,oral_scc,oral_scc,মুখের ক্যানসারের মতো পরিবর্তন (OSC সন্দেহ),urgent
oral_0_006346.jpg,0,oral_scc,oral_scc,মুখের ক্যানসারের মতো পরিবর্তন (OSC সন্দেহ),urgent
oral_0_006347.jpg,0,oral_scc,oral_scc,মুখের ক্যানসারের মতো পরিবর্তন (OSC সন্দেহ),urgent
oral_1_006348.jpg,1,oral_normal,oral_normal,স্বাভাবিক মুখের ভেতর,routine
oral_0_006349.jpg,0,oral_scc,oral_scc,মুখের ক্যানসারের মতো পরিবর্তন (OSC সন্দেহ),urgent
oral_1_006350.jpg,1,oral_normal,oral_normal,স্বাভাবিক মুখের ভেতর,routine
oral_0_006351.jpg,0,oral_scc,oral_scc,মুখের ক্যানসারের মতো পরিবর্তন (OSC সন্দেহ),urgent
oral_0_006352.jpg,0,oral_scc,oral_scc,মুখের ক্যানসারের মতো পরিবর্তন (OSC সন্দেহ),urgent
oral_1_006353.jpg,1,oral_normal,oral_normal,স্বাভাবিক মুখের ভেতর,routine
oral_1_006354.jpg,1,oral_normal,oral_normal,স্বাভাবিক মুখের ভেতর,routine
oral_1_006355.jpg,1,oral_normal,oral_normal,স্বাভাবিক মুখের ভেতর,routine
oral_1_006356.jpg,1,oral_normal,oral_normal,স্বাভাবিক মুখের ভেতর,routine
oral_0_006357.jpg,0,oral_scc,oral_scc,মুখের ক্যানসারের মতো পরিবর্তন (OSC সন্দেহ),urgent
oral_1_006358.jpg,1,oral_normal,oral_normal,স্বাভাবিক মুখের ভেতর,routine
oral_0_006359.jpg,0,oral_scc,oral_scc,মুখের ক্যানসারের মতো পরিবর্তন (OSC সন্দেহ),urgent
oral_0_006360.jpg,0,oral_scc,oral_scc,মুখের ক্যানসারের মতো পরিবর্তন (OSC সন্দেহ),urgent
oral_0_006361.jpg,0,oral_scc,oral_scc,মুখের ক্যানসারের মতো পরিবর্তন (OSC সন্দেহ),urgent
oral_1_006362.jpg,1,oral_normal,oral_normal,স্বাভাবিক মুখের ভেতর,routine
oral_0_006363.jpg,0,oral_scc,oral_scc,মুখের ক্যানসারের মতো পরিবর্তন (OSC সন্দেহ),urgent
oral_0_006364.jpg,0,oral_scc,oral_scc,মুখের ক্যানসারের মতো পরিবর্তন (OSC সন্দেহ),urgent
oral_1_006365.jpg,1,oral_normal,oral_normal,স্বাভাবিক মুখের ভেতর,routine
oral_1_006366.jpg,1,oral_normal,oral_normal,স্বাভাবিক মুখের ভেতর,routine
oral_1_006367.jpg,1,oral_normal,oral_normal,স্বাভাবিক মুখের ভেতর,routine
oral_1_006368.jpg,1,oral_normal,oral_normal,স্বাভাবিক মুখের ভেতর,routine
oral_0_006369.jpg,0,oral_scc,oral_scc,মুখের ক্যানসারের মতো পরিবর্তন (OSC সন্দেহ),urgent
oral_1_006370.jpg,1,oral_normal,oral_normal,স্বাভাবিক মুখের ভেতর,routine
oral_1_006371.jpg,1,oral_normal,oral_normal,স্বাভাবিক মুখের ভেতর,routine
oral_0_006372.jpg,0,oral_scc,oral_scc,মুখের ক্যানসারের মতো পরিবর্তন (OSC সন্দেহ),urgent
oral_0_006373.jpg,0,oral_scc,oral_scc,মুখের ক্যানসারের মতো পরিবর্তন (OSC সন্দেহ),urgent
oral_0_006374.jpg,0,oral_scc,oral_scc,মুখের ক্যানসারের মতো পরিবর্তন (OSC সন্দেহ),urgent
oral_1_006375.jpg,1,oral_normal,oral_normal,স্বাভাবিক মুখের ভেতর,routine
oral_1_006376.jpg,1,oral_normal,oral_normal,স্বাভাবিক মুখের ভেতর,routine
oral_1_006377.jpg,1,oral_normal,oral_normal,স্বাভাবিক মুখের ভেতর,routine
oral_0_006378.jpg,0,oral_scc,oral_scc,মুখের ক্যানসারের মতো পরিবর্তন (OSC সন্দেহ),urgent
oral_1_006379.jpg,1,oral_normal,oral_normal,স্বাভাবিক মুখের ভেতর,routine
oral_1_006380.jpg,1,oral_normal,oral_normal,স্বাভাবিক মুখের ভেতর,routine
oral_0_006381.jpg,0,oral_scc,oral_scc,মুখের ক্যানসারের মতো পরিবর্তন (OSC সন্দেহ),urgent
oral_0_006382.jpg,0,oral_scc,oral_scc,মুখের ক্যানসারের মতো পরিবর্তন (OSC সন্দেহ),urgent
oral_1_006383.jpg,1,oral_normal,oral_normal,স্বাভাবিক মুখের ভেতর,routine
oral_0_006384.jpg,0,oral_scc,oral_scc,মুখের ক্যানসারের মতো পরিবর্তন (OSC সন্দেহ),urgent
oral_1_006385.jpg,1,oral_normal,oral_normal,স্বাভাবিক মুখের ভেতর,routine
oral_0_006386.jpg,0,oral_scc,oral_scc,মুখের ক্যানসারের মতো পরিবর্তন (OSC সন্দেহ),urgent
oral_1_006387.jpg,1,oral_normal,oral_normal,স্বাভাবিক মুখের ভেতর,routine
oral_1_006388.jpg,1,oral_normal,oral_normal,স্বাভাবিক মুখের ভেতর,routine
oral_1_006389.jpg,1,oral_normal,oral_normal,স্বাভাবিক মুখের ভেতর,routine
oral_0_006390.jpg,0,oral_scc,oral_scc,মুখের ক্যানসারের মতো পরিবর্তন (OSC সন্দেহ),urgent
oral_0_006391.jpg,0,oral_scc,oral_scc,মুখের ক্যানসারের মতো পরিবর্তন (OSC সন্দেহ),urgent
oral_0_006392.jpg,0,oral_scc,oral_scc,মুখের ক্যানসারের মতো পরিবর্তন (OSC সন্দেহ),urgent
oral_0_006393.jpg,0,oral_scc,oral_scc,মুখের ক্যানসারের মতো পরিবর্তন (OSC সন্দেহ),urgent
oral_1_006394.jpg,1,oral_normal,oral_normal,স্বাভাবিক মুখের ভেতর,routine
oral_1_006395.jpg,1,oral_normal,oral_normal,স্বাভাবিক মুখের ভেতর,routine
oral_0_006396.jpg,0,oral_scc,oral_scc,মুখের ক্যানসারের মতো পরিবর্তন (OSC সন্দেহ),urgent
oral_1_006397.jpg,1,oral_normal,oral_normal,স্বাভাবিক মুখের ভেতর,routine
oral_0_006398.jpg,0,oral_scc,oral_scc,মুখের ক্যানসারের মতো পরিবর্তন (OSC সন্দেহ),urgent
oral_0_006399.jpg,0,oral_scc,oral_scc,মুখের ক্যানসারের মতো পরিবর্তন (OSC সন্দেহ),urgent
oral_0_006400.jpg,0,oral_scc,oral_scc,মুখের ক্যানসারের মতো পরিবর্তন (OSC সন্দেহ),urgent
oral_0_006401.jpg,0,oral_scc,oral_scc,মুখের ক্যানসারের মতো পরিবর্তন (OSC সন্দেহ),urgent
oral_1_006402.jpg,1,oral_normal,oral_normal,স্বাভাবিক মুখের ভেতর,routine
oral_1_006403.jpg,1,oral_normal,oral_normal,স্বাভাবিক মুখের ভেতর,routine
oral_1_006404.jpg,1,oral_normal,oral_normal,স্বাভাবিক মুখের ভেতর,routine
oral_0_006405.jpg,0,oral_scc,oral_scc,মুখের ক্যানসারের মতো পরিবর্তন (OSC সন্দেহ),urgent
oral_0_006406.jpg,0,oral_scc,oral_scc,মুখের ক্যানসারের মতো পরিবর্তন (OSC সন্দেহ),urgent
oral_1_006407.jpg,1,oral_normal,oral_normal,স্বাভাবিক মুখের ভেতর,routine
oral_1_006408.jpg,1,oral_normal,oral_normal,স্বাভাবিক মুখের ভেতর,routine
oral_1_006409.jpg,1,oral_normal,oral_normal,স্বাভাবিক মুখের ভেতর,routine
oral_1_006410.jpg,1,oral_normal,oral_normal,স্বাভাবিক মুখের ভেতর,routine
oral_0_006411.jpg,0,oral_scc,oral_scc,মুখের ক্যানসারের মতো পরিবর্তন (OSC সন্দেহ),urgent
oral_0_006412.jpg,0,oral_scc,oral_scc,মুখের ক্যানসারের মতো পরিবর্তন (OSC সন্দেহ),urgent
oral_1_006413.jpg,1,oral_normal,oral_normal,স্বাভাবিক মুখের ভেতর,routine
oral_1_006414.jpg,1,oral_normal,oral_normal,স্বাভাবিক মুখের ভেতর,routine
oral_0_006415.jpg,0,oral_scc,oral_scc,মুখের ক্যানসারের মতো পরিবর্তন (OSC সন্দেহ),urgent
oral_1_006416.jpg,1,oral_normal,oral_normal,স্বাভাবিক মুখের ভেতর,routine
oral_1_006417.jpg,1,oral_normal,oral_normal,স্বাভাবিক মুখের ভেতর,routine
oral_1_006418.jpg,1,oral_normal,oral_normal,স্বাভাবিক মুখের ভেতর,routine
oral_1_006419.jpg,1,oral_normal,oral_normal,স্বাভাবিক মুখের ভেতর,routine
oral_0_006420.jpg,0,oral_scc,oral_scc,মুখের ক্যানসারের মতো পরিবর্তন (OSC সন্দেহ),urgent
oral_0_006421.jpg,0,oral_scc,oral_scc,মুখের ক্যানসারের মতো পরিবর্তন (OSC সন্দেহ),urgent
oral_1_006422.jpg,1,oral_normal,oral_normal,স্বাভাবিক মুখের ভেতর,routine
oral_1_006423.jpg,1,oral_normal,oral_normal,স্বাভাবিক মুখের ভেতর,routine
oral_1_006424.jpg,1,oral_normal,oral_normal,স্বাভাবিক মুখের ভেতর,routine
oral_0_006425.jpg,0,oral_scc,oral_scc,মুখের ক্যানসারের মতো পরিবর্তন (OSC সন্দেহ),urgent
oral_0_006426.jpg,0,oral_scc,oral_scc,মুখের ক্যানসারের মতো পরিবর্তন (OSC সন্দেহ),urgent
oral_1_006427.jpg,1,oral_normal,oral_normal,স্বাভাবিক মুখের ভেতর,routine
oral_0_006428.jpg,0,oral_scc,oral_scc,মুখের ক্যানসারের মতো পরিবর্তন (OSC সন্দেহ),urgent
oral_1_006429.jpg,1,oral_normal,oral_normal,স্বাভাবিক মুখের ভেতর,routine
oral_1_006430.jpg,1,oral_normal,oral_normal,স্বাভাবিক মুখের ভেতর,routine
oral_1_006431.jpg,1,oral_normal,oral_normal,স্বাভাবিক মুখের ভেতর,routine
oral_0_006432.jpg,0,oral_scc,oral_scc,মুখের ক্যানসারের মতো পরিবর্তন (OSC সন্দেহ),urgent
oral_0_006433.jpg,0,oral_scc,oral_scc,মুখের ক্যানসারের মতো পরিবর্তন (OSC সন্দেহ),urgent
oral_1_006434.jpg,1,oral_normal,oral_normal,স্বাভাবিক মুখের ভেতর,routine
oral_1_006435.jpg,1,oral_normal,oral_normal,স্বাভাবিক মুখের ভেতর,routine
oral_0_006436.jpg,0,oral_scc,oral_scc,মুখের ক্যানসারের মতো পরিবর্তন (OSC সন্দেহ),urgent
oral_1_006437.jpg,1,oral_normal,oral_normal,স্বাভাবিক মুখের ভেতর,routine
oral_1_006438.jpg,1,oral_normal,oral_normal,স্বাভাবিক মুখের ভেতর,routine
oral_1_006439.jpg,1,oral_normal,oral_normal,স্বাভাবিক মুখের ভেতর,routine
oral_0_006440.jpg,0,oral_scc,oral_scc,মুখের ক্যানসারের মতো পরিবর্তন (OSC সন্দেহ),urgent
oral_1_006441.jpg,1,oral_normal,oral_normal,স্বাভাবিক মুখের ভেতর,routine
oral_1_006442.jpg,1,oral_normal,oral_normal,স্বাভাবিক মুখের ভেতর,routine
oral_1_006443.jpg,1,oral_normal,oral_normal,স্বাভাবিক মুখের ভেতর,routine
oral_0_006444.jpg,0,oral_scc,oral_scc,মুখের ক্যানসারের মতো পরিবর্তন (OSC সন্দেহ),urgent
oral_0_006445.jpg,0,oral_scc,oral_scc,মুখের ক্যানসারের মতো পরিবর্তন (OSC সন্দেহ),urgent
oral_1_006446.jpg,1,oral_normal,oral_normal,স্বাভাবিক মুখের ভেতর,routine
oral_0_006447.jpg,0,oral_scc,oral_scc,মুখের ক্যানসারের মতো পরিবর্তন (OSC সন্দেহ),urgent
oral_0_006448.jpg,0,oral_scc,oral_scc,মুখের ক্যানসারের মতো পরিবর্তন (OSC সন্দেহ),urgent
oral_0_006449.jpg,0,oral_scc,oral_scc,মুখের ক্যানসারের মতো পরিবর্তন (OSC সন্দেহ),urgent
oral_1_006450.jpg,1,oral_normal,oral_normal,স্বাভাবিক মুখের ভেতর,routine
oral_1_006451.jpg,1,oral_normal,oral_normal,স্বাভাবিক মুখের ভেতর,routine
oral_0_006452.jpg,0,oral_scc,oral_scc,মুখের ক্যানসারের মতো পরিবর্তন (OSC সন্দেহ),urgent
oral_0_006453.jpg,0,oral_scc,oral_scc,মুখের ক্যানসারের মতো পরিবর্তন (OSC সন্দেহ),urgent
oral_1_006454.jpg,1,oral_normal,oral_normal,স্বাভাবিক মুখের ভেতর,routine
oral_1_006455.jpg,1,oral_normal,oral_normal,স্বাভাবিক মুখের ভেতর,routine
oral_0_006456.jpg,0,oral_scc,oral_scc,মুখের ক্যানসারের মতো পরিবর্তন (OSC সন্দেহ),urgent
oral_1_006457.jpg,1,oral_normal,oral_normal,স্বাভাবিক মুখের ভেতর,routine
oral_0_006458.jpg,0,oral_scc,oral_scc,মুখের ক্যানসারের মতো পরিবর্তন (OSC সন্দেহ),urgent
oral_1_006459.jpg,1,oral_normal,oral_normal,স্বাভাবিক মুখের ভেতর,routine
oral_0_006460.jpg,0,oral_scc,oral_scc,মুখের ক্যানসারের মতো পরিবর্তন (OSC সন্দেহ),urgent
oral_0_006461.jpg,0,oral_scc,oral_scc,মুখের ক্যানসারের মতো পরিবর্তন (OSC সন্দেহ),urgent
oral_1_006462.jpg,1,oral_normal,oral_normal,স্বাভাবিক মুখের ভেতর,routine
oral_0_006463.jpg,0,oral_scc,oral_scc,মুখের ক্যানসারের মতো পরিবর্তন (OSC সন্দেহ),urgent
oral_1_006464.jpg,1,oral_normal,oral_normal,স্বাভাবিক মুখের ভেতর,routine
oral_1_006465.jpg,1,oral_normal,oral_normal,স্বাভাবিক মুখের ভেতর,routine
oral_0_006466.jpg,0,oral_scc,oral_scc,মুখের ক্যানসারের মতো পরিবর্তন (OSC সন্দেহ),urgent
oral_0_006467.jpg,0,oral_scc,oral_scc,মুখের ক্যানসারের মতো পরিবর্তন (OSC সন্দেহ),urgent
oral_1_006468.jpg,1,oral_normal,oral_normal,স্বাভাবিক মুখের ভেতর,routine
oral_1_006469.jpg,1,oral_normal,oral_normal,স্বাভাবিক মুখের ভেতর,routine
oral_1_006470.jpg,1,oral_normal,oral_normal,স্বাভাবিক মুখের ভেতর,routine
oral_1_006471.jpg,1,oral_normal,oral_normal,স্বাভাবিক মুখের ভেতর,routine
oral_0_006472.jpg,0,oral_scc,oral_scc,মুখের ক্যানসারের মতো পরিবর্তন (OSC সন্দেহ),urgent
oral_0_006473.jpg,0,oral_scc,oral_scc,মুখের ক্যানসারের মতো পরিবর্তন (OSC সন্দেহ),urgent
oral_1_006474.jpg,1,oral_normal,oral_normal,স্বাভাবিক মুখের ভেতর,routine
oral_0_006475.jpg,0,oral_scc,oral_scc,মুখের ক্যানসারের মতো পরিবর্তন (OSC সন্দেহ),urgent
oral_1_006476.jpg,1,oral_normal,oral_normal,স্বাভাবিক মুখের ভেতর,routine
oral_1_006477.jpg,1,oral_normal,oral_normal,স্বাভাবিক মুখের ভেতর,routine
oral_1_006478.jpg,1,oral_normal,oral_normal,স্বাভাবিক মুখের ভেতর,routine
oral_1_006479.jpg,1,oral_normal,oral_normal,স্বাভাবিক মুখের ভেতর,routine
oral_0_006480.jpg,0,oral_scc,oral_scc,মুখের ক্যানসারের মতো পরিবর্তন (OSC সন্দেহ),urgent
oral_1_006481.jpg,1,oral_normal,oral_normal,স্বাভাবিক মুখের ভেতর,routine
oral_1_006482.jpg,1,oral_normal,oral_normal,স্বাভাবিক মুখের ভেতর,routine
oral_1_006483.jpg,1,oral_normal,oral_normal,স্বাভাবিক মুখের ভেতর,routine
oral_1_006484.jpg,1,oral_normal,oral_normal,স্বাভাবিক মুখের ভেতর,routine
oral_0_006485.jpg,0,oral_scc,oral_scc,মুখের ক্যানসারের মতো পরিবর্তন (OSC সন্দেহ),urgent
oral_1_006486.jpg,1,oral_normal,oral_normal,স্বাভাবিক মুখের ভেতর,routine
oral_1_006487.jpg,1,oral_normal,oral_normal,স্বাভাবিক মুখের ভেতর,routine
oral_0_006488.jpg,0,oral_scc,oral_scc,মুখের ক্যানসারের মতো পরিবর্তন (OSC সন্দেহ),urgent
oral_1_006489.jpg,1,oral_normal,oral_normal,স্বাভাবিক মুখের ভেতর,routine
oral_1_006490.jpg,1,oral_normal,oral_normal,স্বাভাবিক মুখের ভেতর,routine
oral_1_006491.jpg,1,oral_normal,oral_normal,স্বাভাবিক মুখের ভেতর,routine
oral_0_006492.jpg,0,oral_scc,oral_scc,মুখের ক্যানসারের মতো পরিবর্তন (OSC সন্দেহ),urgent
oral_1_006493.jpg,1,oral_normal,oral_normal,স্বাভাবিক মুখের ভেতর,routine
oral_1_006494.jpg,1,oral_normal,oral_normal,স্বাভাবিক মুখের ভেতর,routine
oral_0_006495.jpg,0,oral_scc,oral_scc,মুখের ক্যানসারের মতো পরিবর্তন (OSC সন্দেহ),urgent
oral_0_006496.jpg,0,oral_scc,oral_scc,মুখের ক্যানসারের মতো পরিবর্তন (OSC সন্দেহ),urgent
oral_0_006497.jpg,0,oral_scc,oral_scc,মুখের ক্যানসারের মতো পরিবর্তন (OSC সন্দেহ),urgent
oral_0_006498.jpg,0,oral_scc,oral_scc,মুখের ক্যানসারের মতো পরিবর্তন (OSC সন্দেহ),urgent
oral_0_006499.jpg,0,oral_scc,oral_scc,মুখের ক্যানসারের মতো পরিবর্তন (OSC সন্দেহ),urgent
oral_0_006500.jpg,0,oral_scc,oral_scc,মুখের ক্যানসারের মতো পরিবর্তন (OSC সন্দেহ),urgent
oral_0_006501.jpg,0,oral_scc,oral_scc,মুখের ক্যানসারের মতো পরিবর্তন (OSC সন্দেহ),urgent
oral_0_006502.jpg,0,oral_scc,oral_scc,মুখের ক্যানসারের মতো পরিবর্তন (OSC সন্দেহ),urgent
oral_0_006503.jpg,0,oral_scc,oral_scc,মুখের ক্যানসারের মতো পরিবর্তন (OSC সন্দেহ),urgent
oral_0_006504.jpg,0,oral_scc,oral_scc,মুখের ক্যানসারের মতো পরিবর্তন (OSC সন্দেহ),urgent
oral_0_006505.jpg,0,oral_scc,oral_scc,মুখের ক্যানসারের মতো পরিবর্তন (OSC সন্দেহ),urgent
oral_1_006506.jpg,1,oral_normal,oral_normal,স্বাভাবিক মুখের ভেতর,routine
oral_0_006507.jpg,0,oral_scc,oral_scc,মুখের ক্যানসারের মতো পরিবর্তন (OSC সন্দেহ),urgent
oral_1_006508.jpg,1,oral_normal,oral_normal,স্বাভাবিক মুখের ভেতর,routine
oral_0_006509.jpg,0,oral_scc,oral_scc,মুখের ক্যানসারের মতো পরিবর্তন (OSC সন্দেহ),urgent
oral_0_006510.jpg,0,oral_scc,oral_scc,মুখের ক্যানসারের মতো পরিবর্তন (OSC সন্দেহ),urgent
oral_1_006511.jpg,1,oral_normal,oral_normal,স্বাভাবিক মুখের ভেতর,routine
oral_1_006512.jpg,1,oral_normal,oral_normal,স্বাভাবিক মুখের ভেতর,routine
oral_1_006513.jpg,1,oral_normal,oral_normal,স্বাভাবিক মুখের ভেতর,routine
oral_0_006514.jpg,0,oral_scc,oral_scc,মুখের ক্যানসারের মতো পরিবর্তন (OSC সন্দেহ),urgent
oral_0_006515.jpg,0,oral_scc,oral_scc,মুখের ক্যানসারের মতো পরিবর্তন (OSC সন্দেহ),urgent
oral_0_006516.jpg,0,oral_scc,oral_scc,মুখের ক্যানসারের মতো পরিবর্তন (OSC সন্দেহ),urgent
oral_1_006517.jpg,1,oral_normal,oral_normal,স্বাভাবিক মুখের ভেতর,routine
oral_0_006518.jpg,0,oral_scc,oral_scc,মুখের ক্যানসারের মতো পরিবর্তন (OSC সন্দেহ),urgent
oral_0_006519.jpg,0,oral_scc,oral_scc,মুখের ক্যানসারের মতো পরিবর্তন (OSC সন্দেহ),urgent
oral_1_006520.jpg,1,oral_normal,oral_normal,স্বাভাবিক মুখের ভেতর,routine
oral_1_006521.jpg,1,oral_normal,oral_normal,স্বাভাবিক মুখের ভেতর,routine
oral_0_006522.jpg,0,oral_scc,oral_scc,মুখের ক্যানসারের মতো পরিবর্তন (OSC সন্দেহ),urgent
oral_1_006523.jpg,1,oral_normal,oral_normal,স্বাভাবিক মুখের ভেতর,routine
oral_1_006524.jpg,1,oral_normal,oral_normal,স্বাভাবিক মুখের ভেতর,routine
oral_0_006525.jpg,0,oral_scc,oral_scc,মুখের ক্যানসারের মতো পরিবর্তন (OSC সন্দেহ),urgent
oral_1_006526.jpg,1,oral_normal,oral_normal,স্বাভাবিক মুখের ভেতর,routine
oral_1_006527.jpg,1,oral_normal,oral_normal,স্বাভাবিক মুখের ভেতর,routine
oral_1_006528.jpg,1,oral_normal,oral_normal,স্বাভাবিক মুখের ভেতর,routine
oral_0_006529.jpg,0,oral_scc,oral_scc,মুখের ক্যানসারের মতো পরিবর্তন (OSC সন্দেহ),urgent
oral_0_006530.jpg,0,oral_scc,oral_scc,মুখের ক্যানসারের মতো পরিবর্তন (OSC সন্দেহ),urgent
oral_0_006531.jpg,0,oral_scc,oral_scc,মুখের ক্যানসারের মতো পরিবর্তন (OSC সন্দেহ),urgent
oral_0_006532.jpg,0,oral_scc,oral_scc,মুখের ক্যানসারের মতো পরিবর্তন (OSC সন্দেহ),urgent
oral_0_006533.jpg,0,oral_scc,oral_scc,মুখের ক্যানসারের মতো পরিবর্তন (OSC সন্দেহ),urgent
oral_1_006534.jpg,1,oral_normal,oral_normal,স্বাভাবিক মুখের ভেতর,routine
oral_0_006535.jpg,0,oral_scc,oral_scc,মুখের ক্যানসারের মতো পরিবর্তন (OSC সন্দেহ),urgent
oral_0_006536.jpg,0,oral_scc,oral_scc,মুখের ক্যানসারের মতো পরিবর্তন (OSC সন্দেহ),urgent
oral_1_006537.jpg,1,oral_normal,oral_normal,স্বাভাবিক মুখের ভেতর,routine
oral_0_006538.jpg,0,oral_scc,oral_scc,মুখের ক্যানসারের মতো পরিবর্তন (OSC সন্দেহ),urgent
oral_1_006539.jpg,1,oral_normal,oral_normal,স্বাভাবিক মুখের ভেতর,routine
oral_1_006540.jpg,1,oral_normal,oral_normal,স্বাভাবিক মুখের ভেতর,routine
oral_1_006541.jpg,1,oral_normal,oral_normal,স্বাভাবিক মুখের ভেতর,routine
oral_1_006542.jpg,1,oral_normal,oral_normal,স্বাভাবিক মুখের ভেতর,routine
oral_0_006543.jpg,0,oral_scc,oral_scc,মুখের ক্যানসারের মতো পরিবর্তন (OSC সন্দেহ),urgent
oral_0_006544.jpg,0,oral_scc,oral_scc,মুখের ক্যানসারের মতো পরিবর্তন (OSC সন্দেহ),urgent
oral_1_006545.jpg,1,oral_normal,oral_normal,স্বাভাবিক মুখের ভেতর,routine
oral_1_006546.jpg,1,oral_normal,oral_normal,স্বাভাবিক মুখের ভেতর,routine
oral_0_006547.jpg,0,oral_scc,oral_scc,মুখের ক্যানসারের মতো পরিবর্তন (OSC সন্দেহ),urgent
oral_1_006548.jpg,1,oral_normal,oral_normal,স্বাভাবিক মুখের ভেতর,routine
oral_1_006549.jpg,1,oral_normal,oral_normal,স্বাভাবিক মুখের ভেতর,routine
oral_1_006550.jpg,1,oral_normal,oral_normal,স্বাভাবিক মুখের ভেতর,routine
oral_1_006551.jpg,1,oral_normal,oral_normal,স্বাভাবিক মুখের ভেতর,routine
oral_1_006552.jpg,1,oral_normal,oral_normal,স্বাভাবিক মুখের ভেতর,routine
oral_0_006553.jpg,0,oral_scc,oral_scc,মুখের ক্যানসারের মতো পরিবর্তন (OSC সন্দেহ),urgent
oral_0_006554.jpg,0,oral_scc,oral_scc,মুখের ক্যানসারের মতো পরিবর্তন (OSC সন্দেহ),urgent
oral_0_006555.jpg,0,oral_scc,oral_scc,মুখের ক্যানসারের মতো পরিবর্তন (OSC সন্দেহ),urgent
oral_0_006556.jpg,0,oral_scc,oral_scc,মুখের ক্যানসারের মতো পরিবর্তন (OSC সন্দেহ),urgent
oral_0_006557.jpg,0,oral_scc,oral_scc,মুখের ক্যানসারের মতো পরিবর্তন (OSC সন্দেহ),urgent
oral_0_006558.jpg,0,oral_scc,oral_scc,মুখের ক্যানসারের মতো পরিবর্তন (OSC সন্দেহ),urgent
oral_0_006559.jpg,0,oral_scc,oral_scc,মুখের ক্যানসারের মতো পরিবর্তন (OSC সন্দেহ),urgent
oral_0_006560.jpg,0,oral_scc,oral_scc,মুখের ক্যানসারের মতো পরিবর্তন (OSC সন্দেহ),urgent
oral_1_006561.jpg,1,oral_normal,oral_normal,স্বাভাবিক মুখের ভেতর,routine
oral_1_006562.jpg,1,oral_normal,oral_normal,স্বাভাবিক মুখের ভেতর,routine
oral_0_006563.jpg,0,oral_scc,oral_scc,মুখের ক্যানসারের মতো পরিবর্তন (OSC সন্দেহ),urgent
oral_1_006564.jpg,1,oral_normal,oral_normal,স্বাভাবিক মুখের ভেতর,routine
oral_1_006565.jpg,1,oral_normal,oral_normal,স্বাভাবিক মুখের ভেতর,routine
oral_1_006566.jpg,1,oral_normal,oral_normal,স্বাভাবিক মুখের ভেতর,routine
oral_1_006567.jpg,1,oral_normal,oral_normal,স্বাভাবিক মুখের ভেতর,routine
oral_0_006568.jpg,0,oral_scc,oral_scc,মুখের ক্যানসারের মতো পরিবর্তন (OSC সন্দেহ),urgent
oral_1_006569.jpg,1,oral_normal,oral_normal,স্বাভাবিক মুখের ভেতর,routine
oral_1_006570.jpg,1,oral_normal,oral_normal,স্বাভাবিক মুখের ভেতর,routine
oral_1_006571.jpg,1,oral_normal,oral_normal,স্বাভাবিক মুখের ভেতর,routine
oral_1_006572.jpg,1,oral_normal,oral_normal,স্বাভাবিক মুখের ভেতর,routine
oral_1_006573.jpg,1,oral_normal,oral_normal,স্বাভাবিক মুখের ভেতর,routine
oral_0_006574.jpg,0,oral_scc,oral_scc,মুখের ক্যানসারের মতো পরিবর্তন (OSC সন্দেহ),urgent
oral_1_006575.jpg,1,oral_normal,oral_normal,স্বাভাবিক মুখের ভেতর,routine
oral_0_006576.jpg,0,oral_scc,oral_scc,মুখের ক্যানসারের মতো পরিবর্তন (OSC সন্দেহ),urgent
oral_1_006577.jpg,1,oral_normal,oral_normal,স্বাভাবিক মুখের ভেতর,routine
oral_1_006578.jpg,1,oral_normal,oral_normal,স্বাভাবিক মুখের ভেতর,routine
oral_1_006579.jpg,1,oral_normal,oral_normal,স্বাভাবিক মুখের ভেতর,routine
oral_0_006580.jpg,0,oral_scc,oral_scc,মুখের ক্যানসারের মতো পরিবর্তন (OSC সন্দেহ),urgent
oral_1_006581.jpg,1,oral_normal,oral_normal,স্বাভাবিক মুখের ভেতর,routine
oral_0_006582.jpg,0,oral_scc,oral_scc,মুখের ক্যানসারের মতো পরিবর্তন (OSC সন্দেহ),urgent
oral_0_006583.jpg,0,oral_scc,oral_scc,মুখের ক্যানসারের মতো পরিবর্তন (OSC সন্দেহ),urgent
oral_0_006584.jpg,0,oral_scc,oral_scc,মুখের ক্যানসারের মতো পরিবর্তন (OSC সন্দেহ),urgent
oral_1_006585.jpg,1,oral_normal,oral_normal,স্বাভাবিক মুখের ভেতর,routine
oral_1_006586.jpg,1,oral_normal,oral_normal,স্বাভাবিক মুখের ভেতর,routine
oral_1_006587.jpg,1,oral_normal,oral_normal,স্বাভাবিক মুখের ভেতর,routine
oral_1_006588.jpg,1,oral_normal,oral_normal,স্বাভাবিক মুখের ভেতর,routine
oral_0_006589.jpg,0,oral_scc,oral_scc,মুখের ক্যানসারের মতো পরিবর্তন (OSC সন্দেহ),urgent
oral_0_006590.jpg,0,oral_scc,oral_scc,মুখের ক্যানসারের মতো পরিবর্তন (OSC সন্দেহ),urgent
oral_0_006591.jpg,0,oral_scc,oral_scc,মুখের ক্যানসারের মতো পরিবর্তন (OSC সন্দেহ),urgent
oral_1_006592.jpg,1,oral_normal,oral_normal,স্বাভাবিক মুখের ভেতর,routine
oral_0_006593.jpg,0,oral_scc,oral_scc,মুখের ক্যানসারের মতো পরিবর্তন (OSC সন্দেহ),urgent
oral_1_006594.jpg,1,oral_normal,oral_normal,স্বাভাবিক মুখের ভেতর,routine
oral_1_006595.jpg,1,oral_normal,oral_normal,স্বাভাবিক মুখের ভেতর,routine
oral_1_006596.jpg,1,oral_normal,oral_normal,স্বাভাবিক মুখের ভেতর,routine
oral_1_006597.jpg,1,oral_normal,oral_normal,স্বাভাবিক মুখের ভেতর,routine
oral_1_006598.jpg,1,oral_normal,oral_normal,স্বাভাবিক মুখের ভেতর,routine
oral_1_006599.jpg,1,oral_normal,oral_normal,স্বাভাবিক মুখের ভেতর,routine
oral_1_006600.jpg,1,oral_normal,oral_normal,স্বাভাবিক মুখের ভেতর,routine
oral_0_006601.jpg,0,oral_scc,oral_scc,মুখের ক্যানসারের মতো পরিবর্তন (OSC সন্দেহ),urgent
oral_1_006602.jpg,1,oral_normal,oral_normal,স্বাভাবিক মুখের ভেতর,routine
oral_0_006603.jpg,0,oral_scc,oral_scc,মুখের ক্যানসারের মতো পরিবর্তন (OSC সন্দেহ),urgent
oral_1_006604.jpg,1,oral_normal,oral_normal,স্বাভাবিক মুখের ভেতর,routine
oral_0_006605.jpg,0,oral_scc,oral_scc,মুখের ক্যানসারের মতো পরিবর্তন (OSC সন্দেহ),urgent
oral_1_006606.jpg,1,oral_normal,oral_normal,স্বাভাবিক মুখের ভেতর,routine
oral_0_006607.jpg,0,oral_scc,oral_scc,মুখের ক্যানসারের মতো পরিবর্তন (OSC সন্দেহ),urgent
oral_1_006608.jpg,1,oral_normal,oral_normal,স্বাভাবিক মুখের ভেতর,routine
oral_1_006609.jpg,1,oral_normal,oral_normal,স্বাভাবিক মুখের ভেতর,routine
oral_0_006610.jpg,0,oral_scc,oral_scc,মুখের ক্যানসারের মতো পরিবর্তন (OSC সন্দেহ),urgent
oral_1_006611.jpg,1,oral_normal,oral_normal,স্বাভাবিক মুখের ভেতর,routine
oral_0_006612.jpg,0,oral_scc,oral_scc,মুখের ক্যানসারের মতো পরিবর্তন (OSC সন্দেহ),urgent
oral_0_006613.jpg,0,oral_scc,oral_scc,মুখের ক্যানসারের মতো পরিবর্তন (OSC সন্দেহ),urgent
oral_1_006614.jpg,1,oral_normal,oral_normal,স্বাভাবিক মুখের ভেতর,routine
oral_0_006615.jpg,0,oral_scc,oral_scc,মুখের ক্যানসারের মতো পরিবর্তন (OSC সন্দেহ),urgent
oral_1_006616.jpg,1,oral_normal,oral_normal,স্বাভাবিক মুখের ভেতর,routine
oral_0_006617.jpg,0,oral_scc,oral_scc,মুখের ক্যানসারের মতো পরিবর্তন (OSC সন্দেহ),urgent
oral_0_006618.jpg,0,oral_scc,oral_scc,মুখের ক্যানসারের মতো পরিবর্তন (OSC সন্দেহ),urgent
oral_0_006619.jpg,0,oral_scc,oral_scc,মুখের ক্যানসারের মতো পরিবর্তন (OSC সন্দেহ),urgent
oral_1_006620.jpg,1,oral_normal,oral_normal,স্বাভাবিক মুখের ভেতর,routine
oral_0_006621.jpg,0,oral_scc,oral_scc,মুখের ক্যানসারের মতো পরিবর্তন (OSC সন্দেহ),urgent
oral_0_006622.jpg,0,oral_scc,oral_scc,মুখের ক্যানসারের মতো পরিবর্তন (OSC সন্দেহ),urgent
oral_1_006623.jpg,1,oral_normal,oral_normal,স্বাভাবিক মুখের ভেতর,routine
oral_0_006624.jpg,0,oral_scc,oral_scc,মুখের ক্যানসারের মতো পরিবর্তন (OSC সন্দেহ),urgent
oral_1_006625.jpg,1,oral_normal,oral_normal,স্বাভাবিক মুখের ভেতর,routine
oral_0_006626.jpg,0,oral_scc,oral_scc,মুখের ক্যানসারের মতো পরিবর্তন (OSC সন্দেহ),urgent
oral_0_006627.jpg,0,oral_scc,oral_scc,মুখের ক্যানসারের মতো পরিবর্তন (OSC সন্দেহ),urgent
oral_1_006628.jpg,1,oral_normal,oral_normal,স্বাভাবিক মুখের ভেতর,routine
oral_1_006629.jpg,1,oral_normal,oral_normal,স্বাভাবিক মুখের ভেতর,routine
oral_0_006630.jpg,0,oral_scc,oral_scc,মুখের ক্যানসারের মতো পরিবর্তন (OSC সন্দেহ),urgent
oral_0_006631.jpg,0,oral_scc,oral_scc,মুখের ক্যানসারের মতো পরিবর্তন (OSC সন্দেহ),urgent
oral_0_006632.jpg,0,oral_scc,oral_scc,মুখের ক্যানসারের মতো পরিবর্তন (OSC সন্দেহ),urgent
oral_1_006633.jpg,1,oral_normal,oral_normal,স্বাভাবিক মুখের ভেতর,routine
oral_1_006634.jpg,1,oral_normal,oral_normal,স্বাভাবিক মুখের ভেতর,routine
oral_0_006635.jpg,0,oral_scc,oral_scc,মুখের ক্যানসারের মতো পরিবর্তন (OSC সন্দেহ),urgent
oral_0_006636.jpg,0,oral_scc,oral_scc,মুখের ক্যানসারের মতো পরিবর্তন (OSC সন্দেহ),urgent
oral_0_006637.jpg,0,oral_scc,oral_scc,মুখের ক্যানসারের মতো পরিবর্তন (OSC সন্দেহ),urgent
oral_1_006638.jpg,1,oral_normal,oral_normal,স্বাভাবিক মুখের ভেতর,routine
oral_1_006639.jpg,1,oral_normal,oral_normal,স্বাভাবিক মুখের ভেতর,routine
oral_1_006640.jpg,1,oral_normal,oral_normal,স্বাভাবিক মুখের ভেতর,routine
oral_1_006641.jpg,1,oral_normal,oral_normal,স্বাভাবিক মুখের ভেতর,routine
oral_0_006642.jpg,0,oral_scc,oral_scc,মুখের ক্যানসারের মতো পরিবর্তন (OSC সন্দেহ),urgent
oral_1_006643.jpg,1,oral_normal,oral_normal,স্বাভাবিক মুখের ভেতর,routine
oral_0_006644.jpg,0,oral_scc,oral_scc,মুখের ক্যানসারের মতো পরিবর্তন (OSC সন্দেহ),urgent
oral_1_006645.jpg,1,oral_normal,oral_normal,স্বাভাবিক মুখের ভেতর,routine
oral_1_006646.jpg,1,oral_normal,oral_normal,স্বাভাবিক মুখের ভেতর,routine
oral_1_006647.jpg,1,oral_normal,oral_normal,স্বাভাবিক মুখের ভেতর,routine
oral_0_006648.jpg,0,oral_scc,oral_scc,মুখের ক্যানসারের মতো পরিবর্তন (OSC সন্দেহ),urgent
oral_1_006649.jpg,1,oral_normal,oral_normal,স্বাভাবিক মুখের ভেতর,routine
oral_0_006650.jpg,0,oral_scc,oral_scc,মুখের ক্যানসারের মতো পরিবর্তন (OSC সন্দেহ),urgent
oral_0_006651.jpg,0,oral_scc,oral_scc,মুখের ক্যানসারের মতো পরিবর্তন (OSC সন্দেহ),urgent
oral_1_006652.jpg,1,oral_normal,oral_normal,স্বাভাবিক মুখের ভেতর,routine
oral_0_006653.jpg,0,oral_scc,oral_scc,মুখের ক্যানসারের মতো পরিবর্তন (OSC সন্দেহ),urgent
oral_1_006654.jpg,1,oral_normal,oral_normal,স্বাভাবিক মুখের ভেতর,routine
oral_0_006655.jpg,0,oral_scc,oral_scc,মুখের ক্যানসারের মতো পরিবর্তন (OSC সন্দেহ),urgent
oral_1_006656.jpg,1,oral_normal,oral_normal,স্বাভাবিক মুখের ভেতর,routine
oral_1_006657.jpg,1,oral_normal,oral_normal,স্বাভাবিক মুখের ভেতর,routine
oral_0_006658.jpg,0,oral_scc,oral_scc,মুখের ক্যানসারের মতো পরিবর্তন (OSC সন্দেহ),urgent
oral_1_006659.jpg,1,oral_normal,oral_normal,স্বাভাবিক মুখের ভেতর,routine
oral_1_006660.jpg,1,oral_normal,oral_normal,স্বাভাবিক মুখের ভেতর,routine
oral_0_006661.jpg,0,oral_scc,oral_scc,মুখের ক্যানসারের মতো পরিবর্তন (OSC সন্দেহ),urgent
oral_1_006662.jpg,1,oral_normal,oral_normal,স্বাভাবিক মুখের ভেতর,routine
oral_1_006663.jpg,1,oral_normal,oral_normal,স্বাভাবিক মুখের ভেতর,routine
oral_1_006664.jpg,1,oral_normal,oral_normal,স্বাভাবিক মুখের ভেতর,routine
oral_0_006665.jpg,0,oral_scc,oral_scc,মুখের ক্যানসারের মতো পরিবর্তন (OSC সন্দেহ),urgent
oral_0_006666.jpg,0,oral_scc,oral_scc,মুখের ক্যানসারের মতো পরিবর্তন (OSC সন্দেহ),urgent
oral_0_006667.jpg,0,oral_scc,oral_scc,মুখের ক্যানসারের মতো পরিবর্তন (OSC সন্দেহ),urgent
oral_0_006668.jpg,0,oral_scc,oral_scc,মুখের ক্যানসারের মতো পরিবর্তন (OSC সন্দেহ),urgent
oral_1_006669.jpg,1,oral_normal,oral_normal,স্বাভাবিক মুখের ভেতর,routine
oral_0_006670.jpg,0,oral_scc,oral_scc,মুখের ক্যানসারের মতো পরিবর্তন (OSC সন্দেহ),urgent
oral_1_006671.jpg,1,oral_normal,oral_normal,স্বাভাবিক মুখের ভেতর,routine
oral_1_006672.jpg,1,oral_normal,oral_normal,স্বাভাবিক মুখের ভেতর,routine
oral_1_006673.jpg,1,oral_normal,oral_normal,স্বাভাবিক মুখের ভেতর,routine
oral_1_006674.jpg,1,oral_normal,oral_normal,স্বাভাবিক মুখের ভেতর,routine
oral_0_006675.jpg,0,oral_scc,oral_scc,মুখের ক্যানসারের মতো পরিবর্তন (OSC সন্দেহ),urgent
oral_0_006676.jpg,0,oral_scc,oral_scc,মুখের ক্যানসারের মতো পরিবর্তন (OSC সন্দেহ),urgent
oral_0_006677.jpg,0,oral_scc,oral_scc,মুখের ক্যানসারের মতো পরিবর্তন (OSC সন্দেহ),urgent
oral_1_006678.jpg,1,oral_normal,oral_normal,স্বাভাবিক মুখের ভেতর,routine
oral_1_006679.jpg,1,oral_normal,oral_normal,স্বাভাবিক মুখের ভেতর,routine
oral_1_006680.jpg,1,oral_normal,oral_normal,স্বাভাবিক মুখের ভেতর,routine
oral_0_006681.jpg,0,oral_scc,oral_scc,মুখের ক্যানসারের মতো পরিবর্তন (OSC সন্দেহ),urgent
oral_0_006682.jpg,0,oral_scc,oral_scc,মুখের ক্যানসারের মতো পরিবর্তন (OSC সন্দেহ),urgent
oral_1_006683.jpg,1,oral_normal,oral_normal,স্বাভাবিক মুখের ভেতর,routine
oral_0_006684.jpg,0,oral_scc,oral_scc,মুখের ক্যানসারের মতো পরিবর্তন (OSC সন্দেহ),urgent
oral_0_006685.jpg,0,oral_scc,oral_scc,মুখের ক্যানসারের মতো পরিবর্তন (OSC সন্দেহ),urgent
oral_1_006686.jpg,1,oral_normal,oral_normal,স্বাভাবিক মুখের ভেতর,routine
oral_0_006687.jpg,0,oral_scc,oral_scc,মুখের ক্যানসারের মতো পরিবর্তন (OSC সন্দেহ),urgent
oral_0_006688.jpg,0,oral_scc,oral_scc,মুখের ক্যানসারের মতো পরিবর্তন (OSC সন্দেহ),urgent
oral_0_006689.jpg,0,oral_scc,oral_scc,মুখের ক্যানসারের মতো পরিবর্তন (OSC সন্দেহ),urgent
oral_0_006690.jpg,0,oral_scc,oral_scc,মুখের ক্যানসারের মতো পরিবর্তন (OSC সন্দেহ),urgent
oral_1_006691.jpg,1,oral_normal,oral_normal,স্বাভাবিক মুখের ভেতর,routine
oral_1_006692.jpg,1,oral_normal,oral_normal,স্বাভাবিক মুখের ভেতর,routine
oral_1_006693.jpg,1,oral_normal,oral_normal,স্বাভাবিক মুখের ভেতর,routine
oral_1_006694.jpg,1,oral_normal,oral_normal,স্বাভাবিক মুখের ভেতর,routine
oral_0_006695.jpg,0,oral_scc,oral_scc,মুখের ক্যানসারের মতো পরিবর্তন (OSC সন্দেহ),urgent
oral_1_006696.jpg,1,oral_normal,oral_normal,স্বাভাবিক মুখের ভেতর,routine
oral_1_006697.jpg,1,oral_normal,oral_normal,স্বাভাবিক মুখের ভেতর,routine
oral_1_006698.jpg,1,oral_normal,oral_normal,স্বাভাবিক মুখের ভেতর,routine
oral_1_006699.jpg,1,oral_normal,oral_normal,স্বাভাবিক মুখের ভেতর,routine
oral_1_006700.jpg,1,oral_normal,oral_normal,স্বাভাবিক মুখের ভেতর,routine
oral_1_006701.jpg,1,oral_normal,oral_normal,স্বাভাবিক মুখের ভেতর,routine
oral_1_006702.jpg,1,oral_normal,oral_normal,স্বাভাবিক মুখের ভেতর,routine
oral_0_006703.jpg,0,oral_scc,oral_scc,মুখের ক্যানসারের মতো পরিবর্তন (OSC সন্দেহ),urgent
oral_0_006704.jpg,0,oral_scc,oral_scc,মুখের ক্যানসারের মতো পরিবর্তন (OSC সন্দেহ),urgent
oral_1_006705.jpg,1,oral_normal,oral_normal,স্বাভাবিক মুখের ভেতর,routine
oral_0_006706.jpg,0,oral_scc,oral_scc,মুখের ক্যানসারের মতো পরিবর্তন (OSC সন্দেহ),urgent
oral_0_006707.jpg,0,oral_scc,oral_scc,মুখের ক্যানসারের মতো পরিবর্তন (OSC সন্দেহ),urgent
oral_1_006708.jpg,1,oral_normal,oral_normal,স্বাভাবিক মুখের ভেতর,routine
oral_0_006709.jpg,0,oral_scc,oral_scc,মুখের ক্যানসারের মতো পরিবর্তন (OSC সন্দেহ),urgent
oral_1_006710.jpg,1,oral_normal,oral_normal,স্বাভাবিক মুখের ভেতর,routine
oral_1_006711.jpg,1,oral_normal,oral_normal,স্বাভাবিক মুখের ভেতর,routine
oral_1_006712.jpg,1,oral_normal,oral_normal,স্বাভাবিক মুখের ভেতর,routine
oral_0_006713.jpg,0,oral_scc,oral_scc,মুখের ক্যানসারের মতো পরিবর্তন (OSC সন্দেহ),urgent
oral_1_006714.jpg,1,oral_normal,oral_normal,স্বাভাবিক মুখের ভেতর,routine
oral_1_006715.jpg,1,oral_normal,oral_normal,স্বাভাবিক মুখের ভেতর,routine
oral_0_006716.jpg,0,oral_scc,oral_scc,মুখের ক্যানসারের মতো পরিবর্তন (OSC সন্দেহ),urgent
oral_1_006717.jpg,1,oral_normal,oral_normal,স্বাভাবিক মুখের ভেতর,routine
oral_0_006718.jpg,0,oral_scc,oral_scc,মুখের ক্যানসারের মতো পরিবর্তন (OSC সন্দেহ),urgent
oral_1_006719.jpg,1,oral_normal,oral_normal,স্বাভাবিক মুখের ভেতর,routine
oral_1_006720.jpg,1,oral_normal,oral_normal,স্বাভাবিক মুখের ভেতর,routine
oral_0_006721.jpg,0,oral_scc,oral_scc,মুখের ক্যানসারের মতো পরিবর্তন (OSC সন্দেহ),urgent
oral_1_006722.jpg,1,oral_normal,oral_normal,স্বাভাবিক মুখের ভেতর,routine
oral_0_006723.jpg,0,oral_scc,oral_scc,মুখের ক্যানসারের মতো পরিবর্তন (OSC সন্দেহ),urgent
oral_1_006724.jpg,1,oral_normal,oral_normal,স্বাভাবিক মুখের ভেতর,routine
oral_1_006725.jpg,1,oral_normal,oral_normal,স্বাভাবিক মুখের ভেতর,routine
oral_0_006726.jpg,0,oral_scc,oral_scc,মুখের ক্যানসারের মতো পরিবর্তন (OSC সন্দেহ),urgent
oral_1_006727.jpg,1,oral_normal,oral_normal,স্বাভাবিক মুখের ভেতর,routine
oral_0_006728.jpg,0,oral_scc,oral_scc,মুখের ক্যানসারের মতো পরিবর্তন (OSC সন্দেহ),urgent
oral_1_006729.jpg,1,oral_normal,oral_normal,স্বাভাবিক মুখের ভেতর,routine
oral_1_006730.jpg,1,oral_normal,oral_normal,স্বাভাবিক মুখের ভেতর,routine
oral_0_006731.jpg,0,oral_scc,oral_scc,মুখের ক্যানসারের মতো পরিবর্তন (OSC সন্দেহ),urgent
oral_1_006732.jpg,1,oral_normal,oral_normal,স্বাভাবিক মুখের ভেতর,routine
oral_1_006733.jpg,1,oral_normal,oral_normal,স্বাভাবিক মুখের ভেতর,routine
oral_0_006734.jpg,0,oral_scc,oral_scc,মুখের ক্যানসারের মতো পরিবর্তন (OSC সন্দেহ),urgent
oral_0_006735.jpg,0,oral_scc,oral_scc,মুখের ক্যানসারের মতো পরিবর্তন (OSC সন্দেহ),urgent
oral_0_006736.jpg,0,oral_scc,oral_scc,মুখের ক্যানসারের মতো পরিবর্তন (OSC সন্দেহ),urgent
oral_0_006737.jpg,0,oral_scc,oral_scc,মুখের ক্যানসারের মতো পরিবর্তন (OSC সন্দেহ),urgent
oral_1_006738.jpg,1,oral_normal,oral_normal,স্বাভাবিক মুখের ভেতর,routine
oral_0_006739.jpg,0,oral_scc,oral_scc,মুখের ক্যানসারের মতো পরিবর্তন (OSC সন্দেহ),urgent
oral_0_006740.jpg,0,oral_scc,oral_scc,মুখের ক্যানসারের মতো পরিবর্তন (OSC সন্দেহ),urgent
oral_1_006741.jpg,1,oral_normal,oral_normal,স্বাভাবিক মুখের ভেতর,routine
oral_1_006742.jpg,1,oral_normal,oral_normal,স্বাভাবিক মুখের ভেতর,routine
oral_0_006743.jpg,0,oral_scc,oral_scc,মুখের ক্যানসারের মতো পরিবর্তন (OSC সন্দেহ),urgent
oral_1_006744.jpg,1,oral_normal,oral_normal,স্বাভাবিক মুখের ভেতর,routine
oral_1_006745.jpg,1,oral_normal,oral_normal,স্বাভাবিক মুখের ভেতর,routine
oral_1_006746.jpg,1,oral_normal,oral_normal,স্বাভাবিক মুখের ভেতর,routine
oral_1_006747.jpg,1,oral_normal,oral_normal,স্বাভাবিক মুখের ভেতর,routine
oral_0_006748.jpg,0,oral_scc,oral_scc,মুখের ক্যানসারের মতো পরিবর্তন (OSC সন্দেহ),urgent
oral_0_006749.jpg,0,oral_scc,oral_scc,মুখের ক্যানসারের মতো পরিবর্তন (OSC সন্দেহ),urgent
oral_0_006750.jpg,0,oral_scc,oral_scc,মুখের ক্যানসারের মতো পরিবর্তন (OSC সন্দেহ),urgent
oral_0_006751.jpg,0,oral_scc,oral_scc,মুখের ক্যানসারের মতো পরিবর্তন (OSC সন্দেহ),urgent
oral_0_006752.jpg,0,oral_scc,oral_scc,মুখের ক্যানসারের মতো পরিবর্তন (OSC সন্দেহ),urgent
oral_1_006753.jpg,1,oral_normal,oral_normal,স্বাভাবিক মুখের ভেতর,routine
oral_0_006754.jpg,0,oral_scc,oral_scc,মুখের ক্যানসারের মতো পরিবর্তন (OSC সন্দেহ),urgent
oral_1_006755.jpg,1,oral_normal,oral_normal,স্বাভাবিক মুখের ভেতর,routine
oral_1_006756.jpg,1,oral_normal,oral_normal,স্বাভাবিক মুখের ভেতর,routine
oral_0_006757.jpg,0,oral_scc,oral_scc,মুখের ক্যানসারের মতো পরিবর্তন (OSC সন্দেহ),urgent
oral_1_006758.jpg,1,oral_normal,oral_normal,স্বাভাবিক মুখের ভেতর,routine
oral_1_006759.jpg,1,oral_normal,oral_normal,স্বাভাবিক মুখের ভেতর,routine
oral_1_006760.jpg,1,oral_normal,oral_normal,স্বাভাবিক মুখের ভেতর,routine
oral_0_006761.jpg,0,oral_scc,oral_scc,মুখের ক্যানসারের মতো পরিবর্তন (OSC সন্দেহ),urgent
oral_0_006762.jpg,0,oral_scc,oral_scc,মুখের ক্যানসারের মতো পরিবর্তন (OSC সন্দেহ),urgent
oral_0_006763.jpg,0,oral_scc,oral_scc,মুখের ক্যানসারের মতো পরিবর্তন (OSC সন্দেহ),urgent
oral_0_006764.jpg,0,oral_scc,oral_scc,মুখের ক্যানসারের মতো পরিবর্তন (OSC সন্দেহ),urgent
oral_1_006765.jpg,1,oral_normal,oral_normal,স্বাভাবিক মুখের ভেতর,routine
oral_1_006766.jpg,1,oral_normal,oral_normal,স্বাভাবিক মুখের ভেতর,routine
oral_1_006767.jpg,1,oral_normal,oral_normal,স্বাভাবিক মুখের ভেতর,routine
oral_1_006768.jpg,1,oral_normal,oral_normal,স্বাভাবিক মুখের ভেতর,routine
oral_0_006769.jpg,0,oral_scc,oral_scc,মুখের ক্যানসারের মতো পরিবর্তন (OSC সন্দেহ),urgent
oral_1_006770.jpg,1,oral_normal,oral_normal,স্বাভাবিক মুখের ভেতর,routine
oral_0_006771.jpg,0,oral_scc,oral_scc,মুখের ক্যানসারের মতো পরিবর্তন (OSC সন্দেহ),urgent
oral_1_006772.jpg,1,oral_normal,oral_normal,স্বাভাবিক মুখের ভেতর,routine
oral_0_006773.jpg,0,oral_scc,oral_scc,মুখের ক্যানসারের মতো পরিবর্তন (OSC সন্দেহ),urgent
oral_1_006774.jpg,1,oral_normal,oral_normal,স্বাভাবিক মুখের ভেতর,routine
oral_1_006775.jpg,1,oral_normal,oral_normal,স্বাভাবিক মুখের ভেতর,routine
oral_1_006776.jpg,1,oral_normal,oral_normal,স্বাভাবিক মুখের ভেতর,routine
oral_0_006777.jpg,0,oral_scc,oral_scc,মুখের ক্যানসারের মতো পরিবর্তন (OSC সন্দেহ),urgent
oral_0_006778.jpg,0,oral_scc,oral_scc,মুখের ক্যানসারের মতো পরিবর্তন (OSC সন্দেহ),urgent
oral_0_006779.jpg,0,oral_scc,oral_scc,মুখের ক্যানসারের মতো পরিবর্তন (OSC সন্দেহ),urgent
oral_0_006780.jpg,0,oral_scc,oral_scc,মুখের ক্যানসারের মতো পরিবর্তন (OSC সন্দেহ),urgent
oral_0_006781.jpg,0,oral_scc,oral_scc,মুখের ক্যানসারের মতো পরিবর্তন (OSC সন্দেহ),urgent
oral_0_006782.jpg,0,oral_scc,oral_scc,মুখের ক্যানসারের মতো পরিবর্তন (OSC সন্দেহ),urgent
oral_1_006783.jpg,1,oral_normal,oral_normal,স্বাভাবিক মুখের ভেতর,routine
oral_1_006784.jpg,1,oral_normal,oral_normal,স্বাভাবিক মুখের ভেতর,routine
oral_1_006785.jpg,1,oral_normal,oral_normal,স্বাভাবিক মুখের ভেতর,routine
oral_0_006786.jpg,0,oral_scc,oral_scc,মুখের ক্যানসারের মতো পরিবর্তন (OSC সন্দেহ),urgent
oral_1_006787.jpg,1,oral_normal,oral_normal,স্বাভাবিক মুখের ভেতর,routine
oral_1_006788.jpg,1,oral_normal,oral_normal,স্বাভাবিক মুখের ভেতর,routine
oral_1_006789.jpg,1,oral_normal,oral_normal,স্বাভাবিক মুখের ভেতর,routine
oral_0_006790.jpg,0,oral_scc,oral_scc,মুখের ক্যানসারের মতো পরিবর্তন (OSC সন্দেহ),urgent
oral_1_006791.jpg,1,oral_normal,oral_normal,স্বাভাবিক মুখের ভেতর,routine
oral_0_006792.jpg,0,oral_scc,oral_scc,মুখের ক্যানসারের মতো পরিবর্তন (OSC সন্দেহ),urgent
oral_0_006793.jpg,0,oral_scc,oral_scc,মুখের ক্যানসারের মতো পরিবর্তন (OSC সন্দেহ),urgent
oral_0_006794.jpg,0,oral_scc,oral_scc,মুখের ক্যানসারের মতো পরিবর্তন (OSC সন্দেহ),urgent
oral_1_006795.jpg,1,oral_normal,oral_normal,স্বাভাবিক মুখের ভেতর,routine
oral_0_006796.jpg,0,oral_scc,oral_scc,মুখের ক্যানসারের মতো পরিবর্তন (OSC সন্দেহ),urgent
oral_0_006797.jpg,0,oral_scc,oral_scc,মুখের ক্যানসারের মতো পরিবর্তন (OSC সন্দেহ),urgent
oral_1_006798.jpg,1,oral_normal,oral_normal,স্বাভাবিক মুখের ভেতর,routine
oral_1_006799.jpg,1,oral_normal,oral_normal,স্বাভাবিক মুখের ভেতর,routine
oral_0_006800.jpg,0,oral_scc,oral_scc,মুখের ক্যানসারের মতো পরিবর্তন (OSC সন্দেহ),urgent
oral_1_006801.jpg,1,oral_normal,oral_normal,স্বাভাবিক মুখের ভেতর,routine
oral_1_006802.jpg,1,oral_normal,oral_normal,স্বাভাবিক মুখের ভেতর,routine
oral_0_006803.jpg,0,oral_scc,oral_scc,মুখের ক্যানসারের মতো পরিবর্তন (OSC সন্দেহ),urgent
oral_1_006804.jpg,1,oral_normal,oral_normal,স্বাভাবিক মুখের ভেতর,routine
oral_1_006805.jpg,1,oral_normal,oral_normal,স্বাভাবিক মুখের ভেতর,routine
oral_0_006806.jpg,0,oral_scc,oral_scc,মুখের ক্যানসারের মতো পরিবর্তন (OSC সন্দেহ),urgent
oral_0_006807.jpg,0,oral_scc,oral_scc,মুখের ক্যানসারের মতো পরিবর্তন (OSC সন্দেহ),urgent
oral_1_006808.jpg,1,oral_normal,oral_normal,স্বাভাবিক মুখের ভেতর,routine
oral_0_006809.jpg,0,oral_scc,oral_scc,মুখের ক্যানসারের মতো পরিবর্তন (OSC সন্দেহ),urgent
oral_0_006810.jpg,0,oral_scc,oral_scc,মুখের ক্যানসারের মতো পরিবর্তন (OSC সন্দেহ),urgent
oral_1_006811.jpg,1,oral_normal,oral_normal,স্বাভাবিক মুখের ভেতর,routine
oral_0_006812.jpg,0,oral_scc,oral_scc,মুখের ক্যানসারের মতো পরিবর্তন (OSC সন্দেহ),urgent
oral_1_006813.jpg,1,oral_normal,oral_normal,স্বাভাবিক মুখের ভেতর,routine
oral_1_006814.jpg,1,oral_normal,oral_normal,স্বাভাবিক মুখের ভেতর,routine
oral_0_006815.jpg,0,oral_scc,oral_scc,মুখের ক্যানসারের মতো পরিবর্তন (OSC সন্দেহ),urgent
oral_1_006816.jpg,1,oral_normal,oral_normal,স্বাভাবিক মুখের ভেতর,routine
oral_1_006817.jpg,1,oral_normal,oral_normal,স্বাভাবিক মুখের ভেতর,routine
oral_1_006818.jpg,1,oral_normal,oral_normal,স্বাভাবিক মুখের ভেতর,routine
oral_1_006819.jpg,1,oral_normal,oral_normal,স্বাভাবিক মুখের ভেতর,routine
oral_1_006820.jpg,1,oral_normal,oral_normal,স্বাভাবিক মুখের ভেতর,routine
oral_1_006821.jpg,1,oral_normal,oral_normal,স্বাভাবিক মুখের ভেতর,routine
oral_1_006822.jpg,1,oral_normal,oral_normal,স্বাভাবিক মুখের ভেতর,routine
oral_0_006823.jpg,0,oral_scc,oral_scc,মুখের ক্যানসারের মতো পরিবর্তন (OSC সন্দেহ),urgent
oral_1_006824.jpg,1,oral_normal,oral_normal,স্বাভাবিক মুখের ভেতর,routine
oral_1_006825.jpg,1,oral_normal,oral_normal,স্বাভাবিক মুখের ভেতর,routine
oral_1_006826.jpg,1,oral_normal,oral_normal,স্বাভাবিক মুখের ভেতর,routine
oral_0_006827.jpg,0,oral_scc,oral_scc,মুখের ক্যানসারের মতো পরিবর্তন (OSC সন্দেহ),urgent
oral_0_006828.jpg,0,oral_scc,oral_scc,মুখের ক্যানসারের মতো পরিবর্তন (OSC সন্দেহ),urgent
oral_0_006829.jpg,0,oral_scc,oral_scc,মুখের ক্যানসারের মতো পরিবর্তন (OSC সন্দেহ),urgent
oral_1_006830.jpg,1,oral_normal,oral_normal,স্বাভাবিক মুখের ভেতর,routine
oral_1_006831.jpg,1,oral_normal,oral_normal,স্বাভাবিক মুখের ভেতর,routine
oral_1_006832.jpg,1,oral_normal,oral_normal,স্বাভাবিক মুখের ভেতর,routine
oral_0_006833.jpg,0,oral_scc,oral_scc,মুখের ক্যানসারের মতো পরিবর্তন (OSC সন্দেহ),urgent
oral_0_006834.jpg,0,oral_scc,oral_scc,মুখের ক্যানসারের মতো পরিবর্তন (OSC সন্দেহ),urgent
oral_1_006835.jpg,1,oral_normal,oral_normal,স্বাভাবিক মুখের ভেতর,routine
oral_1_006836.jpg,1,oral_normal,oral_normal,স্বাভাবিক মুখের ভেতর,routine
oral_1_006837.jpg,1,oral_normal,oral_normal,স্বাভাবিক মুখের ভেতর,routine
oral_0_006838.jpg,0,oral_scc,oral_scc,মুখের ক্যানসারের মতো পরিবর্তন (OSC সন্দেহ),urgent
oral_1_006839.jpg,1,oral_normal,oral_normal,স্বাভাবিক মুখের ভেতর,routine
oral_1_006840.jpg,1,oral_normal,oral_normal,স্বাভাবিক মুখের ভেতর,routine
oral_1_006841.jpg,1,oral_normal,oral_normal,স্বাভাবিক মুখের ভেতর,routine
oral_0_006842.jpg,0,oral_scc,oral_scc,মুখের ক্যানসারের মতো পরিবর্তন (OSC সন্দেহ),urgent
oral_1_006843.jpg,1,oral_normal,oral_normal,স্বাভাবিক মুখের ভেতর,routine
oral_1_006844.jpg,1,oral_normal,oral_normal,স্বাভাবিক মুখের ভেতর,routine
oral_0_006845.jpg,0,oral_scc,oral_scc,মুখের ক্যানসারের মতো পরিবর্তন (OSC সন্দেহ),urgent
oral_1_006846.jpg,1,oral_normal,oral_normal,স্বাভাবিক মুখের ভেতর,routine
oral_0_006847.jpg,0,oral_scc,oral_scc,মুখের ক্যানসারের মতো পরিবর্তন (OSC সন্দেহ),urgent
oral_0_006848.jpg,0,oral_scc,oral_scc,মুখের ক্যানসারের মতো পরিবর্তন (OSC সন্দেহ),urgent
oral_0_006849.jpg,0,oral_scc,oral_scc,মুখের ক্যানসারের মতো পরিবর্তন (OSC সন্দেহ),urgent
oral_1_006850.jpg,1,oral_normal,oral_normal,স্বাভাবিক মুখের ভেতর,routine
oral_1_006851.jpg,1,oral_normal,oral_normal,স্বাভাবিক মুখের ভেতর,routine
oral_1_006852.jpg,1,oral_normal,oral_normal,স্বাভাবিক মুখের ভেতর,routine
oral_0_006853.jpg,0,oral_scc,oral_scc,মুখের ক্যানসারের মতো পরিবর্তন (OSC সন্দেহ),urgent
oral_1_006854.jpg,1,oral_normal,oral_normal,স্বাভাবিক মুখের ভেতর,routine
oral_0_006855.jpg,0,oral_scc,oral_scc,মুখের ক্যানসারের মতো পরিবর্তন (OSC সন্দেহ),urgent
oral_1_006856.jpg,1,oral_normal,oral_normal,স্বাভাবিক মুখের ভেতর,routine
oral_1_006857.jpg,1,oral_normal,oral_normal,স্বাভাবিক মুখের ভেতর,routine
oral_0_006858.jpg,0,oral_scc,oral_scc,মুখের ক্যানসারের মতো পরিবর্তন (OSC সন্দেহ),urgent
oral_0_006859.jpg,0,oral_scc,oral_scc,মুখের ক্যানসারের মতো পরিবর্তন (OSC সন্দেহ),urgent
oral_0_006860.jpg,0,oral_scc,oral_scc,মুখের ক্যানসারের মতো পরিবর্তন (OSC সন্দেহ),urgent
oral_1_006861.jpg,1,oral_normal,oral_normal,স্বাভাবিক মুখের ভেতর,routine
oral_1_006862.jpg,1,oral_normal,oral_normal,স্বাভাবিক মুখের ভেতর,routine
oral_1_006863.jpg,1,oral_normal,oral_normal,স্বাভাবিক মুখের ভেতর,routine
oral_0_006864.jpg,0,oral_scc,oral_scc,মুখের ক্যানসারের মতো পরিবর্তন (OSC সন্দেহ),urgent
oral_1_006865.jpg,1,oral_normal,oral_normal,স্বাভাবিক মুখের ভেতর,routine
oral_0_006866.jpg,0,oral_scc,oral_scc,মুখের ক্যানসারের মতো পরিবর্তন (OSC সন্দেহ),urgent
oral_0_006867.jpg,0,oral_scc,oral_scc,মুখের ক্যানসারের মতো পরিবর্তন (OSC সন্দেহ),urgent
oral_0_006868.jpg,0,oral_scc,oral_scc,মুখের ক্যানসারের মতো পরিবর্তন (OSC সন্দেহ),urgent
oral_0_006869.jpg,0,oral_scc,oral_scc,মুখের ক্যানসারের মতো পরিবর্তন (OSC সন্দেহ),urgent
oral_0_006870.jpg,0,oral_scc,oral_scc,মুখের ক্যানসারের মতো পরিবর্তন (OSC সন্দেহ),urgent
oral_0_006871.jpg,0,oral_scc,oral_scc,মুখের ক্যানসারের মতো পরিবর্তন (OSC সন্দেহ),urgent
oral_1_006872.jpg,1,oral_normal,oral_normal,স্বাভাবিক মুখের ভেতর,routine
oral_0_006873.jpg,0,oral_scc,oral_scc,মুখের ক্যানসারের মতো পরিবর্তন (OSC সন্দেহ),urgent
oral_0_006874.jpg,0,oral_scc,oral_scc,মুখের ক্যানসারের মতো পরিবর্তন (OSC সন্দেহ),urgent
oral_0_006875.jpg,0,oral_scc,oral_scc,মুখের ক্যানসারের মতো পরিবর্তন (OSC সন্দেহ),urgent
oral_0_006876.jpg,0,oral_scc,oral_scc,মুখের ক্যানসারের মতো পরিবর্তন (OSC সন্দেহ),urgent
oral_0_006877.jpg,0,oral_scc,oral_scc,মুখের ক্যানসারের মতো পরিবর্তন (OSC সন্দেহ),urgent
oral_1_006878.jpg,1,oral_normal,oral_normal,স্বাভাবিক মুখের ভেতর,routine
oral_1_006879.jpg,1,oral_normal,oral_normal,স্বাভাবিক মুখের ভেতর,routine
oral_1_006880.jpg,1,oral_normal,oral_normal,স্বাভাবিক মুখের ভেতর,routine
oral_0_006881.jpg,0,oral_scc,oral_scc,মুখের ক্যানসারের মতো পরিবর্তন (OSC সন্দেহ),urgent
oral_1_006882.jpg,1,oral_normal,oral_normal,স্বাভাবিক মুখের ভেতর,routine
oral_1_006883.jpg,1,oral_normal,oral_normal,স্বাভাবিক মুখের ভেতর,routine
oral_1_006884.jpg,1,oral_normal,oral_normal,স্বাভাবিক মুখের ভেতর,routine
oral_0_006885.jpg,0,oral_scc,oral_scc,মুখের ক্যানসারের মতো পরিবর্তন (OSC সন্দেহ),urgent
oral_0_006886.jpg,0,oral_scc,oral_scc,মুখের ক্যানসারের মতো পরিবর্তন (OSC সন্দেহ),urgent
oral_1_006887.jpg,1,oral_normal,oral_normal,স্বাভাবিক মুখের ভেতর,routine
oral_1_006888.jpg,1,oral_normal,oral_normal,স্বাভাবিক মুখের ভেতর,routine
oral_1_006889.jpg,1,oral_normal,oral_normal,স্বাভাবিক মুখের ভেতর,routine
oral_0_006890.jpg,0,oral_scc,oral_scc,মুখের ক্যানসারের মতো পরিবর্তন (OSC সন্দেহ),urgent
oral_1_006891.jpg,1,oral_normal,oral_normal,স্বাভাবিক মুখের ভেতর,routine
oral_1_006892.jpg,1,oral_normal,oral_normal,স্বাভাবিক মুখের ভেতর,routine
oral_1_006893.jpg,1,oral_normal,oral_normal,স্বাভাবিক মুখের ভেতর,routine
oral_0_006894.jpg,0,oral_scc,oral_scc,মুখের ক্যানসারের মতো পরিবর্তন (OSC সন্দেহ),urgent
oral_1_006895.jpg,1,oral_normal,oral_normal,স্বাভাবিক মুখের ভেতর,routine
oral_1_006896.jpg,1,oral_normal,oral_normal,স্বাভাবিক মুখের ভেতর,routine
oral_1_006897.jpg,1,oral_normal,oral_normal,স্বাভাবিক মুখের ভেতর,routine
oral_1_006898.jpg,1,oral_normal,oral_normal,স্বাভাবিক মুখের ভেতর,routine
oral_1_006899.jpg,1,oral_normal,oral_normal,স্বাভাবিক মুখের ভেতর,routine
oral_1_006900.jpg,1,oral_normal,oral_normal,স্বাভাবিক মুখের ভেতর,routine
oral_1_006901.jpg,1,oral_normal,oral_normal,স্বাভাবিক মুখের ভেতর,routine
oral_1_006902.jpg,1,oral_normal,oral_normal,স্বাভাবিক মুখের ভেতর,routine
oral_0_006903.jpg,0,oral_scc,oral_scc,মুখের ক্যানসারের মতো পরিবর্তন (OSC সন্দেহ),urgent
oral_1_006904.jpg,1,oral_normal,oral_normal,স্বাভাবিক মুখের ভেতর,routine
oral_0_006905.jpg,0,oral_scc,oral_scc,মুখের ক্যানসারের মতো পরিবর্তন (OSC সন্দেহ),urgent
oral_0_006906.jpg,0,oral_scc,oral_scc,মুখের ক্যানসারের মতো পরিবর্তন (OSC সন্দেহ),urgent
oral_1_006907.jpg,1,oral_normal,oral_normal,স্বাভাবিক মুখের ভেতর,routine
oral_1_006908.jpg,1,oral_normal,oral_normal,স্বাভাবিক মুখের ভেতর,routine
oral_1_006909.jpg,1,oral_normal,oral_normal,স্বাভাবিক মুখের ভেতর,routine
oral_0_006910.jpg,0,oral_scc,oral_scc,মুখের ক্যানসারের মতো পরিবর্তন (OSC সন্দেহ),urgent
oral_0_006911.jpg,0,oral_scc,oral_scc,মুখের ক্যানসারের মতো পরিবর্তন (OSC সন্দেহ),urgent
oral_0_006912.jpg,0,oral_scc,oral_scc,মুখের ক্যানসারের মতো পরিবর্তন (OSC সন্দেহ),urgent
oral_0_006913.jpg,0,oral_scc,oral_scc,মুখের ক্যানসারের মতো পরিবর্তন (OSC সন্দেহ),urgent
oral_0_006914.jpg,0,oral_scc,oral_scc,মুখের ক্যানসারের মতো পরিবর্তন (OSC সন্দেহ),urgent
oral_1_006915.jpg,1,oral_normal,oral_normal,স্বাভাবিক মুখের ভেতর,routine
oral_1_006916.jpg,1,oral_normal,oral_normal,স্বাভাবিক মুখের ভেতর,routine
oral_1_006917.jpg,1,oral_normal,oral_normal,স্বাভাবিক মুখের ভেতর,routine
oral_1_006918.jpg,1,oral_normal,oral_normal,স্বাভাবিক মুখের ভেতর,routine
oral_0_006919.jpg,0,oral_scc,oral_scc,মুখের ক্যানসারের মতো পরিবর্তন (OSC সন্দেহ),urgent
oral_0_006920.jpg,0,oral_scc,oral_scc,মুখের ক্যানসারের মতো পরিবর্তন (OSC সন্দেহ),urgent
oral_0_006921.jpg,0,oral_scc,oral_scc,মুখের ক্যানসারের মতো পরিবর্তন (OSC সন্দেহ),urgent
oral_1_006922.jpg,1,oral_normal,oral_normal,স্বাভাবিক মুখের ভেতর,routine
oral_0_006923.jpg,0,oral_scc,oral_scc,মুখের ক্যানসারের মতো পরিবর্তন (OSC সন্দেহ),urgent
oral_0_006924.jpg,0,oral_scc,oral_scc,মুখের ক্যানসারের মতো পরিবর্তন (OSC সন্দেহ),urgent
oral_1_006925.jpg,1,oral_normal,oral_normal,স্বাভাবিক মুখের ভেতর,routine
oral_1_006926.jpg,1,oral_normal,oral_normal,স্বাভাবিক মুখের ভেতর,routine
oral_1_006927.jpg,1,oral_normal,oral_normal,স্বাভাবিক মুখের ভেতর,routine
oral_1_006928.jpg,1,oral_normal,oral_normal,স্বাভাবিক মুখের ভেতর,routine
oral_0_006929.jpg,0,oral_scc,oral_scc,মুখের ক্যানসারের মতো পরিবর্তন (OSC সন্দেহ),urgent
oral_0_006930.jpg,0,oral_scc,oral_scc,মুখের ক্যানসারের মতো পরিবর্তন (OSC সন্দেহ),urgent
oral_1_006931.jpg,1,oral_normal,oral_normal,স্বাভাবিক মুখের ভেতর,routine
oral_1_006932.jpg,1,oral_normal,oral_normal,স্বাভাবিক মুখের ভেতর,routine
oral_1_006933.jpg,1,oral_normal,oral_normal,স্বাভাবিক মুখের ভেতর,routine
oral_0_006934.jpg,0,oral_scc,oral_scc,মুখের ক্যানসারের মতো পরিবর্তন (OSC সন্দেহ),urgent
oral_1_006935.jpg,1,oral_normal,oral_normal,স্বাভাবিক মুখের ভেতর,routine
oral_0_006936.jpg,0,oral_scc,oral_scc,মুখের ক্যানসারের মতো পরিবর্তন (OSC সন্দেহ),urgent
oral_0_006937.jpg,0,oral_scc,oral_scc,মুখের ক্যানসারের মতো পরিবর্তন (OSC সন্দেহ),urgent
oral_0_006938.jpg,0,oral_scc,oral_scc,মুখের ক্যানসারের মতো পরিবর্তন (OSC সন্দেহ),urgent
oral_1_006939.jpg,1,oral_normal,oral_normal,স্বাভাবিক মুখের ভেতর,routine
oral_1_006940.jpg,1,oral_normal,oral_normal,স্বাভাবিক মুখের ভেতর,routine
oral_0_006941.jpg,0,oral_scc,oral_scc,মুখের ক্যানসারের মতো পরিবর্তন (OSC সন্দেহ),urgent
oral_0_006942.jpg,0,oral_scc,oral_scc,মুখের ক্যানসারের মতো পরিবর্তন (OSC সন্দেহ),urgent
oral_1_006943.jpg,1,oral_normal,oral_normal,স্বাভাবিক মুখের ভেতর,routine
oral_0_006944.jpg,0,oral_scc,oral_scc,মুখের ক্যানসারের মতো পরিবর্তন (OSC সন্দেহ),urgent
oral_0_006945.jpg,0,oral_scc,oral_scc,মুখের ক্যানসারের মতো পরিবর্তন (OSC সন্দেহ),urgent
oral_1_006946.jpg,1,oral_normal,oral_normal,স্বাভাবিক মুখের ভেতর,routine
oral_1_006947.jpg,1,oral_normal,oral_normal,স্বাভাবিক মুখের ভেতর,routine
oral_1_006948.jpg,1,oral_normal,oral_normal,স্বাভাবিক মুখের ভেতর,routine
oral_0_006949.jpg,0,oral_scc,oral_scc,মুখের ক্যানসারের মতো পরিবর্তন (OSC সন্দেহ),urgent
oral_1_006950.jpg,1,oral_normal,oral_normal,স্বাভাবিক মুখের ভেতর,routine
oral_0_006951.jpg,0,oral_scc,oral_scc,মুখের ক্যানসারের মতো পরিবর্তন (OSC সন্দেহ),urgent
oral_1_006952.jpg,1,oral_normal,oral_normal,স্বাভাবিক মুখের ভেতর,routine
oral_1_006953.jpg,1,oral_normal,oral_normal,স্বাভাবিক মুখের ভেতর,routine
oral_1_006954.jpg,1,oral_normal,oral_normal,স্বাভাবিক মুখের ভেতর,routine
oral_1_006955.jpg,1,oral_normal,oral_normal,স্বাভাবিক মুখের ভেতর,routine
oral_1_006956.jpg,1,oral_normal,oral_normal,স্বাভাবিক মুখের ভেতর,routine
oral_1_006957.jpg,1,oral_normal,oral_normal,স্বাভাবিক মুখের ভেতর,routine
oral_1_006958.jpg,1,oral_normal,oral_normal,স্বাভাবিক মুখের ভেতর,routine
oral_1_006959.jpg,1,oral_normal,oral_normal,স্বাভাবিক মুখের ভেতর,routine
oral_1_006960.jpg,1,oral_normal,oral_normal,স্বাভাবিক মুখের ভেতর,routine
oral_1_006961.jpg,1,oral_normal,oral_normal,স্বাভাবিক মুখের ভেতর,routine
oral_0_006962.jpg,0,oral_scc,oral_scc,মুখের ক্যানসারের মতো পরিবর্তন (OSC সন্দেহ),urgent
oral_1_006963.jpg,1,oral_normal,oral_normal,স্বাভাবিক মুখের ভেতর,routine
oral_0_006964.jpg,0,oral_scc,oral_scc,মুখের ক্যানসারের মতো পরিবর্তন (OSC সন্দেহ),urgent
oral_0_006965.jpg,0,oral_scc,oral_scc,মুখের ক্যানসারের মতো পরিবর্তন (OSC সন্দেহ),urgent
oral_0_006966.jpg,0,oral_scc,oral_scc,মুখের ক্যানসারের মতো পরিবর্তন (OSC সন্দেহ),urgent
oral_1_006967.jpg,1,oral_normal,oral_normal,স্বাভাবিক মুখের ভেতর,routine
oral_1_006968.jpg,1,oral_normal,oral_normal,স্বাভাবিক মুখের ভেতর,routine
oral_1_006969.jpg,1,oral_normal,oral_normal,স্বাভাবিক মুখের ভেতর,routine
oral_0_006970.jpg,0,oral_scc,oral_scc,মুখের ক্যানসারের মতো পরিবর্তন (OSC সন্দেহ),urgent
oral_0_006971.jpg,0,oral_scc,oral_scc,মুখের ক্যানসারের মতো পরিবর্তন (OSC সন্দেহ),urgent
oral_0_006972.jpg,0,oral_scc,oral_scc,মুখের ক্যানসারের মতো পরিবর্তন (OSC সন্দেহ),urgent
oral_1_006973.jpg,1,oral_normal,oral_normal,স্বাভাবিক মুখের ভেতর,routine
oral_0_006974.jpg,0,oral_scc,oral_scc,মুখের ক্যানসারের মতো পরিবর্তন (OSC সন্দেহ),urgent
oral_0_006975.jpg,0,oral_scc,oral_scc,মুখের ক্যানসারের মতো পরিবর্তন (OSC সন্দেহ),urgent
oral_0_006976.jpg,0,oral_scc,oral_scc,মুখের ক্যানসারের মতো পরিবর্তন (OSC সন্দেহ),urgent
oral_0_006977.jpg,0,oral_scc,oral_scc,মুখের ক্যানসারের মতো পরিবর্তন (OSC সন্দেহ),urgent
oral_1_006978.jpg,1,oral_normal,oral_normal,স্বাভাবিক মুখের ভেতর,routine
oral_0_006979.jpg,0,oral_scc,oral_scc,মুখের ক্যানসারের মতো পরিবর্তন (OSC সন্দেহ),urgent
oral_0_006980.jpg,0,oral_scc,oral_scc,মুখের ক্যানসারের মতো পরিবর্তন (OSC সন্দেহ),urgent
oral_0_006981.jpg,0,oral_scc,oral_scc,মুখের ক্যানসারের মতো পরিবর্তন (OSC সন্দেহ),urgent
oral_0_006982.jpg,0,oral_scc,oral_scc,মুখের ক্যানসারের মতো পরিবর্তন (OSC সন্দেহ),urgent
oral_1_006983.jpg,1,oral_normal,oral_normal,স্বাভাবিক মুখের ভেতর,routine
oral_0_006984.jpg,0,oral_scc,oral_scc,মুখের ক্যানসারের মতো পরিবর্তন (OSC সন্দেহ),urgent
oral_1_006985.jpg,1,oral_normal,oral_normal,স্বাভাবিক মুখের ভেতর,routine
oral_1_006986.jpg,1,oral_normal,oral_normal,স্বাভাবিক মুখের ভেতর,routine
oral_0_006987.jpg,0,oral_scc,oral_scc,মুখের ক্যানসারের মতো পরিবর্তন (OSC সন্দেহ),urgent
oral_1_006988.jpg,1,oral_normal,oral_normal,স্বাভাবিক মুখের ভেতর,routine
oral_1_006989.jpg,1,oral_normal,oral_normal,স্বাভাবিক মুখের ভেতর,routine
oral_0_006990.jpg,0,oral_scc,oral_scc,মুখের ক্যানসারের মতো পরিবর্তন (OSC সন্দেহ),urgent
oral_0_006991.jpg,0,oral_scc,oral_scc,মুখের ক্যানসারের মতো পরিবর্তন (OSC সন্দেহ),urgent
oral_1_006992.jpg,1,oral_normal,oral_normal,স্বাভাবিক মুখের ভেতর,routine
oral_1_006993.jpg,1,oral_normal,oral_normal,স্বাভাবিক মুখের ভেতর,routine
oral_1_006994.jpg,1,oral_normal,oral_normal,স্বাভাবিক মুখের ভেতর,routine
oral_1_006995.jpg,1,oral_normal,oral_normal,স্বাভাবিক মুখের ভেতর,routine
oral_1_006996.jpg,1,oral_normal,oral_normal,স্বাভাবিক মুখের ভেতর,routine
oral_1_006997.jpg,1,oral_normal,oral_normal,স্বাভাবিক মুখের ভেতর,routine
oral_1_006998.jpg,1,oral_normal,oral_normal,স্বাভাবিক মুখের ভেতর,routine
oral_1_006999.jpg,1,oral_normal,oral_normal,স্বাভাবিক মুখের ভেতর,routine
oral_1_007000.jpg,1,oral_normal,oral_normal,স্বাভাবিক মুখের ভেতর,routine
oral_0_007001.jpg,0,oral_scc,oral_scc,মুখের ক্যানসারের মতো পরিবর্তন (OSC সন্দেহ),urgent
oral_0_007002.jpg,0,oral_scc,oral_scc,মুখের ক্যানসারের মতো পরিবর্তন (OSC সন্দেহ),urgent
oral_1_007003.jpg,1,oral_normal,oral_normal,স্বাভাবিক মুখের ভেতর,routine
oral_1_007004.jpg,1,oral_normal,oral_normal,স্বাভাবিক মুখের ভেতর,routine
oral_0_007005.jpg,0,oral_scc,oral_scc,মুখের ক্যানসারের মতো পরিবর্তন (OSC সন্দেহ),urgent
oral_0_007006.jpg,0,oral_scc,oral_scc,মুখের ক্যানসারের মতো পরিবর্তন (OSC সন্দেহ),urgent
oral_0_007007.jpg,0,oral_scc,oral_scc,মুখের ক্যানসারের মতো পরিবর্তন (OSC সন্দেহ),urgent
oral_0_007008.jpg,0,oral_scc,oral_scc,মুখের ক্যানসারের মতো পরিবর্তন (OSC সন্দেহ),urgent
oral_0_007009.jpg,0,oral_scc,oral_scc,মুখের ক্যানসারের মতো পরিবর্তন (OSC সন্দেহ),urgent
oral_1_007010.jpg,1,oral_normal,oral_normal,স্বাভাবিক মুখের ভেতর,routine
oral_0_007011.jpg,0,oral_scc,oral_scc,মুখের ক্যানসারের মতো পরিবর্তন (OSC সন্দেহ),urgent
oral_0_007012.jpg,0,oral_scc,oral_scc,মুখের ক্যানসারের মতো পরিবর্তন (OSC সন্দেহ),urgent
oral_1_007013.jpg,1,oral_normal,oral_normal,স্বাভাবিক মুখের ভেতর,routine
oral_0_007014.jpg,0,oral_scc,oral_scc,মুখের ক্যানসারের মতো পরিবর্তন (OSC সন্দেহ),urgent
oral_0_007015.jpg,0,oral_scc,oral_scc,মুখের ক্যানসারের মতো পরিবর্তন (OSC সন্দেহ),urgent
oral_1_007016.jpg,1,oral_normal,oral_normal,স্বাভাবিক মুখের ভেতর,routine
oral_0_007017.jpg,0,oral_scc,oral_scc,মুখের ক্যানসারের মতো পরিবর্তন (OSC সন্দেহ),urgent
oral_0_007018.jpg,0,oral_scc,oral_scc,মুখের ক্যানসারের মতো পরিবর্তন (OSC সন্দেহ),urgent
oral_0_007019.jpg,0,oral_scc,oral_scc,মুখের ক্যানসারের মতো পরিবর্তন (OSC সন্দেহ),urgent
oral_1_007020.jpg,1,oral_normal,oral_normal,স্বাভাবিক মুখের ভেতর,routine
oral_1_007021.jpg,1,oral_normal,oral_normal,স্বাভাবিক মুখের ভেতর,routine
oral_1_007022.jpg,1,oral_normal,oral_normal,স্বাভাবিক মুখের ভেতর,routine
oral_0_007023.jpg,0,oral_scc,oral_scc,মুখের ক্যানসারের মতো পরিবর্তন (OSC সন্দেহ),urgent
oral_0_007024.jpg,0,oral_scc,oral_scc,মুখের ক্যানসারের মতো পরিবর্তন (OSC সন্দেহ),urgent
oral_0_007025.jpg,0,oral_scc,oral_scc,মুখের ক্যানসারের মতো পরিবর্তন (OSC সন্দেহ),urgent
oral_1_007026.jpg,1,oral_normal,oral_normal,স্বাভাবিক মুখের ভেতর,routine
oral_0_007027.jpg,0,oral_scc,oral_scc,মুখের ক্যানসারের মতো পরিবর্তন (OSC সন্দেহ),urgent
oral_1_007028.jpg,1,oral_normal,oral_normal,স্বাভাবিক মুখের ভেতর,routine
oral_0_007029.jpg,0,oral_scc,oral_scc,মুখের ক্যানসারের মতো পরিবর্তন (OSC সন্দেহ),urgent
oral_0_007030.jpg,0,oral_scc,oral_scc,মুখের ক্যানসারের মতো পরিবর্তন (OSC সন্দেহ),urgent
oral_0_007031.jpg,0,oral_scc,oral_scc,মুখের ক্যানসারের মতো পরিবর্তন (OSC সন্দেহ),urgent
oral_1_007032.jpg,1,oral_normal,oral_normal,স্বাভাবিক মুখের ভেতর,routine
oral_1_007033.jpg,1,oral_normal,oral_normal,স্বাভাবিক মুখের ভেতর,routine
oral_0_007034.jpg,0,oral_scc,oral_scc,মুখের ক্যানসারের মতো পরিবর্তন (OSC সন্দেহ),urgent
oral_1_007035.jpg,1,oral_normal,oral_normal,স্বাভাবিক মুখের ভেতর,routine
oral_0_007036.jpg,0,oral_scc,oral_scc,মুখের ক্যানসারের মতো পরিবর্তন (OSC সন্দেহ),urgent
oral_1_007037.jpg,1,oral_normal,oral_normal,স্বাভাবিক মুখের ভেতর,routine
oral_0_007038.jpg,0,oral_scc,oral_scc,মুখের ক্যানসারের মতো পরিবর্তন (OSC সন্দেহ),urgent
oral_1_007039.jpg,1,oral_normal,oral_normal,স্বাভাবিক মুখের ভেতর,routine
oral_0_007040.jpg,0,oral_scc,oral_scc,মুখের ক্যানসারের মতো পরিবর্তন (OSC সন্দেহ),urgent
oral_1_007041.jpg,1,oral_normal,oral_normal,স্বাভাবিক মুখের ভেতর,routine
oral_0_007042.jpg,0,oral_scc,oral_scc,মুখের ক্যানসারের মতো পরিবর্তন (OSC সন্দেহ),urgent
oral_0_007043.jpg,0,oral_scc,oral_scc,মুখের ক্যানসারের মতো পরিবর্তন (OSC সন্দেহ),urgent
oral_0_007044.jpg,0,oral_scc,oral_scc,মুখের ক্যানসারের মতো পরিবর্তন (OSC সন্দেহ),urgent
oral_1_007045.jpg,1,oral_normal,oral_normal,স্বাভাবিক মুখের ভেতর,routine
oral_0_007046.jpg,0,oral_scc,oral_scc,মুখের ক্যানসারের মতো পরিবর্তন (OSC সন্দেহ),urgent
oral_0_007047.jpg,0,oral_scc,oral_scc,মুখের ক্যানসারের মতো পরিবর্তন (OSC সন্দেহ),urgent
oral_1_007048.jpg,1,oral_normal,oral_normal,স্বাভাবিক মুখের ভেতর,routine
oral_0_007049.jpg,0,oral_scc,oral_scc,মুখের ক্যানসারের মতো পরিবর্তন (OSC সন্দেহ),urgent
oral_0_007050.jpg,0,oral_scc,oral_scc,মুখের ক্যানসারের মতো পরিবর্তন (OSC সন্দেহ),urgent
oral_1_007051.jpg,1,oral_normal,oral_normal,স্বাভাবিক মুখের ভেতর,routine
oral_1_007052.jpg,1,oral_normal,oral_normal,স্বাভাবিক মুখের ভেতর,routine
oral_0_007053.jpg,0,oral_scc,oral_scc,মুখের ক্যানসারের মতো পরিবর্তন (OSC সন্দেহ),urgent
oral_1_007054.jpg,1,oral_normal,oral_normal,স্বাভাবিক মুখের ভেতর,routine
oral_0_007055.jpg,0,oral_scc,oral_scc,মুখের ক্যানসারের মতো পরিবর্তন (OSC সন্দেহ),urgent
oral_1_007056.jpg,1,oral_normal,oral_normal,স্বাভাবিক মুখের ভেতর,routine
oral_0_007057.jpg,0,oral_scc,oral_scc,মুখের ক্যানসারের মতো পরিবর্তন (OSC সন্দেহ),urgent
oral_1_007058.jpg,1,oral_normal,oral_normal,স্বাভাবিক মুখের ভেতর,routine
oral_1_007059.jpg,1,oral_normal,oral_normal,স্বাভাবিক মুখের ভেতর,routine
oral_1_007060.jpg,1,oral_normal,oral_normal,স্বাভাবিক মুখের ভেতর,routine
oral_1_007061.jpg,1,oral_normal,oral_normal,স্বাভাবিক মুখের ভেতর,routine
oral_0_007062.jpg,0,oral_scc,oral_scc,মুখের ক্যানসারের মতো পরিবর্তন (OSC সন্দেহ),urgent
oral_1_007063.jpg,1,oral_normal,oral_normal,স্বাভাবিক মুখের ভেতর,routine
oral_1_007064.jpg,1,oral_normal,oral_normal,স্বাভাবিক মুখের ভেতর,routine
oral_1_007065.jpg,1,oral_normal,oral_normal,স্বাভাবিক মুখের ভেতর,routine
oral_0_007066.jpg,0,oral_scc,oral_scc,মুখের ক্যানসারের মতো পরিবর্তন (OSC সন্দেহ),urgent
oral_1_007067.jpg,1,oral_normal,oral_normal,স্বাভাবিক মুখের ভেতর,routine
oral_0_007068.jpg,0,oral_scc,oral_scc,মুখের ক্যানসারের মতো পরিবর্তন (OSC সন্দেহ),urgent
oral_1_007069.jpg,1,oral_normal,oral_normal,স্বাভাবিক মুখের ভেতর,routine
oral_0_007070.jpg,0,oral_scc,oral_scc,মুখের ক্যানসারের মতো পরিবর্তন (OSC সন্দেহ),urgent
oral_1_007071.jpg,1,oral_normal,oral_normal,স্বাভাবিক মুখের ভেতর,routine
oral_0_007072.jpg,0,oral_scc,oral_scc,মুখের ক্যানসারের মতো পরিবর্তন (OSC সন্দেহ),urgent
oral_0_007073.jpg,0,oral_scc,oral_scc,মুখের ক্যানসারের মতো পরিবর্তন (OSC সন্দেহ),urgent
oral_0_007074.jpg,0,oral_scc,oral_scc,মুখের ক্যানসারের মতো পরিবর্তন (OSC সন্দেহ),urgent
oral_1_007075.jpg,1,oral_normal,oral_normal,স্বাভাবিক মুখের ভেতর,routine
oral_0_007076.jpg,0,oral_scc,oral_scc,মুখের ক্যানসারের মতো পরিবর্তন (OSC সন্দেহ),urgent
oral_1_007077.jpg,1,oral_normal,oral_normal,স্বাভাবিক মুখের ভেতর,routine
oral_1_007078.jpg,1,oral_normal,oral_normal,স্বাভাবিক মুখের ভেতর,routine
oral_1_007079.jpg,1,oral_normal,oral_normal,স্বাভাবিক মুখের ভেতর,routine
oral_0_007080.jpg,0,oral_scc,oral_scc,মুখের ক্যানসারের মতো পরিবর্তন (OSC সন্দেহ),urgent
oral_0_007081.jpg,0,oral_scc,oral_scc,মুখের ক্যানসারের মতো পরিবর্তন (OSC সন্দেহ),urgent
oral_0_007082.jpg,0,oral_scc,oral_scc,মুখের ক্যানসারের মতো পরিবর্তন (OSC সন্দেহ),urgent
oral_0_007083.jpg,0,oral_scc,oral_scc,মুখের ক্যানসারের মতো পরিবর্তন (OSC সন্দেহ),urgent
oral_1_007084.jpg,1,oral_normal,oral_normal,স্বাভাবিক মুখের ভেতর,routine
oral_1_007085.jpg,1,oral_normal,oral_normal,স্বাভাবিক মুখের ভেতর,routine
oral_0_007086.jpg,0,oral_scc,oral_scc,মুখের ক্যানসারের মতো পরিবর্তন (OSC সন্দেহ),urgent
oral_1_007087.jpg,1,oral_normal,oral_normal,স্বাভাবিক মুখের ভেতর,routine
oral_1_007088.jpg,1,oral_normal,oral_normal,স্বাভাবিক মুখের ভেতর,routine
oral_1_007089.jpg,1,oral_normal,oral_normal,স্বাভাবিক মুখের ভেতর,routine
oral_0_007090.jpg,0,oral_scc,oral_scc,মুখের ক্যানসারের মতো পরিবর্তন (OSC সন্দেহ),urgent
oral_0_007091.jpg,0,oral_scc,oral_scc,মুখের ক্যানসারের মতো পরিবর্তন (OSC সন্দেহ),urgent
oral_1_007092.jpg,1,oral_normal,oral_normal,স্বাভাবিক মুখের ভেতর,routine
oral_0_007093.jpg,0,oral_scc,oral_scc,মুখের ক্যানসারের মতো পরিবর্তন (OSC সন্দেহ),urgent
oral_1_007094.jpg,1,oral_normal,oral_normal,স্বাভাবিক মুখের ভেতর,routine
oral_0_007095.jpg,0,oral_scc,oral_scc,মুখের ক্যানসারের মতো পরিবর্তন (OSC সন্দেহ),urgent
oral_1_007096.jpg,1,oral_normal,oral_normal,স্বাভাবিক মুখের ভেতর,routine
oral_0_007097.jpg,0,oral_scc,oral_scc,মুখের ক্যানসারের মতো পরিবর্তন (OSC সন্দেহ),urgent
oral_0_007098.jpg,0,oral_scc,oral_scc,মুখের ক্যানসারের মতো পরিবর্তন (OSC সন্দেহ),urgent
oral_1_007099.jpg,1,oral_normal,oral_normal,স্বাভাবিক মুখের ভেতর,routine
oral_1_007100.jpg,1,oral_normal,oral_normal,স্বাভাবিক মুখের ভেতর,routine
oral_0_007101.jpg,0,oral_scc,oral_scc,মুখের ক্যানসারের মতো পরিবর্তন (OSC সন্দেহ),urgent
oral_1_007102.jpg,1,oral_normal,oral_normal,স্বাভাবিক মুখের ভেতর,routine
oral_1_007103.jpg,1,oral_normal,oral_normal,স্বাভাবিক মুখের ভেতর,routine
oral_0_007104.jpg,0,oral_scc,oral_scc,মুখের ক্যানসারের মতো পরিবর্তন (OSC সন্দেহ),urgent
oral_0_007105.jpg,0,oral_scc,oral_scc,মুখের ক্যানসারের মতো পরিবর্তন (OSC সন্দেহ),urgent
oral_1_007106.jpg,1,oral_normal,oral_normal,স্বাভাবিক মুখের ভেতর,routine
oral_1_007107.jpg,1,oral_normal,oral_normal,স্বাভাবিক মুখের ভেতর,routine
oral_1_007108.jpg,1,oral_normal,oral_normal,স্বাভাবিক মুখের ভেতর,routine
oral_0_007109.jpg,0,oral_scc,oral_scc,মুখের ক্যানসারের মতো পরিবর্তন (OSC সন্দেহ),urgent
oral_1_007110.jpg,1,oral_normal,oral_normal,স্বাভাবিক মুখের ভেতর,routine
oral_0_007111.jpg,0,oral_scc,oral_scc,মুখের ক্যানসারের মতো পরিবর্তন (OSC সন্দেহ),urgent
oral_0_007112.jpg,0,oral_scc,oral_scc,মুখের ক্যানসারের মতো পরিবর্তন (OSC সন্দেহ),urgent
oral_0_007113.jpg,0,oral_scc,oral_scc,মুখের ক্যানসারের মতো পরিবর্তন (OSC সন্দেহ),urgent
oral_0_007114.jpg,0,oral_scc,oral_scc,মুখের ক্যানসারের মতো পরিবর্তন (OSC সন্দেহ),urgent
oral_0_007115.jpg,0,oral_scc,oral_scc,মুখের ক্যানসারের মতো পরিবর্তন (OSC সন্দেহ),urgent
oral_1_007116.jpg,1,oral_normal,oral_normal,স্বাভাবিক মুখের ভেতর,routine
oral_0_007117.jpg,0,oral_scc,oral_scc,মুখের ক্যানসারের মতো পরিবর্তন (OSC সন্দেহ),urgent
oral_1_007118.jpg,1,oral_normal,oral_normal,স্বাভাবিক মুখের ভেতর,routine
oral_0_007119.jpg,0,oral_scc,oral_scc,মুখের ক্যানসারের মতো পরিবর্তন (OSC সন্দেহ),urgent
oral_0_007120.jpg,0,oral_scc,oral_scc,মুখের ক্যানসারের মতো পরিবর্তন (OSC সন্দেহ),urgent
oral_1_007121.jpg,1,oral_normal,oral_normal,স্বাভাবিক মুখের ভেতর,routine
oral_1_007122.jpg,1,oral_normal,oral_normal,স্বাভাবিক মুখের ভেতর,routine
oral_1_007123.jpg,1,oral_normal,oral_normal,স্বাভাবিক মুখের ভেতর,routine
oral_1_007124.jpg,1,oral_normal,oral_normal,স্বাভাবিক মুখের ভেতর,routine
oral_1_007125.jpg,1,oral_normal,oral_normal,স্বাভাবিক মুখের ভেতর,routine
oral_0_007126.jpg,0,oral_scc,oral_scc,মুখের ক্যানসারের মতো পরিবর্তন (OSC সন্দেহ),urgent
oral_1_007127.jpg,1,oral_normal,oral_normal,স্বাভাবিক মুখের ভেতর,routine
oral_1_007128.jpg,1,oral_normal,oral_normal,স্বাভাবিক মুখের ভেতর,routine
oral_0_007129.jpg,0,oral_scc,oral_scc,মুখের ক্যানসারের মতো পরিবর্তন (OSC সন্দেহ),urgent
oral_1_007130.jpg,1,oral_normal,oral_normal,স্বাভাবিক মুখের ভেতর,routine
oral_1_007131.jpg,1,oral_normal,oral_normal,স্বাভাবিক মুখের ভেতর,routine
oral_1_007132.jpg,1,oral_normal,oral_normal,স্বাভাবিক মুখের ভেতর,routine
oral_1_007133.jpg,1,oral_normal,oral_normal,স্বাভাবিক মুখের ভেতর,routine
oral_0_007134.jpg,0,oral_scc,oral_scc,মুখের ক্যানসারের মতো পরিবর্তন (OSC সন্দেহ),urgent
oral_0_007135.jpg,0,oral_scc,oral_scc,মুখের ক্যানসারের মতো পরিবর্তন (OSC সন্দেহ),urgent
oral_0_007136.jpg,0,oral_scc,oral_scc,মুখের ক্যানসারের মতো পরিবর্তন (OSC সন্দেহ),urgent
oral_0_007137.jpg,0,oral_scc,oral_scc,মুখের ক্যানসারের মতো পরিবর্তন (OSC সন্দেহ),urgent
oral_1_007138.jpg,1,oral_normal,oral_normal,স্বাভাবিক মুখের ভেতর,routine
oral_1_007139.jpg,1,oral_normal,oral_normal,স্বাভাবিক মুখের ভেতর,routine
oral_0_007140.jpg,0,oral_scc,oral_scc,মুখের ক্যানসারের মতো পরিবর্তন (OSC সন্দেহ),urgent
oral_0_007141.jpg,0,oral_scc,oral_scc,মুখের ক্যানসারের মতো পরিবর্তন (OSC সন্দেহ),urgent
oral_0_007142.jpg,0,oral_scc,oral_scc,মুখের ক্যানসারের মতো পরিবর্তন (OSC সন্দেহ),urgent
oral_1_007143.jpg,1,oral_normal,oral_normal,স্বাভাবিক মুখের ভেতর,routine
oral_1_007144.jpg,1,oral_normal,oral_normal,স্বাভাবিক মুখের ভেতর,routine
oral_1_007145.jpg,1,oral_normal,oral_normal,স্বাভাবিক মুখের ভেতর,routine
oral_1_007146.jpg,1,oral_normal,oral_normal,স্বাভাবিক মুখের ভেতর,routine
oral_0_007147.jpg,0,oral_scc,oral_scc,মুখের ক্যানসারের মতো পরিবর্তন (OSC সন্দেহ),urgent
oral_1_007148.jpg,1,oral_normal,oral_normal,স্বাভাবিক মুখের ভেতর,routine
oral_0_007149.jpg,0,oral_scc,oral_scc,মুখের ক্যানসারের মতো পরিবর্তন (OSC সন্দেহ),urgent
oral_0_007150.jpg,0,oral_scc,oral_scc,মুখের ক্যানসারের মতো পরিবর্তন (OSC সন্দেহ),urgent
oral_1_007151.jpg,1,oral_normal,oral_normal,স্বাভাবিক মুখের ভেতর,routine
oral_0_007152.jpg,0,oral_scc,oral_scc,মুখের ক্যানসারের মতো পরিবর্তন (OSC সন্দেহ),urgent
oral_0_007153.jpg,0,oral_scc,oral_scc,মুখের ক্যানসারের মতো পরিবর্তন (OSC সন্দেহ),urgent
oral_0_007154.jpg,0,oral_scc,oral_scc,মুখের ক্যানসারের মতো পরিবর্তন (OSC সন্দেহ),urgent
oral_1_007155.jpg,1,oral_normal,oral_normal,স্বাভাবিক মুখের ভেতর,routine
oral_1_007156.jpg,1,oral_normal,oral_normal,স্বাভাবিক মুখের ভেতর,routine
oral_1_007157.jpg,1,oral_normal,oral_normal,স্বাভাবিক মুখের ভেতর,routine
oral_0_007158.jpg,0,oral_scc,oral_scc,মুখের ক্যানসারের মতো পরিবর্তন (OSC সন্দেহ),urgent
oral_1_007159.jpg,1,oral_normal,oral_normal,স্বাভাবিক মুখের ভেতর,routine
oral_0_007160.jpg,0,oral_scc,oral_scc,মুখের ক্যানসারের মতো পরিবর্তন (OSC সন্দেহ),urgent
oral_0_007161.jpg,0,oral_scc,oral_scc,মুখের ক্যানসারের মতো পরিবর্তন (OSC সন্দেহ),urgent
oral_1_007162.jpg,1,oral_normal,oral_normal,স্বাভাবিক মুখের ভেতর,routine
oral_0_007163.jpg,0,oral_scc,oral_scc,মুখের ক্যানসারের মতো পরিবর্তন (OSC সন্দেহ),urgent
oral_0_007164.jpg,0,oral_scc,oral_scc,মুখের ক্যানসারের মতো পরিবর্তন (OSC সন্দেহ),urgent
oral_0_007165.jpg,0,oral_scc,oral_scc,মুখের ক্যানসারের মতো পরিবর্তন (OSC সন্দেহ),urgent
oral_0_007166.jpg,0,oral_scc,oral_scc,মুখের ক্যানসারের মতো পরিবর্তন (OSC সন্দেহ),urgent
oral_0_007167.jpg,0,oral_scc,oral_scc,মুখের ক্যানসারের মতো পরিবর্তন (OSC সন্দেহ),urgent
oral_0_007168.jpg,0,oral_scc,oral_scc,মুখের ক্যানসারের মতো পরিবর্তন (OSC সন্দেহ),urgent
oral_0_007169.jpg,0,oral_scc,oral_scc,মুখের ক্যানসারের মতো পরিবর্তন (OSC সন্দেহ),urgent
oral_1_007170.jpg,1,oral_normal,oral_normal,স্বাভাবিক মুখের ভেতর,routine
oral_1_007171.jpg,1,oral_normal,oral_normal,স্বাভাবিক মুখের ভেতর,routine
oral_1_007172.jpg,1,oral_normal,oral_normal,স্বাভাবিক মুখের ভেতর,routine
oral_0_007173.jpg,0,oral_scc,oral_scc,মুখের ক্যানসারের মতো পরিবর্তন (OSC সন্দেহ),urgent
oral_1_007174.jpg,1,oral_normal,oral_normal,স্বাভাবিক মুখের ভেতর,routine
oral_0_007175.jpg,0,oral_scc,oral_scc,মুখের ক্যানসারের মতো পরিবর্তন (OSC সন্দেহ),urgent
oral_1_007176.jpg,1,oral_normal,oral_normal,স্বাভাবিক মুখের ভেতর,routine
oral_0_007177.jpg,0,oral_scc,oral_scc,মুখের ক্যানসারের মতো পরিবর্তন (OSC সন্দেহ),urgent
oral_0_007178.jpg,0,oral_scc,oral_scc,মুখের ক্যানসারের মতো পরিবর্তন (OSC সন্দেহ),urgent
oral_0_007179.jpg,0,oral_scc,oral_scc,মুখের ক্যানসারের মতো পরিবর্তন (OSC সন্দেহ),urgent
oral_0_007180.jpg,0,oral_scc,oral_scc,মুখের ক্যানসারের মতো পরিবর্তন (OSC সন্দেহ),urgent
oral_1_007181.jpg,1,oral_normal,oral_normal,স্বাভাবিক মুখের ভেতর,routine
oral_0_007182.jpg,0,oral_scc,oral_scc,মুখের ক্যানসারের মতো পরিবর্তন (OSC সন্দেহ),urgent
oral_0_007183.jpg,0,oral_scc,oral_scc,মুখের ক্যানসারের মতো পরিবর্তন (OSC সন্দেহ),urgent
oral_0_007184.jpg,0,oral_scc,oral_scc,মুখের ক্যানসারের মতো পরিবর্তন (OSC সন্দেহ),urgent
oral_0_007185.jpg,0,oral_scc,oral_scc,মুখের ক্যানসারের মতো পরিবর্তন (OSC সন্দেহ),urgent
oral_1_007186.jpg,1,oral_normal,oral_normal,স্বাভাবিক মুখের ভেতর,routine
oral_0_007187.jpg,0,oral_scc,oral_scc,মুখের ক্যানসারের মতো পরিবর্তন (OSC সন্দেহ),urgent
oral_1_007188.jpg,1,oral_normal,oral_normal,স্বাভাবিক মুখের ভেতর,routine
oral_1_007189.jpg,1,oral_normal,oral_normal,স্বাভাবিক মুখের ভেতর,routine
oral_1_007190.jpg,1,oral_normal,oral_normal,স্বাভাবিক মুখের ভেতর,routine
oral_1_007191.jpg,1,oral_normal,oral_normal,স্বাভাবিক মুখের ভেতর,routine
oral_1_007192.jpg,1,oral_normal,oral_normal,স্বাভাবিক মুখের ভেতর,routine
oral_1_007193.jpg,1,oral_normal,oral_normal,স্বাভাবিক মুখের ভেতর,routine
oral_0_007194.jpg,0,oral_scc,oral_scc,মুখের ক্যানসারের মতো পরিবর্তন (OSC সন্দেহ),urgent
oral_0_007195.jpg,0,oral_scc,oral_scc,মুখের ক্যানসারের মতো পরিবর্তন (OSC সন্দেহ),urgent
oral_1_007196.jpg,1,oral_normal,oral_normal,স্বাভাবিক মুখের ভেতর,routine
oral_0_007197.jpg,0,oral_scc,oral_scc,মুখের ক্যানসারের মতো পরিবর্তন (OSC সন্দেহ),urgent
oral_1_007198.jpg,1,oral_normal,oral_normal,স্বাভাবিক মুখের ভেতর,routine
oral_0_007199.jpg,0,oral_scc,oral_scc,মুখের ক্যানসারের মতো পরিবর্তন (OSC সন্দেহ),urgent
oral_0_007200.jpg,0,oral_scc,oral_scc,মুখের ক্যানসারের মতো পরিবর্তন (OSC সন্দেহ),urgent
oral_1_007201.jpg,1,oral_normal,oral_normal,স্বাভাবিক মুখের ভেতর,routine
oral_1_007202.jpg,1,oral_normal,oral_normal,স্বাভাবিক মুখের ভেতর,routine
oral_1_007203.jpg,1,oral_normal,oral_normal,স্বাভাবিক মুখের ভেতর,routine
oral_1_007204.jpg,1,oral_normal,oral_normal,স্বাভাবিক মুখের ভেতর,routine
oral_1_007205.jpg,1,oral_normal,oral_normal,স্বাভাবিক মুখের ভেতর,routine
oral_1_007206.jpg,1,oral_normal,oral_normal,স্বাভাবিক মুখের ভেতর,routine
oral_1_007207.jpg,1,oral_normal,oral_normal,স্বাভাবিক মুখের ভেতর,routine
oral_0_007208.jpg,0,oral_scc,oral_scc,মুখের ক্যানসারের মতো পরিবর্তন (OSC সন্দেহ),urgent
oral_0_007209.jpg,0,oral_scc,oral_scc,মুখের ক্যানসারের মতো পরিবর্তন (OSC সন্দেহ),urgent
oral_1_007210.jpg,1,oral_normal,oral_normal,স্বাভাবিক মুখের ভেতর,routine
oral_1_007211.jpg,1,oral_normal,oral_normal,স্বাভাবিক মুখের ভেতর,routine
oral_1_007212.jpg,1,oral_normal,oral_normal,স্বাভাবিক মুখের ভেতর,routine
oral_1_007213.jpg,1,oral_normal,oral_normal,স্বাভাবিক মুখের ভেতর,routine
oral_0_007214.jpg,0,oral_scc,oral_scc,মুখের ক্যানসারের মতো পরিবর্তন (OSC সন্দেহ),urgent
oral_1_007215.jpg,1,oral_normal,oral_normal,স্বাভাবিক মুখের ভেতর,routine
oral_1_007216.jpg,1,oral_normal,oral_normal,স্বাভাবিক মুখের ভেতর,routine
oral_1_007217.jpg,1,oral_normal,oral_normal,স্বাভাবিক মুখের ভেতর,routine
oral_1_007218.jpg,1,oral_normal,oral_normal,স্বাভাবিক মুখের ভেতর,routine
oral_0_007219.jpg,0,oral_scc,oral_scc,মুখের ক্যানসারের মতো পরিবর্তন (OSC সন্দেহ),urgent
oral_1_007220.jpg,1,oral_normal,oral_normal,স্বাভাবিক মুখের ভেতর,routine
oral_0_007221.jpg,0,oral_scc,oral_scc,মুখের ক্যানসারের মতো পরিবর্তন (OSC সন্দেহ),urgent
oral_0_007222.jpg,0,oral_scc,oral_scc,মুখের ক্যানসারের মতো পরিবর্তন (OSC সন্দেহ),urgent
oral_1_007223.jpg,1,oral_normal,oral_normal,স্বাভাবিক মুখের ভেতর,routine
oral_0_007224.jpg,0,oral_scc,oral_scc,মুখের ক্যানসারের মতো পরিবর্তন (OSC সন্দেহ),urgent
oral_0_007225.jpg,0,oral_scc,oral_scc,মুখের ক্যানসারের মতো পরিবর্তন (OSC সন্দেহ),urgent
oral_0_007226.jpg,0,oral_scc,oral_scc,মুখের ক্যানসারের মতো পরিবর্তন (OSC সন্দেহ),urgent
oral_0_007227.jpg,0,oral_scc,oral_scc,মুখের ক্যানসারের মতো পরিবর্তন (OSC সন্দেহ),urgent
oral_1_007228.jpg,1,oral_normal,oral_normal,স্বাভাবিক মুখের ভেতর,routine
oral_0_007229.jpg,0,oral_scc,oral_scc,মুখের ক্যানসারের মতো পরিবর্তন (OSC সন্দেহ),urgent
oral_0_007230.jpg,0,oral_scc,oral_scc,মুখের ক্যানসারের মতো পরিবর্তন (OSC সন্দেহ),urgent
oral_1_007231.jpg,1,oral_normal,oral_normal,স্বাভাবিক মুখের ভেতর,routine
oral_0_007232.jpg,0,oral_scc,oral_scc,মুখের ক্যানসারের মতো পরিবর্তন (OSC সন্দেহ),urgent
oral_0_007233.jpg,0,oral_scc,oral_scc,মুখের ক্যানসারের মতো পরিবর্তন (OSC সন্দেহ),urgent
oral_1_007234.jpg,1,oral_normal,oral_normal,স্বাভাবিক মুখের ভেতর,routine
oral_0_007235.jpg,0,oral_scc,oral_scc,মুখের ক্যানসারের মতো পরিবর্তন (OSC সন্দেহ),urgent
oral_1_007236.jpg,1,oral_normal,oral_normal,স্বাভাবিক মুখের ভেতর,routine
oral_1_007237.jpg,1,oral_normal,oral_normal,স্বাভাবিক মুখের ভেতর,routine
oral_0_007238.jpg,0,oral_scc,oral_scc,মুখের ক্যানসারের মতো পরিবর্তন (OSC সন্দেহ),urgent
oral_1_007239.jpg,1,oral_normal,oral_normal,স্বাভাবিক মুখের ভেতর,routine
oral_0_007240.jpg,0,oral_scc,oral_scc,মুখের ক্যানসারের মতো পরিবর্তন (OSC সন্দেহ),urgent
oral_0_007241.jpg,0,oral_scc,oral_scc,মুখের ক্যানসারের মতো পরিবর্তন (OSC সন্দেহ),urgent
oral_1_007242.jpg,1,oral_normal,oral_normal,স্বাভাবিক মুখের ভেতর,routine
oral_0_007243.jpg,0,oral_scc,oral_scc,মুখের ক্যানসারের মতো পরিবর্তন (OSC সন্দেহ),urgent
oral_1_007244.jpg,1,oral_normal,oral_normal,স্বাভাবিক মুখের ভেতর,routine
oral_1_007245.jpg,1,oral_normal,oral_normal,স্বাভাবিক মুখের ভেতর,routine
oral_1_007246.jpg,1,oral_normal,oral_normal,স্বাভাবিক মুখের ভেতর,routine
oral_0_007247.jpg,0,oral_scc,oral_scc,মুখের ক্যানসারের মতো পরিবর্তন (OSC সন্দেহ),urgent
oral_1_007248.jpg,1,oral_normal,oral_normal,স্বাভাবিক মুখের ভেতর,routine
oral_0_007249.jpg,0,oral_scc,oral_scc,মুখের ক্যানসারের মতো পরিবর্তন (OSC সন্দেহ),urgent
oral_1_007250.jpg,1,oral_normal,oral_normal,স্বাভাবিক মুখের ভেতর,routine
oral_0_007251.jpg,0,oral_scc,oral_scc,মুখের ক্যানসারের মতো পরিবর্তন (OSC সন্দেহ),urgent
oral_0_007252.jpg,0,oral_scc,oral_scc,মুখের ক্যানসারের মতো পরিবর্তন (OSC সন্দেহ),urgent
oral_0_007253.jpg,0,oral_scc,oral_scc,মুখের ক্যানসারের মতো পরিবর্তন (OSC সন্দেহ),urgent
oral_1_007254.jpg,1,oral_normal,oral_normal,স্বাভাবিক মুখের ভেতর,routine
oral_0_007255.jpg,0,oral_scc,oral_scc,মুখের ক্যানসারের মতো পরিবর্তন (OSC সন্দেহ),urgent
oral_1_007256.jpg,1,oral_normal,oral_normal,স্বাভাবিক মুখের ভেতর,routine
oral_1_007257.jpg,1,oral_normal,oral_normal,স্বাভাবিক মুখের ভেতর,routine
oral_1_007258.jpg,1,oral_normal,oral_normal,স্বাভাবিক মুখের ভেতর,routine
oral_1_007259.jpg,1,oral_normal,oral_normal,স্বাভাবিক মুখের ভেতর,routine
oral_0_007260.jpg,0,oral_scc,oral_scc,মুখের ক্যানসারের মতো পরিবর্তন (OSC সন্দেহ),urgent
oral_0_007261.jpg,0,oral_scc,oral_scc,মুখের ক্যানসারের মতো পরিবর্তন (OSC সন্দেহ),urgent
oral_0_007262.jpg,0,oral_scc,oral_scc,মুখের ক্যানসারের মতো পরিবর্তন (OSC সন্দেহ),urgent
oral_0_007263.jpg,0,oral_scc,oral_scc,মুখের ক্যানসারের মতো পরিবর্তন (OSC সন্দেহ),urgent
oral_1_007264.jpg,1,oral_normal,oral_normal,স্বাভাবিক মুখের ভেতর,routine
oral_0_007265.jpg,0,oral_scc,oral_scc,মুখের ক্যানসারের মতো পরিবর্তন (OSC সন্দেহ),urgent
oral_1_007266.jpg,1,oral_normal,oral_normal,স্বাভাবিক মুখের ভেতর,routine
oral_1_007267.jpg,1,oral_normal,oral_normal,স্বাভাবিক মুখের ভেতর,routine
oral_0_007268.jpg,0,oral_scc,oral_scc,মুখের ক্যানসারের মতো পরিবর্তন (OSC সন্দেহ),urgent
oral_1_007269.jpg,1,oral_normal,oral_normal,স্বাভাবিক মুখের ভেতর,routine
oral_0_007270.jpg,0,oral_scc,oral_scc,মুখের ক্যানসারের মতো পরিবর্তন (OSC সন্দেহ),urgent
oral_1_007271.jpg,1,oral_normal,oral_normal,স্বাভাবিক মুখের ভেতর,routine
oral_0_007272.jpg,0,oral_scc,oral_scc,মুখের ক্যানসারের মতো পরিবর্তন (OSC সন্দেহ),urgent
oral_1_007273.jpg,1,oral_normal,oral_normal,স্বাভাবিক মুখের ভেতর,routine
oral_0_007274.jpg,0,oral_scc,oral_scc,মুখের ক্যানসারের মতো পরিবর্তন (OSC সন্দেহ),urgent
oral_0_007275.jpg,0,oral_scc,oral_scc,মুখের ক্যানসারের মতো পরিবর্তন (OSC সন্দেহ),urgent
oral_0_007276.jpg,0,oral_scc,oral_scc,মুখের ক্যানসারের মতো পরিবর্তন (OSC সন্দেহ),urgent
oral_0_007277.jpg,0,oral_scc,oral_scc,মুখের ক্যানসারের মতো পরিবর্তন (OSC সন্দেহ),urgent
oral_0_007278.jpg,0,oral_scc,oral_scc,মুখের ক্যানসারের মতো পরিবর্তন (OSC সন্দেহ),urgent
oral_0_007279.jpg,0,oral_scc,oral_scc,মুখের ক্যানসারের মতো পরিবর্তন (OSC সন্দেহ),urgent
oral_0_007280.jpg,0,oral_scc,oral_scc,মুখের ক্যানসারের মতো পরিবর্তন (OSC সন্দেহ),urgent
oral_0_007281.jpg,0,oral_scc,oral_scc,মুখের ক্যানসারের মতো পরিবর্তন (OSC সন্দেহ),urgent
oral_1_007282.jpg,1,oral_normal,oral_normal,স্বাভাবিক মুখের ভেতর,routine
oral_0_007283.jpg,0,oral_scc,oral_scc,মুখের ক্যানসারের মতো পরিবর্তন (OSC সন্দেহ),urgent
oral_1_007284.jpg,1,oral_normal,oral_normal,স্বাভাবিক মুখের ভেতর,routine
oral_0_007285.jpg,0,oral_scc,oral_scc,মুখের ক্যানসারের মতো পরিবর্তন (OSC সন্দেহ),urgent
oral_1_007286.jpg,1,oral_normal,oral_normal,স্বাভাবিক মুখের ভেতর,routine
oral_0_007287.jpg,0,oral_scc,oral_scc,মুখের ক্যানসারের মতো পরিবর্তন (OSC সন্দেহ),urgent
oral_0_007288.jpg,0,oral_scc,oral_scc,মুখের ক্যানসারের মতো পরিবর্তন (OSC সন্দেহ),urgent
oral_1_007289.jpg,1,oral_normal,oral_normal,স্বাভাবিক মুখের ভেতর,routine
oral_0_007290.jpg,0,oral_scc,oral_scc,মুখের ক্যানসারের মতো পরিবর্তন (OSC সন্দেহ),urgent
oral_0_007291.jpg,0,oral_scc,oral_scc,মুখের ক্যানসারের মতো পরিবর্তন (OSC সন্দেহ),urgent
oral_1_007292.jpg,1,oral_normal,oral_normal,স্বাভাবিক মুখের ভেতর,routine
oral_0_007293.jpg,0,oral_scc,oral_scc,মুখের ক্যানসারের মতো পরিবর্তন (OSC সন্দেহ),urgent
oral_0_007294.jpg,0,oral_scc,oral_scc,মুখের ক্যানসারের মতো পরিবর্তন (OSC সন্দেহ),urgent
oral_1_007295.jpg,1,oral_normal,oral_normal,স্বাভাবিক মুখের ভেতর,routine
oral_1_007296.jpg,1,oral_normal,oral_normal,স্বাভাবিক মুখের ভেতর,routine
oral_1_007297.jpg,1,oral_normal,oral_normal,স্বাভাবিক মুখের ভেতর,routine
oral_1_007298.jpg,1,oral_normal,oral_normal,স্বাভাবিক মুখের ভেতর,routine
oral_1_007299.jpg,1,oral_normal,oral_normal,স্বাভাবিক মুখের ভেতর,routine
oral_0_007300.jpg,0,oral_scc,oral_scc,মুখের ক্যানসারের মতো পরিবর্তন (OSC সন্দেহ),urgent
oral_0_007301.jpg,0,oral_scc,oral_scc,মুখের ক্যানসারের মতো পরিবর্তন (OSC সন্দেহ),urgent
oral_1_007302.jpg,1,oral_normal,oral_normal,স্বাভাবিক মুখের ভেতর,routine
oral_0_007303.jpg,0,oral_scc,oral_scc,মুখের ক্যানসারের মতো পরিবর্তন (OSC সন্দেহ),urgent
oral_0_007304.jpg,0,oral_scc,oral_scc,মুখের ক্যানসারের মতো পরিবর্তন (OSC সন্দেহ),urgent
oral_0_007305.jpg,0,oral_scc,oral_scc,মুখের ক্যানসারের মতো পরিবর্তন (OSC সন্দেহ),urgent
oral_0_007306.jpg,0,oral_scc,oral_scc,মুখের ক্যানসারের মতো পরিবর্তন (OSC সন্দেহ),urgent
oral_0_007307.jpg,0,oral_scc,oral_scc,মুখের ক্যানসারের মতো পরিবর্তন (OSC সন্দেহ),urgent
oral_0_007308.jpg,0,oral_scc,oral_scc,মুখের ক্যানসারের মতো পরিবর্তন (OSC সন্দেহ),urgent
oral_0_007309.jpg,0,oral_scc,oral_scc,মুখের ক্যানসারের মতো পরিবর্তন (OSC সন্দেহ),urgent
oral_0_007310.jpg,0,oral_scc,oral_scc,মুখের ক্যানসারের মতো পরিবর্তন (OSC সন্দেহ),urgent
oral_1_007311.jpg,1,oral_normal,oral_normal,স্বাভাবিক মুখের ভেতর,routine
oral_0_007312.jpg,0,oral_scc,oral_scc,মুখের ক্যানসারের মতো পরিবর্তন (OSC সন্দেহ),urgent
oral_1_007313.jpg,1,oral_normal,oral_normal,স্বাভাবিক মুখের ভেতর,routine
oral_1_007314.jpg,1,oral_normal,oral_normal,স্বাভাবিক মুখের ভেতর,routine
oral_1_007315.jpg,1,oral_normal,oral_normal,স্বাভাবিক মুখের ভেতর,routine
oral_1_007316.jpg,1,oral_normal,oral_normal,স্বাভাবিক মুখের ভেতর,routine
oral_1_007317.jpg,1,oral_normal,oral_normal,স্বাভাবিক মুখের ভেতর,routine
oral_1_007318.jpg,1,oral_normal,oral_normal,স্বাভাবিক মুখের ভেতর,routine
oral_1_007319.jpg,1,oral_normal,oral_normal,স্বাভাবিক মুখের ভেতর,routine
oral_0_007320.jpg,0,oral_scc,oral_scc,মুখের ক্যানসারের মতো পরিবর্তন (OSC সন্দেহ),urgent
oral_1_007321.jpg,1,oral_normal,oral_normal,স্বাভাবিক মুখের ভেতর,routine
oral_0_007322.jpg,0,oral_scc,oral_scc,মুখের ক্যানসারের মতো পরিবর্তন (OSC সন্দেহ),urgent
oral_1_007323.jpg,1,oral_normal,oral_normal,স্বাভাবিক মুখের ভেতর,routine
oral_1_007324.jpg,1,oral_normal,oral_normal,স্বাভাবিক মুখের ভেতর,routine
oral_0_007325.jpg,0,oral_scc,oral_scc,মুখের ক্যানসারের মতো পরিবর্তন (OSC সন্দেহ),urgent
oral_1_007326.jpg,1,oral_normal,oral_normal,স্বাভাবিক মুখের ভেতর,routine
oral_0_007327.jpg,0,oral_scc,oral_scc,মুখের ক্যানসারের মতো পরিবর্তন (OSC সন্দেহ),urgent
oral_1_007328.jpg,1,oral_normal,oral_normal,স্বাভাবিক মুখের ভেতর,routine
oral_1_007329.jpg,1,oral_normal,oral_normal,স্বাভাবিক মুখের ভেতর,routine
oral_0_007330.jpg,0,oral_scc,oral_scc,মুখের ক্যানসারের মতো পরিবর্তন (OSC সন্দেহ),urgent
oral_0_007331.jpg,0,oral_scc,oral_scc,মুখের ক্যানসারের মতো পরিবর্তন (OSC সন্দেহ),urgent
oral_0_007332.jpg,0,oral_scc,oral_scc,মুখের ক্যানসারের মতো পরিবর্তন (OSC সন্দেহ),urgent
oral_1_007333.jpg,1,oral_normal,oral_normal,স্বাভাবিক মুখের ভেতর,routine
oral_1_007334.jpg,1,oral_normal,oral_normal,স্বাভাবিক মুখের ভেতর,routine
oral_0_007335.jpg,0,oral_scc,oral_scc,মুখের ক্যানসারের মতো পরিবর্তন (OSC সন্দেহ),urgent
oral_0_007336.jpg,0,oral_scc,oral_scc,মুখের ক্যানসারের মতো পরিবর্তন (OSC সন্দেহ),urgent
oral_0_007337.jpg,0,oral_scc,oral_scc,মুখের ক্যানসারের মতো পরিবর্তন (OSC সন্দেহ),urgent
oral_0_007338.jpg,0,oral_scc,oral_scc,মুখের ক্যানসারের মতো পরিবর্তন (OSC সন্দেহ),urgent
oral_0_007339.jpg,0,oral_scc,oral_scc,মুখের ক্যানসারের মতো পরিবর্তন (OSC সন্দেহ),urgent
oral_0_007340.jpg,0,oral_scc,oral_scc,মুখের ক্যানসারের মতো পরিবর্তন (OSC সন্দেহ),urgent
oral_1_007341.jpg,1,oral_normal,oral_normal,স্বাভাবিক মুখের ভেতর,routine
oral_1_007342.jpg,1,oral_normal,oral_normal,স্বাভাবিক মুখের ভেতর,routine
oral_1_007343.jpg,1,oral_normal,oral_normal,স্বাভাবিক মুখের ভেতর,routine
oral_1_007344.jpg,1,oral_normal,oral_normal,স্বাভাবিক মুখের ভেতর,routine
oral_1_007345.jpg,1,oral_normal,oral_normal,স্বাভাবিক মুখের ভেতর,routine
oral_1_007346.jpg,1,oral_normal,oral_normal,স্বাভাবিক মুখের ভেতর,routine
oral_1_007347.jpg,1,oral_normal,oral_normal,স্বাভাবিক মুখের ভেতর,routine
oral_1_007348.jpg,1,oral_normal,oral_normal,স্বাভাবিক মুখের ভেতর,routine
oral_0_007349.jpg,0,oral_scc,oral_scc,মুখের ক্যানসারের মতো পরিবর্তন (OSC সন্দেহ),urgent
oral_1_007350.jpg,1,oral_normal,oral_normal,স্বাভাবিক মুখের ভেতর,routine
oral_0_007351.jpg,0,oral_scc,oral_scc,মুখের ক্যানসারের মতো পরিবর্তন (OSC সন্দেহ),urgent
oral_0_007352.jpg,0,oral_scc,oral_scc,মুখের ক্যানসারের মতো পরিবর্তন (OSC সন্দেহ),urgent
oral_1_007353.jpg,1,oral_normal,oral_normal,স্বাভাবিক মুখের ভেতর,routine
oral_1_007354.jpg,1,oral_normal,oral_normal,স্বাভাবিক মুখের ভেতর,routine
oral_0_007355.jpg,0,oral_scc,oral_scc,মুখের ক্যানসারের মতো পরিবর্তন (OSC সন্দেহ),urgent
oral_0_007356.jpg,0,oral_scc,oral_scc,মুখের ক্যানসারের মতো পরিবর্তন (OSC সন্দেহ),urgent
oral_0_007357.jpg,0,oral_scc,oral_scc,মুখের ক্যানসারের মতো পরিবর্তন (OSC সন্দেহ),urgent
oral_1_007358.jpg,1,oral_normal,oral_normal,স্বাভাবিক মুখের ভেতর,routine
oral_1_007359.jpg,1,oral_normal,oral_normal,স্বাভাবিক মুখের ভেতর,routine
oral_0_007360.jpg,0,oral_scc,oral_scc,মুখের ক্যানসারের মতো পরিবর্তন (OSC সন্দেহ),urgent
oral_0_007361.jpg,0,oral_scc,oral_scc,মুখের ক্যানসারের মতো পরিবর্তন (OSC সন্দেহ),urgent
oral_0_007362.jpg,0,oral_scc,oral_scc,মুখের ক্যানসারের মতো পরিবর্তন (OSC সন্দেহ),urgent
oral_1_007363.jpg,1,oral_normal,oral_normal,স্বাভাবিক মুখের ভেতর,routine
oral_0_007364.jpg,0,oral_scc,oral_scc,মুখের ক্যানসারের মতো পরিবর্তন (OSC সন্দেহ),urgent
oral_0_007365.jpg,0,oral_scc,oral_scc,মুখের ক্যানসারের মতো পরিবর্তন (OSC সন্দেহ),urgent
oral_1_007366.jpg,1,oral_normal,oral_normal,স্বাভাবিক মুখের ভেতর,routine
oral_0_007367.jpg,0,oral_scc,oral_scc,মুখের ক্যানসারের মতো পরিবর্তন (OSC সন্দেহ),urgent
oral_1_007368.jpg,1,oral_normal,oral_normal,স্বাভাবিক মুখের ভেতর,routine
oral_0_007369.jpg,0,oral_scc,oral_scc,মুখের ক্যানসারের মতো পরিবর্তন (OSC সন্দেহ),urgent
oral_1_007370.jpg,1,oral_normal,oral_normal,স্বাভাবিক মুখের ভেতর,routine
oral_0_007371.jpg,0,oral_scc,oral_scc,মুখের ক্যানসারের মতো পরিবর্তন (OSC সন্দেহ),urgent
oral_1_007372.jpg,1,oral_normal,oral_normal,স্বাভাবিক মুখের ভেতর,routine
oral_1_007373.jpg,1,oral_normal,oral_normal,স্বাভাবিক মুখের ভেতর,routine
oral_1_007374.jpg,1,oral_normal,oral_normal,স্বাভাবিক মুখের ভেতর,routine
oral_1_007375.jpg,1,oral_normal,oral_normal,স্বাভাবিক মুখের ভেতর,routine
oral_1_007376.jpg,1,oral_normal,oral_normal,স্বাভাবিক মুখের ভেতর,routine
oral_0_007377.jpg,0,oral_scc,oral_scc,মুখের ক্যানসারের মতো পরিবর্তন (OSC সন্দেহ),urgent
oral_1_007378.jpg,1,oral_normal,oral_normal,স্বাভাবিক মুখের ভেতর,routine
oral_0_007379.jpg,0,oral_scc,oral_scc,মুখের ক্যানসারের মতো পরিবর্তন (OSC সন্দেহ),urgent
oral_0_007380.jpg,0,oral_scc,oral_scc,মুখের ক্যানসারের মতো পরিবর্তন (OSC সন্দেহ),urgent
oral_1_007381.jpg,1,oral_normal,oral_normal,স্বাভাবিক মুখের ভেতর,routine
oral_0_007382.jpg,0,oral_scc,oral_scc,মুখের ক্যানসারের মতো পরিবর্তন (OSC সন্দেহ),urgent
oral_0_007383.jpg,0,oral_scc,oral_scc,মুখের ক্যানসারের মতো পরিবর্তন (OSC সন্দেহ),urgent
oral_0_007384.jpg,0,oral_scc,oral_scc,মুখের ক্যানসারের মতো পরিবর্তন (OSC সন্দেহ),urgent
oral_0_007385.jpg,0,oral_scc,oral_scc,মুখের ক্যানসারের মতো পরিবর্তন (OSC সন্দেহ),urgent
oral_1_007386.jpg,1,oral_normal,oral_normal,স্বাভাবিক মুখের ভেতর,routine
oral_0_007387.jpg,0,oral_scc,oral_scc,মুখের ক্যানসারের মতো পরিবর্তন (OSC সন্দেহ),urgent
oral_1_007388.jpg,1,oral_normal,oral_normal,স্বাভাবিক মুখের ভেতর,routine
oral_0_007389.jpg,0,oral_scc,oral_scc,মুখের ক্যানসারের মতো পরিবর্তন (OSC সন্দেহ),urgent
oral_0_007390.jpg,0,oral_scc,oral_scc,মুখের ক্যানসারের মতো পরিবর্তন (OSC সন্দেহ),urgent
oral_0_007391.jpg,0,oral_scc,oral_scc,মুখের ক্যানসারের মতো পরিবর্তন (OSC সন্দেহ),urgent
oral_0_007392.jpg,0,oral_scc,oral_scc,মুখের ক্যানসারের মতো পরিবর্তন (OSC সন্দেহ),urgent
oral_0_007393.jpg,0,oral_scc,oral_scc,মুখের ক্যানসারের মতো পরিবর্তন (OSC সন্দেহ),urgent
oral_1_007394.jpg,1,oral_normal,oral_normal,স্বাভাবিক মুখের ভেতর,routine
oral_0_007395.jpg,0,oral_scc,oral_scc,মুখের ক্যানসারের মতো পরিবর্তন (OSC সন্দেহ),urgent
oral_1_007396.jpg,1,oral_normal,oral_normal,স্বাভাবিক মুখের ভেতর,routine
oral_0_007397.jpg,0,oral_scc,oral_scc,মুখের ক্যানসারের মতো পরিবর্তন (OSC সন্দেহ),urgent
oral_1_007398.jpg,1,oral_normal,oral_normal,স্বাভাবিক মুখের ভেতর,routine
oral_0_007399.jpg,0,oral_scc,oral_scc,মুখের ক্যানসারের মতো পরিবর্তন (OSC সন্দেহ),urgent
oral_0_007400.jpg,0,oral_scc,oral_scc,মুখের ক্যানসারের মতো পরিবর্তন (OSC সন্দেহ),urgent
oral_1_007401.jpg,1,oral_normal,oral_normal,স্বাভাবিক মুখের ভেতর,routine
oral_1_007402.jpg,1,oral_normal,oral_normal,স্বাভাবিক মুখের ভেতর,routine
oral_0_007403.jpg,0,oral_scc,oral_scc,মুখের ক্যানসারের মতো পরিবর্তন (OSC সন্দেহ),urgent
oral_0_007404.jpg,0,oral_scc,oral_scc,মুখের ক্যানসারের মতো পরিবর্তন (OSC সন্দেহ),urgent
oral_0_007405.jpg,0,oral_scc,oral_scc,মুখের ক্যানসারের মতো পরিবর্তন (OSC সন্দেহ),urgent
oral_0_007406.jpg,0,oral_scc,oral_scc,মুখের ক্যানসারের মতো পরিবর্তন (OSC সন্দেহ),urgent
oral_0_007407.jpg,0,oral_scc,oral_scc,মুখের ক্যানসারের মতো পরিবর্তন (OSC সন্দেহ),urgent
oral_0_007408.jpg,0,oral_scc,oral_scc,মুখের ক্যানসারের মতো পরিবর্তন (OSC সন্দেহ),urgent
oral_1_007409.jpg,1,oral_normal,oral_normal,স্বাভাবিক মুখের ভেতর,routine
oral_0_007410.jpg,0,oral_scc,oral_scc,মুখের ক্যানসারের মতো পরিবর্তন (OSC সন্দেহ),urgent
oral_0_007411.jpg,0,oral_scc,oral_scc,মুখের ক্যানসারের মতো পরিবর্তন (OSC সন্দেহ),urgent
oral_1_007412.jpg,1,oral_normal,oral_normal,স্বাভাবিক মুখের ভেতর,routine
oral_0_007413.jpg,0,oral_scc,oral_scc,মুখের ক্যানসারের মতো পরিবর্তন (OSC সন্দেহ),urgent
oral_0_007414.jpg,0,oral_scc,oral_scc,মুখের ক্যানসারের মতো পরিবর্তন (OSC সন্দেহ),urgent
oral_1_007415.jpg,1,oral_normal,oral_normal,স্বাভাবিক মুখের ভেতর,routine
oral_1_007416.jpg,1,oral_normal,oral_normal,স্বাভাবিক মুখের ভেতর,routine
oral_0_007417.jpg,0,oral_scc,oral_scc,মুখের ক্যানসারের মতো পরিবর্তন (OSC সন্দেহ),urgent
oral_0_007418.jpg,0,oral_scc,oral_scc,মুখের ক্যানসারের মতো পরিবর্তন (OSC সন্দেহ),urgent
oral_0_007419.jpg,0,oral_scc,oral_scc,মুখের ক্যানসারের মতো পরিবর্তন (OSC সন্দেহ),urgent
oral_1_007420.jpg,1,oral_normal,oral_normal,স্বাভাবিক মুখের ভেতর,routine
oral_0_007421.jpg,0,oral_scc,oral_scc,মুখের ক্যানসারের মতো পরিবর্তন (OSC সন্দেহ),urgent
oral_0_007422.jpg,0,oral_scc,oral_scc,মুখের ক্যানসারের মতো পরিবর্তন (OSC সন্দেহ),urgent
oral_1_007423.jpg,1,oral_normal,oral_normal,স্বাভাবিক মুখের ভেতর,routine
oral_1_007424.jpg,1,oral_normal,oral_normal,স্বাভাবিক মুখের ভেতর,routine
oral_1_007425.jpg,1,oral_normal,oral_normal,স্বাভাবিক মুখের ভেতর,routine
oral_0_007426.jpg,0,oral_scc,oral_scc,মুখের ক্যানসারের মতো পরিবর্তন (OSC সন্দেহ),urgent
oral_0_007427.jpg,0,oral_scc,oral_scc,মুখের ক্যানসারের মতো পরিবর্তন (OSC সন্দেহ),urgent
oral_0_007428.jpg,0,oral_scc,oral_scc,মুখের ক্যানসারের মতো পরিবর্তন (OSC সন্দেহ),urgent
oral_1_007429.jpg,1,oral_normal,oral_normal,স্বাভাবিক মুখের ভেতর,routine
oral_1_007430.jpg,1,oral_normal,oral_normal,স্বাভাবিক মুখের ভেতর,routine
oral_0_007431.jpg,0,oral_scc,oral_scc,মুখের ক্যানসারের মতো পরিবর্তন (OSC সন্দেহ),urgent
oral_0_007432.jpg,0,oral_scc,oral_scc,মুখের ক্যানসারের মতো পরিবর্তন (OSC সন্দেহ),urgent
oral_1_007433.jpg,1,oral_normal,oral_normal,স্বাভাবিক মুখের ভেতর,routine
oral_0_007434.jpg,0,oral_scc,oral_scc,মুখের ক্যানসারের মতো পরিবর্তন (OSC সন্দেহ),urgent
oral_0_007435.jpg,0,oral_scc,oral_scc,মুখের ক্যানসারের মতো পরিবর্তন (OSC সন্দেহ),urgent
oral_1_007436.jpg,1,oral_normal,oral_normal,স্বাভাবিক মুখের ভেতর,routine
oral_1_007437.jpg,1,oral_normal,oral_normal,স্বাভাবিক মুখের ভেতর,routine
oral_0_007438.jpg,0,oral_scc,oral_scc,মুখের ক্যানসারের মতো পরিবর্তন (OSC সন্দেহ),urgent
oral_1_007439.jpg,1,oral_normal,oral_normal,স্বাভাবিক মুখের ভেতর,routine
oral_0_007440.jpg,0,oral_scc,oral_scc,মুখের ক্যানসারের মতো পরিবর্তন (OSC সন্দেহ),urgent
oral_1_007441.jpg,1,oral_normal,oral_normal,স্বাভাবিক মুখের ভেতর,routine
oral_1_007442.jpg,1,oral_normal,oral_normal,স্বাভাবিক মুখের ভেতর,routine
oral_0_007443.jpg,0,oral_scc,oral_scc,মুখের ক্যানসারের মতো পরিবর্তন (OSC সন্দেহ),urgent
oral_1_007444.jpg,1,oral_normal,oral_normal,স্বাভাবিক মুখের ভেতর,routine
oral_1_007445.jpg,1,oral_normal,oral_normal,স্বাভাবিক মুখের ভেতর,routine
oral_0_007446.jpg,0,oral_scc,oral_scc,মুখের ক্যানসারের মতো পরিবর্তন (OSC সন্দেহ),urgent
oral_1_007447.jpg,1,oral_normal,oral_normal,স্বাভাবিক মুখের ভেতর,routine
oral_1_007448.jpg,1,oral_normal,oral_normal,স্বাভাবিক মুখের ভেতর,routine
oral_1_007449.jpg,1,oral_normal,oral_normal,স্বাভাবিক মুখের ভেতর,routine
oral_0_007450.jpg,0,oral_scc,oral_scc,মুখের ক্যানসারের মতো পরিবর্তন (OSC সন্দেহ),urgent
oral_1_007451.jpg,1,oral_normal,oral_normal,স্বাভাবিক মুখের ভেতর,routine
oral_0_007452.jpg,0,oral_scc,oral_scc,মুখের ক্যানসারের মতো পরিবর্তন (OSC সন্দেহ),urgent
oral_1_007453.jpg,1,oral_normal,oral_normal,স্বাভাবিক মুখের ভেতর,routine
oral_1_007454.jpg,1,oral_normal,oral_normal,স্বাভাবিক মুখের ভেতর,routine
oral_0_007455.jpg,0,oral_scc,oral_scc,মুখের ক্যানসারের মতো পরিবর্তন (OSC সন্দেহ),urgent
oral_0_007456.jpg,0,oral_scc,oral_scc,মুখের ক্যানসারের মতো পরিবর্তন (OSC সন্দেহ),urgent
oral_1_007457.jpg,1,oral_normal,oral_normal,স্বাভাবিক মুখের ভেতর,routine
oral_0_007458.jpg,0,oral_scc,oral_scc,মুখের ক্যানসারের মতো পরিবর্তন (OSC সন্দেহ),urgent
oral_0_007459.jpg,0,oral_scc,oral_scc,মুখের ক্যানসারের মতো পরিবর্তন (OSC সন্দেহ),urgent
oral_0_007460.jpg,0,oral_scc,oral_scc,মুখের ক্যানসারের মতো পরিবর্তন (OSC সন্দেহ),urgent
oral_0_007461.jpg,0,oral_scc,oral_scc,মুখের ক্যানসারের মতো পরিবর্তন (OSC সন্দেহ),urgent
oral_0_007462.jpg,0,oral_scc,oral_scc,মুখের ক্যানসারের মতো পরিবর্তন (OSC সন্দেহ),urgent
oral_0_007463.jpg,0,oral_scc,oral_scc,মুখের ক্যানসারের মতো পরিবর্তন (OSC সন্দেহ),urgent
oral_1_007464.jpg,1,oral_normal,oral_normal,স্বাভাবিক মুখের ভেতর,routine
oral_0_007465.jpg,0,oral_scc,oral_scc,মুখের ক্যানসারের মতো পরিবর্তন (OSC সন্দেহ),urgent
oral_1_007466.jpg,1,oral_normal,oral_normal,স্বাভাবিক মুখের ভেতর,routine
oral_0_007467.jpg,0,oral_scc,oral_scc,মুখের ক্যানসারের মতো পরিবর্তন (OSC সন্দেহ),urgent
oral_1_007468.jpg,1,oral_normal,oral_normal,স্বাভাবিক মুখের ভেতর,routine
oral_0_007469.jpg,0,oral_scc,oral_scc,মুখের ক্যানসারের মতো পরিবর্তন (OSC সন্দেহ),urgent
oral_0_007470.jpg,0,oral_scc,oral_scc,মুখের ক্যানসারের মতো পরিবর্তন (OSC সন্দেহ),urgent
oral_0_007471.jpg,0,oral_scc,oral_scc,মুখের ক্যানসারের মতো পরিবর্তন (OSC সন্দেহ),urgent
oral_1_007472.jpg,1,oral_normal,oral_normal,স্বাভাবিক মুখের ভেতর,routine
oral_1_007473.jpg,1,oral_normal,oral_normal,স্বাভাবিক মুখের ভেতর,routine
oral_0_007474.jpg,0,oral_scc,oral_scc,মুখের ক্যানসারের মতো পরিবর্তন (OSC সন্দেহ),urgent
oral_0_007475.jpg,0,oral_scc,oral_scc,মুখের ক্যানসারের মতো পরিবর্তন (OSC সন্দেহ),urgent
oral_0_007476.jpg,0,oral_scc,oral_scc,মুখের ক্যানসারের মতো পরিবর্তন (OSC সন্দেহ),urgent
oral_1_007477.jpg,1,oral_normal,oral_normal,স্বাভাবিক মুখের ভেতর,routine
oral_1_007478.jpg,1,oral_normal,oral_normal,স্বাভাবিক মুখের ভেতর,routine
oral_1_007479.jpg,1,oral_normal,oral_normal,স্বাভাবিক মুখের ভেতর,routine
oral_0_007480.jpg,0,oral_scc,oral_scc,মুখের ক্যানসারের মতো পরিবর্তন (OSC সন্দেহ),urgent
oral_0_007481.jpg,0,oral_scc,oral_scc,মুখের ক্যানসারের মতো পরিবর্তন (OSC সন্দেহ),urgent
oral_0_007482.jpg,0,oral_scc,oral_scc,মুখের ক্যানসারের মতো পরিবর্তন (OSC সন্দেহ),urgent
oral_1_007483.jpg,1,oral_normal,oral_normal,স্বাভাবিক মুখের ভেতর,routine
oral_0_007484.jpg,0,oral_scc,oral_scc,মুখের ক্যানসারের মতো পরিবর্তন (OSC সন্দেহ),urgent
oral_0_007485.jpg,0,oral_scc,oral_scc,মুখের ক্যানসারের মতো পরিবর্তন (OSC সন্দেহ),urgent
oral_1_007486.jpg,1,oral_normal,oral_normal,স্বাভাবিক মুখের ভেতর,routine
oral_1_007487.jpg,1,oral_normal,oral_normal,স্বাভাবিক মুখের ভেতর,routine
oral_1_007488.jpg,1,oral_normal,oral_normal,স্বাভাবিক মুখের ভেতর,routine
oral_1_007489.jpg,1,oral_normal,oral_normal,স্বাভাবিক মুখের ভেতর,routine
oral_1_007490.jpg,1,oral_normal,oral_normal,স্বাভাবিক মুখের ভেতর,routine
oral_1_007491.jpg,1,oral_normal,oral_normal,স্বাভাবিক মুখের ভেতর,routine
oral_0_007492.jpg,0,oral_scc,oral_scc,মুখের ক্যানসারের মতো পরিবর্তন (OSC সন্দেহ),urgent
oral_0_007493.jpg,0,oral_scc,oral_scc,মুখের ক্যানসারের মতো পরিবর্তন (OSC সন্দেহ),urgent
oral_0_007494.jpg,0,oral_scc,oral_scc,মুখের ক্যানসারের মতো পরিবর্তন (OSC সন্দেহ),urgent
oral_1_007495.jpg,1,oral_normal,oral_normal,স্বাভাবিক মুখের ভেতর,routine
oral_1_007496.jpg,1,oral_normal,oral_normal,স্বাভাবিক মুখের ভেতর,routine
oral_0_007497.jpg,0,oral_scc,oral_scc,মুখের ক্যানসারের মতো পরিবর্তন (OSC সন্দেহ),urgent
oral_1_007498.jpg,1,oral_normal,oral_normal,স্বাভাবিক মুখের ভেতর,routine
oral_0_007499.jpg,0,oral_scc,oral_scc,মুখের ক্যানসারের মতো পরিবর্তন (OSC সন্দেহ),urgent
oral_0_007500.jpg,0,oral_scc,oral_scc,মুখের ক্যানসারের মতো পরিবর্তন (OSC সন্দেহ),urgent
oral_0_007501.jpg,0,oral_scc,oral_scc,মুখের ক্যানসারের মতো পরিবর্তন (OSC সন্দেহ),urgent
oral_1_007502.jpg,1,oral_normal,oral_normal,স্বাভাবিক মুখের ভেতর,routine
oral_0_007503.jpg,0,oral_scc,oral_scc,মুখের ক্যানসারের মতো পরিবর্তন (OSC সন্দেহ),urgent
oral_0_007504.jpg,0,oral_scc,oral_scc,মুখের ক্যানসারের মতো পরিবর্তন (OSC সন্দেহ),urgent
oral_0_007505.jpg,0,oral_scc,oral_scc,মুখের ক্যানসারের মতো পরিবর্তন (OSC সন্দেহ),urgent
oral_0_007506.jpg,0,oral_scc,oral_scc,মুখের ক্যানসারের মতো পরিবর্তন (OSC সন্দেহ),urgent
oral_0_007507.jpg,0,oral_scc,oral_scc,মুখের ক্যানসারের মতো পরিবর্তন (OSC সন্দেহ),urgent
oral_0_007508.jpg,0,oral_scc,oral_scc,মুখের ক্যানসারের মতো পরিবর্তন (OSC সন্দেহ),urgent
oral_0_007509.jpg,0,oral_scc,oral_scc,মুখের ক্যানসারের মতো পরিবর্তন (OSC সন্দেহ),urgent
oral_0_007510.jpg,0,oral_scc,oral_scc,মুখের ক্যানসারের মতো পরিবর্তন (OSC সন্দেহ),urgent
oral_0_007511.jpg,0,oral_scc,oral_scc,মুখের ক্যানসারের মতো পরিবর্তন (OSC সন্দেহ),urgent
oral_0_007512.jpg,0,oral_scc,oral_scc,মুখের ক্যানসারের মতো পরিবর্তন (OSC সন্দেহ),urgent
oral_0_007513.jpg,0,oral_scc,oral_scc,মুখের ক্যানসারের মতো পরিবর্তন (OSC সন্দেহ),urgent
oral_0_007514.jpg,0,oral_scc,oral_scc,মুখের ক্যানসারের মতো পরিবর্তন (OSC সন্দেহ),urgent
oral_1_007515.jpg,1,oral_normal,oral_normal,স্বাভাবিক মুখের ভেতর,routine
oral_1_007516.jpg,1,oral_normal,oral_normal,স্বাভাবিক মুখের ভেতর,routine
oral_1_007517.jpg,1,oral_normal,oral_normal,স্বাভাবিক মুখের ভেতর,routine
oral_0_007518.jpg,0,oral_scc,oral_scc,মুখের ক্যানসারের মতো পরিবর্তন (OSC সন্দেহ),urgent
oral_1_007519.jpg,1,oral_normal,oral_normal,স্বাভাবিক মুখের ভেতর,routine
oral_0_007520.jpg,0,oral_scc,oral_scc,মুখের ক্যানসারের মতো পরিবর্তন (OSC সন্দেহ),urgent
oral_0_007521.jpg,0,oral_scc,oral_scc,মুখের ক্যানসারের মতো পরিবর্তন (OSC সন্দেহ),urgent
oral_1_007522.jpg,1,oral_normal,oral_normal,স্বাভাবিক মুখের ভেতর,routine
oral_0_007523.jpg,0,oral_scc,oral_scc,মুখের ক্যানসারের মতো পরিবর্তন (OSC সন্দেহ),urgent
oral_0_007524.jpg,0,oral_scc,oral_scc,মুখের ক্যানসারের মতো পরিবর্তন (OSC সন্দেহ),urgent
oral_1_007525.jpg,1,oral_normal,oral_normal,স্বাভাবিক মুখের ভেতর,routine
oral_0_007526.jpg,0,oral_scc,oral_scc,মুখের ক্যানসারের মতো পরিবর্তন (OSC সন্দেহ),urgent
oral_0_007527.jpg,0,oral_scc,oral_scc,মুখের ক্যানসারের মতো পরিবর্তন (OSC সন্দেহ),urgent
oral_1_007528.jpg,1,oral_normal,oral_normal,স্বাভাবিক মুখের ভেতর,routine
oral_0_007529.jpg,0,oral_scc,oral_scc,মুখের ক্যানসারের মতো পরিবর্তন (OSC সন্দেহ),urgent
oral_0_007530.jpg,0,oral_scc,oral_scc,মুখের ক্যানসারের মতো পরিবর্তন (OSC সন্দেহ),urgent
oral_1_007531.jpg,1,oral_normal,oral_normal,স্বাভাবিক মুখের ভেতর,routine
oral_0_007532.jpg,0,oral_scc,oral_scc,মুখের ক্যানসারের মতো পরিবর্তন (OSC সন্দেহ),urgent
oral_1_007533.jpg,1,oral_normal,oral_normal,স্বাভাবিক মুখের ভেতর,routine
oral_1_007534.jpg,1,oral_normal,oral_normal,স্বাভাবিক মুখের ভেতর,routine
oral_0_007535.jpg,0,oral_scc,oral_scc,মুখের ক্যানসারের মতো পরিবর্তন (OSC সন্দেহ),urgent
oral_0_007536.jpg,0,oral_scc,oral_scc,মুখের ক্যানসারের মতো পরিবর্তন (OSC সন্দেহ),urgent
oral_1_007537.jpg,1,oral_normal,oral_normal,স্বাভাবিক মুখের ভেতর,routine
oral_0_007538.jpg,0,oral_scc,oral_scc,মুখের ক্যানসারের মতো পরিবর্তন (OSC সন্দেহ),urgent
oral_1_007539.jpg,1,oral_normal,oral_normal,স্বাভাবিক মুখের ভেতর,routine
oral_0_007540.jpg,0,oral_scc,oral_scc,মুখের ক্যানসারের মতো পরিবর্তন (OSC সন্দেহ),urgent
oral_1_007541.jpg,1,oral_normal,oral_normal,স্বাভাবিক মুখের ভেতর,routine
oral_1_007542.jpg,1,oral_normal,oral_normal,স্বাভাবিক মুখের ভেতর,routine
oral_1_007543.jpg,1,oral_normal,oral_normal,স্বাভাবিক মুখের ভেতর,routine
oral_0_007544.jpg,0,oral_scc,oral_scc,মুখের ক্যানসারের মতো পরিবর্তন (OSC সন্দেহ),urgent
oral_0_007545.jpg,0,oral_scc,oral_scc,মুখের ক্যানসারের মতো পরিবর্তন (OSC সন্দেহ),urgent
oral_0_007546.jpg,0,oral_scc,oral_scc,মুখের ক্যানসারের মতো পরিবর্তন (OSC সন্দেহ),urgent
oral_1_007547.jpg,1,oral_normal,oral_normal,স্বাভাবিক মুখের ভেতর,routine
oral_0_007548.jpg,0,oral_scc,oral_scc,মুখের ক্যানসারের মতো পরিবর্তন (OSC সন্দেহ),urgent
oral_1_007549.jpg,1,oral_normal,oral_normal,স্বাভাবিক মুখের ভেতর,routine
oral_1_007550.jpg,1,oral_normal,oral_normal,স্বাভাবিক মুখের ভেতর,routine
oral_1_007551.jpg,1,oral_normal,oral_normal,স্বাভাবিক মুখের ভেতর,routine
oral_0_007552.jpg,0,oral_scc,oral_scc,মুখের ক্যানসারের মতো পরিবর্তন (OSC সন্দেহ),urgent
oral_1_007553.jpg,1,oral_normal,oral_normal,স্বাভাবিক মুখের ভেতর,routine
oral_0_007554.jpg,0,oral_scc,oral_scc,মুখের ক্যানসারের মতো পরিবর্তন (OSC সন্দেহ),urgent
oral_0_007555.jpg,0,oral_scc,oral_scc,মুখের ক্যানসারের মতো পরিবর্তন (OSC সন্দেহ),urgent
oral_0_007556.jpg,0,oral_scc,oral_scc,মুখের ক্যানসারের মতো পরিবর্তন (OSC সন্দেহ),urgent
oral_0_007557.jpg,0,oral_scc,oral_scc,মুখের ক্যানসারের মতো পরিবর্তন (OSC সন্দেহ),urgent
oral_0_007558.jpg,0,oral_scc,oral_scc,মুখের ক্যানসারের মতো পরিবর্তন (OSC সন্দেহ),urgent
oral_1_007559.jpg,1,oral_normal,oral_normal,স্বাভাবিক মুখের ভেতর,routine
oral_0_007560.jpg,0,oral_scc,oral_scc,মুখের ক্যানসারের মতো পরিবর্তন (OSC সন্দেহ),urgent
oral_0_007561.jpg,0,oral_scc,oral_scc,মুখের ক্যানসারের মতো পরিবর্তন (OSC সন্দেহ),urgent
oral_1_007562.jpg,1,oral_normal,oral_normal,স্বাভাবিক মুখের ভেতর,routine
oral_1_007563.jpg,1,oral_normal,oral_normal,স্বাভাবিক মুখের ভেতর,routine
oral_0_007564.jpg,0,oral_scc,oral_scc,মুখের ক্যানসারের মতো পরিবর্তন (OSC সন্দেহ),urgent
oral_1_007565.jpg,1,oral_normal,oral_normal,স্বাভাবিক মুখের ভেতর,routine
oral_1_007566.jpg,1,oral_normal,oral_normal,স্বাভাবিক মুখের ভেতর,routine
oral_1_007567.jpg,1,oral_normal,oral_normal,স্বাভাবিক মুখের ভেতর,routine
oral_1_007568.jpg,1,oral_normal,oral_normal,স্বাভাবিক মুখের ভেতর,routine
oral_1_007569.jpg,1,oral_normal,oral_normal,স্বাভাবিক মুখের ভেতর,routine
oral_1_007570.jpg,1,oral_normal,oral_normal,স্বাভাবিক মুখের ভেতর,routine
oral_1_007571.jpg,1,oral_normal,oral_normal,স্বাভাবিক মুখের ভেতর,routine
oral_0_007572.jpg,0,oral_scc,oral_scc,মুখের ক্যানসারের মতো পরিবর্তন (OSC সন্দেহ),urgent
oral_0_007573.jpg,0,oral_scc,oral_scc,মুখের ক্যানসারের মতো পরিবর্তন (OSC সন্দেহ),urgent
oral_0_007574.jpg,0,oral_scc,oral_scc,মুখের ক্যানসারের মতো পরিবর্তন (OSC সন্দেহ),urgent
oral_1_007575.jpg,1,oral_normal,oral_normal,স্বাভাবিক মুখের ভেতর,routine
oral_0_007576.jpg,0,oral_scc,oral_scc,মুখের ক্যানসারের মতো পরিবর্তন (OSC সন্দেহ),urgent
oral_1_007577.jpg,1,oral_normal,oral_normal,স্বাভাবিক মুখের ভেতর,routine
oral_1_007578.jpg,1,oral_normal,oral_normal,স্বাভাবিক মুখের ভেতর,routine
oral_0_007579.jpg,0,oral_scc,oral_scc,মুখের ক্যানসারের মতো পরিবর্তন (OSC সন্দেহ),urgent
oral_1_007580.jpg,1,oral_normal,oral_normal,স্বাভাবিক মুখের ভেতর,routine
oral_1_007581.jpg,1,oral_normal,oral_normal,স্বাভাবিক মুখের ভেতর,routine
oral_1_007582.jpg,1,oral_normal,oral_normal,স্বাভাবিক মুখের ভেতর,routine
oral_1_007583.jpg,1,oral_normal,oral_normal,স্বাভাবিক মুখের ভেতর,routine
oral_1_007584.jpg,1,oral_normal,oral_normal,স্বাভাবিক মুখের ভেতর,routine
oral_0_007585.jpg,0,oral_scc,oral_scc,মুখের ক্যানসারের মতো পরিবর্তন (OSC সন্দেহ),urgent
oral_1_007586.jpg,1,oral_normal,oral_normal,স্বাভাবিক মুখের ভেতর,routine
oral_0_007587.jpg,0,oral_scc,oral_scc,মুখের ক্যানসারের মতো পরিবর্তন (OSC সন্দেহ),urgent
oral_1_007588.jpg,1,oral_normal,oral_normal,স্বাভাবিক মুখের ভেতর,routine
oral_1_007589.jpg,1,oral_normal,oral_normal,স্বাভাবিক মুখের ভেতর,routine
oral_1_007590.jpg,1,oral_normal,oral_normal,স্বাভাবিক মুখের ভেতর,routine
oral_0_007591.jpg,0,oral_scc,oral_scc,মুখের ক্যানসারের মতো পরিবর্তন (OSC সন্দেহ),urgent
oral_0_007592.jpg,0,oral_scc,oral_scc,মুখের ক্যানসারের মতো পরিবর্তন (OSC সন্দেহ),urgent
oral_1_007593.jpg,1,oral_normal,oral_normal,স্বাভাবিক মুখের ভেতর,routine
oral_1_007594.jpg,1,oral_normal,oral_normal,স্বাভাবিক মুখের ভেতর,routine
oral_1_007595.jpg,1,oral_normal,oral_normal,স্বাভাবিক মুখের ভেতর,routine
oral_0_007596.jpg,0,oral_scc,oral_scc,মুখের ক্যানসারের মতো পরিবর্তন (OSC সন্দেহ),urgent
oral_1_007597.jpg,1,oral_normal,oral_normal,স্বাভাবিক মুখের ভেতর,routine
oral_0_007598.jpg,0,oral_scc,oral_scc,মুখের ক্যানসারের মতো পরিবর্তন (OSC সন্দেহ),urgent
oral_0_007599.jpg,0,oral_scc,oral_scc,মুখের ক্যানসারের মতো পরিবর্তন (OSC সন্দেহ),urgent
oral_0_007600.jpg,0,oral_scc,oral_scc,মুখের ক্যানসারের মতো পরিবর্তন (OSC সন্দেহ),urgent
oral_0_007601.jpg,0,oral_scc,oral_scc,মুখের ক্যানসারের মতো পরিবর্তন (OSC সন্দেহ),urgent
oral_1_007602.jpg,1,oral_normal,oral_normal,স্বাভাবিক মুখের ভেতর,routine
oral_0_007603.jpg,0,oral_scc,oral_scc,মুখের ক্যানসারের মতো পরিবর্তন (OSC সন্দেহ),urgent
oral_0_007604.jpg,0,oral_scc,oral_scc,মুখের ক্যানসারের মতো পরিবর্তন (OSC সন্দেহ),urgent
oral_1_007605.jpg,1,oral_normal,oral_normal,স্বাভাবিক মুখের ভেতর,routine
oral_1_007606.jpg,1,oral_normal,oral_normal,স্বাভাবিক মুখের ভেতর,routine
oral_1_007607.jpg,1,oral_normal,oral_normal,স্বাভাবিক মুখের ভেতর,routine
oral_1_007608.jpg,1,oral_normal,oral_normal,স্বাভাবিক মুখের ভেতর,routine
oral_0_007609.jpg,0,oral_scc,oral_scc,মুখের ক্যানসারের মতো পরিবর্তন (OSC সন্দেহ),urgent
oral_1_007610.jpg,1,oral_normal,oral_normal,স্বাভাবিক মুখের ভেতর,routine
oral_0_007611.jpg,0,oral_scc,oral_scc,মুখের ক্যানসারের মতো পরিবর্তন (OSC সন্দেহ),urgent
oral_0_007612.jpg,0,oral_scc,oral_scc,মুখের ক্যানসারের মতো পরিবর্তন (OSC সন্দেহ),urgent
oral_1_007613.jpg,1,oral_normal,oral_normal,স্বাভাবিক মুখের ভেতর,routine
oral_0_007614.jpg,0,oral_scc,oral_scc,মুখের ক্যানসারের মতো পরিবর্তন (OSC সন্দেহ),urgent
oral_1_007615.jpg,1,oral_normal,oral_normal,স্বাভাবিক মুখের ভেতর,routine
oral_0_007616.jpg,0,oral_scc,oral_scc,মুখের ক্যানসারের মতো পরিবর্তন (OSC সন্দেহ),urgent
oral_0_007617.jpg,0,oral_scc,oral_scc,মুখের ক্যানসারের মতো পরিবর্তন (OSC সন্দেহ),urgent
oral_1_007618.jpg,1,oral_normal,oral_normal,স্বাভাবিক মুখের ভেতর,routine
oral_1_007619.jpg,1,oral_normal,oral_normal,স্বাভাবিক মুখের ভেতর,routine
oral_1_007620.jpg,1,oral_normal,oral_normal,স্বাভাবিক মুখের ভেতর,routine
oral_0_007621.jpg,0,oral_scc,oral_scc,মুখের ক্যানসারের মতো পরিবর্তন (OSC সন্দেহ),urgent
oral_0_007622.jpg,0,oral_scc,oral_scc,মুখের ক্যানসারের মতো পরিবর্তন (OSC সন্দেহ),urgent
oral_0_007623.jpg,0,oral_scc,oral_scc,মুখের ক্যানসারের মতো পরিবর্তন (OSC সন্দেহ),urgent
oral_1_007624.jpg,1,oral_normal,oral_normal,স্বাভাবিক মুখের ভেতর,routine
oral_1_007625.jpg,1,oral_normal,oral_normal,স্বাভাবিক মুখের ভেতর,routine
oral_0_007626.jpg,0,oral_scc,oral_scc,মুখের ক্যানসারের মতো পরিবর্তন (OSC সন্দেহ),urgent
oral_1_007627.jpg,1,oral_normal,oral_normal,স্বাভাবিক মুখের ভেতর,routine
oral_0_007628.jpg,0,oral_scc,oral_scc,মুখের ক্যানসারের মতো পরিবর্তন (OSC সন্দেহ),urgent
oral_0_007629.jpg,0,oral_scc,oral_scc,মুখের ক্যানসারের মতো পরিবর্তন (OSC সন্দেহ),urgent
oral_1_007630.jpg,1,oral_normal,oral_normal,স্বাভাবিক মুখের ভেতর,routine
oral_1_007631.jpg,1,oral_normal,oral_normal,স্বাভাবিক মুখের ভেতর,routine
oral_1_007632.jpg,1,oral_normal,oral_normal,স্বাভাবিক মুখের ভেতর,routine
oral_1_007633.jpg,1,oral_normal,oral_normal,স্বাভাবিক মুখের ভেতর,routine
oral_1_007634.jpg,1,oral_normal,oral_normal,স্বাভাবিক মুখের ভেতর,routine
oral_0_007635.jpg,0,oral_scc,oral_scc,মুখের ক্যানসারের মতো পরিবর্তন (OSC সন্দেহ),urgent
oral_1_007636.jpg,1,oral_normal,oral_normal,স্বাভাবিক মুখের ভেতর,routine
oral_0_007637.jpg,0,oral_scc,oral_scc,মুখের ক্যানসারের মতো পরিবর্তন (OSC সন্দেহ),urgent
oral_1_007638.jpg,1,oral_normal,oral_normal,স্বাভাবিক মুখের ভেতর,routine
oral_1_007639.jpg,1,oral_normal,oral_normal,স্বাভাবিক মুখের ভেতর,routine
oral_0_007640.jpg,0,oral_scc,oral_scc,মুখের ক্যানসারের মতো পরিবর্তন (OSC সন্দেহ),urgent
oral_0_007641.jpg,0,oral_scc,oral_scc,মুখের ক্যানসারের মতো পরিবর্তন (OSC সন্দেহ),urgent
oral_1_007642.jpg,1,oral_normal,oral_normal,স্বাভাবিক মুখের ভেতর,routine
oral_0_007643.jpg,0,oral_scc,oral_scc,মুখের ক্যানসারের মতো পরিবর্তন (OSC সন্দেহ),urgent
oral_1_007644.jpg,1,oral_normal,oral_normal,স্বাভাবিক মুখের ভেতর,routine
oral_1_007645.jpg,1,oral_normal,oral_normal,স্বাভাবিক মুখের ভেতর,routine
oral_0_007646.jpg,0,oral_scc,oral_scc,মুখের ক্যানসারের মতো পরিবর্তন (OSC সন্দেহ),urgent
oral_1_007647.jpg,1,oral_normal,oral_normal,স্বাভাবিক মুখের ভেতর,routine
oral_1_007648.jpg,1,oral_normal,oral_normal,স্বাভাবিক মুখের ভেতর,routine
oral_1_007649.jpg,1,oral_normal,oral_normal,স্বাভাবিক মুখের ভেতর,routine
oral_0_007650.jpg,0,oral_scc,oral_scc,মুখের ক্যানসারের মতো পরিবর্তন (OSC সন্দেহ),urgent
oral_0_007651.jpg,0,oral_scc,oral_scc,মুখের ক্যানসারের মতো পরিবর্তন (OSC সন্দেহ),urgent
oral_0_007652.jpg,0,oral_scc,oral_scc,মুখের ক্যানসারের মতো পরিবর্তন (OSC সন্দেহ),urgent
oral_0_007653.jpg,0,oral_scc,oral_scc,মুখের ক্যানসারের মতো পরিবর্তন (OSC সন্দেহ),urgent
oral_0_007654.jpg,0,oral_scc,oral_scc,মুখের ক্যানসারের মতো পরিবর্তন (OSC সন্দেহ),urgent
oral_1_007655.jpg,1,oral_normal,oral_normal,স্বাভাবিক মুখের ভেতর,routine
oral_1_007656.jpg,1,oral_normal,oral_normal,স্বাভাবিক মুখের ভেতর,routine
oral_0_007657.jpg,0,oral_scc,oral_scc,মুখের ক্যানসারের মতো পরিবর্তন (OSC সন্দেহ),urgent
oral_1_007658.jpg,1,oral_normal,oral_normal,স্বাভাবিক মুখের ভেতর,routine
oral_1_007659.jpg,1,oral_normal,oral_normal,স্বাভাবিক মুখের ভেতর,routine
oral_1_007660.jpg,1,oral_normal,oral_normal,স্বাভাবিক মুখের ভেতর,routine
oral_1_007661.jpg,1,oral_normal,oral_normal,স্বাভাবিক মুখের ভেতর,routine
oral_0_007662.jpg,0,oral_scc,oral_scc,মুখের ক্যানসারের মতো পরিবর্তন (OSC সন্দেহ),urgent
oral_0_007663.jpg,0,oral_scc,oral_scc,মুখের ক্যানসারের মতো পরিবর্তন (OSC সন্দেহ),urgent
oral_0_007664.jpg,0,oral_scc,oral_scc,মুখের ক্যানসারের মতো পরিবর্তন (OSC সন্দেহ),urgent
oral_0_007665.jpg,0,oral_scc,oral_scc,মুখের ক্যানসারের মতো পরিবর্তন (OSC সন্দেহ),urgent
oral_0_007666.jpg,0,oral_scc,oral_scc,মুখের ক্যানসারের মতো পরিবর্তন (OSC সন্দেহ),urgent
oral_0_007667.jpg,0,oral_scc,oral_scc,মুখের ক্যানসারের মতো পরিবর্তন (OSC সন্দেহ),urgent
oral_0_007668.jpg,0,oral_scc,oral_scc,মুখের ক্যানসারের মতো পরিবর্তন (OSC সন্দেহ),urgent
oral_1_007669.jpg,1,oral_normal,oral_normal,স্বাভাবিক মুখের ভেতর,routine
oral_1_007670.jpg,1,oral_normal,oral_normal,স্বাভাবিক মুখের ভেতর,routine
oral_0_007671.jpg,0,oral_scc,oral_scc,মুখের ক্যানসারের মতো পরিবর্তন (OSC সন্দেহ),urgent
oral_1_007672.jpg,1,oral_normal,oral_normal,স্বাভাবিক মুখের ভেতর,routine
oral_0_007673.jpg,0,oral_scc,oral_scc,মুখের ক্যানসারের মতো পরিবর্তন (OSC সন্দেহ),urgent
oral_1_007674.jpg,1,oral_normal,oral_normal,স্বাভাবিক মুখের ভেতর,routine
oral_0_007675.jpg,0,oral_scc,oral_scc,মুখের ক্যানসারের মতো পরিবর্তন (OSC সন্দেহ),urgent
oral_1_007676.jpg,1,oral_normal,oral_normal,স্বাভাবিক মুখের ভেতর,routine
oral_0_007677.jpg,0,oral_scc,oral_scc,মুখের ক্যানসারের মতো পরিবর্তন (OSC সন্দেহ),urgent
oral_1_007678.jpg,1,oral_normal,oral_normal,স্বাভাবিক মুখের ভেতর,routine
oral_1_007679.jpg,1,oral_normal,oral_normal,স্বাভাবিক মুখের ভেতর,routine
oral_1_007680.jpg,1,oral_normal,oral_normal,স্বাভাবিক মুখের ভেতর,routine
oral_0_007681.jpg,0,oral_scc,oral_scc,মুখের ক্যানসারের মতো পরিবর্তন (OSC সন্দেহ),urgent
oral_1_007682.jpg,1,oral_normal,oral_normal,স্বাভাবিক মুখের ভেতর,routine
oral_1_007683.jpg,1,oral_normal,oral_normal,স্বাভাবিক মুখের ভেতর,routine
oral_0_007684.jpg,0,oral_scc,oral_scc,মুখের ক্যানসারের মতো পরিবর্তন (OSC সন্দেহ),urgent
oral_1_007685.jpg,1,oral_normal,oral_normal,স্বাভাবিক মুখের ভেতর,routine
oral_0_007686.jpg,0,oral_scc,oral_scc,মুখের ক্যানসারের মতো পরিবর্তন (OSC সন্দেহ),urgent
oral_1_007687.jpg,1,oral_normal,oral_normal,স্বাভাবিক মুখের ভেতর,routine
oral_0_007688.jpg,0,oral_scc,oral_scc,মুখের ক্যানসারের মতো পরিবর্তন (OSC সন্দেহ),urgent
oral_1_007689.jpg,1,oral_normal,oral_normal,স্বাভাবিক মুখের ভেতর,routine
oral_1_007690.jpg,1,oral_normal,oral_normal,স্বাভাবিক মুখের ভেতর,routine
oral_1_007691.jpg,1,oral_normal,oral_normal,স্বাভাবিক মুখের ভেতর,routine
oral_1_007692.jpg,1,oral_normal,oral_normal,স্বাভাবিক মুখের ভেতর,routine
oral_1_007693.jpg,1,oral_normal,oral_normal,স্বাভাবিক মুখের ভেতর,routine
oral_1_007694.jpg,1,oral_normal,oral_normal,স্বাভাবিক মুখের ভেতর,routine
oral_0_007695.jpg,0,oral_scc,oral_scc,মুখের ক্যানসারের মতো পরিবর্তন (OSC সন্দেহ),urgent
oral_0_007696.jpg,0,oral_scc,oral_scc,মুখের ক্যানসারের মতো পরিবর্তন (OSC সন্দেহ),urgent
oral_0_007697.jpg,0,oral_scc,oral_scc,মুখের ক্যানসারের মতো পরিবর্তন (OSC সন্দেহ),urgent
oral_0_007698.jpg,0,oral_scc,oral_scc,মুখের ক্যানসারের মতো পরিবর্তন (OSC সন্দেহ),urgent
oral_1_007699.jpg,1,oral_normal,oral_normal,স্বাভাবিক মুখের ভেতর,routine
oral_0_007700.jpg,0,oral_scc,oral_scc,মুখের ক্যানসারের মতো পরিবর্তন (OSC সন্দেহ),urgent
oral_0_007701.jpg,0,oral_scc,oral_scc,মুখের ক্যানসারের মতো পরিবর্তন (OSC সন্দেহ),urgent
oral_0_007702.jpg,0,oral_scc,oral_scc,মুখের ক্যানসারের মতো পরিবর্তন (OSC সন্দেহ),urgent
oral_1_007703.jpg,1,oral_normal,oral_normal,স্বাভাবিক মুখের ভেতর,routine
oral_0_007704.jpg,0,oral_scc,oral_scc,মুখের ক্যানসারের মতো পরিবর্তন (OSC সন্দেহ),urgent
oral_0_007705.jpg,0,oral_scc,oral_scc,মুখের ক্যানসারের মতো পরিবর্তন (OSC সন্দেহ),urgent
oral_1_007706.jpg,1,oral_normal,oral_normal,স্বাভাবিক মুখের ভেতর,routine
oral_0_007707.jpg,0,oral_scc,oral_scc,মুখের ক্যানসারের মতো পরিবর্তন (OSC সন্দেহ),urgent
oral_1_007708.jpg,1,oral_normal,oral_normal,স্বাভাবিক মুখের ভেতর,routine
oral_1_007709.jpg,1,oral_normal,oral_normal,স্বাভাবিক মুখের ভেতর,routine
oral_0_007710.jpg,0,oral_scc,oral_scc,মুখের ক্যানসারের মতো পরিবর্তন (OSC সন্দেহ),urgent
oral_0_007711.jpg,0,oral_scc,oral_scc,মুখের ক্যানসারের মতো পরিবর্তন (OSC সন্দেহ),urgent
oral_1_007712.jpg,1,oral_normal,oral_normal,স্বাভাবিক মুখের ভেতর,routine
oral_0_007713.jpg,0,oral_scc,oral_scc,মুখের ক্যানসারের মতো পরিবর্তন (OSC সন্দেহ),urgent
oral_0_007714.jpg,0,oral_scc,oral_scc,মুখের ক্যানসারের মতো পরিবর্তন (OSC সন্দেহ),urgent
oral_1_007715.jpg,1,oral_normal,oral_normal,স্বাভাবিক মুখের ভেতর,routine
oral_1_007716.jpg,1,oral_normal,oral_normal,স্বাভাবিক মুখের ভেতর,routine
oral_1_007717.jpg,1,oral_normal,oral_normal,স্বাভাবিক মুখের ভেতর,routine
oral_1_007718.jpg,1,oral_normal,oral_normal,স্বাভাবিক মুখের ভেতর,routine
oral_1_007719.jpg,1,oral_normal,oral_normal,স্বাভাবিক মুখের ভেতর,routine
oral_1_007720.jpg,1,oral_normal,oral_normal,স্বাভাবিক মুখের ভেতর,routine
oral_1_007721.jpg,1,oral_normal,oral_normal,স্বাভাবিক মুখের ভেতর,routine
oral_1_007722.jpg,1,oral_normal,oral_normal,স্বাভাবিক মুখের ভেতর,routine
oral_1_007723.jpg,1,oral_normal,oral_normal,স্বাভাবিক মুখের ভেতর,routine
oral_0_007724.jpg,0,oral_scc,oral_scc,মুখের ক্যানসারের মতো পরিবর্তন (OSC সন্দেহ),urgent
oral_0_007725.jpg,0,oral_scc,oral_scc,মুখের ক্যানসারের মতো পরিবর্তন (OSC সন্দেহ),urgent
oral_1_007726.jpg,1,oral_normal,oral_normal,স্বাভাবিক মুখের ভেতর,routine
oral_0_007727.jpg,0,oral_scc,oral_scc,মুখের ক্যানসারের মতো পরিবর্তন (OSC সন্দেহ),urgent
oral_1_007728.jpg,1,oral_normal,oral_normal,স্বাভাবিক মুখের ভেতর,routine
oral_1_007729.jpg,1,oral_normal,oral_normal,স্বাভাবিক মুখের ভেতর,routine
oral_1_007730.jpg,1,oral_normal,oral_normal,স্বাভাবিক মুখের ভেতর,routine
oral_1_007731.jpg,1,oral_normal,oral_normal,স্বাভাবিক মুখের ভেতর,routine
oral_1_007732.jpg,1,oral_normal,oral_normal,স্বাভাবিক মুখের ভেতর,routine
oral_0_007733.jpg,0,oral_scc,oral_scc,মুখের ক্যানসারের মতো পরিবর্তন (OSC সন্দেহ),urgent
oral_0_007734.jpg,0,oral_scc,oral_scc,মুখের ক্যানসারের মতো পরিবর্তন (OSC সন্দেহ),urgent
oral_0_007735.jpg,0,oral_scc,oral_scc,মুখের ক্যানসারের মতো পরিবর্তন (OSC সন্দেহ),urgent
oral_1_007736.jpg,1,oral_normal,oral_normal,স্বাভাবিক মুখের ভেতর,routine
oral_1_007737.jpg,1,oral_normal,oral_normal,স্বাভাবিক মুখের ভেতর,routine
oral_0_007738.jpg,0,oral_scc,oral_scc,মুখের ক্যানসারের মতো পরিবর্তন (OSC সন্দেহ),urgent
oral_1_007739.jpg,1,oral_normal,oral_normal,স্বাভাবিক মুখের ভেতর,routine
oral_0_007740.jpg,0,oral_scc,oral_scc,মুখের ক্যানসারের মতো পরিবর্তন (OSC সন্দেহ),urgent
oral_1_007741.jpg,1,oral_normal,oral_normal,স্বাভাবিক মুখের ভেতর,routine
oral_0_007742.jpg,0,oral_scc,oral_scc,মুখের ক্যানসারের মতো পরিবর্তন (OSC সন্দেহ),urgent
oral_1_007743.jpg,1,oral_normal,oral_normal,স্বাভাবিক মুখের ভেতর,routine
oral_0_007744.jpg,0,oral_scc,oral_scc,মুখের ক্যানসারের মতো পরিবর্তন (OSC সন্দেহ),urgent
oral_0_007745.jpg,0,oral_scc,oral_scc,মুখের ক্যানসারের মতো পরিবর্তন (OSC সন্দেহ),urgent
oral_1_007746.jpg,1,oral_normal,oral_normal,স্বাভাবিক মুখের ভেতর,routine
oral_0_007747.jpg,0,oral_scc,oral_scc,মুখের ক্যানসারের মতো পরিবর্তন (OSC সন্দেহ),urgent
oral_1_007748.jpg,1,oral_normal,oral_normal,স্বাভাবিক মুখের ভেতর,routine
oral_1_007749.jpg,1,oral_normal,oral_normal,স্বাভাবিক মুখের ভেতর,routine
oral_0_007750.jpg,0,oral_scc,oral_scc,মুখের ক্যানসারের মতো পরিবর্তন (OSC সন্দেহ),urgent
oral_1_007751.jpg,1,oral_normal,oral_normal,স্বাভাবিক মুখের ভেতর,routine
oral_0_007752.jpg,0,oral_scc,oral_scc,মুখের ক্যানসারের মতো পরিবর্তন (OSC সন্দেহ),urgent
oral_1_007753.jpg,1,oral_normal,oral_normal,স্বাভাবিক মুখের ভেতর,routine
oral_0_007754.jpg,0,oral_scc,oral_scc,মুখের ক্যানসারের মতো পরিবর্তন (OSC সন্দেহ),urgent
oral_1_007755.jpg,1,oral_normal,oral_normal,স্বাভাবিক মুখের ভেতর,routine
oral_1_007756.jpg,1,oral_normal,oral_normal,স্বাভাবিক মুখের ভেতর,routine
oral_0_007757.jpg,0,oral_scc,oral_scc,মুখের ক্যানসারের মতো পরিবর্তন (OSC সন্দেহ),urgent
oral_0_007758.jpg,0,oral_scc,oral_scc,মুখের ক্যানসারের মতো পরিবর্তন (OSC সন্দেহ),urgent
oral_0_007759.jpg,0,oral_scc,oral_scc,মুখের ক্যানসারের মতো পরিবর্তন (OSC সন্দেহ),urgent
oral_0_007760.jpg,0,oral_scc,oral_scc,মুখের ক্যানসারের মতো পরিবর্তন (OSC সন্দেহ),urgent
oral_1_007761.jpg,1,oral_normal,oral_normal,স্বাভাবিক মুখের ভেতর,routine
oral_1_007762.jpg,1,oral_normal,oral_normal,স্বাভাবিক মুখের ভেতর,routine
oral_0_007763.jpg,0,oral_scc,oral_scc,মুখের ক্যানসারের মতো পরিবর্তন (OSC সন্দেহ),urgent
oral_1_007764.jpg,1,oral_normal,oral_normal,স্বাভাবিক মুখের ভেতর,routine
oral_0_007765.jpg,0,oral_scc,oral_scc,মুখের ক্যানসারের মতো পরিবর্তন (OSC সন্দেহ),urgent
oral_1_007766.jpg,1,oral_normal,oral_normal,স্বাভাবিক মুখের ভেতর,routine
oral_1_007767.jpg,1,oral_normal,oral_normal,স্বাভাবিক মুখের ভেতর,routine
oral_1_007768.jpg,1,oral_normal,oral_normal,স্বাভাবিক মুখের ভেতর,routine
oral_0_007769.jpg,0,oral_scc,oral_scc,মুখের ক্যানসারের মতো পরিবর্তন (OSC সন্দেহ),urgent
oral_1_007770.jpg,1,oral_normal,oral_normal,স্বাভাবিক মুখের ভেতর,routine
oral_1_007771.jpg,1,oral_normal,oral_normal,স্বাভাবিক মুখের ভেতর,routine
oral_0_007772.jpg,0,oral_scc,oral_scc,মুখের ক্যানসারের মতো পরিবর্তন (OSC সন্দেহ),urgent
oral_1_007773.jpg,1,oral_normal,oral_normal,স্বাভাবিক মুখের ভেতর,routine
oral_0_007774.jpg,0,oral_scc,oral_scc,মুখের ক্যানসারের মতো পরিবর্তন (OSC সন্দেহ),urgent
oral_0_007775.jpg,0,oral_scc,oral_scc,মুখের ক্যানসারের মতো পরিবর্তন (OSC সন্দেহ),urgent
oral_1_007776.jpg,1,oral_normal,oral_normal,স্বাভাবিক মুখের ভেতর,routine
oral_0_007777.jpg,0,oral_scc,oral_scc,মুখের ক্যানসারের মতো পরিবর্তন (OSC সন্দেহ),urgent
oral_1_007778.jpg,1,oral_normal,oral_normal,স্বাভাবিক মুখের ভেতর,routine
oral_1_007779.jpg,1,oral_normal,oral_normal,স্বাভাবিক মুখের ভেতর,routine
oral_1_007780.jpg,1,oral_normal,oral_normal,স্বাভাবিক মুখের ভেতর,routine
oral_1_007781.jpg,1,oral_normal,oral_normal,স্বাভাবিক মুখের ভেতর,routine
oral_1_007782.jpg,1,oral_normal,oral_normal,স্বাভাবিক মুখের ভেতর,routine
oral_1_007783.jpg,1,oral_normal,oral_normal,স্বাভাবিক মুখের ভেতর,routine
oral_0_007784.jpg,0,oral_scc,oral_scc,মুখের ক্যানসারের মতো পরিবর্তন (OSC সন্দেহ),urgent
oral_1_007785.jpg,1,oral_normal,oral_normal,স্বাভাবিক মুখের ভেতর,routine
oral_1_007786.jpg,1,oral_normal,oral_normal,স্বাভাবিক মুখের ভেতর,routine
oral_1_007787.jpg,1,oral_normal,oral_normal,স্বাভাবিক মুখের ভেতর,routine
oral_0_007788.jpg,0,oral_scc,oral_scc,মুখের ক্যানসারের মতো পরিবর্তন (OSC সন্দেহ),urgent
oral_0_007789.jpg,0,oral_scc,oral_scc,মুখের ক্যানসারের মতো পরিবর্তন (OSC সন্দেহ),urgent
oral_0_007790.jpg,0,oral_scc,oral_scc,মুখের ক্যানসারের মতো পরিবর্তন (OSC সন্দেহ),urgent
oral_1_007791.jpg,1,oral_normal,oral_normal,স্বাভাবিক মুখের ভেতর,routine
oral_1_007792.jpg,1,oral_normal,oral_normal,স্বাভাবিক মুখের ভেতর,routine
oral_1_007793.jpg,1,oral_normal,oral_normal,স্বাভাবিক মুখের ভেতর,routine
oral_0_007794.jpg,0,oral_scc,oral_scc,মুখের ক্যানসারের মতো পরিবর্তন (OSC সন্দেহ),urgent
oral_1_007795.jpg,1,oral_normal,oral_normal,স্বাভাবিক মুখের ভেতর,routine
oral_1_007796.jpg,1,oral_normal,oral_normal,স্বাভাবিক মুখের ভেতর,routine
oral_0_007797.jpg,0,oral_scc,oral_scc,মুখের ক্যানসারের মতো পরিবর্তন (OSC সন্দেহ),urgent
oral_0_007798.jpg,0,oral_scc,oral_scc,মুখের ক্যানসারের মতো পরিবর্তন (OSC সন্দেহ),urgent
oral_1_007799.jpg,1,oral_normal,oral_normal,স্বাভাবিক মুখের ভেতর,routine
oral_0_007800.jpg,0,oral_scc,oral_scc,মুখের ক্যানসারের মতো পরিবর্তন (OSC সন্দেহ),urgent
oral_0_007801.jpg,0,oral_scc,oral_scc,মুখের ক্যানসারের মতো পরিবর্তন (OSC সন্দেহ),urgent
oral_1_007802.jpg,1,oral_normal,oral_normal,স্বাভাবিক মুখের ভেতর,routine
oral_0_007803.jpg,0,oral_scc,oral_scc,মুখের ক্যানসারের মতো পরিবর্তন (OSC সন্দেহ),urgent
oral_0_007804.jpg,0,oral_scc,oral_scc,মুখের ক্যানসারের মতো পরিবর্তন (OSC সন্দেহ),urgent
oral_0_007805.jpg,0,oral_scc,oral_scc,মুখের ক্যানসারের মতো পরিবর্তন (OSC সন্দেহ),urgent
oral_1_007806.jpg,1,oral_normal,oral_normal,স্বাভাবিক মুখের ভেতর,routine
oral_0_007807.jpg,0,oral_scc,oral_scc,মুখের ক্যানসারের মতো পরিবর্তন (OSC সন্দেহ),urgent
oral_1_007808.jpg,1,oral_normal,oral_normal,স্বাভাবিক মুখের ভেতর,routine
oral_1_007809.jpg,1,oral_normal,oral_normal,স্বাভাবিক মুখের ভেতর,routine
oral_1_007810.jpg,1,oral_normal,oral_normal,স্বাভাবিক মুখের ভেতর,routine
oral_1_007811.jpg,1,oral_normal,oral_normal,স্বাভাবিক মুখের ভেতর,routine
oral_1_007812.jpg,1,oral_normal,oral_normal,স্বাভাবিক মুখের ভেতর,routine
oral_1_007813.jpg,1,oral_normal,oral_normal,স্বাভাবিক মুখের ভেতর,routine
oral_1_007814.jpg,1,oral_normal,oral_normal,স্বাভাবিক মুখের ভেতর,routine
oral_0_007815.jpg,0,oral_scc,oral_scc,মুখের ক্যানসারের মতো পরিবর্তন (OSC সন্দেহ),urgent
oral_1_007816.jpg,1,oral_normal,oral_normal,স্বাভাবিক মুখের ভেতর,routine
oral_1_007817.jpg,1,oral_normal,oral_normal,স্বাভাবিক মুখের ভেতর,routine
oral_0_007818.jpg,0,oral_scc,oral_scc,মুখের ক্যানসারের মতো পরিবর্তন (OSC সন্দেহ),urgent
oral_1_007819.jpg,1,oral_normal,oral_normal,স্বাভাবিক মুখের ভেতর,routine
oral_0_007820.jpg,0,oral_scc,oral_scc,মুখের ক্যানসারের মতো পরিবর্তন (OSC সন্দেহ),urgent
oral_0_007821.jpg,0,oral_scc,oral_scc,মুখের ক্যানসারের মতো পরিবর্তন (OSC সন্দেহ),urgent
oral_0_007822.jpg,0,oral_scc,oral_scc,মুখের ক্যানসারের মতো পরিবর্তন (OSC সন্দেহ),urgent
oral_0_007823.jpg,0,oral_scc,oral_scc,মুখের ক্যানসারের মতো পরিবর্তন (OSC সন্দেহ),urgent
oral_1_007824.jpg,1,oral_normal,oral_normal,স্বাভাবিক মুখের ভেতর,routine
oral_0_007825.jpg,0,oral_scc,oral_scc,মুখের ক্যানসারের মতো পরিবর্তন (OSC সন্দেহ),urgent
oral_0_007826.jpg,0,oral_scc,oral_scc,মুখের ক্যানসারের মতো পরিবর্তন (OSC সন্দেহ),urgent
oral_1_007827.jpg,1,oral_normal,oral_normal,স্বাভাবিক মুখের ভেতর,routine
oral_0_007828.jpg,0,oral_scc,oral_scc,মুখের ক্যানসারের মতো পরিবর্তন (OSC সন্দেহ),urgent
oral_1_007829.jpg,1,oral_normal,oral_normal,স্বাভাবিক মুখের ভেতর,routine
oral_1_007830.jpg,1,oral_normal,oral_normal,স্বাভাবিক মুখের ভেতর,routine
oral_0_007831.jpg,0,oral_scc,oral_scc,মুখের ক্যানসারের মতো পরিবর্তন (OSC সন্দেহ),urgent
oral_1_007832.jpg,1,oral_normal,oral_normal,স্বাভাবিক মুখের ভেতর,routine
oral_1_007833.jpg,1,oral_normal,oral_normal,স্বাভাবিক মুখের ভেতর,routine
oral_1_007834.jpg,1,oral_normal,oral_normal,স্বাভাবিক মুখের ভেতর,routine
oral_0_007835.jpg,0,oral_scc,oral_scc,মুখের ক্যানসারের মতো পরিবর্তন (OSC সন্দেহ),urgent
oral_0_007836.jpg,0,oral_scc,oral_scc,মুখের ক্যানসারের মতো পরিবর্তন (OSC সন্দেহ),urgent
oral_1_007837.jpg,1,oral_normal,oral_normal,স্বাভাবিক মুখের ভেতর,routine
oral_1_007838.jpg,1,oral_normal,oral_normal,স্বাভাবিক মুখের ভেতর,routine
oral_1_007839.jpg,1,oral_normal,oral_normal,স্বাভাবিক মুখের ভেতর,routine
oral_0_007840.jpg,0,oral_scc,oral_scc,মুখের ক্যানসারের মতো পরিবর্তন (OSC সন্দেহ),urgent
oral_1_007841.jpg,1,oral_normal,oral_normal,স্বাভাবিক মুখের ভেতর,routine
oral_0_007842.jpg,0,oral_scc,oral_scc,মুখের ক্যানসারের মতো পরিবর্তন (OSC সন্দেহ),urgent
oral_0_007843.jpg,0,oral_scc,oral_scc,মুখের ক্যানসারের মতো পরিবর্তন (OSC সন্দেহ),urgent
oral_1_007844.jpg,1,oral_normal,oral_normal,স্বাভাবিক মুখের ভেতর,routine
oral_0_007845.jpg,0,oral_scc,oral_scc,মুখের ক্যানসারের মতো পরিবর্তন (OSC সন্দেহ),urgent
oral_0_007846.jpg,0,oral_scc,oral_scc,মুখের ক্যানসারের মতো পরিবর্তন (OSC সন্দেহ),urgent
oral_0_007847.jpg,0,oral_scc,oral_scc,মুখের ক্যানসারের মতো পরিবর্তন (OSC সন্দেহ),urgent
oral_0_007848.jpg,0,oral_scc,oral_scc,মুখের ক্যানসারের মতো পরিবর্তন (OSC সন্দেহ),urgent
oral_1_007849.jpg,1,oral_normal,oral_normal,স্বাভাবিক মুখের ভেতর,routine
oral_1_007850.jpg,1,oral_normal,oral_normal,স্বাভাবিক মুখের ভেতর,routine
oral_1_007851.jpg,1,oral_normal,oral_normal,স্বাভাবিক মুখের ভেতর,routine
oral_0_007852.jpg,0,oral_scc,oral_scc,মুখের ক্যানসারের মতো পরিবর্তন (OSC সন্দেহ),urgent
oral_0_007853.jpg,0,oral_scc,oral_scc,মুখের ক্যানসারের মতো পরিবর্তন (OSC সন্দেহ),urgent
oral_0_007854.jpg,0,oral_scc,oral_scc,মুখের ক্যানসারের মতো পরিবর্তন (OSC সন্দেহ),urgent
oral_0_007855.jpg,0,oral_scc,oral_scc,মুখের ক্যানসারের মতো পরিবর্তন (OSC সন্দেহ),urgent
oral_1_007856.jpg,1,oral_normal,oral_normal,স্বাভাবিক মুখের ভেতর,routine
oral_0_007857.jpg,0,oral_scc,oral_scc,মুখের ক্যানসারের মতো পরিবর্তন (OSC সন্দেহ),urgent
oral_1_007858.jpg,1,oral_normal,oral_normal,স্বাভাবিক মুখের ভেতর,routine
oral_0_007859.jpg,0,oral_scc,oral_scc,মুখের ক্যানসারের মতো পরিবর্তন (OSC সন্দেহ),urgent
oral_1_007860.jpg,1,oral_normal,oral_normal,স্বাভাবিক মুখের ভেতর,routine
oral_1_007861.jpg,1,oral_normal,oral_normal,স্বাভাবিক মুখের ভেতর,routine
oral_1_007862.jpg,1,oral_normal,oral_normal,স্বাভাবিক মুখের ভেতর,routine
oral_0_007863.jpg,0,oral_scc,oral_scc,মুখের ক্যানসারের মতো পরিবর্তন (OSC সন্দেহ),urgent
oral_1_007864.jpg,1,oral_normal,oral_normal,স্বাভাবিক মুখের ভেতর,routine
oral_1_007865.jpg,1,oral_normal,oral_normal,স্বাভাবিক মুখের ভেতর,routine
oral_0_007866.jpg,0,oral_scc,oral_scc,মুখের ক্যানসারের মতো পরিবর্তন (OSC সন্দেহ),urgent
oral_0_007867.jpg,0,oral_scc,oral_scc,মুখের ক্যানসারের মতো পরিবর্তন (OSC সন্দেহ),urgent
oral_1_007868.jpg,1,oral_normal,oral_normal,স্বাভাবিক মুখের ভেতর,routine
oral_1_007869.jpg,1,oral_normal,oral_normal,স্বাভাবিক মুখের ভেতর,routine
oral_1_007870.jpg,1,oral_normal,oral_normal,স্বাভাবিক মুখের ভেতর,routine
oral_1_007871.jpg,1,oral_normal,oral_normal,স্বাভাবিক মুখের ভেতর,routine
oral_1_007872.jpg,1,oral_normal,oral_normal,স্বাভাবিক মুখের ভেতর,routine
oral_0_007873.jpg,0,oral_scc,oral_scc,মুখের ক্যানসারের মতো পরিবর্তন (OSC সন্দেহ),urgent
oral_0_007874.jpg,0,oral_scc,oral_scc,মুখের ক্যানসারের মতো পরিবর্তন (OSC সন্দেহ),urgent
oral_1_007875.jpg,1,oral_normal,oral_normal,স্বাভাবিক মুখের ভেতর,routine
oral_1_007876.jpg,1,oral_normal,oral_normal,স্বাভাবিক মুখের ভেতর,routine
oral_1_007877.jpg,1,oral_normal,oral_normal,স্বাভাবিক মুখের ভেতর,routine
oral_0_007878.jpg,0,oral_scc,oral_scc,মুখের ক্যানসারের মতো পরিবর্তন (OSC সন্দেহ),urgent
oral_0_007879.jpg,0,oral_scc,oral_scc,মুখের ক্যানসারের মতো পরিবর্তন (OSC সন্দেহ),urgent
oral_1_007880.jpg,1,oral_normal,oral_normal,স্বাভাবিক মুখের ভেতর,routine
oral_1_007881.jpg,1,oral_normal,oral_normal,স্বাভাবিক মুখের ভেতর,routine
oral_1_007882.jpg,1,oral_normal,oral_normal,স্বাভাবিক মুখের ভেতর,routine
oral_1_007883.jpg,1,oral_normal,oral_normal,স্বাভাবিক মুখের ভেতর,routine
oral_1_007884.jpg,1,oral_normal,oral_normal,স্বাভাবিক মুখের ভেতর,routine
oral_0_007885.jpg,0,oral_scc,oral_scc,মুখের ক্যানসারের মতো পরিবর্তন (OSC সন্দেহ),urgent
oral_1_007886.jpg,1,oral_normal,oral_normal,স্বাভাবিক মুখের ভেতর,routine
oral_1_007887.jpg,1,oral_normal,oral_normal,স্বাভাবিক মুখের ভেতর,routine
oral_1_007888.jpg,1,oral_normal,oral_normal,স্বাভাবিক মুখের ভেতর,routine
oral_1_007889.jpg,1,oral_normal,oral_normal,স্বাভাবিক মুখের ভেতর,routine
oral_0_007890.jpg,0,oral_scc,oral_scc,মুখের ক্যানসারের মতো পরিবর্তন (OSC সন্দেহ),urgent
oral_0_007891.jpg,0,oral_scc,oral_scc,মুখের ক্যানসারের মতো পরিবর্তন (OSC সন্দেহ),urgent
oral_1_007892.jpg,1,oral_normal,oral_normal,স্বাভাবিক মুখের ভেতর,routine
oral_1_007893.jpg,1,oral_normal,oral_normal,স্বাভাবিক মুখের ভেতর,routine
oral_0_007894.jpg,0,oral_scc,oral_scc,মুখের ক্যানসারের মতো পরিবর্তন (OSC সন্দেহ),urgent
oral_1_007895.jpg,1,oral_normal,oral_normal,স্বাভাবিক মুখের ভেতর,routine
oral_1_007896.jpg,1,oral_normal,oral_normal,স্বাভাবিক মুখের ভেতর,routine
oral_0_007897.jpg,0,oral_scc,oral_scc,মুখের ক্যানসারের মতো পরিবর্তন (OSC সন্দেহ),urgent
oral_0_007898.jpg,0,oral_scc,oral_scc,মুখের ক্যানসারের মতো পরিবর্তন (OSC সন্দেহ),urgent
oral_0_007899.jpg,0,oral_scc,oral_scc,মুখের ক্যানসারের মতো পরিবর্তন (OSC সন্দেহ),urgent
oral_0_007900.jpg,0,oral_scc,oral_scc,মুখের ক্যানসারের মতো পরিবর্তন (OSC সন্দেহ),urgent
oral_1_007901.jpg,1,oral_normal,oral_normal,স্বাভাবিক মুখের ভেতর,routine
oral_1_007902.jpg,1,oral_normal,oral_normal,স্বাভাবিক মুখের ভেতর,routine
oral_1_007903.jpg,1,oral_normal,oral_normal,স্বাভাবিক মুখের ভেতর,routine
oral_0_007904.jpg,0,oral_scc,oral_scc,মুখের ক্যানসারের মতো পরিবর্তন (OSC সন্দেহ),urgent
oral_0_007905.jpg,0,oral_scc,oral_scc,মুখের ক্যানসারের মতো পরিবর্তন (OSC সন্দেহ),urgent
oral_0_007906.jpg,0,oral_scc,oral_scc,মুখের ক্যানসারের মতো পরিবর্তন (OSC সন্দেহ),urgent
oral_1_007907.jpg,1,oral_normal,oral_normal,স্বাভাবিক মুখের ভেতর,routine
oral_1_007908.jpg,1,oral_normal,oral_normal,স্বাভাবিক মুখের ভেতর,routine
oral_0_007909.jpg,0,oral_scc,oral_scc,মুখের ক্যানসারের মতো পরিবর্তন (OSC সন্দেহ),urgent
oral_1_007910.jpg,1,oral_normal,oral_normal,স্বাভাবিক মুখের ভেতর,routine
oral_0_007911.jpg,0,oral_scc,oral_scc,মুখের ক্যানসারের মতো পরিবর্তন (OSC সন্দেহ),urgent
oral_1_007912.jpg,1,oral_normal,oral_normal,স্বাভাবিক মুখের ভেতর,routine
oral_0_007913.jpg,0,oral_scc,oral_scc,মুখের ক্যানসারের মতো পরিবর্তন (OSC সন্দেহ),urgent
oral_0_007914.jpg,0,oral_scc,oral_scc,মুখের ক্যানসারের মতো পরিবর্তন (OSC সন্দেহ),urgent
oral_1_007915.jpg,1,oral_normal,oral_normal,স্বাভাবিক মুখের ভেতর,routine
oral_0_007916.jpg,0,oral_scc,oral_scc,মুখের ক্যানসারের মতো পরিবর্তন (OSC সন্দেহ),urgent
oral_1_007917.jpg,1,oral_normal,oral_normal,স্বাভাবিক মুখের ভেতর,routine
oral_0_007918.jpg,0,oral_scc,oral_scc,মুখের ক্যানসারের মতো পরিবর্তন (OSC সন্দেহ),urgent
oral_0_007919.jpg,0,oral_scc,oral_scc,মুখের ক্যানসারের মতো পরিবর্তন (OSC সন্দেহ),urgent
oral_1_007920.jpg,1,oral_normal,oral_normal,স্বাভাবিক মুখের ভেতর,routine
oral_1_007921.jpg,1,oral_normal,oral_normal,স্বাভাবিক মুখের ভেতর,routine
oral_1_007922.jpg,1,oral_normal,oral_normal,স্বাভাবিক মুখের ভেতর,routine
oral_1_007923.jpg,1,oral_normal,oral_normal,স্বাভাবিক মুখের ভেতর,routine
oral_1_007924.jpg,1,oral_normal,oral_normal,স্বাভাবিক মুখের ভেতর,routine
oral_0_007925.jpg,0,oral_scc,oral_scc,মুখের ক্যানসারের মতো পরিবর্তন (OSC সন্দেহ),urgent
oral_0_007926.jpg,0,oral_scc,oral_scc,মুখের ক্যানসারের মতো পরিবর্তন (OSC সন্দেহ),urgent
oral_0_007927.jpg,0,oral_scc,oral_scc,মুখের ক্যানসারের মতো পরিবর্তন (OSC সন্দেহ),urgent
oral_1_007928.jpg,1,oral_normal,oral_normal,স্বাভাবিক মুখের ভেতর,routine
oral_0_007929.jpg,0,oral_scc,oral_scc,মুখের ক্যানসারের মতো পরিবর্তন (OSC সন্দেহ),urgent
oral_0_007930.jpg,0,oral_scc,oral_scc,মুখের ক্যানসারের মতো পরিবর্তন (OSC সন্দেহ),urgent
oral_1_007931.jpg,1,oral_normal,oral_normal,স্বাভাবিক মুখের ভেতর,routine
oral_0_007932.jpg,0,oral_scc,oral_scc,মুখের ক্যানসারের মতো পরিবর্তন (OSC সন্দেহ),urgent
oral_0_007933.jpg,0,oral_scc,oral_scc,মুখের ক্যানসারের মতো পরিবর্তন (OSC সন্দেহ),urgent
oral_1_007934.jpg,1,oral_normal,oral_normal,স্বাভাবিক মুখের ভেতর,routine
oral_0_007935.jpg,0,oral_scc,oral_scc,মুখের ক্যানসারের মতো পরিবর্তন (OSC সন্দেহ),urgent
oral_0_007936.jpg,0,oral_scc,oral_scc,মুখের ক্যানসারের মতো পরিবর্তন (OSC সন্দেহ),urgent
oral_1_007937.jpg,1,oral_normal,oral_normal,স্বাভাবিক মুখের ভেতর,routine
oral_0_007938.jpg,0,oral_scc,oral_scc,মুখের ক্যানসারের মতো পরিবর্তন (OSC সন্দেহ),urgent
oral_0_007939.jpg,0,oral_scc,oral_scc,মুখের ক্যানসারের মতো পরিবর্তন (OSC সন্দেহ),urgent
oral_0_007940.jpg,0,oral_scc,oral_scc,মুখের ক্যানসারের মতো পরিবর্তন (OSC সন্দেহ),urgent
oral_0_007941.jpg,0,oral_scc,oral_scc,মুখের ক্যানসারের মতো পরিবর্তন (OSC সন্দেহ),urgent
oral_0_007942.jpg,0,oral_scc,oral_scc,মুখের ক্যানসারের মতো পরিবর্তন (OSC সন্দেহ),urgent
oral_1_007943.jpg,1,oral_normal,oral_normal,স্বাভাবিক মুখের ভেতর,routine
oral_1_007944.jpg,1,oral_normal,oral_normal,স্বাভাবিক মুখের ভেতর,routine
oral_0_007945.jpg,0,oral_scc,oral_scc,মুখের ক্যানসারের মতো পরিবর্তন (OSC সন্দেহ),urgent
oral_0_007946.jpg,0,oral_scc,oral_scc,মুখের ক্যানসারের মতো পরিবর্তন (OSC সন্দেহ),urgent
oral_0_007947.jpg,0,oral_scc,oral_scc,মুখের ক্যানসারের মতো পরিবর্তন (OSC সন্দেহ),urgent
oral_0_007948.jpg,0,oral_scc,oral_scc,মুখের ক্যানসারের মতো পরিবর্তন (OSC সন্দেহ),urgent
oral_0_007949.jpg,0,oral_scc,oral_scc,মুখের ক্যানসারের মতো পরিবর্তন (OSC সন্দেহ),urgent
oral_0_007950.jpg,0,oral_scc,oral_scc,মুখের ক্যানসারের মতো পরিবর্তন (OSC সন্দেহ),urgent
oral_0_007951.jpg,0,oral_scc,oral_scc,মুখের ক্যানসারের মতো পরিবর্তন (OSC সন্দেহ),urgent
oral_1_007952.jpg,1,oral_normal,oral_normal,স্বাভাবিক মুখের ভেতর,routine
oral_1_007953.jpg,1,oral_normal,oral_normal,স্বাভাবিক মুখের ভেতর,routine
oral_0_007954.jpg,0,oral_scc,oral_scc,মুখের ক্যানসারের মতো পরিবর্তন (OSC সন্দেহ),urgent
oral_1_007955.jpg,1,oral_normal,oral_normal,স্বাভাবিক মুখের ভেতর,routine
oral_0_007956.jpg,0,oral_scc,oral_scc,মুখের ক্যানসারের মতো পরিবর্তন (OSC সন্দেহ),urgent
oral_0_007957.jpg,0,oral_scc,oral_scc,মুখের ক্যানসারের মতো পরিবর্তন (OSC সন্দেহ),urgent
oral_1_007958.jpg,1,oral_normal,oral_normal,স্বাভাবিক মুখের ভেতর,routine
oral_1_007959.jpg,1,oral_normal,oral_normal,স্বাভাবিক মুখের ভেতর,routine
oral_0_007960.jpg,0,oral_scc,oral_scc,মুখের ক্যানসারের মতো পরিবর্তন (OSC সন্দেহ),urgent
oral_0_007961.jpg,0,oral_scc,oral_scc,মুখের ক্যানসারের মতো পরিবর্তন (OSC সন্দেহ),urgent
oral_0_007962.jpg,0,oral_scc,oral_scc,মুখের ক্যানসারের মতো পরিবর্তন (OSC সন্দেহ),urgent
oral_0_007963.jpg,0,oral_scc,oral_scc,মুখের ক্যানসারের মতো পরিবর্তন (OSC সন্দেহ),urgent
oral_1_007964.jpg,1,oral_normal,oral_normal,স্বাভাবিক মুখের ভেতর,routine
oral_1_007965.jpg,1,oral_normal,oral_normal,স্বাভাবিক মুখের ভেতর,routine
oral_0_007966.jpg,0,oral_scc,oral_scc,মুখের ক্যানসারের মতো পরিবর্তন (OSC সন্দেহ),urgent
oral_0_007967.jpg,0,oral_scc,oral_scc,মুখের ক্যানসারের মতো পরিবর্তন (OSC সন্দেহ),urgent
oral_1_007968.jpg,1,oral_normal,oral_normal,স্বাভাবিক মুখের ভেতর,routine
oral_1_007969.jpg,1,oral_normal,oral_normal,স্বাভাবিক মুখের ভেতর,routine
oral_0_007970.jpg,0,oral_scc,oral_scc,মুখের ক্যানসারের মতো পরিবর্তন (OSC সন্দেহ),urgent
oral_1_007971.jpg,1,oral_normal,oral_normal,স্বাভাবিক মুখের ভেতর,routine
oral_1_007972.jpg,1,oral_normal,oral_normal,স্বাভাবিক মুখের ভেতর,routine
oral_1_007973.jpg,1,oral_normal,oral_normal,স্বাভাবিক মুখের ভেতর,routine
oral_0_007974.jpg,0,oral_scc,oral_scc,মুখের ক্যানসারের মতো পরিবর্তন (OSC সন্দেহ),urgent
oral_1_007975.jpg,1,oral_normal,oral_normal,স্বাভাবিক মুখের ভেতর,routine
oral_1_007976.jpg,1,oral_normal,oral_normal,স্বাভাবিক মুখের ভেতর,routine
oral_1_007977.jpg,1,oral_normal,oral_normal,স্বাভাবিক মুখের ভেতর,routine
oral_0_007978.jpg,0,oral_scc,oral_scc,মুখের ক্যানসারের মতো পরিবর্তন (OSC সন্দেহ),urgent
oral_1_007979.jpg,1,oral_normal,oral_normal,স্বাভাবিক মুখের ভেতর,routine
oral_1_007980.jpg,1,oral_normal,oral_normal,স্বাভাবিক মুখের ভেতর,routine
oral_1_007981.jpg,1,oral_normal,oral_normal,স্বাভাবিক মুখের ভেতর,routine
oral_0_007982.jpg,0,oral_scc,oral_scc,মুখের ক্যানসারের মতো পরিবর্তন (OSC সন্দেহ),urgent
oral_1_007983.jpg,1,oral_normal,oral_normal,স্বাভাবিক মুখের ভেতর,routine
oral_0_007984.jpg,0,oral_scc,oral_scc,মুখের ক্যানসারের মতো পরিবর্তন (OSC সন্দেহ),urgent
oral_1_007985.jpg,1,oral_normal,oral_normal,স্বাভাবিক মুখের ভেতর,routine
oral_1_007986.jpg,1,oral_normal,oral_normal,স্বাভাবিক মুখের ভেতর,routine
oral_0_007987.jpg,0,oral_scc,oral_scc,মুখের ক্যানসারের মতো পরিবর্তন (OSC সন্দেহ),urgent
oral_0_007988.jpg,0,oral_scc,oral_scc,মুখের ক্যানসারের মতো পরিবর্তন (OSC সন্দেহ),urgent
oral_1_007989.jpg,1,oral_normal,oral_normal,স্বাভাবিক মুখের ভেতর,routine
oral_0_007990.jpg,0,oral_scc,oral_scc,মুখের ক্যানসারের মতো পরিবর্তন (OSC সন্দেহ),urgent
oral_1_007991.jpg,1,oral_normal,oral_normal,স্বাভাবিক মুখের ভেতর,routine
oral_1_007992.jpg,1,oral_normal,oral_normal,স্বাভাবিক মুখের ভেতর,routine
oral_1_007993.jpg,1,oral_normal,oral_normal,স্বাভাবিক মুখের ভেতর,routine
oral_1_007994.jpg,1,oral_normal,oral_normal,স্বাভাবিক মুখের ভেতর,routine
oral_1_007995.jpg,1,oral_normal,oral_normal,স্বাভাবিক মুখের ভেতর,routine
oral_0_007996.jpg,0,oral_scc,oral_scc,মুখের ক্যানসারের মতো পরিবর্তন (OSC সন্দেহ),urgent
oral_1_007997.jpg,1,oral_normal,oral_normal,স্বাভাবিক মুখের ভেতর,routine
oral_1_007998.jpg,1,oral_normal,oral_normal,স্বাভাবিক মুখের ভেতর,routine
oral_1_007999.jpg,1,oral_normal,oral_normal,স্বাভাবিক মুখের ভেতর,routine
oral_1_008000.jpg,1,oral_normal,oral_normal,স্বাভাবিক মুখের ভেতর,routine
oral_1_008001.jpg,1,oral_normal,oral_normal,স্বাভাবিক মুখের ভেতর,routine
oral_0_008002.jpg,0,oral_scc,oral_scc,মুখের ক্যানসারের মতো পরিবর্তন (OSC সন্দেহ),urgent
oral_0_008003.jpg,0,oral_scc,oral_scc,মুখের ক্যানসারের মতো পরিবর্তন (OSC সন্দেহ),urgent
oral_1_008004.jpg,1,oral_normal,oral_normal,স্বাভাবিক মুখের ভেতর,routine
oral_1_008005.jpg,1,oral_normal,oral_normal,স্বাভাবিক মুখের ভেতর,routine
oral_1_008006.jpg,1,oral_normal,oral_normal,স্বাভাবিক মুখের ভেতর,routine
oral_0_008007.jpg,0,oral_scc,oral_scc,মুখের ক্যানসারের মতো পরিবর্তন (OSC সন্দেহ),urgent
oral_0_008008.jpg,0,oral_scc,oral_scc,মুখের ক্যানসারের মতো পরিবর্তন (OSC সন্দেহ),urgent
oral_1_008009.jpg,1,oral_normal,oral_normal,স্বাভাবিক মুখের ভেতর,routine
oral_1_008010.jpg,1,oral_normal,oral_normal,স্বাভাবিক মুখের ভেতর,routine
oral_1_008011.jpg,1,oral_normal,oral_normal,স্বাভাবিক মুখের ভেতর,routine
oral_1_008012.jpg,1,oral_normal,oral_normal,স্বাভাবিক মুখের ভেতর,routine
oral_0_008013.jpg,0,oral_scc,oral_scc,মুখের ক্যানসারের মতো পরিবর্তন (OSC সন্দেহ),urgent
oral_1_008014.jpg,1,oral_normal,oral_normal,স্বাভাবিক মুখের ভেতর,routine
oral_1_008015.jpg,1,oral_normal,oral_normal,স্বাভাবিক মুখের ভেতর,routine
oral_1_008016.jpg,1,oral_normal,oral_normal,স্বাভাবিক মুখের ভেতর,routine
oral_1_008017.jpg,1,oral_normal,oral_normal,স্বাভাবিক মুখের ভেতর,routine
oral_0_008018.jpg,0,oral_scc,oral_scc,মুখের ক্যানসারের মতো পরিবর্তন (OSC সন্দেহ),urgent
oral_0_008019.jpg,0,oral_scc,oral_scc,মুখের ক্যানসারের মতো পরিবর্তন (OSC সন্দেহ),urgent
oral_0_008020.jpg,0,oral_scc,oral_scc,মুখের ক্যানসারের মতো পরিবর্তন (OSC সন্দেহ),urgent
oral_1_008021.jpg,1,oral_normal,oral_normal,স্বাভাবিক মুখের ভেতর,routine
oral_1_008022.jpg,1,oral_normal,oral_normal,স্বাভাবিক মুখের ভেতর,routine
oral_0_008023.jpg,0,oral_scc,oral_scc,মুখের ক্যানসারের মতো পরিবর্তন (OSC সন্দেহ),urgent
oral_0_008024.jpg,0,oral_scc,oral_scc,মুখের ক্যানসারের মতো পরিবর্তন (OSC সন্দেহ),urgent
oral_1_008025.jpg,1,oral_normal,oral_normal,স্বাভাবিক মুখের ভেতর,routine
oral_1_008026.jpg,1,oral_normal,oral_normal,স্বাভাবিক মুখের ভেতর,routine
oral_0_008027.jpg,0,oral_scc,oral_scc,মুখের ক্যানসারের মতো পরিবর্তন (OSC সন্দেহ),urgent
oral_1_008028.jpg,1,oral_normal,oral_normal,স্বাভাবিক মুখের ভেতর,routine
oral_1_008029.jpg,1,oral_normal,oral_normal,স্বাভাবিক মুখের ভেতর,routine
oral_0_008030.jpg,0,oral_scc,oral_scc,মুখের ক্যানসারের মতো পরিবর্তন (OSC সন্দেহ),urgent
oral_0_008031.jpg,0,oral_scc,oral_scc,মুখের ক্যানসারের মতো পরিবর্তন (OSC সন্দেহ),urgent
oral_1_008032.jpg,1,oral_normal,oral_normal,স্বাভাবিক মুখের ভেতর,routine
oral_0_008033.jpg,0,oral_scc,oral_scc,মুখের ক্যানসারের মতো পরিবর্তন (OSC সন্দেহ),urgent
oral_0_008034.jpg,0,oral_scc,oral_scc,মুখের ক্যানসারের মতো পরিবর্তন (OSC সন্দেহ),urgent
oral_1_008035.jpg,1,oral_normal,oral_normal,স্বাভাবিক মুখের ভেতর,routine
oral_0_008036.jpg,0,oral_scc,oral_scc,মুখের ক্যানসারের মতো পরিবর্তন (OSC সন্দেহ),urgent
oral_1_008037.jpg,1,oral_normal,oral_normal,স্বাভাবিক মুখের ভেতর,routine
oral_0_008038.jpg,0,oral_scc,oral_scc,মুখের ক্যানসারের মতো পরিবর্তন (OSC সন্দেহ),urgent
oral_0_008039.jpg,0,oral_scc,oral_scc,মুখের ক্যানসারের মতো পরিবর্তন (OSC সন্দেহ),urgent
oral_0_008040.jpg,0,oral_scc,oral_scc,মুখের ক্যানসারের মতো পরিবর্তন (OSC সন্দেহ),urgent
oral_0_008041.jpg,0,oral_scc,oral_scc,মুখের ক্যানসারের মতো পরিবর্তন (OSC সন্দেহ),urgent
oral_1_008042.jpg,1,oral_normal,oral_normal,স্বাভাবিক মুখের ভেতর,routine
oral_0_008043.jpg,0,oral_scc,oral_scc,মুখের ক্যানসারের মতো পরিবর্তন (OSC সন্দেহ),urgent
oral_0_008044.jpg,0,oral_scc,oral_scc,মুখের ক্যানসারের মতো পরিবর্তন (OSC সন্দেহ),urgent
oral_0_008045.jpg,0,oral_scc,oral_scc,মুখের ক্যানসারের মতো পরিবর্তন (OSC সন্দেহ),urgent
oral_1_008046.jpg,1,oral_normal,oral_normal,স্বাভাবিক মুখের ভেতর,routine
oral_0_008047.jpg,0,oral_scc,oral_scc,মুখের ক্যানসারের মতো পরিবর্তন (OSC সন্দেহ),urgent
oral_0_008048.jpg,0,oral_scc,oral_scc,মুখের ক্যানসারের মতো পরিবর্তন (OSC সন্দেহ),urgent
oral_0_008049.jpg,0,oral_scc,oral_scc,মুখের ক্যানসারের মতো পরিবর্তন (OSC সন্দেহ),urgent
oral_1_008050.jpg,1,oral_normal,oral_normal,স্বাভাবিক মুখের ভেতর,routine
oral_0_008051.jpg,0,oral_scc,oral_scc,মুখের ক্যানসারের মতো পরিবর্তন (OSC সন্দেহ),urgent
oral_1_008052.jpg,1,oral_normal,oral_normal,স্বাভাবিক মুখের ভেতর,routine
oral_0_008053.jpg,0,oral_scc,oral_scc,মুখের ক্যানসারের মতো পরিবর্তন (OSC সন্দেহ),urgent
oral_0_008054.jpg,0,oral_scc,oral_scc,মুখের ক্যানসারের মতো পরিবর্তন (OSC সন্দেহ),urgent
oral_1_008055.jpg,1,oral_normal,oral_normal,স্বাভাবিক মুখের ভেতর,routine
oral_0_008056.jpg,0,oral_scc,oral_scc,মুখের ক্যানসারের মতো পরিবর্তন (OSC সন্দেহ),urgent
oral_0_008057.jpg,0,oral_scc,oral_scc,মুখের ক্যানসারের মতো পরিবর্তন (OSC সন্দেহ),urgent
oral_0_008058.jpg,0,oral_scc,oral_scc,মুখের ক্যানসারের মতো পরিবর্তন (OSC সন্দেহ),urgent
oral_0_008059.jpg,0,oral_scc,oral_scc,মুখের ক্যানসারের মতো পরিবর্তন (OSC সন্দেহ),urgent
oral_0_008060.jpg,0,oral_scc,oral_scc,মুখের ক্যানসারের মতো পরিবর্তন (OSC সন্দেহ),urgent
oral_0_008061.jpg,0,oral_scc,oral_scc,মুখের ক্যানসারের মতো পরিবর্তন (OSC সন্দেহ),urgent
oral_1_008062.jpg,1,oral_normal,oral_normal,স্বাভাবিক মুখের ভেতর,routine
oral_1_008063.jpg,1,oral_normal,oral_normal,স্বাভাবিক মুখের ভেতর,routine
oral_1_008064.jpg,1,oral_normal,oral_normal,স্বাভাবিক মুখের ভেতর,routine
oral_0_008065.jpg,0,oral_scc,oral_scc,মুখের ক্যানসারের মতো পরিবর্তন (OSC সন্দেহ),urgent
oral_1_008066.jpg,1,oral_normal,oral_normal,স্বাভাবিক মুখের ভেতর,routine
oral_0_008067.jpg,0,oral_scc,oral_scc,মুখের ক্যানসারের মতো পরিবর্তন (OSC সন্দেহ),urgent
oral_0_008068.jpg,0,oral_scc,oral_scc,মুখের ক্যানসারের মতো পরিবর্তন (OSC সন্দেহ),urgent
oral_1_008069.jpg,1,oral_normal,oral_normal,স্বাভাবিক মুখের ভেতর,routine
oral_1_008070.jpg,1,oral_normal,oral_normal,স্বাভাবিক মুখের ভেতর,routine
oral_1_008071.jpg,1,oral_normal,oral_normal,স্বাভাবিক মুখের ভেতর,routine
oral_1_008072.jpg,1,oral_normal,oral_normal,স্বাভাবিক মুখের ভেতর,routine
oral_1_008073.jpg,1,oral_normal,oral_normal,স্বাভাবিক মুখের ভেতর,routine
oral_1_008074.jpg,1,oral_normal,oral_normal,স্বাভাবিক মুখের ভেতর,routine
oral_1_008075.jpg,1,oral_normal,oral_normal,স্বাভাবিক মুখের ভেতর,routine
oral_0_008076.jpg,0,oral_scc,oral_scc,মুখের ক্যানসারের মতো পরিবর্তন (OSC সন্দেহ),urgent
oral_1_008077.jpg,1,oral_normal,oral_normal,স্বাভাবিক মুখের ভেতর,routine
oral_1_008078.jpg,1,oral_normal,oral_normal,স্বাভাবিক মুখের ভেতর,routine
oral_0_008079.jpg,0,oral_scc,oral_scc,মুখের ক্যানসারের মতো পরিবর্তন (OSC সন্দেহ),urgent
oral_0_008080.jpg,0,oral_scc,oral_scc,মুখের ক্যানসারের মতো পরিবর্তন (OSC সন্দেহ),urgent
oral_1_008081.jpg,1,oral_normal,oral_normal,স্বাভাবিক মুখের ভেতর,routine
oral_1_008082.jpg,1,oral_normal,oral_normal,স্বাভাবিক মুখের ভেতর,routine
oral_1_008083.jpg,1,oral_normal,oral_normal,স্বাভাবিক মুখের ভেতর,routine
oral_0_008084.jpg,0,oral_scc,oral_scc,মুখের ক্যানসারের মতো পরিবর্তন (OSC সন্দেহ),urgent
oral_1_008085.jpg,1,oral_normal,oral_normal,স্বাভাবিক মুখের ভেতর,routine
oral_0_008086.jpg,0,oral_scc,oral_scc,মুখের ক্যানসারের মতো পরিবর্তন (OSC সন্দেহ),urgent
oral_0_008087.jpg,0,oral_scc,oral_scc,মুখের ক্যানসারের মতো পরিবর্তন (OSC সন্দেহ),urgent
oral_0_008088.jpg,0,oral_scc,oral_scc,মুখের ক্যানসারের মতো পরিবর্তন (OSC সন্দেহ),urgent
oral_0_008089.jpg,0,oral_scc,oral_scc,মুখের ক্যানসারের মতো পরিবর্তন (OSC সন্দেহ),urgent
oral_1_008090.jpg,1,oral_normal,oral_normal,স্বাভাবিক মুখের ভেতর,routine
oral_0_008091.jpg,0,oral_scc,oral_scc,মুখের ক্যানসারের মতো পরিবর্তন (OSC সন্দেহ),urgent
oral_0_008092.jpg,0,oral_scc,oral_scc,মুখের ক্যানসারের মতো পরিবর্তন (OSC সন্দেহ),urgent
oral_1_008093.jpg,1,oral_normal,oral_normal,স্বাভাবিক মুখের ভেতর,routine
oral_0_008094.jpg,0,oral_scc,oral_scc,মুখের ক্যানসারের মতো পরিবর্তন (OSC সন্দেহ),urgent
oral_0_008095.jpg,0,oral_scc,oral_scc,মুখের ক্যানসারের মতো পরিবর্তন (OSC সন্দেহ),urgent
oral_1_008096.jpg,1,oral_normal,oral_normal,স্বাভাবিক মুখের ভেতর,routine
oral_0_008097.jpg,0,oral_scc,oral_scc,মুখের ক্যানসারের মতো পরিবর্তন (OSC সন্দেহ),urgent
oral_0_008098.jpg,0,oral_scc,oral_scc,মুখের ক্যানসারের মতো পরিবর্তন (OSC সন্দেহ),urgent
oral_0_008099.jpg,0,oral_scc,oral_scc,মুখের ক্যানসারের মতো পরিবর্তন (OSC সন্দেহ),urgent
oral_0_008100.jpg,0,oral_scc,oral_scc,মুখের ক্যানসারের মতো পরিবর্তন (OSC সন্দেহ),urgent
oral_0_008101.jpg,0,oral_scc,oral_scc,মুখের ক্যানসারের মতো পরিবর্তন (OSC সন্দেহ),urgent
oral_0_008102.jpg,0,oral_scc,oral_scc,মুখের ক্যানসারের মতো পরিবর্তন (OSC সন্দেহ),urgent
oral_1_008103.jpg,1,oral_normal,oral_normal,স্বাভাবিক মুখের ভেতর,routine
oral_1_008104.jpg,1,oral_normal,oral_normal,স্বাভাবিক মুখের ভেতর,routine
oral_0_008105.jpg,0,oral_scc,oral_scc,মুখের ক্যানসারের মতো পরিবর্তন (OSC সন্দেহ),urgent
oral_0_008106.jpg,0,oral_scc,oral_scc,মুখের ক্যানসারের মতো পরিবর্তন (OSC সন্দেহ),urgent
oral_0_008107.jpg,0,oral_scc,oral_scc,মুখের ক্যানসারের মতো পরিবর্তন (OSC সন্দেহ),urgent
oral_0_008108.jpg,0,oral_scc,oral_scc,মুখের ক্যানসারের মতো পরিবর্তন (OSC সন্দেহ),urgent
oral_0_008109.jpg,0,oral_scc,oral_scc,মুখের ক্যানসারের মতো পরিবর্তন (OSC সন্দেহ),urgent
oral_0_008110.jpg,0,oral_scc,oral_scc,মুখের ক্যানসারের মতো পরিবর্তন (OSC সন্দেহ),urgent
oral_0_008111.jpg,0,oral_scc,oral_scc,মুখের ক্যানসারের মতো পরিবর্তন (OSC সন্দেহ),urgent
oral_0_008112.jpg,0,oral_scc,oral_scc,মুখের ক্যানসারের মতো পরিবর্তন (OSC সন্দেহ),urgent
oral_1_008113.jpg,1,oral_normal,oral_normal,স্বাভাবিক মুখের ভেতর,routine
oral_0_008114.jpg,0,oral_scc,oral_scc,মুখের ক্যানসারের মতো পরিবর্তন (OSC সন্দেহ),urgent
oral_0_008115.jpg,0,oral_scc,oral_scc,মুখের ক্যানসারের মতো পরিবর্তন (OSC সন্দেহ),urgent
oral_1_008116.jpg,1,oral_normal,oral_normal,স্বাভাবিক মুখের ভেতর,routine
oral_1_008117.jpg,1,oral_normal,oral_normal,স্বাভাবিক মুখের ভেতর,routine
oral_0_008118.jpg,0,oral_scc,oral_scc,মুখের ক্যানসারের মতো পরিবর্তন (OSC সন্দেহ),urgent
oral_1_008119.jpg,1,oral_normal,oral_normal,স্বাভাবিক মুখের ভেতর,routine
oral_0_008120.jpg,0,oral_scc,oral_scc,মুখের ক্যানসারের মতো পরিবর্তন (OSC সন্দেহ),urgent
oral_1_008121.jpg,1,oral_normal,oral_normal,স্বাভাবিক মুখের ভেতর,routine
oral_0_008122.jpg,0,oral_scc,oral_scc,মুখের ক্যানসারের মতো পরিবর্তন (OSC সন্দেহ),urgent
oral_0_008123.jpg,0,oral_scc,oral_scc,মুখের ক্যানসারের মতো পরিবর্তন (OSC সন্দেহ),urgent
oral_1_008124.jpg,1,oral_normal,oral_normal,স্বাভাবিক মুখের ভেতর,routine
oral_0_008125.jpg,0,oral_scc,oral_scc,মুখের ক্যানসারের মতো পরিবর্তন (OSC সন্দেহ),urgent
oral_1_008126.jpg,1,oral_normal,oral_normal,স্বাভাবিক মুখের ভেতর,routine
oral_1_008127.jpg,1,oral_normal,oral_normal,স্বাভাবিক মুখের ভেতর,routine
oral_1_008128.jpg,1,oral_normal,oral_normal,স্বাভাবিক মুখের ভেতর,routine
oral_1_008129.jpg,1,oral_normal,oral_normal,স্বাভাবিক মুখের ভেতর,routine
oral_0_008130.jpg,0,oral_scc,oral_scc,মুখের ক্যানসারের মতো পরিবর্তন (OSC সন্দেহ),urgent
oral_1_008131.jpg,1,oral_normal,oral_normal,স্বাভাবিক মুখের ভেতর,routine
oral_0_008132.jpg,0,oral_scc,oral_scc,মুখের ক্যানসারের মতো পরিবর্তন (OSC সন্দেহ),urgent
oral_1_008133.jpg,1,oral_normal,oral_normal,স্বাভাবিক মুখের ভেতর,routine
oral_0_008134.jpg,0,oral_scc,oral_scc,মুখের ক্যানসারের মতো পরিবর্তন (OSC সন্দেহ),urgent
oral_0_008135.jpg,0,oral_scc,oral_scc,মুখের ক্যানসারের মতো পরিবর্তন (OSC সন্দেহ),urgent
oral_1_008136.jpg,1,oral_normal,oral_normal,স্বাভাবিক মুখের ভেতর,routine
oral_0_008137.jpg,0,oral_scc,oral_scc,মুখের ক্যানসারের মতো পরিবর্তন (OSC সন্দেহ),urgent
oral_0_008138.jpg,0,oral_scc,oral_scc,মুখের ক্যানসারের মতো পরিবর্তন (OSC সন্দেহ),urgent
oral_0_008139.jpg,0,oral_scc,oral_scc,মুখের ক্যানসারের মতো পরিবর্তন (OSC সন্দেহ),urgent
oral_0_008140.jpg,0,oral_scc,oral_scc,মুখের ক্যানসারের মতো পরিবর্তন (OSC সন্দেহ),urgent
oral_0_008141.jpg,0,oral_scc,oral_scc,মুখের ক্যানসারের মতো পরিবর্তন (OSC সন্দেহ),urgent
oral_0_008142.jpg,0,oral_scc,oral_scc,মুখের ক্যানসারের মতো পরিবর্তন (OSC সন্দেহ),urgent
oral_0_008143.jpg,0,oral_scc,oral_scc,মুখের ক্যানসারের মতো পরিবর্তন (OSC সন্দেহ),urgent
oral_0_008144.jpg,0,oral_scc,oral_scc,মুখের ক্যানসারের মতো পরিবর্তন (OSC সন্দেহ),urgent
oral_0_008145.jpg,0,oral_scc,oral_scc,মুখের ক্যানসারের মতো পরিবর্তন (OSC সন্দেহ),urgent
oral_0_008146.jpg,0,oral_scc,oral_scc,মুখের ক্যানসারের মতো পরিবর্তন (OSC সন্দেহ),urgent
oral_1_008147.jpg,1,oral_normal,oral_normal,স্বাভাবিক মুখের ভেতর,routine
oral_1_008148.jpg,1,oral_normal,oral_normal,স্বাভাবিক মুখের ভেতর,routine
oral_1_008149.jpg,1,oral_normal,oral_normal,স্বাভাবিক মুখের ভেতর,routine
oral_0_008150.jpg,0,oral_scc,oral_scc,মুখের ক্যানসারের মতো পরিবর্তন (OSC সন্দেহ),urgent
oral_1_008151.jpg,1,oral_normal,oral_normal,স্বাভাবিক মুখের ভেতর,routine
oral_0_008152.jpg,0,oral_scc,oral_scc,মুখের ক্যানসারের মতো পরিবর্তন (OSC সন্দেহ),urgent
oral_1_008153.jpg,1,oral_normal,oral_normal,স্বাভাবিক মুখের ভেতর,routine
oral_1_008154.jpg,1,oral_normal,oral_normal,স্বাভাবিক মুখের ভেতর,routine
oral_1_008155.jpg,1,oral_normal,oral_normal,স্বাভাবিক মুখের ভেতর,routine
oral_1_008156.jpg,1,oral_normal,oral_normal,স্বাভাবিক মুখের ভেতর,routine
oral_0_008157.jpg,0,oral_scc,oral_scc,মুখের ক্যানসারের মতো পরিবর্তন (OSC সন্দেহ),urgent
oral_0_008158.jpg,0,oral_scc,oral_scc,মুখের ক্যানসারের মতো পরিবর্তন (OSC সন্দেহ),urgent
oral_0_008159.jpg,0,oral_scc,oral_scc,মুখের ক্যানসারের মতো পরিবর্তন (OSC সন্দেহ),urgent
oral_0_008160.jpg,0,oral_scc,oral_scc,মুখের ক্যানসারের মতো পরিবর্তন (OSC সন্দেহ),urgent
oral_0_008161.jpg,0,oral_scc,oral_scc,মুখের ক্যানসারের মতো পরিবর্তন (OSC সন্দেহ),urgent
oral_1_008162.jpg,1,oral_normal,oral_normal,স্বাভাবিক মুখের ভেতর,routine
oral_0_008163.jpg,0,oral_scc,oral_scc,মুখের ক্যানসারের মতো পরিবর্তন (OSC সন্দেহ),urgent
oral_1_008164.jpg,1,oral_normal,oral_normal,স্বাভাবিক মুখের ভেতর,routine
oral_1_008165.jpg,1,oral_normal,oral_normal,স্বাভাবিক মুখের ভেতর,routine
oral_1_008166.jpg,1,oral_normal,oral_normal,স্বাভাবিক মুখের ভেতর,routine
oral_1_008167.jpg,1,oral_normal,oral_normal,স্বাভাবিক মুখের ভেতর,routine
oral_1_008168.jpg,1,oral_normal,oral_normal,স্বাভাবিক মুখের ভেতর,routine
oral_1_008169.jpg,1,oral_normal,oral_normal,স্বাভাবিক মুখের ভেতর,routine
oral_0_008170.jpg,0,oral_scc,oral_scc,মুখের ক্যানসারের মতো পরিবর্তন (OSC সন্দেহ),urgent
oral_0_008171.jpg,0,oral_scc,oral_scc,মুখের ক্যানসারের মতো পরিবর্তন (OSC সন্দেহ),urgent
oral_1_008172.jpg,1,oral_normal,oral_normal,স্বাভাবিক মুখের ভেতর,routine
oral_1_008173.jpg,1,oral_normal,oral_normal,স্বাভাবিক মুখের ভেতর,routine
oral_0_008174.jpg,0,oral_scc,oral_scc,মুখের ক্যানসারের মতো পরিবর্তন (OSC সন্দেহ),urgent
oral_1_008175.jpg,1,oral_normal,oral_normal,স্বাভাবিক মুখের ভেতর,routine
oral_0_008176.jpg,0,oral_scc,oral_scc,মুখের ক্যানসারের মতো পরিবর্তন (OSC সন্দেহ),urgent
oral_1_008177.jpg,1,oral_normal,oral_normal,স্বাভাবিক মুখের ভেতর,routine
oral_1_008178.jpg,1,oral_normal,oral_normal,স্বাভাবিক মুখের ভেতর,routine
oral_1_008179.jpg,1,oral_normal,oral_normal,স্বাভাবিক মুখের ভেতর,routine
oral_1_008180.jpg,1,oral_normal,oral_normal,স্বাভাবিক মুখের ভেতর,routine
oral_1_008181.jpg,1,oral_normal,oral_normal,স্বাভাবিক মুখের ভেতর,routine
oral_1_008182.jpg,1,oral_normal,oral_normal,স্বাভাবিক মুখের ভেতর,routine
oral_1_008183.jpg,1,oral_normal,oral_normal,স্বাভাবিক মুখের ভেতর,routine
oral_0_008184.jpg,0,oral_scc,oral_scc,মুখের ক্যানসারের মতো পরিবর্তন (OSC সন্দেহ),urgent
oral_1_008185.jpg,1,oral_normal,oral_normal,স্বাভাবিক মুখের ভেতর,routine
oral_0_008186.jpg,0,oral_scc,oral_scc,মুখের ক্যানসারের মতো পরিবর্তন (OSC সন্দেহ),urgent
oral_1_008187.jpg,1,oral_normal,oral_normal,স্বাভাবিক মুখের ভেতর,routine
oral_0_008188.jpg,0,oral_scc,oral_scc,মুখের ক্যানসারের মতো পরিবর্তন (OSC সন্দেহ),urgent
oral_1_008189.jpg,1,oral_normal,oral_normal,স্বাভাবিক মুখের ভেতর,routine
oral_1_008190.jpg,1,oral_normal,oral_normal,স্বাভাবিক মুখের ভেতর,routine
oral_1_008191.jpg,1,oral_normal,oral_normal,স্বাভাবিক মুখের ভেতর,routine
oral_0_008192.jpg,0,oral_scc,oral_scc,মুখের ক্যানসারের মতো পরিবর্তন (OSC সন্দেহ),urgent
oral_0_008193.jpg,0,oral_scc,oral_scc,মুখের ক্যানসারের মতো পরিবর্তন (OSC সন্দেহ),urgent
oral_0_008194.jpg,0,oral_scc,oral_scc,মুখের ক্যানসারের মতো পরিবর্তন (OSC সন্দেহ),urgent
oral_1_008195.jpg,1,oral_normal,oral_normal,স্বাভাবিক মুখের ভেতর,routine
oral_0_008196.jpg,0,oral_scc,oral_scc,মুখের ক্যানসারের মতো পরিবর্তন (OSC সন্দেহ),urgent
oral_1_008197.jpg,1,oral_normal,oral_normal,স্বাভাবিক মুখের ভেতর,routine
oral_1_008198.jpg,1,oral_normal,oral_normal,স্বাভাবিক মুখের ভেতর,routine
oral_0_008199.jpg,0,oral_scc,oral_scc,মুখের ক্যানসারের মতো পরিবর্তন (OSC সন্দেহ),urgent
oral_1_008200.jpg,1,oral_normal,oral_normal,স্বাভাবিক মুখের ভেতর,routine
oral_1_008201.jpg,1,oral_normal,oral_normal,স্বাভাবিক মুখের ভেতর,routine
oral_1_008202.jpg,1,oral_normal,oral_normal,স্বাভাবিক মুখের ভেতর,routine
oral_0_008203.jpg,0,oral_scc,oral_scc,মুখের ক্যানসারের মতো পরিবর্তন (OSC সন্দেহ),urgent
oral_1_008204.jpg,1,oral_normal,oral_normal,স্বাভাবিক মুখের ভেতর,routine
oral_0_008205.jpg,0,oral_scc,oral_scc,মুখের ক্যানসারের মতো পরিবর্তন (OSC সন্দেহ),urgent
oral_0_008206.jpg,0,oral_scc,oral_scc,মুখের ক্যানসারের মতো পরিবর্তন (OSC সন্দেহ),urgent
oral_1_008207.jpg,1,oral_normal,oral_normal,স্বাভাবিক মুখের ভেতর,routine
oral_1_008208.jpg,1,oral_normal,oral_normal,স্বাভাবিক মুখের ভেতর,routine
oral_0_008209.jpg,0,oral_scc,oral_scc,মুখের ক্যানসারের মতো পরিবর্তন (OSC সন্দেহ),urgent
oral_0_008210.jpg,0,oral_scc,oral_scc,মুখের ক্যানসারের মতো পরিবর্তন (OSC সন্দেহ),urgent
oral_0_008211.jpg,0,oral_scc,oral_scc,মুখের ক্যানসারের মতো পরিবর্তন (OSC সন্দেহ),urgent
oral_0_008212.jpg,0,oral_scc,oral_scc,মুখের ক্যানসারের মতো পরিবর্তন (OSC সন্দেহ),urgent
oral_0_008213.jpg,0,oral_scc,oral_scc,মুখের ক্যানসারের মতো পরিবর্তন (OSC সন্দেহ),urgent
oral_1_008214.jpg,1,oral_normal,oral_normal,স্বাভাবিক মুখের ভেতর,routine
oral_0_008215.jpg,0,oral_scc,oral_scc,মুখের ক্যানসারের মতো পরিবর্তন (OSC সন্দেহ),urgent
oral_1_008216.jpg,1,oral_normal,oral_normal,স্বাভাবিক মুখের ভেতর,routine
oral_1_008217.jpg,1,oral_normal,oral_normal,স্বাভাবিক মুখের ভেতর,routine
oral_1_008218.jpg,1,oral_normal,oral_normal,স্বাভাবিক মুখের ভেতর,routine
oral_1_008219.jpg,1,oral_normal,oral_normal,স্বাভাবিক মুখের ভেতর,routine
oral_1_008220.jpg,1,oral_normal,oral_normal,স্বাভাবিক মুখের ভেতর,routine
oral_1_008221.jpg,1,oral_normal,oral_normal,স্বাভাবিক মুখের ভেতর,routine
oral_0_008222.jpg,0,oral_scc,oral_scc,মুখের ক্যানসারের মতো পরিবর্তন (OSC সন্দেহ),urgent
oral_0_008223.jpg,0,oral_scc,oral_scc,মুখের ক্যানসারের মতো পরিবর্তন (OSC সন্দেহ),urgent
oral_0_008224.jpg,0,oral_scc,oral_scc,মুখের ক্যানসারের মতো পরিবর্তন (OSC সন্দেহ),urgent
oral_1_008225.jpg,1,oral_normal,oral_normal,স্বাভাবিক মুখের ভেতর,routine
oral_0_008226.jpg,0,oral_scc,oral_scc,মুখের ক্যানসারের মতো পরিবর্তন (OSC সন্দেহ),urgent
oral_1_008227.jpg,1,oral_normal,oral_normal,স্বাভাবিক মুখের ভেতর,routine
oral_0_008228.jpg,0,oral_scc,oral_scc,মুখের ক্যানসারের মতো পরিবর্তন (OSC সন্দেহ),urgent
oral_0_008229.jpg,0,oral_scc,oral_scc,মুখের ক্যানসারের মতো পরিবর্তন (OSC সন্দেহ),urgent
oral_1_008230.jpg,1,oral_normal,oral_normal,স্বাভাবিক মুখের ভেতর,routine
oral_0_008231.jpg,0,oral_scc,oral_scc,মুখের ক্যানসারের মতো পরিবর্তন (OSC সন্দেহ),urgent
oral_1_008232.jpg,1,oral_normal,oral_normal,স্বাভাবিক মুখের ভেতর,routine
oral_1_008233.jpg,1,oral_normal,oral_normal,স্বাভাবিক মুখের ভেতর,routine
oral_0_008234.jpg,0,oral_scc,oral_scc,মুখের ক্যানসারের মতো পরিবর্তন (OSC সন্দেহ),urgent
oral_0_008235.jpg,0,oral_scc,oral_scc,মুখের ক্যানসারের মতো পরিবর্তন (OSC সন্দেহ),urgent
oral_1_008236.jpg,1,oral_normal,oral_normal,স্বাভাবিক মুখের ভেতর,routine
oral_1_008237.jpg,1,oral_normal,oral_normal,স্বাভাবিক মুখের ভেতর,routine
oral_1_008238.jpg,1,oral_normal,oral_normal,স্বাভাবিক মুখের ভেতর,routine
oral_1_008239.jpg,1,oral_normal,oral_normal,স্বাভাবিক মুখের ভেতর,routine
oral_0_008240.jpg,0,oral_scc,oral_scc,মুখের ক্যানসারের মতো পরিবর্তন (OSC সন্দেহ),urgent
oral_1_008241.jpg,1,oral_normal,oral_normal,স্বাভাবিক মুখের ভেতর,routine
oral_0_008242.jpg,0,oral_scc,oral_scc,মুখের ক্যানসারের মতো পরিবর্তন (OSC সন্দেহ),urgent
oral_1_008243.jpg,1,oral_normal,oral_normal,স্বাভাবিক মুখের ভেতর,routine
oral_1_008244.jpg,1,oral_normal,oral_normal,স্বাভাবিক মুখের ভেতর,routine
oral_0_008245.jpg,0,oral_scc,oral_scc,মুখের ক্যানসারের মতো পরিবর্তন (OSC সন্দেহ),urgent
oral_0_008246.jpg,0,oral_scc,oral_scc,মুখের ক্যানসারের মতো পরিবর্তন (OSC সন্দেহ),urgent
oral_1_008247.jpg,1,oral_normal,oral_normal,স্বাভাবিক মুখের ভেতর,routine
oral_1_008248.jpg,1,oral_normal,oral_normal,স্বাভাবিক মুখের ভেতর,routine
oral_1_008249.jpg,1,oral_normal,oral_normal,স্বাভাবিক মুখের ভেতর,routine
oral_0_008250.jpg,0,oral_scc,oral_scc,মুখের ক্যানসারের মতো পরিবর্তন (OSC সন্দেহ),urgent
oral_1_008251.jpg,1,oral_normal,oral_normal,স্বাভাবিক মুখের ভেতর,routine
oral_0_008252.jpg,0,oral_scc,oral_scc,মুখের ক্যানসারের মতো পরিবর্তন (OSC সন্দেহ),urgent
oral_1_008253.jpg,1,oral_normal,oral_normal,স্বাভাবিক মুখের ভেতর,routine
oral_1_008254.jpg,1,oral_normal,oral_normal,স্বাভাবিক মুখের ভেতর,routine
oral_0_008255.jpg,0,oral_scc,oral_scc,মুখের ক্যানসারের মতো পরিবর্তন (OSC সন্দেহ),urgent
oral_0_008256.jpg,0,oral_scc,oral_scc,মুখের ক্যানসারের মতো পরিবর্তন (OSC সন্দেহ),urgent
oral_0_008257.jpg,0,oral_scc,oral_scc,মুখের ক্যানসারের মতো পরিবর্তন (OSC সন্দেহ),urgent
oral_0_008258.jpg,0,oral_scc,oral_scc,মুখের ক্যানসারের মতো পরিবর্তন (OSC সন্দেহ),urgent
oral_0_008259.jpg,0,oral_scc,oral_scc,মুখের ক্যানসারের মতো পরিবর্তন (OSC সন্দেহ),urgent
oral_0_008260.jpg,0,oral_scc,oral_scc,মুখের ক্যানসারের মতো পরিবর্তন (OSC সন্দেহ),urgent
oral_0_008261.jpg,0,oral_scc,oral_scc,মুখের ক্যানসারের মতো পরিবর্তন (OSC সন্দেহ),urgent
oral_1_008262.jpg,1,oral_normal,oral_normal,স্বাভাবিক মুখের ভেতর,routine
oral_1_008263.jpg,1,oral_normal,oral_normal,স্বাভাবিক মুখের ভেতর,routine
oral_1_008264.jpg,1,oral_normal,oral_normal,স্বাভাবিক মুখের ভেতর,routine
oral_0_008265.jpg,0,oral_scc,oral_scc,মুখের ক্যানসারের মতো পরিবর্তন (OSC সন্দেহ),urgent
oral_0_008266.jpg,0,oral_scc,oral_scc,মুখের ক্যানসারের মতো পরিবর্তন (OSC সন্দেহ),urgent
oral_1_008267.jpg,1,oral_normal,oral_normal,স্বাভাবিক মুখের ভেতর,routine
oral_0_008268.jpg,0,oral_scc,oral_scc,মুখের ক্যানসারের মতো পরিবর্তন (OSC সন্দেহ),urgent
oral_0_008269.jpg,0,oral_scc,oral_scc,মুখের ক্যানসারের মতো পরিবর্তন (OSC সন্দেহ),urgent
oral_0_008270.jpg,0,oral_scc,oral_scc,মুখের ক্যানসারের মতো পরিবর্তন (OSC সন্দেহ),urgent
oral_0_008271.jpg,0,oral_scc,oral_scc,মুখের ক্যানসারের মতো পরিবর্তন (OSC সন্দেহ),urgent
oral_1_008272.jpg,1,oral_normal,oral_normal,স্বাভাবিক মুখের ভেতর,routine
oral_1_008273.jpg,1,oral_normal,oral_normal,স্বাভাবিক মুখের ভেতর,routine
oral_0_008274.jpg,0,oral_scc,oral_scc,মুখের ক্যানসারের মতো পরিবর্তন (OSC সন্দেহ),urgent
oral_1_008275.jpg,1,oral_normal,oral_normal,স্বাভাবিক মুখের ভেতর,routine
oral_1_008276.jpg,1,oral_normal,oral_normal,স্বাভাবিক মুখের ভেতর,routine
oral_0_008277.jpg,0,oral_scc,oral_scc,মুখের ক্যানসারের মতো পরিবর্তন (OSC সন্দেহ),urgent
oral_1_008278.jpg,1,oral_normal,oral_normal,স্বাভাবিক মুখের ভেতর,routine
oral_0_008279.jpg,0,oral_scc,oral_scc,মুখের ক্যানসারের মতো পরিবর্তন (OSC সন্দেহ),urgent
oral_0_008280.jpg,0,oral_scc,oral_scc,মুখের ক্যানসারের মতো পরিবর্তন (OSC সন্দেহ),urgent
oral_0_008281.jpg,0,oral_scc,oral_scc,মুখের ক্যানসারের মতো পরিবর্তন (OSC সন্দেহ),urgent
oral_0_008282.jpg,0,oral_scc,oral_scc,মুখের ক্যানসারের মতো পরিবর্তন (OSC সন্দেহ),urgent
oral_1_008283.jpg,1,oral_normal,oral_normal,স্বাভাবিক মুখের ভেতর,routine
oral_1_008284.jpg,1,oral_normal,oral_normal,স্বাভাবিক মুখের ভেতর,routine
oral_0_008285.jpg,0,oral_scc,oral_scc,মুখের ক্যানসারের মতো পরিবর্তন (OSC সন্দেহ),urgent
oral_0_008286.jpg,0,oral_scc,oral_scc,মুখের ক্যানসারের মতো পরিবর্তন (OSC সন্দেহ),urgent
oral_0_008287.jpg,0,oral_scc,oral_scc,মুখের ক্যানসারের মতো পরিবর্তন (OSC সন্দেহ),urgent
oral_1_008288.jpg,1,oral_normal,oral_normal,স্বাভাবিক মুখের ভেতর,routine
oral_1_008289.jpg,1,oral_normal,oral_normal,স্বাভাবিক মুখের ভেতর,routine
oral_0_008290.jpg,0,oral_scc,oral_scc,মুখের ক্যানসারের মতো পরিবর্তন (OSC সন্দেহ),urgent
oral_1_008291.jpg,1,oral_normal,oral_normal,স্বাভাবিক মুখের ভেতর,routine
oral_1_008292.jpg,1,oral_normal,oral_normal,স্বাভাবিক মুখের ভেতর,routine
oral_1_008293.jpg,1,oral_normal,oral_normal,স্বাভাবিক মুখের ভেতর,routine
oral_0_008294.jpg,0,oral_scc,oral_scc,মুখের ক্যানসারের মতো পরিবর্তন (OSC সন্দেহ),urgent
oral_0_008295.jpg,0,oral_scc,oral_scc,মুখের ক্যানসারের মতো পরিবর্তন (OSC সন্দেহ),urgent
oral_0_008296.jpg,0,oral_scc,oral_scc,মুখের ক্যানসারের মতো পরিবর্তন (OSC সন্দেহ),urgent
oral_1_008297.jpg,1,oral_normal,oral_normal,স্বাভাবিক মুখের ভেতর,routine
oral_0_008298.jpg,0,oral_scc,oral_scc,মুখের ক্যানসারের মতো পরিবর্তন (OSC সন্দেহ),urgent
oral_0_008299.jpg,0,oral_scc,oral_scc,মুখের ক্যানসারের মতো পরিবর্তন (OSC সন্দেহ),urgent
oral_0_008300.jpg,0,oral_scc,oral_scc,মুখের ক্যানসারের মতো পরিবর্তন (OSC সন্দেহ),urgent
oral_0_008301.jpg,0,oral_scc,oral_scc,মুখের ক্যানসারের মতো পরিবর্তন (OSC সন্দেহ),urgent
oral_0_008302.jpg,0,oral_scc,oral_scc,মুখের ক্যানসারের মতো পরিবর্তন (OSC সন্দেহ),urgent
oral_0_008303.jpg,0,oral_scc,oral_scc,মুখের ক্যানসারের মতো পরিবর্তন (OSC সন্দেহ),urgent
oral_1_008304.jpg,1,oral_normal,oral_normal,স্বাভাবিক মুখের ভেতর,routine
oral_0_008305.jpg,0,oral_scc,oral_scc,মুখের ক্যানসারের মতো পরিবর্তন (OSC সন্দেহ),urgent
oral_0_008306.jpg,0,oral_scc,oral_scc,মুখের ক্যানসারের মতো পরিবর্তন (OSC সন্দেহ),urgent
oral_1_008307.jpg,1,oral_normal,oral_normal,স্বাভাবিক মুখের ভেতর,routine
oral_1_008308.jpg,1,oral_normal,oral_normal,স্বাভাবিক মুখের ভেতর,routine
oral_0_008309.jpg,0,oral_scc,oral_scc,মুখের ক্যানসারের মতো পরিবর্তন (OSC সন্দেহ),urgent
oral_1_008310.jpg,1,oral_normal,oral_normal,স্বাভাবিক মুখের ভেতর,routine
oral_1_008311.jpg,1,oral_normal,oral_normal,স্বাভাবিক মুখের ভেতর,routine
oral_0_008312.jpg,0,oral_scc,oral_scc,মুখের ক্যানসারের মতো পরিবর্তন (OSC সন্দেহ),urgent
oral_0_008313.jpg,0,oral_scc,oral_scc,মুখের ক্যানসারের মতো পরিবর্তন (OSC সন্দেহ),urgent
oral_0_008314.jpg,0,oral_scc,oral_scc,মুখের ক্যানসারের মতো পরিবর্তন (OSC সন্দেহ),urgent
oral_1_008315.jpg,1,oral_normal,oral_normal,স্বাভাবিক মুখের ভেতর,routine
oral_0_008316.jpg,0,oral_scc,oral_scc,মুখের ক্যানসারের মতো পরিবর্তন (OSC সন্দেহ),urgent
oral_0_008317.jpg,0,oral_scc,oral_scc,মুখের ক্যানসারের মতো পরিবর্তন (OSC সন্দেহ),urgent
oral_1_008318.jpg,1,oral_normal,oral_normal,স্বাভাবিক মুখের ভেতর,routine
oral_0_008319.jpg,0,oral_scc,oral_scc,মুখের ক্যানসারের মতো পরিবর্তন (OSC সন্দেহ),urgent
oral_0_008320.jpg,0,oral_scc,oral_scc,মুখের ক্যানসারের মতো পরিবর্তন (OSC সন্দেহ),urgent
oral_1_008321.jpg,1,oral_normal,oral_normal,স্বাভাবিক মুখের ভেতর,routine
oral_1_008322.jpg,1,oral_normal,oral_normal,স্বাভাবিক মুখের ভেতর,routine
oral_1_008323.jpg,1,oral_normal,oral_normal,স্বাভাবিক মুখের ভেতর,routine
oral_1_008324.jpg,1,oral_normal,oral_normal,স্বাভাবিক মুখের ভেতর,routine
oral_0_008325.jpg,0,oral_scc,oral_scc,মুখের ক্যানসারের মতো পরিবর্তন (OSC সন্দেহ),urgent
oral_1_008326.jpg,1,oral_normal,oral_normal,স্বাভাবিক মুখের ভেতর,routine
oral_1_008327.jpg,1,oral_normal,oral_normal,স্বাভাবিক মুখের ভেতর,routine
oral_1_008328.jpg,1,oral_normal,oral_normal,স্বাভাবিক মুখের ভেতর,routine
oral_1_008329.jpg,1,oral_normal,oral_normal,স্বাভাবিক মুখের ভেতর,routine
oral_0_008330.jpg,0,oral_scc,oral_scc,মুখের ক্যানসারের মতো পরিবর্তন (OSC সন্দেহ),urgent
oral_0_008331.jpg,0,oral_scc,oral_scc,মুখের ক্যানসারের মতো পরিবর্তন (OSC সন্দেহ),urgent
oral_0_008332.jpg,0,oral_scc,oral_scc,মুখের ক্যানসারের মতো পরিবর্তন (OSC সন্দেহ),urgent
oral_1_008333.jpg,1,oral_normal,oral_normal,স্বাভাবিক মুখের ভেতর,routine
oral_1_008334.jpg,1,oral_normal,oral_normal,স্বাভাবিক মুখের ভেতর,routine
oral_1_008335.jpg,1,oral_normal,oral_normal,স্বাভাবিক মুখের ভেতর,routine
oral_1_008336.jpg,1,oral_normal,oral_normal,স্বাভাবিক মুখের ভেতর,routine
oral_0_008337.jpg,0,oral_scc,oral_scc,মুখের ক্যানসারের মতো পরিবর্তন (OSC সন্দেহ),urgent
oral_1_008338.jpg,1,oral_normal,oral_normal,স্বাভাবিক মুখের ভেতর,routine
oral_1_008339.jpg,1,oral_normal,oral_normal,স্বাভাবিক মুখের ভেতর,routine
oral_0_008340.jpg,0,oral_scc,oral_scc,মুখের ক্যানসারের মতো পরিবর্তন (OSC সন্দেহ),urgent
oral_1_008341.jpg,1,oral_normal,oral_normal,স্বাভাবিক মুখের ভেতর,routine
oral_1_008342.jpg,1,oral_normal,oral_normal,স্বাভাবিক মুখের ভেতর,routine
oral_0_008343.jpg,0,oral_scc,oral_scc,মুখের ক্যানসারের মতো পরিবর্তন (OSC সন্দেহ),urgent
oral_1_008344.jpg,1,oral_normal,oral_normal,স্বাভাবিক মুখের ভেতর,routine
oral_0_008345.jpg,0,oral_scc,oral_scc,মুখের ক্যানসারের মতো পরিবর্তন (OSC সন্দেহ),urgent
oral_1_008346.jpg,1,oral_normal,oral_normal,স্বাভাবিক মুখের ভেতর,routine
oral_1_008347.jpg,1,oral_normal,oral_normal,স্বাভাবিক মুখের ভেতর,routine
oral_0_008348.jpg,0,oral_scc,oral_scc,মুখের ক্যানসারের মতো পরিবর্তন (OSC সন্দেহ),urgent
oral_1_008349.jpg,1,oral_normal,oral_normal,স্বাভাবিক মুখের ভেতর,routine
oral_0_008350.jpg,0,oral_scc,oral_scc,মুখের ক্যানসারের মতো পরিবর্তন (OSC সন্দেহ),urgent
oral_1_008351.jpg,1,oral_normal,oral_normal,স্বাভাবিক মুখের ভেতর,routine
oral_1_008352.jpg,1,oral_normal,oral_normal,স্বাভাবিক মুখের ভেতর,routine
oral_1_008353.jpg,1,oral_normal,oral_normal,স্বাভাবিক মুখের ভেতর,routine
oral_1_008354.jpg,1,oral_normal,oral_normal,স্বাভাবিক মুখের ভেতর,routine
oral_1_008355.jpg,1,oral_normal,oral_normal,স্বাভাবিক মুখের ভেতর,routine
oral_0_008356.jpg,0,oral_scc,oral_scc,মুখের ক্যানসারের মতো পরিবর্তন (OSC সন্দেহ),urgent
oral_0_008357.jpg,0,oral_scc,oral_scc,মুখের ক্যানসারের মতো পরিবর্তন (OSC সন্দেহ),urgent
oral_0_008358.jpg,0,oral_scc,oral_scc,মুখের ক্যানসারের মতো পরিবর্তন (OSC সন্দেহ),urgent
oral_1_008359.jpg,1,oral_normal,oral_normal,স্বাভাবিক মুখের ভেতর,routine
oral_0_008360.jpg,0,oral_scc,oral_scc,মুখের ক্যানসারের মতো পরিবর্তন (OSC সন্দেহ),urgent
oral_0_008361.jpg,0,oral_scc,oral_scc,মুখের ক্যানসারের মতো পরিবর্তন (OSC সন্দেহ),urgent
oral_0_008362.jpg,0,oral_scc,oral_scc,মুখের ক্যানসারের মতো পরিবর্তন (OSC সন্দেহ),urgent
oral_1_008363.jpg,1,oral_normal,oral_normal,স্বাভাবিক মুখের ভেতর,routine
oral_0_008364.jpg,0,oral_scc,oral_scc,মুখের ক্যানসারের মতো পরিবর্তন (OSC সন্দেহ),urgent
oral_0_008365.jpg,0,oral_scc,oral_scc,মুখের ক্যানসারের মতো পরিবর্তন (OSC সন্দেহ),urgent
oral_1_008366.jpg,1,oral_normal,oral_normal,স্বাভাবিক মুখের ভেতর,routine
oral_0_008367.jpg,0,oral_scc,oral_scc,মুখের ক্যানসারের মতো পরিবর্তন (OSC সন্দেহ),urgent
oral_0_008368.jpg,0,oral_scc,oral_scc,মুখের ক্যানসারের মতো পরিবর্তন (OSC সন্দেহ),urgent
oral_1_008369.jpg,1,oral_normal,oral_normal,স্বাভাবিক মুখের ভেতর,routine
oral_1_008370.jpg,1,oral_normal,oral_normal,স্বাভাবিক মুখের ভেতর,routine
oral_1_008371.jpg,1,oral_normal,oral_normal,স্বাভাবিক মুখের ভেতর,routine
oral_1_008372.jpg,1,oral_normal,oral_normal,স্বাভাবিক মুখের ভেতর,routine
oral_1_008373.jpg,1,oral_normal,oral_normal,স্বাভাবিক মুখের ভেতর,routine
oral_0_008374.jpg,0,oral_scc,oral_scc,মুখের ক্যানসারের মতো পরিবর্তন (OSC সন্দেহ),urgent
oral_1_008375.jpg,1,oral_normal,oral_normal,স্বাভাবিক মুখের ভেতর,routine
oral_0_008376.jpg,0,oral_scc,oral_scc,মুখের ক্যানসারের মতো পরিবর্তন (OSC সন্দেহ),urgent
oral_1_008377.jpg,1,oral_normal,oral_normal,স্বাভাবিক মুখের ভেতর,routine
oral_0_008378.jpg,0,oral_scc,oral_scc,মুখের ক্যানসারের মতো পরিবর্তন (OSC সন্দেহ),urgent
oral_0_008379.jpg,0,oral_scc,oral_scc,মুখের ক্যানসারের মতো পরিবর্তন (OSC সন্দেহ),urgent
oral_1_008380.jpg,1,oral_normal,oral_normal,স্বাভাবিক মুখের ভেতর,routine
oral_0_008381.jpg,0,oral_scc,oral_scc,মুখের ক্যানসারের মতো পরিবর্তন (OSC সন্দেহ),urgent
oral_1_008382.jpg,1,oral_normal,oral_normal,স্বাভাবিক মুখের ভেতর,routine
oral_1_008383.jpg,1,oral_normal,oral_normal,স্বাভাবিক মুখের ভেতর,routine
oral_0_008384.jpg,0,oral_scc,oral_scc,মুখের ক্যানসারের মতো পরিবর্তন (OSC সন্দেহ),urgent
oral_0_008385.jpg,0,oral_scc,oral_scc,মুখের ক্যানসারের মতো পরিবর্তন (OSC সন্দেহ),urgent
oral_1_008386.jpg,1,oral_normal,oral_normal,স্বাভাবিক মুখের ভেতর,routine
oral_0_008387.jpg,0,oral_scc,oral_scc,মুখের ক্যানসারের মতো পরিবর্তন (OSC সন্দেহ),urgent
oral_1_008388.jpg,1,oral_normal,oral_normal,স্বাভাবিক মুখের ভেতর,routine
oral_1_008389.jpg,1,oral_normal,oral_normal,স্বাভাবিক মুখের ভেতর,routine
oral_1_008390.jpg,1,oral_normal,oral_normal,স্বাভাবিক মুখের ভেতর,routine
oral_1_008391.jpg,1,oral_normal,oral_normal,স্বাভাবিক মুখের ভেতর,routine
oral_1_008392.jpg,1,oral_normal,oral_normal,স্বাভাবিক মুখের ভেতর,routine
oral_1_008393.jpg,1,oral_normal,oral_normal,স্বাভাবিক মুখের ভেতর,routine
oral_1_008394.jpg,1,oral_normal,oral_normal,স্বাভাবিক মুখের ভেতর,routine
oral_0_008395.jpg,0,oral_scc,oral_scc,মুখের ক্যানসারের মতো পরিবর্তন (OSC সন্দেহ),urgent
oral_0_008396.jpg,0,oral_scc,oral_scc,মুখের ক্যানসারের মতো পরিবর্তন (OSC সন্দেহ),urgent
oral_1_008397.jpg,1,oral_normal,oral_normal,স্বাভাবিক মুখের ভেতর,routine
oral_1_008398.jpg,1,oral_normal,oral_normal,স্বাভাবিক মুখের ভেতর,routine
oral_1_008399.jpg,1,oral_normal,oral_normal,স্বাভাবিক মুখের ভেতর,routine
oral_0_008400.jpg,0,oral_scc,oral_scc,মুখের ক্যানসারের মতো পরিবর্তন (OSC সন্দেহ),urgent
oral_0_008401.jpg,0,oral_scc,oral_scc,মুখের ক্যানসারের মতো পরিবর্তন (OSC সন্দেহ),urgent
oral_1_008402.jpg,1,oral_normal,oral_normal,স্বাভাবিক মুখের ভেতর,routine
oral_1_008403.jpg,1,oral_normal,oral_normal,স্বাভাবিক মুখের ভেতর,routine
oral_1_008404.jpg,1,oral_normal,oral_normal,স্বাভাবিক মুখের ভেতর,routine
oral_0_008405.jpg,0,oral_scc,oral_scc,মুখের ক্যানসারের মতো পরিবর্তন (OSC সন্দেহ),urgent
oral_0_008406.jpg,0,oral_scc,oral_scc,মুখের ক্যানসারের মতো পরিবর্তন (OSC সন্দেহ),urgent
oral_0_008407.jpg,0,oral_scc,oral_scc,মুখের ক্যানসারের মতো পরিবর্তন (OSC সন্দেহ),urgent
oral_0_008408.jpg,0,oral_scc,oral_scc,মুখের ক্যানসারের মতো পরিবর্তন (OSC সন্দেহ),urgent
oral_1_008409.jpg,1,oral_normal,oral_normal,স্বাভাবিক মুখের ভেতর,routine
oral_0_008410.jpg,0,oral_scc,oral_scc,মুখের ক্যানসারের মতো পরিবর্তন (OSC সন্দেহ),urgent
oral_0_008411.jpg,0,oral_scc,oral_scc,মুখের ক্যানসারের মতো পরিবর্তন (OSC সন্দেহ),urgent
oral_0_008412.jpg,0,oral_scc,oral_scc,মুখের ক্যানসারের মতো পরিবর্তন (OSC সন্দেহ),urgent
oral_0_008413.jpg,0,oral_scc,oral_scc,মুখের ক্যানসারের মতো পরিবর্তন (OSC সন্দেহ),urgent
oral_1_008414.jpg,1,oral_normal,oral_normal,স্বাভাবিক মুখের ভেতর,routine
oral_0_008415.jpg,0,oral_scc,oral_scc,মুখের ক্যানসারের মতো পরিবর্তন (OSC সন্দেহ),urgent
oral_1_008416.jpg,1,oral_normal,oral_normal,স্বাভাবিক মুখের ভেতর,routine
oral_0_008417.jpg,0,oral_scc,oral_scc,মুখের ক্যানসারের মতো পরিবর্তন (OSC সন্দেহ),urgent
oral_1_008418.jpg,1,oral_normal,oral_normal,স্বাভাবিক মুখের ভেতর,routine
oral_0_008419.jpg,0,oral_scc,oral_scc,মুখের ক্যানসারের মতো পরিবর্তন (OSC সন্দেহ),urgent
oral_1_008420.jpg,1,oral_normal,oral_normal,স্বাভাবিক মুখের ভেতর,routine
oral_0_008421.jpg,0,oral_scc,oral_scc,মুখের ক্যানসারের মতো পরিবর্তন (OSC সন্দেহ),urgent
oral_0_008422.jpg,0,oral_scc,oral_scc,মুখের ক্যানসারের মতো পরিবর্তন (OSC সন্দেহ),urgent
oral_1_008423.jpg,1,oral_normal,oral_normal,স্বাভাবিক মুখের ভেতর,routine
oral_1_008424.jpg,1,oral_normal,oral_normal,স্বাভাবিক মুখের ভেতর,routine
oral_0_008425.jpg,0,oral_scc,oral_scc,মুখের ক্যানসারের মতো পরিবর্তন (OSC সন্দেহ),urgent
oral_1_008426.jpg,1,oral_normal,oral_normal,স্বাভাবিক মুখের ভেতর,routine
oral_1_008427.jpg,1,oral_normal,oral_normal,স্বাভাবিক মুখের ভেতর,routine
oral_1_008428.jpg,1,oral_normal,oral_normal,স্বাভাবিক মুখের ভেতর,routine
oral_1_008429.jpg,1,oral_normal,oral_normal,স্বাভাবিক মুখের ভেতর,routine
oral_1_008430.jpg,1,oral_normal,oral_normal,স্বাভাবিক মুখের ভেতর,routine
oral_0_008431.jpg,0,oral_scc,oral_scc,মুখের ক্যানসারের মতো পরিবর্তন (OSC সন্দেহ),urgent
oral_0_008432.jpg,0,oral_scc,oral_scc,মুখের ক্যানসারের মতো পরিবর্তন (OSC সন্দেহ),urgent
oral_1_008433.jpg,1,oral_normal,oral_normal,স্বাভাবিক মুখের ভেতর,routine
oral_0_008434.jpg,0,oral_scc,oral_scc,মুখের ক্যানসারের মতো পরিবর্তন (OSC সন্দেহ),urgent
oral_0_008435.jpg,0,oral_scc,oral_scc,মুখের ক্যানসারের মতো পরিবর্তন (OSC সন্দেহ),urgent
oral_1_008436.jpg,1,oral_normal,oral_normal,স্বাভাবিক মুখের ভেতর,routine
oral_1_008437.jpg,1,oral_normal,oral_normal,স্বাভাবিক মুখের ভেতর,routine
oral_0_008438.jpg,0,oral_scc,oral_scc,মুখের ক্যানসারের মতো পরিবর্তন (OSC সন্দেহ),urgent
oral_1_008439.jpg,1,oral_normal,oral_normal,স্বাভাবিক মুখের ভেতর,routine
oral_0_008440.jpg,0,oral_scc,oral_scc,মুখের ক্যানসারের মতো পরিবর্তন (OSC সন্দেহ),urgent
oral_1_008441.jpg,1,oral_normal,oral_normal,স্বাভাবিক মুখের ভেতর,routine
oral_0_008442.jpg,0,oral_scc,oral_scc,মুখের ক্যানসারের মতো পরিবর্তন (OSC সন্দেহ),urgent
oral_1_008443.jpg,1,oral_normal,oral_normal,স্বাভাবিক মুখের ভেতর,routine
oral_1_008444.jpg,1,oral_normal,oral_normal,স্বাভাবিক মুখের ভেতর,routine
oral_1_008445.jpg,1,oral_normal,oral_normal,স্বাভাবিক মুখের ভেতর,routine
oral_1_008446.jpg,1,oral_normal,oral_normal,স্বাভাবিক মুখের ভেতর,routine
oral_0_008447.jpg,0,oral_scc,oral_scc,মুখের ক্যানসারের মতো পরিবর্তন (OSC সন্দেহ),urgent
oral_1_008448.jpg,1,oral_normal,oral_normal,স্বাভাবিক মুখের ভেতর,routine
oral_0_008449.jpg,0,oral_scc,oral_scc,মুখের ক্যানসারের মতো পরিবর্তন (OSC সন্দেহ),urgent
oral_1_008450.jpg,1,oral_normal,oral_normal,স্বাভাবিক মুখের ভেতর,routine
oral_1_008451.jpg,1,oral_normal,oral_normal,স্বাভাবিক মুখের ভেতর,routine
oral_0_008452.jpg,0,oral_scc,oral_scc,মুখের ক্যানসারের মতো পরিবর্তন (OSC সন্দেহ),urgent
oral_1_008453.jpg,1,oral_normal,oral_normal,স্বাভাবিক মুখের ভেতর,routine
oral_1_008454.jpg,1,oral_normal,oral_normal,স্বাভাবিক মুখের ভেতর,routine
oral_1_008455.jpg,1,oral_normal,oral_normal,স্বাভাবিক মুখের ভেতর,routine
oral_1_008456.jpg,1,oral_normal,oral_normal,স্বাভাবিক মুখের ভেতর,routine
oral_0_008457.jpg,0,oral_scc,oral_scc,মুখের ক্যানসারের মতো পরিবর্তন (OSC সন্দেহ),urgent
oral_1_008458.jpg,1,oral_normal,oral_normal,স্বাভাবিক মুখের ভেতর,routine
oral_0_008459.jpg,0,oral_scc,oral_scc,মুখের ক্যানসারের মতো পরিবর্তন (OSC সন্দেহ),urgent
oral_0_008460.jpg,0,oral_scc,oral_scc,মুখের ক্যানসারের মতো পরিবর্তন (OSC সন্দেহ),urgent
oral_0_008461.jpg,0,oral_scc,oral_scc,মুখের ক্যানসারের মতো পরিবর্তন (OSC সন্দেহ),urgent
oral_1_008462.jpg,1,oral_normal,oral_normal,স্বাভাবিক মুখের ভেতর,routine
oral_0_008463.jpg,0,oral_scc,oral_scc,মুখের ক্যানসারের মতো পরিবর্তন (OSC সন্দেহ),urgent
oral_1_008464.jpg,1,oral_normal,oral_normal,স্বাভাবিক মুখের ভেতর,routine
oral_1_008465.jpg,1,oral_normal,oral_normal,স্বাভাবিক মুখের ভেতর,routine
oral_1_008466.jpg,1,oral_normal,oral_normal,স্বাভাবিক মুখের ভেতর,routine
oral_1_008467.jpg,1,oral_normal,oral_normal,স্বাভাবিক মুখের ভেতর,routine
oral_0_008468.jpg,0,oral_scc,oral_scc,মুখের ক্যানসারের মতো পরিবর্তন (OSC সন্দেহ),urgent
oral_0_008469.jpg,0,oral_scc,oral_scc,মুখের ক্যানসারের মতো পরিবর্তন (OSC সন্দেহ),urgent
oral_1_008470.jpg,1,oral_normal,oral_normal,স্বাভাবিক মুখের ভেতর,routine
oral_0_008471.jpg,0,oral_scc,oral_scc,মুখের ক্যানসারের মতো পরিবর্তন (OSC সন্দেহ),urgent
oral_1_008472.jpg,1,oral_normal,oral_normal,স্বাভাবিক মুখের ভেতর,routine
oral_1_008473.jpg,1,oral_normal,oral_normal,স্বাভাবিক মুখের ভেতর,routine
oral_0_008474.jpg,0,oral_scc,oral_scc,মুখের ক্যানসারের মতো পরিবর্তন (OSC সন্দেহ),urgent
oral_1_008475.jpg,1,oral_normal,oral_normal,স্বাভাবিক মুখের ভেতর,routine
oral_1_008476.jpg,1,oral_normal,oral_normal,স্বাভাবিক মুখের ভেতর,routine
oral_0_008477.jpg,0,oral_scc,oral_scc,মুখের ক্যানসারের মতো পরিবর্তন (OSC সন্দেহ),urgent
oral_1_008478.jpg,1,oral_normal,oral_normal,স্বাভাবিক মুখের ভেতর,routine
oral_1_008479.jpg,1,oral_normal,oral_normal,স্বাভাবিক মুখের ভেতর,routine
oral_1_008480.jpg,1,oral_normal,oral_normal,স্বাভাবিক মুখের ভেতর,routine
oral_0_008481.jpg,0,oral_scc,oral_scc,মুখের ক্যানসারের মতো পরিবর্তন (OSC সন্দেহ),urgent
oral_1_008482.jpg,1,oral_normal,oral_normal,স্বাভাবিক মুখের ভেতর,routine
oral_1_008483.jpg,1,oral_normal,oral_normal,স্বাভাবিক মুখের ভেতর,routine
oral_0_008484.jpg,0,oral_scc,oral_scc,মুখের ক্যানসারের মতো পরিবর্তন (OSC সন্দেহ),urgent
oral_0_008485.jpg,0,oral_scc,oral_scc,মুখের ক্যানসারের মতো পরিবর্তন (OSC সন্দেহ),urgent
oral_0_008486.jpg,0,oral_scc,oral_scc,মুখের ক্যানসারের মতো পরিবর্তন (OSC সন্দেহ),urgent
oral_0_008487.jpg,0,oral_scc,oral_scc,মুখের ক্যানসারের মতো পরিবর্তন (OSC সন্দেহ),urgent
oral_0_008488.jpg,0,oral_scc,oral_scc,মুখের ক্যানসারের মতো পরিবর্তন (OSC সন্দেহ),urgent
oral_0_008489.jpg,0,oral_scc,oral_scc,মুখের ক্যানসারের মতো পরিবর্তন (OSC সন্দেহ),urgent
oral_0_008490.jpg,0,oral_scc,oral_scc,মুখের ক্যানসারের মতো পরিবর্তন (OSC সন্দেহ),urgent
oral_1_008491.jpg,1,oral_normal,oral_normal,স্বাভাবিক মুখের ভেতর,routine
oral_0_008492.jpg,0,oral_scc,oral_scc,মুখের ক্যানসারের মতো পরিবর্তন (OSC সন্দেহ),urgent
oral_0_008493.jpg,0,oral_scc,oral_scc,মুখের ক্যানসারের মতো পরিবর্তন (OSC সন্দেহ),urgent
oral_1_008494.jpg,1,oral_normal,oral_normal,স্বাভাবিক মুখের ভেতর,routine
oral_0_008495.jpg,0,oral_scc,oral_scc,মুখের ক্যানসারের মতো পরিবর্তন (OSC সন্দেহ),urgent
oral_1_008496.jpg,1,oral_normal,oral_normal,স্বাভাবিক মুখের ভেতর,routine
oral_1_008497.jpg,1,oral_normal,oral_normal,স্বাভাবিক মুখের ভেতর,routine
oral_0_008498.jpg,0,oral_scc,oral_scc,মুখের ক্যানসারের মতো পরিবর্তন (OSC সন্দেহ),urgent
oral_0_008499.jpg,0,oral_scc,oral_scc,মুখের ক্যানসারের মতো পরিবর্তন (OSC সন্দেহ),urgent
oral_0_008500.jpg,0,oral_scc,oral_scc,মুখের ক্যানসারের মতো পরিবর্তন (OSC সন্দেহ),urgent
oral_1_008501.jpg,1,oral_normal,oral_normal,স্বাভাবিক মুখের ভেতর,routine
oral_0_008502.jpg,0,oral_scc,oral_scc,মুখের ক্যানসারের মতো পরিবর্তন (OSC সন্দেহ),urgent
oral_0_008503.jpg,0,oral_scc,oral_scc,মুখের ক্যানসারের মতো পরিবর্তন (OSC সন্দেহ),urgent
oral_0_008504.jpg,0,oral_scc,oral_scc,মুখের ক্যানসারের মতো পরিবর্তন (OSC সন্দেহ),urgent
oral_0_008505.jpg,0,oral_scc,oral_scc,মুখের ক্যানসারের মতো পরিবর্তন (OSC সন্দেহ),urgent
oral_1_008506.jpg,1,oral_normal,oral_normal,স্বাভাবিক মুখের ভেতর,routine
oral_1_008507.jpg,1,oral_normal,oral_normal,স্বাভাবিক মুখের ভেতর,routine
oral_0_008508.jpg,0,oral_scc,oral_scc,মুখের ক্যানসারের মতো পরিবর্তন (OSC সন্দেহ),urgent
oral_0_008509.jpg,0,oral_scc,oral_scc,মুখের ক্যানসারের মতো পরিবর্তন (OSC সন্দেহ),urgent
oral_1_008510.jpg,1,oral_normal,oral_normal,স্বাভাবিক মুখের ভেতর,routine
oral_1_008511.jpg,1,oral_normal,oral_normal,স্বাভাবিক মুখের ভেতর,routine
oral_0_008512.jpg,0,oral_scc,oral_scc,মুখের ক্যানসারের মতো পরিবর্তন (OSC সন্দেহ),urgent
oral_1_008513.jpg,1,oral_normal,oral_normal,স্বাভাবিক মুখের ভেতর,routine
oral_0_008514.jpg,0,oral_scc,oral_scc,মুখের ক্যানসারের মতো পরিবর্তন (OSC সন্দেহ),urgent
oral_1_008515.jpg,1,oral_normal,oral_normal,স্বাভাবিক মুখের ভেতর,routine
oral_1_008516.jpg,1,oral_normal,oral_normal,স্বাভাবিক মুখের ভেতর,routine
oral_1_008517.jpg,1,oral_normal,oral_normal,স্বাভাবিক মুখের ভেতর,routine
oral_1_008518.jpg,1,oral_normal,oral_normal,স্বাভাবিক মুখের ভেতর,routine
oral_1_008519.jpg,1,oral_normal,oral_normal,স্বাভাবিক মুখের ভেতর,routine
oral_0_008520.jpg,0,oral_scc,oral_scc,মুখের ক্যানসারের মতো পরিবর্তন (OSC সন্দেহ),urgent
oral_0_008521.jpg,0,oral_scc,oral_scc,মুখের ক্যানসারের মতো পরিবর্তন (OSC সন্দেহ),urgent
oral_1_008522.jpg,1,oral_normal,oral_normal,স্বাভাবিক মুখের ভেতর,routine
oral_0_008523.jpg,0,oral_scc,oral_scc,মুখের ক্যানসারের মতো পরিবর্তন (OSC সন্দেহ),urgent
oral_1_008524.jpg,1,oral_normal,oral_normal,স্বাভাবিক মুখের ভেতর,routine
oral_1_008525.jpg,1,oral_normal,oral_normal,স্বাভাবিক মুখের ভেতর,routine
oral_0_008526.jpg,0,oral_scc,oral_scc,মুখের ক্যানসারের মতো পরিবর্তন (OSC সন্দেহ),urgent
oral_1_008527.jpg,1,oral_normal,oral_normal,স্বাভাবিক মুখের ভেতর,routine
oral_1_008528.jpg,1,oral_normal,oral_normal,স্বাভাবিক মুখের ভেতর,routine
oral_1_008529.jpg,1,oral_normal,oral_normal,স্বাভাবিক মুখের ভেতর,routine
oral_1_008530.jpg,1,oral_normal,oral_normal,স্বাভাবিক মুখের ভেতর,routine
oral_1_008531.jpg,1,oral_normal,oral_normal,স্বাভাবিক মুখের ভেতর,routine
oral_1_008532.jpg,1,oral_normal,oral_normal,স্বাভাবিক মুখের ভেতর,routine
oral_1_008533.jpg,1,oral_normal,oral_normal,স্বাভাবিক মুখের ভেতর,routine
oral_1_008534.jpg,1,oral_normal,oral_normal,স্বাভাবিক মুখের ভেতর,routine
oral_0_008535.jpg,0,oral_scc,oral_scc,মুখের ক্যানসারের মতো পরিবর্তন (OSC সন্দেহ),urgent
oral_0_008536.jpg,0,oral_scc,oral_scc,মুখের ক্যানসারের মতো পরিবর্তন (OSC সন্দেহ),urgent
oral_0_008537.jpg,0,oral_scc,oral_scc,মুখের ক্যানসারের মতো পরিবর্তন (OSC সন্দেহ),urgent
oral_0_008538.jpg,0,oral_scc,oral_scc,মুখের ক্যানসারের মতো পরিবর্তন (OSC সন্দেহ),urgent
oral_0_008539.jpg,0,oral_scc,oral_scc,মুখের ক্যানসারের মতো পরিবর্তন (OSC সন্দেহ),urgent
oral_0_008540.jpg,0,oral_scc,oral_scc,মুখের ক্যানসারের মতো পরিবর্তন (OSC সন্দেহ),urgent
oral_1_008541.jpg,1,oral_normal,oral_normal,স্বাভাবিক মুখের ভেতর,routine
oral_0_008542.jpg,0,oral_scc,oral_scc,মুখের ক্যানসারের মতো পরিবর্তন (OSC সন্দেহ),urgent
oral_1_008543.jpg,1,oral_normal,oral_normal,স্বাভাবিক মুখের ভেতর,routine
oral_1_008544.jpg,1,oral_normal,oral_normal,স্বাভাবিক মুখের ভেতর,routine
oral_1_008545.jpg,1,oral_normal,oral_normal,স্বাভাবিক মুখের ভেতর,routine
oral_1_008546.jpg,1,oral_normal,oral_normal,স্বাভাবিক মুখের ভেতর,routine
oral_1_008547.jpg,1,oral_normal,oral_normal,স্বাভাবিক মুখের ভেতর,routine
oral_0_008548.jpg,0,oral_scc,oral_scc,মুখের ক্যানসারের মতো পরিবর্তন (OSC সন্দেহ),urgent
oral_1_008549.jpg,1,oral_normal,oral_normal,স্বাভাবিক মুখের ভেতর,routine
oral_1_008550.jpg,1,oral_normal,oral_normal,স্বাভাবিক মুখের ভেতর,routine
oral_1_008551.jpg,1,oral_normal,oral_normal,স্বাভাবিক মুখের ভেতর,routine
oral_0_008552.jpg,0,oral_scc,oral_scc,মুখের ক্যানসারের মতো পরিবর্তন (OSC সন্দেহ),urgent
oral_0_008553.jpg,0,oral_scc,oral_scc,মুখের ক্যানসারের মতো পরিবর্তন (OSC সন্দেহ),urgent
oral_1_008554.jpg,1,oral_normal,oral_normal,স্বাভাবিক মুখের ভেতর,routine
oral_0_008555.jpg,0,oral_scc,oral_scc,মুখের ক্যানসারের মতো পরিবর্তন (OSC সন্দেহ),urgent
oral_1_008556.jpg,1,oral_normal,oral_normal,স্বাভাবিক মুখের ভেতর,routine
oral_0_008557.jpg,0,oral_scc,oral_scc,মুখের ক্যানসারের মতো পরিবর্তন (OSC সন্দেহ),urgent
oral_1_008558.jpg,1,oral_normal,oral_normal,স্বাভাবিক মুখের ভেতর,routine
oral_0_008559.jpg,0,oral_scc,oral_scc,মুখের ক্যানসারের মতো পরিবর্তন (OSC সন্দেহ),urgent
oral_0_008560.jpg,0,oral_scc,oral_scc,মুখের ক্যানসারের মতো পরিবর্তন (OSC সন্দেহ),urgent
oral_0_008561.jpg,0,oral_scc,oral_scc,মুখের ক্যানসারের মতো পরিবর্তন (OSC সন্দেহ),urgent
oral_1_008562.jpg,1,oral_normal,oral_normal,স্বাভাবিক মুখের ভেতর,routine
oral_1_008563.jpg,1,oral_normal,oral_normal,স্বাভাবিক মুখের ভেতর,routine
oral_0_008564.jpg,0,oral_scc,oral_scc,মুখের ক্যানসারের মতো পরিবর্তন (OSC সন্দেহ),urgent
oral_0_008565.jpg,0,oral_scc,oral_scc,মুখের ক্যানসারের মতো পরিবর্তন (OSC সন্দেহ),urgent
oral_1_008566.jpg,1,oral_normal,oral_normal,স্বাভাবিক মুখের ভেতর,routine
oral_0_008567.jpg,0,oral_scc,oral_scc,মুখের ক্যানসারের মতো পরিবর্তন (OSC সন্দেহ),urgent
oral_1_008568.jpg,1,oral_normal,oral_normal,স্বাভাবিক মুখের ভেতর,routine
oral_1_008569.jpg,1,oral_normal,oral_normal,স্বাভাবিক মুখের ভেতর,routine
oral_0_008570.jpg,0,oral_scc,oral_scc,মুখের ক্যানসারের মতো পরিবর্তন (OSC সন্দেহ),urgent
oral_0_008571.jpg,0,oral_scc,oral_scc,মুখের ক্যানসারের মতো পরিবর্তন (OSC সন্দেহ),urgent
oral_0_008572.jpg,0,oral_scc,oral_scc,মুখের ক্যানসারের মতো পরিবর্তন (OSC সন্দেহ),urgent
oral_0_008573.jpg,0,oral_scc,oral_scc,মুখের ক্যানসারের মতো পরিবর্তন (OSC সন্দেহ),urgent
oral_1_008574.jpg,1,oral_normal,oral_normal,স্বাভাবিক মুখের ভেতর,routine
oral_1_008575.jpg,1,oral_normal,oral_normal,স্বাভাবিক মুখের ভেতর,routine
oral_0_008576.jpg,0,oral_scc,oral_scc,মুখের ক্যানসারের মতো পরিবর্তন (OSC সন্দেহ),urgent
oral_1_008577.jpg,1,oral_normal,oral_normal,স্বাভাবিক মুখের ভেতর,routine
oral_1_008578.jpg,1,oral_normal,oral_normal,স্বাভাবিক মুখের ভেতর,routine
oral_0_008579.jpg,0,oral_scc,oral_scc,মুখের ক্যানসারের মতো পরিবর্তন (OSC সন্দেহ),urgent
oral_0_008580.jpg,0,oral_scc,oral_scc,মুখের ক্যানসারের মতো পরিবর্তন (OSC সন্দেহ),urgent
oral_0_008581.jpg,0,oral_scc,oral_scc,মুখের ক্যানসারের মতো পরিবর্তন (OSC সন্দেহ),urgent
oral_0_008582.jpg,0,oral_scc,oral_scc,মুখের ক্যানসারের মতো পরিবর্তন (OSC সন্দেহ),urgent
oral_1_008583.jpg,1,oral_normal,oral_normal,স্বাভাবিক মুখের ভেতর,routine
oral_0_008584.jpg,0,oral_scc,oral_scc,মুখের ক্যানসারের মতো পরিবর্তন (OSC সন্দেহ),urgent
oral_0_008585.jpg,0,oral_scc,oral_scc,মুখের ক্যানসারের মতো পরিবর্তন (OSC সন্দেহ),urgent
oral_1_008586.jpg,1,oral_normal,oral_normal,স্বাভাবিক মুখের ভেতর,routine
oral_0_008587.jpg,0,oral_scc,oral_scc,মুখের ক্যানসারের মতো পরিবর্তন (OSC সন্দেহ),urgent
oral_1_008588.jpg,1,oral_normal,oral_normal,স্বাভাবিক মুখের ভেতর,routine
oral_0_008589.jpg,0,oral_scc,oral_scc,মুখের ক্যানসারের মতো পরিবর্তন (OSC সন্দেহ),urgent
oral_1_008590.jpg,1,oral_normal,oral_normal,স্বাভাবিক মুখের ভেতর,routine
oral_1_008591.jpg,1,oral_normal,oral_normal,স্বাভাবিক মুখের ভেতর,routine
oral_0_008592.jpg,0,oral_scc,oral_scc,মুখের ক্যানসারের মতো পরিবর্তন (OSC সন্দেহ),urgent
oral_0_008593.jpg,0,oral_scc,oral_scc,মুখের ক্যানসারের মতো পরিবর্তন (OSC সন্দেহ),urgent
oral_1_008594.jpg,1,oral_normal,oral_normal,স্বাভাবিক মুখের ভেতর,routine
oral_0_008595.jpg,0,oral_scc,oral_scc,মুখের ক্যানসারের মতো পরিবর্তন (OSC সন্দেহ),urgent
oral_1_008596.jpg,1,oral_normal,oral_normal,স্বাভাবিক মুখের ভেতর,routine
oral_0_008597.jpg,0,oral_scc,oral_scc,মুখের ক্যানসারের মতো পরিবর্তন (OSC সন্দেহ),urgent
oral_0_008598.jpg,0,oral_scc,oral_scc,মুখের ক্যানসারের মতো পরিবর্তন (OSC সন্দেহ),urgent
oral_0_008599.jpg,0,oral_scc,oral_scc,মুখের ক্যানসারের মতো পরিবর্তন (OSC সন্দেহ),urgent
oral_1_008600.jpg,1,oral_normal,oral_normal,স্বাভাবিক মুখের ভেতর,routine
oral_0_008601.jpg,0,oral_scc,oral_scc,মুখের ক্যানসারের মতো পরিবর্তন (OSC সন্দেহ),urgent
oral_0_008602.jpg,0,oral_scc,oral_scc,মুখের ক্যানসারের মতো পরিবর্তন (OSC সন্দেহ),urgent
oral_0_008603.jpg,0,oral_scc,oral_scc,মুখের ক্যানসারের মতো পরিবর্তন (OSC সন্দেহ),urgent
oral_1_008604.jpg,1,oral_normal,oral_normal,স্বাভাবিক মুখের ভেতর,routine
oral_0_008605.jpg,0,oral_scc,oral_scc,মুখের ক্যানসারের মতো পরিবর্তন (OSC সন্দেহ),urgent
oral_1_008606.jpg,1,oral_normal,oral_normal,স্বাভাবিক মুখের ভেতর,routine
oral_0_008607.jpg,0,oral_scc,oral_scc,মুখের ক্যানসারের মতো পরিবর্তন (OSC সন্দেহ),urgent
oral_1_008608.jpg,1,oral_normal,oral_normal,স্বাভাবিক মুখের ভেতর,routine
oral_1_008609.jpg,1,oral_normal,oral_normal,স্বাভাবিক মুখের ভেতর,routine
oral_1_008610.jpg,1,oral_normal,oral_normal,স্বাভাবিক মুখের ভেতর,routine
oral_0_008611.jpg,0,oral_scc,oral_scc,মুখের ক্যানসারের মতো পরিবর্তন (OSC সন্দেহ),urgent
oral_1_008612.jpg,1,oral_normal,oral_normal,স্বাভাবিক মুখের ভেতর,routine
oral_1_008613.jpg,1,oral_normal,oral_normal,স্বাভাবিক মুখের ভেতর,routine
oral_0_008614.jpg,0,oral_scc,oral_scc,মুখের ক্যানসারের মতো পরিবর্তন (OSC সন্দেহ),urgent
oral_1_008615.jpg,1,oral_normal,oral_normal,স্বাভাবিক মুখের ভেতর,routine
oral_0_008616.jpg,0,oral_scc,oral_scc,মুখের ক্যানসারের মতো পরিবর্তন (OSC সন্দেহ),urgent
oral_0_008617.jpg,0,oral_scc,oral_scc,মুখের ক্যানসারের মতো পরিবর্তন (OSC সন্দেহ),urgent
oral_1_008618.jpg,1,oral_normal,oral_normal,স্বাভাবিক মুখের ভেতর,routine
oral_1_008619.jpg,1,oral_normal,oral_normal,স্বাভাবিক মুখের ভেতর,routine
oral_0_008620.jpg,0,oral_scc,oral_scc,মুখের ক্যানসারের মতো পরিবর্তন (OSC সন্দেহ),urgent
oral_0_008621.jpg,0,oral_scc,oral_scc,মুখের ক্যানসারের মতো পরিবর্তন (OSC সন্দেহ),urgent
oral_0_008622.jpg,0,oral_scc,oral_scc,মুখের ক্যানসারের মতো পরিবর্তন (OSC সন্দেহ),urgent
oral_1_008623.jpg,1,oral_normal,oral_normal,স্বাভাবিক মুখের ভেতর,routine
oral_0_008624.jpg,0,oral_scc,oral_scc,মুখের ক্যানসারের মতো পরিবর্তন (OSC সন্দেহ),urgent
oral_1_008625.jpg,1,oral_normal,oral_normal,স্বাভাবিক মুখের ভেতর,routine
oral_0_008626.jpg,0,oral_scc,oral_scc,মুখের ক্যানসারের মতো পরিবর্তন (OSC সন্দেহ),urgent
oral_0_008627.jpg,0,oral_scc,oral_scc,মুখের ক্যানসারের মতো পরিবর্তন (OSC সন্দেহ),urgent
oral_1_008628.jpg,1,oral_normal,oral_normal,স্বাভাবিক মুখের ভেতর,routine
oral_0_008629.jpg,0,oral_scc,oral_scc,মুখের ক্যানসারের মতো পরিবর্তন (OSC সন্দেহ),urgent
oral_0_008630.jpg,0,oral_scc,oral_scc,মুখের ক্যানসারের মতো পরিবর্তন (OSC সন্দেহ),urgent
oral_0_008631.jpg,0,oral_scc,oral_scc,মুখের ক্যানসারের মতো পরিবর্তন (OSC সন্দেহ),urgent
oral_1_008632.jpg,1,oral_normal,oral_normal,স্বাভাবিক মুখের ভেতর,routine
oral_1_008633.jpg,1,oral_normal,oral_normal,স্বাভাবিক মুখের ভেতর,routine
oral_0_008634.jpg,0,oral_scc,oral_scc,মুখের ক্যানসারের মতো পরিবর্তন (OSC সন্দেহ),urgent
oral_0_008635.jpg,0,oral_scc,oral_scc,মুখের ক্যানসারের মতো পরিবর্তন (OSC সন্দেহ),urgent
oral_1_008636.jpg,1,oral_normal,oral_normal,স্বাভাবিক মুখের ভেতর,routine
oral_1_008637.jpg,1,oral_normal,oral_normal,স্বাভাবিক মুখের ভেতর,routine
oral_0_008638.jpg,0,oral_scc,oral_scc,মুখের ক্যানসারের মতো পরিবর্তন (OSC সন্দেহ),urgent
oral_0_008639.jpg,0,oral_scc,oral_scc,মুখের ক্যানসারের মতো পরিবর্তন (OSC সন্দেহ),urgent
oral_1_008640.jpg,1,oral_normal,oral_normal,স্বাভাবিক মুখের ভেতর,routine
oral_0_008641.jpg,0,oral_scc,oral_scc,মুখের ক্যানসারের মতো পরিবর্তন (OSC সন্দেহ),urgent
oral_1_008642.jpg,1,oral_normal,oral_normal,স্বাভাবিক মুখের ভেতর,routine
oral_1_008643.jpg,1,oral_normal,oral_normal,স্বাভাবিক মুখের ভেতর,routine
oral_1_008644.jpg,1,oral_normal,oral_normal,স্বাভাবিক মুখের ভেতর,routine
oral_1_008645.jpg,1,oral_normal,oral_normal,স্বাভাবিক মুখের ভেতর,routine
oral_1_008646.jpg,1,oral_normal,oral_normal,স্বাভাবিক মুখের ভেতর,routine
oral_1_008647.jpg,1,oral_normal,oral_normal,স্বাভাবিক মুখের ভেতর,routine
oral_0_008648.jpg,0,oral_scc,oral_scc,মুখের ক্যানসারের মতো পরিবর্তন (OSC সন্দেহ),urgent
oral_1_008649.jpg,1,oral_normal,oral_normal,স্বাভাবিক মুখের ভেতর,routine
oral_0_008650.jpg,0,oral_scc,oral_scc,মুখের ক্যানসারের মতো পরিবর্তন (OSC সন্দেহ),urgent
oral_0_008651.jpg,0,oral_scc,oral_scc,মুখের ক্যানসারের মতো পরিবর্তন (OSC সন্দেহ),urgent
oral_1_008652.jpg,1,oral_normal,oral_normal,স্বাভাবিক মুখের ভেতর,routine
oral_0_008653.jpg,0,oral_scc,oral_scc,মুখের ক্যানসারের মতো পরিবর্তন (OSC সন্দেহ),urgent
oral_1_008654.jpg,1,oral_normal,oral_normal,স্বাভাবিক মুখের ভেতর,routine
oral_0_008655.jpg,0,oral_scc,oral_scc,মুখের ক্যানসারের মতো পরিবর্তন (OSC সন্দেহ),urgent
oral_1_008656.jpg,1,oral_normal,oral_normal,স্বাভাবিক মুখের ভেতর,routine
oral_1_008657.jpg,1,oral_normal,oral_normal,স্বাভাবিক মুখের ভেতর,routine
oral_0_008658.jpg,0,oral_scc,oral_scc,মুখের ক্যানসারের মতো পরিবর্তন (OSC সন্দেহ),urgent
oral_0_008659.jpg,0,oral_scc,oral_scc,মুখের ক্যানসারের মতো পরিবর্তন (OSC সন্দেহ),urgent
oral_1_008660.jpg,1,oral_normal,oral_normal,স্বাভাবিক মুখের ভেতর,routine
oral_0_008661.jpg,0,oral_scc,oral_scc,মুখের ক্যানসারের মতো পরিবর্তন (OSC সন্দেহ),urgent
oral_0_008662.jpg,0,oral_scc,oral_scc,মুখের ক্যানসারের মতো পরিবর্তন (OSC সন্দেহ),urgent
oral_1_008663.jpg,1,oral_normal,oral_normal,স্বাভাবিক মুখের ভেতর,routine
oral_1_008664.jpg,1,oral_normal,oral_normal,স্বাভাবিক মুখের ভেতর,routine
oral_1_008665.jpg,1,oral_normal,oral_normal,স্বাভাবিক মুখের ভেতর,routine
oral_1_008666.jpg,1,oral_normal,oral_normal,স্বাভাবিক মুখের ভেতর,routine
oral_1_008667.jpg,1,oral_normal,oral_normal,স্বাভাবিক মুখের ভেতর,routine
oral_1_008668.jpg,1,oral_normal,oral_normal,স্বাভাবিক মুখের ভেতর,routine
oral_1_008669.jpg,1,oral_normal,oral_normal,স্বাভাবিক মুখের ভেতর,routine
oral_0_008670.jpg,0,oral_scc,oral_scc,মুখের ক্যানসারের মতো পরিবর্তন (OSC সন্দেহ),urgent
oral_1_008671.jpg,1,oral_normal,oral_normal,স্বাভাবিক মুখের ভেতর,routine
oral_1_008672.jpg,1,oral_normal,oral_normal,স্বাভাবিক মুখের ভেতর,routine
oral_1_008673.jpg,1,oral_normal,oral_normal,স্বাভাবিক মুখের ভেতর,routine
oral_1_008674.jpg,1,oral_normal,oral_normal,স্বাভাবিক মুখের ভেতর,routine
oral_0_008675.jpg,0,oral_scc,oral_scc,মুখের ক্যানসারের মতো পরিবর্তন (OSC সন্দেহ),urgent
oral_0_008676.jpg,0,oral_scc,oral_scc,মুখের ক্যানসারের মতো পরিবর্তন (OSC সন্দেহ),urgent
oral_1_008677.jpg,1,oral_normal,oral_normal,স্বাভাবিক মুখের ভেতর,routine
oral_1_008678.jpg,1,oral_normal,oral_normal,স্বাভাবিক মুখের ভেতর,routine
oral_1_008679.jpg,1,oral_normal,oral_normal,স্বাভাবিক মুখের ভেতর,routine
oral_1_008680.jpg,1,oral_normal,oral_normal,স্বাভাবিক মুখের ভেতর,routine
oral_0_008681.jpg,0,oral_scc,oral_scc,মুখের ক্যানসারের মতো পরিবর্তন (OSC সন্দেহ),urgent
oral_1_008682.jpg,1,oral_normal,oral_normal,স্বাভাবিক মুখের ভেতর,routine
oral_0_008683.jpg,0,oral_scc,oral_scc,মুখের ক্যানসারের মতো পরিবর্তন (OSC সন্দেহ),urgent
oral_0_008684.jpg,0,oral_scc,oral_scc,মুখের ক্যানসারের মতো পরিবর্তন (OSC সন্দেহ),urgent
oral_0_008685.jpg,0,oral_scc,oral_scc,মুখের ক্যানসারের মতো পরিবর্তন (OSC সন্দেহ),urgent
oral_0_008686.jpg,0,oral_scc,oral_scc,মুখের ক্যানসারের মতো পরিবর্তন (OSC সন্দেহ),urgent
oral_0_008687.jpg,0,oral_scc,oral_scc,মুখের ক্যানসারের মতো পরিবর্তন (OSC সন্দেহ),urgent
oral_0_008688.jpg,0,oral_scc,oral_scc,মুখের ক্যানসারের মতো পরিবর্তন (OSC সন্দেহ),urgent
oral_1_008689.jpg,1,oral_normal,oral_normal,স্বাভাবিক মুখের ভেতর,routine
oral_1_008690.jpg,1,oral_normal,oral_normal,স্বাভাবিক মুখের ভেতর,routine
oral_1_008691.jpg,1,oral_normal,oral_normal,স্বাভাবিক মুখের ভেতর,routine
oral_1_008692.jpg,1,oral_normal,oral_normal,স্বাভাবিক মুখের ভেতর,routine
oral_0_008693.jpg,0,oral_scc,oral_scc,মুখের ক্যানসারের মতো পরিবর্তন (OSC সন্দেহ),urgent
oral_1_008694.jpg,1,oral_normal,oral_normal,স্বাভাবিক মুখের ভেতর,routine
oral_1_008695.jpg,1,oral_normal,oral_normal,স্বাভাবিক মুখের ভেতর,routine
oral_1_008696.jpg,1,oral_normal,oral_normal,স্বাভাবিক মুখের ভেতর,routine
oral_0_008697.jpg,0,oral_scc,oral_scc,মুখের ক্যানসারের মতো পরিবর্তন (OSC সন্দেহ),urgent
oral_0_008698.jpg,0,oral_scc,oral_scc,মুখের ক্যানসারের মতো পরিবর্তন (OSC সন্দেহ),urgent
oral_1_008699.jpg,1,oral_normal,oral_normal,স্বাভাবিক মুখের ভেতর,routine
oral_0_008700.jpg,0,oral_scc,oral_scc,মুখের ক্যানসারের মতো পরিবর্তন (OSC সন্দেহ),urgent
oral_0_008701.jpg,0,oral_scc,oral_scc,মুখের ক্যানসারের মতো পরিবর্তন (OSC সন্দেহ),urgent
oral_1_008702.jpg,1,oral_normal,oral_normal,স্বাভাবিক মুখের ভেতর,routine
oral_1_008703.jpg,1,oral_normal,oral_normal,স্বাভাবিক মুখের ভেতর,routine
oral_0_008704.jpg,0,oral_scc,oral_scc,মুখের ক্যানসারের মতো পরিবর্তন (OSC সন্দেহ),urgent
oral_1_008705.jpg,1,oral_normal,oral_normal,স্বাভাবিক মুখের ভেতর,routine
oral_1_008706.jpg,1,oral_normal,oral_normal,স্বাভাবিক মুখের ভেতর,routine
oral_0_008707.jpg,0,oral_scc,oral_scc,মুখের ক্যানসারের মতো পরিবর্তন (OSC সন্দেহ),urgent
oral_0_008708.jpg,0,oral_scc,oral_scc,মুখের ক্যানসারের মতো পরিবর্তন (OSC সন্দেহ),urgent
oral_0_008709.jpg,0,oral_scc,oral_scc,মুখের ক্যানসারের মতো পরিবর্তন (OSC সন্দেহ),urgent
oral_1_008710.jpg,1,oral_normal,oral_normal,স্বাভাবিক মুখের ভেতর,routine
oral_0_008711.jpg,0,oral_scc,oral_scc,মুখের ক্যানসারের মতো পরিবর্তন (OSC সন্দেহ),urgent
oral_1_008712.jpg,1,oral_normal,oral_normal,স্বাভাবিক মুখের ভেতর,routine
oral_1_008713.jpg,1,oral_normal,oral_normal,স্বাভাবিক মুখের ভেতর,routine
oral_0_008714.jpg,0,oral_scc,oral_scc,মুখের ক্যানসারের মতো পরিবর্তন (OSC সন্দেহ),urgent
oral_0_008715.jpg,0,oral_scc,oral_scc,মুখের ক্যানসারের মতো পরিবর্তন (OSC সন্দেহ),urgent
oral_0_008716.jpg,0,oral_scc,oral_scc,মুখের ক্যানসারের মতো পরিবর্তন (OSC সন্দেহ),urgent
oral_1_008717.jpg,1,oral_normal,oral_normal,স্বাভাবিক মুখের ভেতর,routine
oral_1_008718.jpg,1,oral_normal,oral_normal,স্বাভাবিক মুখের ভেতর,routine
oral_1_008719.jpg,1,oral_normal,oral_normal,স্বাভাবিক মুখের ভেতর,routine
oral_0_008720.jpg,0,oral_scc,oral_scc,মুখের ক্যানসারের মতো পরিবর্তন (OSC সন্দেহ),urgent
oral_0_008721.jpg,0,oral_scc,oral_scc,মুখের ক্যানসারের মতো পরিবর্তন (OSC সন্দেহ),urgent
oral_0_008722.jpg,0,oral_scc,oral_scc,মুখের ক্যানসারের মতো পরিবর্তন (OSC সন্দেহ),urgent
oral_1_008723.jpg,1,oral_normal,oral_normal,স্বাভাবিক মুখের ভেতর,routine
oral_0_008724.jpg,0,oral_scc,oral_scc,মুখের ক্যানসারের মতো পরিবর্তন (OSC সন্দেহ),urgent
oral_0_008725.jpg,0,oral_scc,oral_scc,মুখের ক্যানসারের মতো পরিবর্তন (OSC সন্দেহ),urgent
oral_0_008726.jpg,0,oral_scc,oral_scc,মুখের ক্যানসারের মতো পরিবর্তন (OSC সন্দেহ),urgent
oral_0_008727.jpg,0,oral_scc,oral_scc,মুখের ক্যানসারের মতো পরিবর্তন (OSC সন্দেহ),urgent
oral_0_008728.jpg,0,oral_scc,oral_scc,মুখের ক্যানসারের মতো পরিবর্তন (OSC সন্দেহ),urgent
oral_0_008729.jpg,0,oral_scc,oral_scc,মুখের ক্যানসারের মতো পরিবর্তন (OSC সন্দেহ),urgent
oral_1_008730.jpg,1,oral_normal,oral_normal,স্বাভাবিক মুখের ভেতর,routine
oral_1_008731.jpg,1,oral_normal,oral_normal,স্বাভাবিক মুখের ভেতর,routine
oral_0_008732.jpg,0,oral_scc,oral_scc,মুখের ক্যানসারের মতো পরিবর্তন (OSC সন্দেহ),urgent
oral_1_008733.jpg,1,oral_normal,oral_normal,স্বাভাবিক মুখের ভেতর,routine
oral_1_008734.jpg,1,oral_normal,oral_normal,স্বাভাবিক মুখের ভেতর,routine
oral_0_008735.jpg,0,oral_scc,oral_scc,মুখের ক্যানসারের মতো পরিবর্তন (OSC সন্দেহ),urgent
oral_0_008736.jpg,0,oral_scc,oral_scc,মুখের ক্যানসারের মতো পরিবর্তন (OSC সন্দেহ),urgent
oral_1_008737.jpg,1,oral_normal,oral_normal,স্বাভাবিক মুখের ভেতর,routine
oral_1_008738.jpg,1,oral_normal,oral_normal,স্বাভাবিক মুখের ভেতর,routine
oral_1_008739.jpg,1,oral_normal,oral_normal,স্বাভাবিক মুখের ভেতর,routine
oral_0_008740.jpg,0,oral_scc,oral_scc,মুখের ক্যানসারের মতো পরিবর্তন (OSC সন্দেহ),urgent
oral_0_008741.jpg,0,oral_scc,oral_scc,মুখের ক্যানসারের মতো পরিবর্তন (OSC সন্দেহ),urgent
oral_0_008742.jpg,0,oral_scc,oral_scc,মুখের ক্যানসারের মতো পরিবর্তন (OSC সন্দেহ),urgent
oral_1_008743.jpg,1,oral_normal,oral_normal,স্বাভাবিক মুখের ভেতর,routine
oral_0_008744.jpg,0,oral_scc,oral_scc,মুখের ক্যানসারের মতো পরিবর্তন (OSC সন্দেহ),urgent
oral_1_008745.jpg,1,oral_normal,oral_normal,স্বাভাবিক মুখের ভেতর,routine
oral_1_008746.jpg,1,oral_normal,oral_normal,স্বাভাবিক মুখের ভেতর,routine
oral_0_008747.jpg,0,oral_scc,oral_scc,মুখের ক্যানসারের মতো পরিবর্তন (OSC সন্দেহ),urgent
oral_1_008748.jpg,1,oral_normal,oral_normal,স্বাভাবিক মুখের ভেতর,routine
oral_1_008749.jpg,1,oral_normal,oral_normal,স্বাভাবিক মুখের ভেতর,routine
oral_1_008750.jpg,1,oral_normal,oral_normal,স্বাভাবিক মুখের ভেতর,routine
oral_0_008751.jpg,0,oral_scc,oral_scc,মুখের ক্যানসারের মতো পরিবর্তন (OSC সন্দেহ),urgent
oral_1_008752.jpg,1,oral_normal,oral_normal,স্বাভাবিক মুখের ভেতর,routine
oral_1_008753.jpg,1,oral_normal,oral_normal,স্বাভাবিক মুখের ভেতর,routine
oral_1_008754.jpg,1,oral_normal,oral_normal,স্বাভাবিক মুখের ভেতর,routine
oral_0_008755.jpg,0,oral_scc,oral_scc,মুখের ক্যানসারের মতো পরিবর্তন (OSC সন্দেহ),urgent
oral_1_008756.jpg,1,oral_normal,oral_normal,স্বাভাবিক মুখের ভেতর,routine
oral_0_008757.jpg,0,oral_scc,oral_scc,মুখের ক্যানসারের মতো পরিবর্তন (OSC সন্দেহ),urgent
oral_0_008758.jpg,0,oral_scc,oral_scc,মুখের ক্যানসারের মতো পরিবর্তন (OSC সন্দেহ),urgent
oral_1_008759.jpg,1,oral_normal,oral_normal,স্বাভাবিক মুখের ভেতর,routine
oral_0_008760.jpg,0,oral_scc,oral_scc,মুখের ক্যানসারের মতো পরিবর্তন (OSC সন্দেহ),urgent
oral_1_008761.jpg,1,oral_normal,oral_normal,স্বাভাবিক মুখের ভেতর,routine
oral_0_008762.jpg,0,oral_scc,oral_scc,মুখের ক্যানসারের মতো পরিবর্তন (OSC সন্দেহ),urgent
oral_1_008763.jpg,1,oral_normal,oral_normal,স্বাভাবিক মুখের ভেতর,routine
oral_0_008764.jpg,0,oral_scc,oral_scc,মুখের ক্যানসারের মতো পরিবর্তন (OSC সন্দেহ),urgent
oral_1_008765.jpg,1,oral_normal,oral_normal,স্বাভাবিক মুখের ভেতর,routine
oral_0_008766.jpg,0,oral_scc,oral_scc,মুখের ক্যানসারের মতো পরিবর্তন (OSC সন্দেহ),urgent
oral_1_008767.jpg,1,oral_normal,oral_normal,স্বাভাবিক মুখের ভেতর,routine
oral_1_008768.jpg,1,oral_normal,oral_normal,স্বাভাবিক মুখের ভেতর,routine
oral_0_008769.jpg,0,oral_scc,oral_scc,মুখের ক্যানসারের মতো পরিবর্তন (OSC সন্দেহ),urgent
oral_0_008770.jpg,0,oral_scc,oral_scc,মুখের ক্যানসারের মতো পরিবর্তন (OSC সন্দেহ),urgent
oral_0_008771.jpg,0,oral_scc,oral_scc,মুখের ক্যানসারের মতো পরিবর্তন (OSC সন্দেহ),urgent
oral_0_008772.jpg,0,oral_scc,oral_scc,মুখের ক্যানসারের মতো পরিবর্তন (OSC সন্দেহ),urgent
oral_1_008773.jpg,1,oral_normal,oral_normal,স্বাভাবিক মুখের ভেতর,routine
oral_0_008774.jpg,0,oral_scc,oral_scc,মুখের ক্যানসারের মতো পরিবর্তন (OSC সন্দেহ),urgent
oral_0_008775.jpg,0,oral_scc,oral_scc,মুখের ক্যানসারের মতো পরিবর্তন (OSC সন্দেহ),urgent
oral_0_008776.jpg,0,oral_scc,oral_scc,মুখের ক্যানসারের মতো পরিবর্তন (OSC সন্দেহ),urgent
oral_1_008777.jpg,1,oral_normal,oral_normal,স্বাভাবিক মুখের ভেতর,routine
oral_1_008778.jpg,1,oral_normal,oral_normal,স্বাভাবিক মুখের ভেতর,routine
oral_0_008779.jpg,0,oral_scc,oral_scc,মুখের ক্যানসারের মতো পরিবর্তন (OSC সন্দেহ),urgent
oral_0_008780.jpg,0,oral_scc,oral_scc,মুখের ক্যানসারের মতো পরিবর্তন (OSC সন্দেহ),urgent
oral_1_008781.jpg,1,oral_normal,oral_normal,স্বাভাবিক মুখের ভেতর,routine
oral_1_008782.jpg,1,oral_normal,oral_normal,স্বাভাবিক মুখের ভেতর,routine
oral_1_008783.jpg,1,oral_normal,oral_normal,স্বাভাবিক মুখের ভেতর,routine
oral_1_008784.jpg,1,oral_normal,oral_normal,স্বাভাবিক মুখের ভেতর,routine
oral_0_008785.jpg,0,oral_scc,oral_scc,মুখের ক্যানসারের মতো পরিবর্তন (OSC সন্দেহ),urgent
oral_0_008786.jpg,0,oral_scc,oral_scc,মুখের ক্যানসারের মতো পরিবর্তন (OSC সন্দেহ),urgent
oral_1_008787.jpg,1,oral_normal,oral_normal,স্বাভাবিক মুখের ভেতর,routine
oral_0_008788.jpg,0,oral_scc,oral_scc,মুখের ক্যানসারের মতো পরিবর্তন (OSC সন্দেহ),urgent
oral_0_008789.jpg,0,oral_scc,oral_scc,মুখের ক্যানসারের মতো পরিবর্তন (OSC সন্দেহ),urgent
oral_0_008790.jpg,0,oral_scc,oral_scc,মুখের ক্যানসারের মতো পরিবর্তন (OSC সন্দেহ),urgent
oral_1_008791.jpg,1,oral_normal,oral_normal,স্বাভাবিক মুখের ভেতর,routine
oral_0_008792.jpg,0,oral_scc,oral_scc,মুখের ক্যানসারের মতো পরিবর্তন (OSC সন্দেহ),urgent
oral_1_008793.jpg,1,oral_normal,oral_normal,স্বাভাবিক মুখের ভেতর,routine
oral_1_008794.jpg,1,oral_normal,oral_normal,স্বাভাবিক মুখের ভেতর,routine
oral_0_008795.jpg,0,oral_scc,oral_scc,মুখের ক্যানসারের মতো পরিবর্তন (OSC সন্দেহ),urgent
oral_1_008796.jpg,1,oral_normal,oral_normal,স্বাভাবিক মুখের ভেতর,routine
oral_0_008797.jpg,0,oral_scc,oral_scc,মুখের ক্যানসারের মতো পরিবর্তন (OSC সন্দেহ),urgent
oral_0_008798.jpg,0,oral_scc,oral_scc,মুখের ক্যানসারের মতো পরিবর্তন (OSC সন্দেহ),urgent
oral_1_008799.jpg,1,oral_normal,oral_normal,স্বাভাবিক মুখের ভেতর,routine
oral_0_008800.jpg,0,oral_scc,oral_scc,মুখের ক্যানসারের মতো পরিবর্তন (OSC সন্দেহ),urgent
oral_0_008801.jpg,0,oral_scc,oral_scc,মুখের ক্যানসারের মতো পরিবর্তন (OSC সন্দেহ),urgent
oral_0_008802.jpg,0,oral_scc,oral_scc,মুখের ক্যানসারের মতো পরিবর্তন (OSC সন্দেহ),urgent
oral_0_008803.jpg,0,oral_scc,oral_scc,মুখের ক্যানসারের মতো পরিবর্তন (OSC সন্দেহ),urgent
oral_0_008804.jpg,0,oral_scc,oral_scc,মুখের ক্যানসারের মতো পরিবর্তন (OSC সন্দেহ),urgent
oral_1_008805.jpg,1,oral_normal,oral_normal,স্বাভাবিক মুখের ভেতর,routine
oral_0_008806.jpg,0,oral_scc,oral_scc,মুখের ক্যানসারের মতো পরিবর্তন (OSC সন্দেহ),urgent
oral_0_008807.jpg,0,oral_scc,oral_scc,মুখের ক্যানসারের মতো পরিবর্তন (OSC সন্দেহ),urgent
oral_1_008808.jpg,1,oral_normal,oral_normal,স্বাভাবিক মুখের ভেতর,routine
oral_0_008809.jpg,0,oral_scc,oral_scc,মুখের ক্যানসারের মতো পরিবর্তন (OSC সন্দেহ),urgent
oral_1_008810.jpg,1,oral_normal,oral_normal,স্বাভাবিক মুখের ভেতর,routine
oral_0_008811.jpg,0,oral_scc,oral_scc,মুখের ক্যানসারের মতো পরিবর্তন (OSC সন্দেহ),urgent
oral_1_008812.jpg,1,oral_normal,oral_normal,স্বাভাবিক মুখের ভেতর,routine
oral_0_008813.jpg,0,oral_scc,oral_scc,মুখের ক্যানসারের মতো পরিবর্তন (OSC সন্দেহ),urgent
oral_1_008814.jpg,1,oral_normal,oral_normal,স্বাভাবিক মুখের ভেতর,routine
oral_0_008815.jpg,0,oral_scc,oral_scc,মুখের ক্যানসারের মতো পরিবর্তন (OSC সন্দেহ),urgent
oral_0_008816.jpg,0,oral_scc,oral_scc,মুখের ক্যানসারের মতো পরিবর্তন (OSC সন্দেহ),urgent
oral_0_008817.jpg,0,oral_scc,oral_scc,মুখের ক্যানসারের মতো পরিবর্তন (OSC সন্দেহ),urgent
oral_0_008818.jpg,0,oral_scc,oral_scc,মুখের ক্যানসারের মতো পরিবর্তন (OSC সন্দেহ),urgent
oral_0_008819.jpg,0,oral_scc,oral_scc,মুখের ক্যানসারের মতো পরিবর্তন (OSC সন্দেহ),urgent
oral_0_008820.jpg,0,oral_scc,oral_scc,মুখের ক্যানসারের মতো পরিবর্তন (OSC সন্দেহ),urgent
oral_1_008821.jpg,1,oral_normal,oral_normal,স্বাভাবিক মুখের ভেতর,routine
oral_0_008822.jpg,0,oral_scc,oral_scc,মুখের ক্যানসারের মতো পরিবর্তন (OSC সন্দেহ),urgent
oral_0_008823.jpg,0,oral_scc,oral_scc,মুখের ক্যানসারের মতো পরিবর্তন (OSC সন্দেহ),urgent
oral_1_008824.jpg,1,oral_normal,oral_normal,স্বাভাবিক মুখের ভেতর,routine
oral_1_008825.jpg,1,oral_normal,oral_normal,স্বাভাবিক মুখের ভেতর,routine
oral_0_008826.jpg,0,oral_scc,oral_scc,মুখের ক্যানসারের মতো পরিবর্তন (OSC সন্দেহ),urgent
oral_1_008827.jpg,1,oral_normal,oral_normal,স্বাভাবিক মুখের ভেতর,routine
oral_1_008828.jpg,1,oral_normal,oral_normal,স্বাভাবিক মুখের ভেতর,routine
oral_1_008829.jpg,1,oral_normal,oral_normal,স্বাভাবিক মুখের ভেতর,routine
oral_0_008830.jpg,0,oral_scc,oral_scc,মুখের ক্যানসারের মতো পরিবর্তন (OSC সন্দেহ),urgent
oral_0_008831.jpg,0,oral_scc,oral_scc,মুখের ক্যানসারের মতো পরিবর্তন (OSC সন্দেহ),urgent
oral_0_008832.jpg,0,oral_scc,oral_scc,মুখের ক্যানসারের মতো পরিবর্তন (OSC সন্দেহ),urgent
oral_1_008833.jpg,1,oral_normal,oral_normal,স্বাভাবিক মুখের ভেতর,routine
oral_1_008834.jpg,1,oral_normal,oral_normal,স্বাভাবিক মুখের ভেতর,routine
oral_0_008835.jpg,0,oral_scc,oral_scc,মুখের ক্যানসারের মতো পরিবর্তন (OSC সন্দেহ),urgent
oral_1_008836.jpg,1,oral_normal,oral_normal,স্বাভাবিক মুখের ভেতর,routine
oral_0_008837.jpg,0,oral_scc,oral_scc,মুখের ক্যানসারের মতো পরিবর্তন (OSC সন্দেহ),urgent
oral_0_008838.jpg,0,oral_scc,oral_scc,মুখের ক্যানসারের মতো পরিবর্তন (OSC সন্দেহ),urgent
oral_0_008839.jpg,0,oral_scc,oral_scc,মুখের ক্যানসারের মতো পরিবর্তন (OSC সন্দেহ),urgent
oral_0_008840.jpg,0,oral_scc,oral_scc,মুখের ক্যানসারের মতো পরিবর্তন (OSC সন্দেহ),urgent
oral_1_008841.jpg,1,oral_normal,oral_normal,স্বাভাবিক মুখের ভেতর,routine
oral_0_008842.jpg,0,oral_scc,oral_scc,মুখের ক্যানসারের মতো পরিবর্তন (OSC সন্দেহ),urgent
oral_0_008843.jpg,0,oral_scc,oral_scc,মুখের ক্যানসারের মতো পরিবর্তন (OSC সন্দেহ),urgent
oral_1_008844.jpg,1,oral_normal,oral_normal,স্বাভাবিক মুখের ভেতর,routine
oral_1_008845.jpg,1,oral_normal,oral_normal,স্বাভাবিক মুখের ভেতর,routine
oral_1_008846.jpg,1,oral_normal,oral_normal,স্বাভাবিক মুখের ভেতর,routine
oral_1_008847.jpg,1,oral_normal,oral_normal,স্বাভাবিক মুখের ভেতর,routine
oral_1_008848.jpg,1,oral_normal,oral_normal,স্বাভাবিক মুখের ভেতর,routine
oral_0_008849.jpg,0,oral_scc,oral_scc,মুখের ক্যানসারের মতো পরিবর্তন (OSC সন্দেহ),urgent
oral_0_008850.jpg,0,oral_scc,oral_scc,মুখের ক্যানসারের মতো পরিবর্তন (OSC সন্দেহ),urgent
oral_0_008851.jpg,0,oral_scc,oral_scc,মুখের ক্যানসারের মতো পরিবর্তন (OSC সন্দেহ),urgent
oral_1_008852.jpg,1,oral_normal,oral_normal,স্বাভাবিক মুখের ভেতর,routine
oral_1_008853.jpg,1,oral_normal,oral_normal,স্বাভাবিক মুখের ভেতর,routine
oral_0_008854.jpg,0,oral_scc,oral_scc,মুখের ক্যানসারের মতো পরিবর্তন (OSC সন্দেহ),urgent
oral_1_008855.jpg,1,oral_normal,oral_normal,স্বাভাবিক মুখের ভেতর,routine
oral_0_008856.jpg,0,oral_scc,oral_scc,মুখের ক্যানসারের মতো পরিবর্তন (OSC সন্দেহ),urgent
oral_0_008857.jpg,0,oral_scc,oral_scc,মুখের ক্যানসারের মতো পরিবর্তন (OSC সন্দেহ),urgent
oral_0_008858.jpg,0,oral_scc,oral_scc,মুখের ক্যানসারের মতো পরিবর্তন (OSC সন্দেহ),urgent
oral_0_008859.jpg,0,oral_scc,oral_scc,মুখের ক্যানসারের মতো পরিবর্তন (OSC সন্দেহ),urgent
oral_1_008860.jpg,1,oral_normal,oral_normal,স্বাভাবিক মুখের ভেতর,routine
oral_1_008861.jpg,1,oral_normal,oral_normal,স্বাভাবিক মুখের ভেতর,routine
oral_0_008862.jpg,0,oral_scc,oral_scc,মুখের ক্যানসারের মতো পরিবর্তন (OSC সন্দেহ),urgent
oral_0_008863.jpg,0,oral_scc,oral_scc,মুখের ক্যানসারের মতো পরিবর্তন (OSC সন্দেহ),urgent
oral_1_008864.jpg,1,oral_normal,oral_normal,স্বাভাবিক মুখের ভেতর,routine
oral_1_008865.jpg,1,oral_normal,oral_normal,স্বাভাবিক মুখের ভেতর,routine
oral_1_008866.jpg,1,oral_normal,oral_normal,স্বাভাবিক মুখের ভেতর,routine
oral_0_008867.jpg,0,oral_scc,oral_scc,মুখের ক্যানসারের মতো পরিবর্তন (OSC সন্দেহ),urgent
oral_0_008868.jpg,0,oral_scc,oral_scc,মুখের ক্যানসারের মতো পরিবর্তন (OSC সন্দেহ),urgent
oral_1_008869.jpg,1,oral_normal,oral_normal,স্বাভাবিক মুখের ভেতর,routine
oral_1_008870.jpg,1,oral_normal,oral_normal,স্বাভাবিক মুখের ভেতর,routine
oral_0_008871.jpg,0,oral_scc,oral_scc,মুখের ক্যানসারের মতো পরিবর্তন (OSC সন্দেহ),urgent
oral_1_008872.jpg,1,oral_normal,oral_normal,স্বাভাবিক মুখের ভেতর,routine
oral_0_008873.jpg,0,oral_scc,oral_scc,মুখের ক্যানসারের মতো পরিবর্তন (OSC সন্দেহ),urgent
oral_1_008874.jpg,1,oral_normal,oral_normal,স্বাভাবিক মুখের ভেতর,routine
oral_1_008875.jpg,1,oral_normal,oral_normal,স্বাভাবিক মুখের ভেতর,routine
oral_0_008876.jpg,0,oral_scc,oral_scc,মুখের ক্যানসারের মতো পরিবর্তন (OSC সন্দেহ),urgent
oral_0_008877.jpg,0,oral_scc,oral_scc,মুখের ক্যানসারের মতো পরিবর্তন (OSC সন্দেহ),urgent
oral_1_008878.jpg,1,oral_normal,oral_normal,স্বাভাবিক মুখের ভেতর,routine
oral_1_008879.jpg,1,oral_normal,oral_normal,স্বাভাবিক মুখের ভেতর,routine
oral_1_008880.jpg,1,oral_normal,oral_normal,স্বাভাবিক মুখের ভেতর,routine
oral_0_008881.jpg,0,oral_scc,oral_scc,মুখের ক্যানসারের মতো পরিবর্তন (OSC সন্দেহ),urgent
oral_1_008882.jpg,1,oral_normal,oral_normal,স্বাভাবিক মুখের ভেতর,routine
oral_0_008883.jpg,0,oral_scc,oral_scc,মুখের ক্যানসারের মতো পরিবর্তন (OSC সন্দেহ),urgent
oral_0_008884.jpg,0,oral_scc,oral_scc,মুখের ক্যানসারের মতো পরিবর্তন (OSC সন্দেহ),urgent
oral_0_008885.jpg,0,oral_scc,oral_scc,মুখের ক্যানসারের মতো পরিবর্তন (OSC সন্দেহ),urgent
oral_0_008886.jpg,0,oral_scc,oral_scc,মুখের ক্যানসারের মতো পরিবর্তন (OSC সন্দেহ),urgent
oral_1_008887.jpg,1,oral_normal,oral_normal,স্বাভাবিক মুখের ভেতর,routine
oral_1_008888.jpg,1,oral_normal,oral_normal,স্বাভাবিক মুখের ভেতর,routine
oral_0_008889.jpg,0,oral_scc,oral_scc,মুখের ক্যানসারের মতো পরিবর্তন (OSC সন্দেহ),urgent
oral_0_008890.jpg,0,oral_scc,oral_scc,মুখের ক্যানসারের মতো পরিবর্তন (OSC সন্দেহ),urgent
oral_1_008891.jpg,1,oral_normal,oral_normal,স্বাভাবিক মুখের ভেতর,routine
oral_0_008892.jpg,0,oral_scc,oral_scc,মুখের ক্যানসারের মতো পরিবর্তন (OSC সন্দেহ),urgent
oral_0_008893.jpg,0,oral_scc,oral_scc,মুখের ক্যানসারের মতো পরিবর্তন (OSC সন্দেহ),urgent
oral_0_008894.jpg,0,oral_scc,oral_scc,মুখের ক্যানসারের মতো পরিবর্তন (OSC সন্দেহ),urgent
oral_1_008895.jpg,1,oral_normal,oral_normal,স্বাভাবিক মুখের ভেতর,routine
oral_0_008896.jpg,0,oral_scc,oral_scc,মুখের ক্যানসারের মতো পরিবর্তন (OSC সন্দেহ),urgent
oral_1_008897.jpg,1,oral_normal,oral_normal,স্বাভাবিক মুখের ভেতর,routine
oral_1_008898.jpg,1,oral_normal,oral_normal,স্বাভাবিক মুখের ভেতর,routine
oral_1_008899.jpg,1,oral_normal,oral_normal,স্বাভাবিক মুখের ভেতর,routine
oral_0_008900.jpg,0,oral_scc,oral_scc,মুখের ক্যানসারের মতো পরিবর্তন (OSC সন্দেহ),urgent
oral_0_008901.jpg,0,oral_scc,oral_scc,মুখের ক্যানসারের মতো পরিবর্তন (OSC সন্দেহ),urgent
oral_0_008902.jpg,0,oral_scc,oral_scc,মুখের ক্যানসারের মতো পরিবর্তন (OSC সন্দেহ),urgent
oral_1_008903.jpg,1,oral_normal,oral_normal,স্বাভাবিক মুখের ভেতর,routine
oral_1_008904.jpg,1,oral_normal,oral_normal,স্বাভাবিক মুখের ভেতর,routine
oral_0_008905.jpg,0,oral_scc,oral_scc,মুখের ক্যানসারের মতো পরিবর্তন (OSC সন্দেহ),urgent
oral_1_008906.jpg,1,oral_normal,oral_normal,স্বাভাবিক মুখের ভেতর,routine
oral_0_008907.jpg,0,oral_scc,oral_scc,মুখের ক্যানসারের মতো পরিবর্তন (OSC সন্দেহ),urgent
oral_0_008908.jpg,0,oral_scc,oral_scc,মুখের ক্যানসারের মতো পরিবর্তন (OSC সন্দেহ),urgent
oral_0_008909.jpg,0,oral_scc,oral_scc,মুখের ক্যানসারের মতো পরিবর্তন (OSC সন্দেহ),urgent
oral_1_008910.jpg,1,oral_normal,oral_normal,স্বাভাবিক মুখের ভেতর,routine
oral_0_008911.jpg,0,oral_scc,oral_scc,মুখের ক্যানসারের মতো পরিবর্তন (OSC সন্দেহ),urgent
oral_0_008912.jpg,0,oral_scc,oral_scc,মুখের ক্যানসারের মতো পরিবর্তন (OSC সন্দেহ),urgent
oral_1_008913.jpg,1,oral_normal,oral_normal,স্বাভাবিক মুখের ভেতর,routine
oral_1_008914.jpg,1,oral_normal,oral_normal,স্বাভাবিক মুখের ভেতর,routine
oral_1_008915.jpg,1,oral_normal,oral_normal,স্বাভাবিক মুখের ভেতর,routine
oral_0_008916.jpg,0,oral_scc,oral_scc,মুখের ক্যানসারের মতো পরিবর্তন (OSC সন্দেহ),urgent
oral_1_008917.jpg,1,oral_normal,oral_normal,স্বাভাবিক মুখের ভেতর,routine
oral_1_008918.jpg,1,oral_normal,oral_normal,স্বাভাবিক মুখের ভেতর,routine
oral_1_008919.jpg,1,oral_normal,oral_normal,স্বাভাবিক মুখের ভেতর,routine
oral_1_008920.jpg,1,oral_normal,oral_normal,স্বাভাবিক মুখের ভেতর,routine
oral_0_008921.jpg,0,oral_scc,oral_scc,মুখের ক্যানসারের মতো পরিবর্তন (OSC সন্দেহ),urgent
oral_0_008922.jpg,0,oral_scc,oral_scc,মুখের ক্যানসারের মতো পরিবর্তন (OSC সন্দেহ),urgent
oral_1_008923.jpg,1,oral_normal,oral_normal,স্বাভাবিক মুখের ভেতর,routine
oral_1_008924.jpg,1,oral_normal,oral_normal,স্বাভাবিক মুখের ভেতর,routine
oral_1_008925.jpg,1,oral_normal,oral_normal,স্বাভাবিক মুখের ভেতর,routine
oral_0_008926.jpg,0,oral_scc,oral_scc,মুখের ক্যানসারের মতো পরিবর্তন (OSC সন্দেহ),urgent
oral_1_008927.jpg,1,oral_normal,oral_normal,স্বাভাবিক মুখের ভেতর,routine
oral_0_008928.jpg,0,oral_scc,oral_scc,মুখের ক্যানসারের মতো পরিবর্তন (OSC সন্দেহ),urgent
oral_1_008929.jpg,1,oral_normal,oral_normal,স্বাভাবিক মুখের ভেতর,routine
oral_0_008930.jpg,0,oral_scc,oral_scc,মুখের ক্যানসারের মতো পরিবর্তন (OSC সন্দেহ),urgent
oral_1_008931.jpg,1,oral_normal,oral_normal,স্বাভাবিক মুখের ভেতর,routine
oral_0_008932.jpg,0,oral_scc,oral_scc,মুখের ক্যানসারের মতো পরিবর্তন (OSC সন্দেহ),urgent
oral_1_008933.jpg,1,oral_normal,oral_normal,স্বাভাবিক মুখের ভেতর,routine
oral_1_008934.jpg,1,oral_normal,oral_normal,স্বাভাবিক মুখের ভেতর,routine
oral_0_008935.jpg,0,oral_scc,oral_scc,মুখের ক্যানসারের মতো পরিবর্তন (OSC সন্দেহ),urgent
oral_0_008936.jpg,0,oral_scc,oral_scc,মুখের ক্যানসারের মতো পরিবর্তন (OSC সন্দেহ),urgent
oral_0_008937.jpg,0,oral_scc,oral_scc,মুখের ক্যানসারের মতো পরিবর্তন (OSC সন্দেহ),urgent
oral_0_008938.jpg,0,oral_scc,oral_scc,মুখের ক্যানসারের মতো পরিবর্তন (OSC সন্দেহ),urgent
oral_0_008939.jpg,0,oral_scc,oral_scc,মুখের ক্যানসারের মতো পরিবর্তন (OSC সন্দেহ),urgent
oral_1_008940.jpg,1,oral_normal,oral_normal,স্বাভাবিক মুখের ভেতর,routine
oral_0_008941.jpg,0,oral_scc,oral_scc,মুখের ক্যানসারের মতো পরিবর্তন (OSC সন্দেহ),urgent
oral_1_008942.jpg,1,oral_normal,oral_normal,স্বাভাবিক মুখের ভেতর,routine
oral_0_008943.jpg,0,oral_scc,oral_scc,মুখের ক্যানসারের মতো পরিবর্তন (OSC সন্দেহ),urgent
oral_1_008944.jpg,1,oral_normal,oral_normal,স্বাভাবিক মুখের ভেতর,routine
oral_0_008945.jpg,0,oral_scc,oral_scc,মুখের ক্যানসারের মতো পরিবর্তন (OSC সন্দেহ),urgent
oral_0_008946.jpg,0,oral_scc,oral_scc,মুখের ক্যানসারের মতো পরিবর্তন (OSC সন্দেহ),urgent
oral_1_008947.jpg,1,oral_normal,oral_normal,স্বাভাবিক মুখের ভেতর,routine
oral_0_008948.jpg,0,oral_scc,oral_scc,মুখের ক্যানসারের মতো পরিবর্তন (OSC সন্দেহ),urgent
oral_0_008949.jpg,0,oral_scc,oral_scc,মুখের ক্যানসারের মতো পরিবর্তন (OSC সন্দেহ),urgent
oral_0_008950.jpg,0,oral_scc,oral_scc,মুখের ক্যানসারের মতো পরিবর্তন (OSC সন্দেহ),urgent
oral_0_008951.jpg,0,oral_scc,oral_scc,মুখের ক্যানসারের মতো পরিবর্তন (OSC সন্দেহ),urgent
oral_0_008952.jpg,0,oral_scc,oral_scc,মুখের ক্যানসারের মতো পরিবর্তন (OSC সন্দেহ),urgent
oral_0_008953.jpg,0,oral_scc,oral_scc,মুখের ক্যানসারের মতো পরিবর্তন (OSC সন্দেহ),urgent
oral_0_008954.jpg,0,oral_scc,oral_scc,মুখের ক্যানসারের মতো পরিবর্তন (OSC সন্দেহ),urgent
oral_1_008955.jpg,1,oral_normal,oral_normal,স্বাভাবিক মুখের ভেতর,routine
oral_0_008956.jpg,0,oral_scc,oral_scc,মুখের ক্যানসারের মতো পরিবর্তন (OSC সন্দেহ),urgent
oral_0_008957.jpg,0,oral_scc,oral_scc,মুখের ক্যানসারের মতো পরিবর্তন (OSC সন্দেহ),urgent
oral_1_008958.jpg,1,oral_normal,oral_normal,স্বাভাবিক মুখের ভেতর,routine
oral_1_008959.jpg,1,oral_normal,oral_normal,স্বাভাবিক মুখের ভেতর,routine
oral_1_008960.jpg,1,oral_normal,oral_normal,স্বাভাবিক মুখের ভেতর,routine
oral_0_008961.jpg,0,oral_scc,oral_scc,মুখের ক্যানসারের মতো পরিবর্তন (OSC সন্দেহ),urgent
oral_1_008962.jpg,1,oral_normal,oral_normal,স্বাভাবিক মুখের ভেতর,routine
oral_1_008963.jpg,1,oral_normal,oral_normal,স্বাভাবিক মুখের ভেতর,routine
oral_1_008964.jpg,1,oral_normal,oral_normal,স্বাভাবিক মুখের ভেতর,routine
oral_1_008965.jpg,1,oral_normal,oral_normal,স্বাভাবিক মুখের ভেতর,routine
oral_1_008966.jpg,1,oral_normal,oral_normal,স্বাভাবিক মুখের ভেতর,routine
oral_0_008967.jpg,0,oral_scc,oral_scc,মুখের ক্যানসারের মতো পরিবর্তন (OSC সন্দেহ),urgent
oral_1_008968.jpg,1,oral_normal,oral_normal,স্বাভাবিক মুখের ভেতর,routine
oral_1_008969.jpg,1,oral_normal,oral_normal,স্বাভাবিক মুখের ভেতর,routine
oral_1_008970.jpg,1,oral_normal,oral_normal,স্বাভাবিক মুখের ভেতর,routine
oral_0_008971.jpg,0,oral_scc,oral_scc,মুখের ক্যানসারের মতো পরিবর্তন (OSC সন্দেহ),urgent
oral_0_008972.jpg,0,oral_scc,oral_scc,মুখের ক্যানসারের মতো পরিবর্তন (OSC সন্দেহ),urgent
oral_1_008973.jpg,1,oral_normal,oral_normal,স্বাভাবিক মুখের ভেতর,routine
oral_0_008974.jpg,0,oral_scc,oral_scc,মুখের ক্যানসারের মতো পরিবর্তন (OSC সন্দেহ),urgent
oral_0_008975.jpg,0,oral_scc,oral_scc,মুখের ক্যানসারের মতো পরিবর্তন (OSC সন্দেহ),urgent
oral_1_008976.jpg,1,oral_normal,oral_normal,স্বাভাবিক মুখের ভেতর,routine
oral_1_008977.jpg,1,oral_normal,oral_normal,স্বাভাবিক মুখের ভেতর,routine
oral_0_008978.jpg,0,oral_scc,oral_scc,মুখের ক্যানসারের মতো পরিবর্তন (OSC সন্দেহ),urgent
oral_1_008979.jpg,1,oral_normal,oral_normal,স্বাভাবিক মুখের ভেতর,routine
oral_1_008980.jpg,1,oral_normal,oral_normal,স্বাভাবিক মুখের ভেতর,routine
oral_1_008981.jpg,1,oral_normal,oral_normal,স্বাভাবিক মুখের ভেতর,routine
oral_1_008982.jpg,1,oral_normal,oral_normal,স্বাভাবিক মুখের ভেতর,routine
oral_0_008983.jpg,0,oral_scc,oral_scc,মুখের ক্যানসারের মতো পরিবর্তন (OSC সন্দেহ),urgent
oral_0_008984.jpg,0,oral_scc,oral_scc,মুখের ক্যানসারের মতো পরিবর্তন (OSC সন্দেহ),urgent
oral_0_008985.jpg,0,oral_scc,oral_scc,মুখের ক্যানসারের মতো পরিবর্তন (OSC সন্দেহ),urgent
oral_0_008986.jpg,0,oral_scc,oral_scc,মুখের ক্যানসারের মতো পরিবর্তন (OSC সন্দেহ),urgent
oral_1_008987.jpg,1,oral_normal,oral_normal,স্বাভাবিক মুখের ভেতর,routine
oral_1_008988.jpg,1,oral_normal,oral_normal,স্বাভাবিক মুখের ভেতর,routine
oral_1_008989.jpg,1,oral_normal,oral_normal,স্বাভাবিক মুখের ভেতর,routine
oral_1_008990.jpg,1,oral_normal,oral_normal,স্বাভাবিক মুখের ভেতর,routine
oral_1_008991.jpg,1,oral_normal,oral_normal,স্বাভাবিক মুখের ভেতর,routine
oral_0_008992.jpg,0,oral_scc,oral_scc,মুখের ক্যানসারের মতো পরিবর্তন (OSC সন্দেহ),urgent
oral_1_008993.jpg,1,oral_normal,oral_normal,স্বাভাবিক মুখের ভেতর,routine
oral_0_008994.jpg,0,oral_scc,oral_scc,মুখের ক্যানসারের মতো পরিবর্তন (OSC সন্দেহ),urgent
oral_0_008995.jpg,0,oral_scc,oral_scc,মুখের ক্যানসারের মতো পরিবর্তন (OSC সন্দেহ),urgent
oral_0_008996.jpg,0,oral_scc,oral_scc,মুখের ক্যানসারের মতো পরিবর্তন (OSC সন্দেহ),urgent
oral_0_008997.jpg,0,oral_scc,oral_scc,মুখের ক্যানসারের মতো পরিবর্তন (OSC সন্দেহ),urgent
oral_1_008998.jpg,1,oral_normal,oral_normal,স্বাভাবিক মুখের ভেতর,routine
oral_0_008999.jpg,0,oral_scc,oral_scc,মুখের ক্যানসারের মতো পরিবর্তন (OSC সন্দেহ),urgent
oral_0_009000.jpg,0,oral_scc,oral_scc,মুখের ক্যানসারের মতো পরিবর্তন (OSC সন্দেহ),urgent
oral_1_009001.jpg,1,oral_normal,oral_normal,স্বাভাবিক মুখের ভেতর,routine
oral_0_009002.jpg,0,oral_scc,oral_scc,মুখের ক্যানসারের মতো পরিবর্তন (OSC সন্দেহ),urgent
oral_1_009003.jpg,1,oral_normal,oral_normal,স্বাভাবিক মুখের ভেতর,routine
oral_1_009004.jpg,1,oral_normal,oral_normal,স্বাভাবিক মুখের ভেতর,routine
oral_1_009005.jpg,1,oral_normal,oral_normal,স্বাভাবিক মুখের ভেতর,routine
oral_0_009006.jpg,0,oral_scc,oral_scc,মুখের ক্যানসারের মতো পরিবর্তন (OSC সন্দেহ),urgent
oral_1_009007.jpg,1,oral_normal,oral_normal,স্বাভাবিক মুখের ভেতর,routine
oral_0_009008.jpg,0,oral_scc,oral_scc,মুখের ক্যানসারের মতো পরিবর্তন (OSC সন্দেহ),urgent
oral_1_009009.jpg,1,oral_normal,oral_normal,স্বাভাবিক মুখের ভেতর,routine
oral_0_009010.jpg,0,oral_scc,oral_scc,মুখের ক্যানসারের মতো পরিবর্তন (OSC সন্দেহ),urgent
oral_1_009011.jpg,1,oral_normal,oral_normal,স্বাভাবিক মুখের ভেতর,routine
oral_0_009012.jpg,0,oral_scc,oral_scc,মুখের ক্যানসারের মতো পরিবর্তন (OSC সন্দেহ),urgent
oral_1_009013.jpg,1,oral_normal,oral_normal,স্বাভাবিক মুখের ভেতর,routine
oral_0_009014.jpg,0,oral_scc,oral_scc,মুখের ক্যানসারের মতো পরিবর্তন (OSC সন্দেহ),urgent
oral_1_009015.jpg,1,oral_normal,oral_normal,স্বাভাবিক মুখের ভেতর,routine
oral_0_009016.jpg,0,oral_scc,oral_scc,মুখের ক্যানসারের মতো পরিবর্তন (OSC সন্দেহ),urgent
oral_1_009017.jpg,1,oral_normal,oral_normal,স্বাভাবিক মুখের ভেতর,routine
oral_1_009018.jpg,1,oral_normal,oral_normal,স্বাভাবিক মুখের ভেতর,routine
oral_0_009019.jpg,0,oral_scc,oral_scc,মুখের ক্যানসারের মতো পরিবর্তন (OSC সন্দেহ),urgent
oral_0_009020.jpg,0,oral_scc,oral_scc,মুখের ক্যানসারের মতো পরিবর্তন (OSC সন্দেহ),urgent
oral_1_009021.jpg,1,oral_normal,oral_normal,স্বাভাবিক মুখের ভেতর,routine
oral_1_009022.jpg,1,oral_normal,oral_normal,স্বাভাবিক মুখের ভেতর,routine
oral_0_009023.jpg,0,oral_scc,oral_scc,মুখের ক্যানসারের মতো পরিবর্তন (OSC সন্দেহ),urgent
oral_1_009024.jpg,1,oral_normal,oral_normal,স্বাভাবিক মুখের ভেতর,routine
oral_0_009025.jpg,0,oral_scc,oral_scc,মুখের ক্যানসারের মতো পরিবর্তন (OSC সন্দেহ),urgent
oral_1_009026.jpg,1,oral_normal,oral_normal,স্বাভাবিক মুখের ভেতর,routine
oral_0_009027.jpg,0,oral_scc,oral_scc,মুখের ক্যানসারের মতো পরিবর্তন (OSC সন্দেহ),urgent
oral_0_009028.jpg,0,oral_scc,oral_scc,মুখের ক্যানসারের মতো পরিবর্তন (OSC সন্দেহ),urgent
oral_0_009029.jpg,0,oral_scc,oral_scc,মুখের ক্যানসারের মতো পরিবর্তন (OSC সন্দেহ),urgent
oral_1_009030.jpg,1,oral_normal,oral_normal,স্বাভাবিক মুখের ভেতর,routine
oral_1_009031.jpg,1,oral_normal,oral_normal,স্বাভাবিক মুখের ভেতর,routine
oral_0_009032.jpg,0,oral_scc,oral_scc,মুখের ক্যানসারের মতো পরিবর্তন (OSC সন্দেহ),urgent
oral_1_009033.jpg,1,oral_normal,oral_normal,স্বাভাবিক মুখের ভেতর,routine
oral_0_009034.jpg,0,oral_scc,oral_scc,মুখের ক্যানসারের মতো পরিবর্তন (OSC সন্দেহ),urgent
oral_1_009035.jpg,1,oral_normal,oral_normal,স্বাভাবিক মুখের ভেতর,routine
oral_1_009036.jpg,1,oral_normal,oral_normal,স্বাভাবিক মুখের ভেতর,routine
oral_1_009037.jpg,1,oral_normal,oral_normal,স্বাভাবিক মুখের ভেতর,routine
oral_1_009038.jpg,1,oral_normal,oral_normal,স্বাভাবিক মুখের ভেতর,routine
oral_0_009039.jpg,0,oral_scc,oral_scc,মুখের ক্যানসারের মতো পরিবর্তন (OSC সন্দেহ),urgent
oral_1_009040.jpg,1,oral_normal,oral_normal,স্বাভাবিক মুখের ভেতর,routine
oral_1_009041.jpg,1,oral_normal,oral_normal,স্বাভাবিক মুখের ভেতর,routine
oral_1_009042.jpg,1,oral_normal,oral_normal,স্বাভাবিক মুখের ভেতর,routine
oral_1_009043.jpg,1,oral_normal,oral_normal,স্বাভাবিক মুখের ভেতর,routine
oral_1_009044.jpg,1,oral_normal,oral_normal,স্বাভাবিক মুখের ভেতর,routine
oral_1_009045.jpg,1,oral_normal,oral_normal,স্বাভাবিক মুখের ভেতর,routine
oral_0_009046.jpg,0,oral_scc,oral_scc,মুখের ক্যানসারের মতো পরিবর্তন (OSC সন্দেহ),urgent
oral_1_009047.jpg,1,oral_normal,oral_normal,স্বাভাবিক মুখের ভেতর,routine
oral_0_009048.jpg,0,oral_scc,oral_scc,মুখের ক্যানসারের মতো পরিবর্তন (OSC সন্দেহ),urgent
oral_1_009049.jpg,1,oral_normal,oral_normal,স্বাভাবিক মুখের ভেতর,routine
oral_0_009050.jpg,0,oral_scc,oral_scc,মুখের ক্যানসারের মতো পরিবর্তন (OSC সন্দেহ),urgent
oral_0_009051.jpg,0,oral_scc,oral_scc,মুখের ক্যানসারের মতো পরিবর্তন (OSC সন্দেহ),urgent
oral_1_009052.jpg,1,oral_normal,oral_normal,স্বাভাবিক মুখের ভেতর,routine
oral_0_009053.jpg,0,oral_scc,oral_scc,মুখের ক্যানসারের মতো পরিবর্তন (OSC সন্দেহ),urgent
oral_0_009054.jpg,0,oral_scc,oral_scc,মুখের ক্যানসারের মতো পরিবর্তন (OSC সন্দেহ),urgent
oral_1_009055.jpg,1,oral_normal,oral_normal,স্বাভাবিক মুখের ভেতর,routine
oral_0_009056.jpg,0,oral_scc,oral_scc,মুখের ক্যানসারের মতো পরিবর্তন (OSC সন্দেহ),urgent
oral_1_009057.jpg,1,oral_normal,oral_normal,স্বাভাবিক মুখের ভেতর,routine
oral_0_009058.jpg,0,oral_scc,oral_scc,মুখের ক্যানসারের মতো পরিবর্তন (OSC সন্দেহ),urgent
oral_0_009059.jpg,0,oral_scc,oral_scc,মুখের ক্যানসারের মতো পরিবর্তন (OSC সন্দেহ),urgent
oral_0_009060.jpg,0,oral_scc,oral_scc,মুখের ক্যানসারের মতো পরিবর্তন (OSC সন্দেহ),urgent
oral_1_009061.jpg,1,oral_normal,oral_normal,স্বাভাবিক মুখের ভেতর,routine
oral_1_009062.jpg,1,oral_normal,oral_normal,স্বাভাবিক মুখের ভেতর,routine
oral_0_009063.jpg,0,oral_scc,oral_scc,মুখের ক্যানসারের মতো পরিবর্তন (OSC সন্দেহ),urgent
oral_1_009064.jpg,1,oral_normal,oral_normal,স্বাভাবিক মুখের ভেতর,routine
oral_1_009065.jpg,1,oral_normal,oral_normal,স্বাভাবিক মুখের ভেতর,routine
oral_0_009066.jpg,0,oral_scc,oral_scc,মুখের ক্যানসারের মতো পরিবর্তন (OSC সন্দেহ),urgent
oral_0_009067.jpg,0,oral_scc,oral_scc,মুখের ক্যানসারের মতো পরিবর্তন (OSC সন্দেহ),urgent
oral_1_009068.jpg,1,oral_normal,oral_normal,স্বাভাবিক মুখের ভেতর,routine
oral_0_009069.jpg,0,oral_scc,oral_scc,মুখের ক্যানসারের মতো পরিবর্তন (OSC সন্দেহ),urgent
oral_1_009070.jpg,1,oral_normal,oral_normal,স্বাভাবিক মুখের ভেতর,routine
oral_1_009071.jpg,1,oral_normal,oral_normal,স্বাভাবিক মুখের ভেতর,routine
oral_0_009072.jpg,0,oral_scc,oral_scc,মুখের ক্যানসারের মতো পরিবর্তন (OSC সন্দেহ),urgent
oral_0_009073.jpg,0,oral_scc,oral_scc,মুখের ক্যানসারের মতো পরিবর্তন (OSC সন্দেহ),urgent
oral_1_009074.jpg,1,oral_normal,oral_normal,স্বাভাবিক মুখের ভেতর,routine
oral_1_009075.jpg,1,oral_normal,oral_normal,স্বাভাবিক মুখের ভেতর,routine
oral_0_009076.jpg,0,oral_scc,oral_scc,মুখের ক্যানসারের মতো পরিবর্তন (OSC সন্দেহ),urgent
oral_1_009077.jpg,1,oral_normal,oral_normal,স্বাভাবিক মুখের ভেতর,routine
oral_0_009078.jpg,0,oral_scc,oral_scc,মুখের ক্যানসারের মতো পরিবর্তন (OSC সন্দেহ),urgent
oral_0_009079.jpg,0,oral_scc,oral_scc,মুখের ক্যানসারের মতো পরিবর্তন (OSC সন্দেহ),urgent
oral_0_009080.jpg,0,oral_scc,oral_scc,মুখের ক্যানসারের মতো পরিবর্তন (OSC সন্দেহ),urgent
oral_0_009081.jpg,0,oral_scc,oral_scc,মুখের ক্যানসারের মতো পরিবর্তন (OSC সন্দেহ),urgent
oral_0_009082.jpg,0,oral_scc,oral_scc,মুখের ক্যানসারের মতো পরিবর্তন (OSC সন্দেহ),urgent
oral_0_009083.jpg,0,oral_scc,oral_scc,মুখের ক্যানসারের মতো পরিবর্তন (OSC সন্দেহ),urgent
oral_0_009084.jpg,0,oral_scc,oral_scc,মুখের ক্যানসারের মতো পরিবর্তন (OSC সন্দেহ),urgent
oral_1_009085.jpg,1,oral_normal,oral_normal,স্বাভাবিক মুখের ভেতর,routine
oral_1_009086.jpg,1,oral_normal,oral_normal,স্বাভাবিক মুখের ভেতর,routine
oral_0_009087.jpg,0,oral_scc,oral_scc,মুখের ক্যানসারের মতো পরিবর্তন (OSC সন্দেহ),urgent
oral_1_009088.jpg,1,oral_normal,oral_normal,স্বাভাবিক মুখের ভেতর,routine
oral_1_009089.jpg,1,oral_normal,oral_normal,স্বাভাবিক মুখের ভেতর,routine
oral_0_009090.jpg,0,oral_scc,oral_scc,মুখের ক্যানসারের মতো পরিবর্তন (OSC সন্দেহ),urgent
oral_0_009091.jpg,0,oral_scc,oral_scc,মুখের ক্যানসারের মতো পরিবর্তন (OSC সন্দেহ),urgent
oral_1_009092.jpg,1,oral_normal,oral_normal,স্বাভাবিক মুখের ভেতর,routine
oral_0_009093.jpg,0,oral_scc,oral_scc,মুখের ক্যানসারের মতো পরিবর্তন (OSC সন্দেহ),urgent
oral_1_009094.jpg,1,oral_normal,oral_normal,স্বাভাবিক মুখের ভেতর,routine
oral_1_009095.jpg,1,oral_normal,oral_normal,স্বাভাবিক মুখের ভেতর,routine
oral_0_009096.jpg,0,oral_scc,oral_scc,মুখের ক্যানসারের মতো পরিবর্তন (OSC সন্দেহ),urgent
oral_0_009097.jpg,0,oral_scc,oral_scc,মুখের ক্যানসারের মতো পরিবর্তন (OSC সন্দেহ),urgent
oral_0_009098.jpg,0,oral_scc,oral_scc,মুখের ক্যানসারের মতো পরিবর্তন (OSC সন্দেহ),urgent
oral_1_009099.jpg,1,oral_normal,oral_normal,স্বাভাবিক মুখের ভেতর,routine
oral_1_009100.jpg,1,oral_normal,oral_normal,স্বাভাবিক মুখের ভেতর,routine
oral_0_009101.jpg,0,oral_scc,oral_scc,মুখের ক্যানসারের মতো পরিবর্তন (OSC সন্দেহ),urgent
oral_1_009102.jpg,1,oral_normal,oral_normal,স্বাভাবিক মুখের ভেতর,routine
oral_0_009103.jpg,0,oral_scc,oral_scc,মুখের ক্যানসারের মতো পরিবর্তন (OSC সন্দেহ),urgent
oral_0_009104.jpg,0,oral_scc,oral_scc,মুখের ক্যানসারের মতো পরিবর্তন (OSC সন্দেহ),urgent
oral_0_009105.jpg,0,oral_scc,oral_scc,মুখের ক্যানসারের মতো পরিবর্তন (OSC সন্দেহ),urgent
oral_0_009106.jpg,0,oral_scc,oral_scc,মুখের ক্যানসারের মতো পরিবর্তন (OSC সন্দেহ),urgent
oral_1_009107.jpg,1,oral_normal,oral_normal,স্বাভাবিক মুখের ভেতর,routine
oral_1_009108.jpg,1,oral_normal,oral_normal,স্বাভাবিক মুখের ভেতর,routine
oral_1_009109.jpg,1,oral_normal,oral_normal,স্বাভাবিক মুখের ভেতর,routine
oral_1_009110.jpg,1,oral_normal,oral_normal,স্বাভাবিক মুখের ভেতর,routine
oral_1_009111.jpg,1,oral_normal,oral_normal,স্বাভাবিক মুখের ভেতর,routine
oral_0_009112.jpg,0,oral_scc,oral_scc,মুখের ক্যানসারের মতো পরিবর্তন (OSC সন্দেহ),urgent
oral_1_009113.jpg,1,oral_normal,oral_normal,স্বাভাবিক মুখের ভেতর,routine
oral_0_009114.jpg,0,oral_scc,oral_scc,মুখের ক্যানসারের মতো পরিবর্তন (OSC সন্দেহ),urgent
oral_1_009115.jpg,1,oral_normal,oral_normal,স্বাভাবিক মুখের ভেতর,routine
oral_0_009116.jpg,0,oral_scc,oral_scc,মুখের ক্যানসারের মতো পরিবর্তন (OSC সন্দেহ),urgent
oral_1_009117.jpg,1,oral_normal,oral_normal,স্বাভাবিক মুখের ভেতর,routine
oral_1_009118.jpg,1,oral_normal,oral_normal,স্বাভাবিক মুখের ভেতর,routine
oral_1_009119.jpg,1,oral_normal,oral_normal,স্বাভাবিক মুখের ভেতর,routine
oral_1_009120.jpg,1,oral_normal,oral_normal,স্বাভাবিক মুখের ভেতর,routine
oral_0_009121.jpg,0,oral_scc,oral_scc,মুখের ক্যানসারের মতো পরিবর্তন (OSC সন্দেহ),urgent
oral_0_009122.jpg,0,oral_scc,oral_scc,মুখের ক্যানসারের মতো পরিবর্তন (OSC সন্দেহ),urgent
oral_0_009123.jpg,0,oral_scc,oral_scc,মুখের ক্যানসারের মতো পরিবর্তন (OSC সন্দেহ),urgent
oral_0_009124.jpg,0,oral_scc,oral_scc,মুখের ক্যানসারের মতো পরিবর্তন (OSC সন্দেহ),urgent
oral_0_009125.jpg,0,oral_scc,oral_scc,মুখের ক্যানসারের মতো পরিবর্তন (OSC সন্দেহ),urgent
oral_1_009126.jpg,1,oral_normal,oral_normal,স্বাভাবিক মুখের ভেতর,routine
oral_1_009127.jpg,1,oral_normal,oral_normal,স্বাভাবিক মুখের ভেতর,routine
oral_1_009128.jpg,1,oral_normal,oral_normal,স্বাভাবিক মুখের ভেতর,routine
oral_1_009129.jpg,1,oral_normal,oral_normal,স্বাভাবিক মুখের ভেতর,routine
oral_0_009130.jpg,0,oral_scc,oral_scc,মুখের ক্যানসারের মতো পরিবর্তন (OSC সন্দেহ),urgent
oral_0_009131.jpg,0,oral_scc,oral_scc,মুখের ক্যানসারের মতো পরিবর্তন (OSC সন্দেহ),urgent
oral_1_009132.jpg,1,oral_normal,oral_normal,স্বাভাবিক মুখের ভেতর,routine
oral_0_009133.jpg,0,oral_scc,oral_scc,মুখের ক্যানসারের মতো পরিবর্তন (OSC সন্দেহ),urgent
oral_0_009134.jpg,0,oral_scc,oral_scc,মুখের ক্যানসারের মতো পরিবর্তন (OSC সন্দেহ),urgent
oral_1_009135.jpg,1,oral_normal,oral_normal,স্বাভাবিক মুখের ভেতর,routine
oral_1_009136.jpg,1,oral_normal,oral_normal,স্বাভাবিক মুখের ভেতর,routine
oral_0_009137.jpg,0,oral_scc,oral_scc,মুখের ক্যানসারের মতো পরিবর্তন (OSC সন্দেহ),urgent
oral_1_009138.jpg,1,oral_normal,oral_normal,স্বাভাবিক মুখের ভেতর,routine
oral_1_009139.jpg,1,oral_normal,oral_normal,স্বাভাবিক মুখের ভেতর,routine
oral_1_009140.jpg,1,oral_normal,oral_normal,স্বাভাবিক মুখের ভেতর,routine
oral_1_009141.jpg,1,oral_normal,oral_normal,স্বাভাবিক মুখের ভেতর,routine
oral_1_009142.jpg,1,oral_normal,oral_normal,স্বাভাবিক মুখের ভেতর,routine
oral_1_009143.jpg,1,oral_normal,oral_normal,স্বাভাবিক মুখের ভেতর,routine
oral_1_009144.jpg,1,oral_normal,oral_normal,স্বাভাবিক মুখের ভেতর,routine
oral_0_009145.jpg,0,oral_scc,oral_scc,মুখের ক্যানসারের মতো পরিবর্তন (OSC সন্দেহ),urgent
oral_1_009146.jpg,1,oral_normal,oral_normal,স্বাভাবিক মুখের ভেতর,routine
oral_1_009147.jpg,1,oral_normal,oral_normal,স্বাভাবিক মুখের ভেতর,routine
oral_1_009148.jpg,1,oral_normal,oral_normal,স্বাভাবিক মুখের ভেতর,routine
oral_1_009149.jpg,1,oral_normal,oral_normal,স্বাভাবিক মুখের ভেতর,routine
oral_0_009150.jpg,0,oral_scc,oral_scc,মুখের ক্যানসারের মতো পরিবর্তন (OSC সন্দেহ),urgent
oral_0_009151.jpg,0,oral_scc,oral_scc,মুখের ক্যানসারের মতো পরিবর্তন (OSC সন্দেহ),urgent
oral_0_009152.jpg,0,oral_scc,oral_scc,মুখের ক্যানসারের মতো পরিবর্তন (OSC সন্দেহ),urgent
oral_0_009153.jpg,0,oral_scc,oral_scc,মুখের ক্যানসারের মতো পরিবর্তন (OSC সন্দেহ),urgent
oral_0_009154.jpg,0,oral_scc,oral_scc,মুখের ক্যানসারের মতো পরিবর্তন (OSC সন্দেহ),urgent
oral_0_009155.jpg,0,oral_scc,oral_scc,মুখের ক্যানসারের মতো পরিবর্তন (OSC সন্দেহ),urgent
oral_0_009156.jpg,0,oral_scc,oral_scc,মুখের ক্যানসারের মতো পরিবর্তন (OSC সন্দেহ),urgent
oral_0_009157.jpg,0,oral_scc,oral_scc,মুখের ক্যানসারের মতো পরিবর্তন (OSC সন্দেহ),urgent
oral_1_009158.jpg,1,oral_normal,oral_normal,স্বাভাবিক মুখের ভেতর,routine
oral_1_009159.jpg,1,oral_normal,oral_normal,স্বাভাবিক মুখের ভেতর,routine
oral_0_009160.jpg,0,oral_scc,oral_scc,মুখের ক্যানসারের মতো পরিবর্তন (OSC সন্দেহ),urgent
oral_1_009161.jpg,1,oral_normal,oral_normal,স্বাভাবিক মুখের ভেতর,routine
oral_1_009162.jpg,1,oral_normal,oral_normal,স্বাভাবিক মুখের ভেতর,routine
oral_0_009163.jpg,0,oral_scc,oral_scc,মুখের ক্যানসারের মতো পরিবর্তন (OSC সন্দেহ),urgent
oral_1_009164.jpg,1,oral_normal,oral_normal,স্বাভাবিক মুখের ভেতর,routine
oral_0_009165.jpg,0,oral_scc,oral_scc,মুখের ক্যানসারের মতো পরিবর্তন (OSC সন্দেহ),urgent
oral_0_009166.jpg,0,oral_scc,oral_scc,মুখের ক্যানসারের মতো পরিবর্তন (OSC সন্দেহ),urgent
oral_1_009167.jpg,1,oral_normal,oral_normal,স্বাভাবিক মুখের ভেতর,routine
oral_1_009168.jpg,1,oral_normal,oral_normal,স্বাভাবিক মুখের ভেতর,routine
oral_0_009169.jpg,0,oral_scc,oral_scc,মুখের ক্যানসারের মতো পরিবর্তন (OSC সন্দেহ),urgent
oral_0_009170.jpg,0,oral_scc,oral_scc,মুখের ক্যানসারের মতো পরিবর্তন (OSC সন্দেহ),urgent
oral_0_009171.jpg,0,oral_scc,oral_scc,মুখের ক্যানসারের মতো পরিবর্তন (OSC সন্দেহ),urgent
oral_0_009172.jpg,0,oral_scc,oral_scc,মুখের ক্যানসারের মতো পরিবর্তন (OSC সন্দেহ),urgent
oral_1_009173.jpg,1,oral_normal,oral_normal,স্বাভাবিক মুখের ভেতর,routine
oral_1_009174.jpg,1,oral_normal,oral_normal,স্বাভাবিক মুখের ভেতর,routine
oral_0_009175.jpg,0,oral_scc,oral_scc,মুখের ক্যানসারের মতো পরিবর্তন (OSC সন্দেহ),urgent
oral_1_009176.jpg,1,oral_normal,oral_normal,স্বাভাবিক মুখের ভেতর,routine
oral_1_009177.jpg,1,oral_normal,oral_normal,স্বাভাবিক মুখের ভেতর,routine
oral_0_009178.jpg,0,oral_scc,oral_scc,মুখের ক্যানসারের মতো পরিবর্তন (OSC সন্দেহ),urgent
oral_0_009179.jpg,0,oral_scc,oral_scc,মুখের ক্যানসারের মতো পরিবর্তন (OSC সন্দেহ),urgent
oral_1_009180.jpg,1,oral_normal,oral_normal,স্বাভাবিক মুখের ভেতর,routine
oral_0_009181.jpg,0,oral_scc,oral_scc,মুখের ক্যানসারের মতো পরিবর্তন (OSC সন্দেহ),urgent
oral_0_009182.jpg,0,oral_scc,oral_scc,মুখের ক্যানসারের মতো পরিবর্তন (OSC সন্দেহ),urgent
oral_0_009183.jpg,0,oral_scc,oral_scc,মুখের ক্যানসারের মতো পরিবর্তন (OSC সন্দেহ),urgent
oral_0_009184.jpg,0,oral_scc,oral_scc,মুখের ক্যানসারের মতো পরিবর্তন (OSC সন্দেহ),urgent
oral_0_009185.jpg,0,oral_scc,oral_scc,মুখের ক্যানসারের মতো পরিবর্তন (OSC সন্দেহ),urgent
oral_1_009186.jpg,1,oral_normal,oral_normal,স্বাভাবিক মুখের ভেতর,routine
oral_0_009187.jpg,0,oral_scc,oral_scc,মুখের ক্যানসারের মতো পরিবর্তন (OSC সন্দেহ),urgent
oral_1_009188.jpg,1,oral_normal,oral_normal,স্বাভাবিক মুখের ভেতর,routine
oral_0_009189.jpg,0,oral_scc,oral_scc,মুখের ক্যানসারের মতো পরিবর্তন (OSC সন্দেহ),urgent
oral_0_009190.jpg,0,oral_scc,oral_scc,মুখের ক্যানসারের মতো পরিবর্তন (OSC সন্দেহ),urgent
oral_1_009191.jpg,1,oral_normal,oral_normal,স্বাভাবিক মুখের ভেতর,routine
oral_0_009192.jpg,0,oral_scc,oral_scc,মুখের ক্যানসারের মতো পরিবর্তন (OSC সন্দেহ),urgent
oral_0_009193.jpg,0,oral_scc,oral_scc,মুখের ক্যানসারের মতো পরিবর্তন (OSC সন্দেহ),urgent
oral_1_009194.jpg,1,oral_normal,oral_normal,স্বাভাবিক মুখের ভেতর,routine
oral_1_009195.jpg,1,oral_normal,oral_normal,স্বাভাবিক মুখের ভেতর,routine
oral_0_009196.jpg,0,oral_scc,oral_scc,মুখের ক্যানসারের মতো পরিবর্তন (OSC সন্দেহ),urgent
oral_1_009197.jpg,1,oral_normal,oral_normal,স্বাভাবিক মুখের ভেতর,routine
oral_0_009198.jpg,0,oral_scc,oral_scc,মুখের ক্যানসারের মতো পরিবর্তন (OSC সন্দেহ),urgent
oral_1_009199.jpg,1,oral_normal,oral_normal,স্বাভাবিক মুখের ভেতর,routine
oral_1_009200.jpg,1,oral_normal,oral_normal,স্বাভাবিক মুখের ভেতর,routine
oral_1_009201.jpg,1,oral_normal,oral_normal,স্বাভাবিক মুখের ভেতর,routine
oral_0_009202.jpg,0,oral_scc,oral_scc,মুখের ক্যানসারের মতো পরিবর্তন (OSC সন্দেহ),urgent
oral_1_009203.jpg,1,oral_normal,oral_normal,স্বাভাবিক মুখের ভেতর,routine
oral_0_009204.jpg,0,oral_scc,oral_scc,মুখের ক্যানসারের মতো পরিবর্তন (OSC সন্দেহ),urgent
oral_1_009205.jpg,1,oral_normal,oral_normal,স্বাভাবিক মুখের ভেতর,routine
oral_1_009206.jpg,1,oral_normal,oral_normal,স্বাভাবিক মুখের ভেতর,routine
oral_0_009207.jpg,0,oral_scc,oral_scc,মুখের ক্যানসারের মতো পরিবর্তন (OSC সন্দেহ),urgent
oral_0_009208.jpg,0,oral_scc,oral_scc,মুখের ক্যানসারের মতো পরিবর্তন (OSC সন্দেহ),urgent
oral_1_009209.jpg,1,oral_normal,oral_normal,স্বাভাবিক মুখের ভেতর,routine
oral_1_009210.jpg,1,oral_normal,oral_normal,স্বাভাবিক মুখের ভেতর,routine
oral_0_009211.jpg,0,oral_scc,oral_scc,মুখের ক্যানসারের মতো পরিবর্তন (OSC সন্দেহ),urgent
oral_1_009212.jpg,1,oral_normal,oral_normal,স্বাভাবিক মুখের ভেতর,routine
oral_1_009213.jpg,1,oral_normal,oral_normal,স্বাভাবিক মুখের ভেতর,routine
oral_0_009214.jpg,0,oral_scc,oral_scc,মুখের ক্যানসারের মতো পরিবর্তন (OSC সন্দেহ),urgent
oral_1_009215.jpg,1,oral_normal,oral_normal,স্বাভাবিক মুখের ভেতর,routine
oral_1_009216.jpg,1,oral_normal,oral_normal,স্বাভাবিক মুখের ভেতর,routine
oral_0_009217.jpg,0,oral_scc,oral_scc,মুখের ক্যানসারের মতো পরিবর্তন (OSC সন্দেহ),urgent
oral_1_009218.jpg,1,oral_normal,oral_normal,স্বাভাবিক মুখের ভেতর,routine
oral_1_009219.jpg,1,oral_normal,oral_normal,স্বাভাবিক মুখের ভেতর,routine
oral_1_009220.jpg,1,oral_normal,oral_normal,স্বাভাবিক মুখের ভেতর,routine
oral_0_009221.jpg,0,oral_scc,oral_scc,মুখের ক্যানসারের মতো পরিবর্তন (OSC সন্দেহ),urgent
oral_1_009222.jpg,1,oral_normal,oral_normal,স্বাভাবিক মুখের ভেতর,routine
oral_0_009223.jpg,0,oral_scc,oral_scc,মুখের ক্যানসারের মতো পরিবর্তন (OSC সন্দেহ),urgent
oral_0_009224.jpg,0,oral_scc,oral_scc,মুখের ক্যানসারের মতো পরিবর্তন (OSC সন্দেহ),urgent
oral_1_009225.jpg,1,oral_normal,oral_normal,স্বাভাবিক মুখের ভেতর,routine
oral_0_009226.jpg,0,oral_scc,oral_scc,মুখের ক্যানসারের মতো পরিবর্তন (OSC সন্দেহ),urgent
oral_1_009227.jpg,1,oral_normal,oral_normal,স্বাভাবিক মুখের ভেতর,routine
oral_0_009228.jpg,0,oral_scc,oral_scc,মুখের ক্যানসারের মতো পরিবর্তন (OSC সন্দেহ),urgent
oral_0_009229.jpg,0,oral_scc,oral_scc,মুখের ক্যানসারের মতো পরিবর্তন (OSC সন্দেহ),urgent
oral_0_009230.jpg,0,oral_scc,oral_scc,মুখের ক্যানসারের মতো পরিবর্তন (OSC সন্দেহ),urgent
oral_1_009231.jpg,1,oral_normal,oral_normal,স্বাভাবিক মুখের ভেতর,routine
oral_1_009232.jpg,1,oral_normal,oral_normal,স্বাভাবিক মুখের ভেতর,routine
oral_1_009233.jpg,1,oral_normal,oral_normal,স্বাভাবিক মুখের ভেতর,routine
oral_1_009234.jpg,1,oral_normal,oral_normal,স্বাভাবিক মুখের ভেতর,routine
oral_0_009235.jpg,0,oral_scc,oral_scc,মুখের ক্যানসারের মতো পরিবর্তন (OSC সন্দেহ),urgent
oral_1_009236.jpg,1,oral_normal,oral_normal,স্বাভাবিক মুখের ভেতর,routine
oral_1_009237.jpg,1,oral_normal,oral_normal,স্বাভাবিক মুখের ভেতর,routine
oral_1_009238.jpg,1,oral_normal,oral_normal,স্বাভাবিক মুখের ভেতর,routine
oral_1_009239.jpg,1,oral_normal,oral_normal,স্বাভাবিক মুখের ভেতর,routine
oral_1_009240.jpg,1,oral_normal,oral_normal,স্বাভাবিক মুখের ভেতর,routine
oral_0_009241.jpg,0,oral_scc,oral_scc,মুখের ক্যানসারের মতো পরিবর্তন (OSC সন্দেহ),urgent
oral_1_009242.jpg,1,oral_normal,oral_normal,স্বাভাবিক মুখের ভেতর,routine
oral_0_009243.jpg,0,oral_scc,oral_scc,মুখের ক্যানসারের মতো পরিবর্তন (OSC সন্দেহ),urgent
oral_0_009244.jpg,0,oral_scc,oral_scc,মুখের ক্যানসারের মতো পরিবর্তন (OSC সন্দেহ),urgent
oral_0_009245.jpg,0,oral_scc,oral_scc,মুখের ক্যানসারের মতো পরিবর্তন (OSC সন্দেহ),urgent
oral_1_009246.jpg,1,oral_normal,oral_normal,স্বাভাবিক মুখের ভেতর,routine
oral_0_009247.jpg,0,oral_scc,oral_scc,মুখের ক্যানসারের মতো পরিবর্তন (OSC সন্দেহ),urgent
oral_1_009248.jpg,1,oral_normal,oral_normal,স্বাভাবিক মুখের ভেতর,routine
oral_0_009249.jpg,0,oral_scc,oral_scc,মুখের ক্যানসারের মতো পরিবর্তন (OSC সন্দেহ),urgent
oral_1_009250.jpg,1,oral_normal,oral_normal,স্বাভাবিক মুখের ভেতর,routine
oral_0_009251.jpg,0,oral_scc,oral_scc,মুখের ক্যানসারের মতো পরিবর্তন (OSC সন্দেহ),urgent
oral_1_009252.jpg,1,oral_normal,oral_normal,স্বাভাবিক মুখের ভেতর,routine
oral_1_009253.jpg,1,oral_normal,oral_normal,স্বাভাবিক মুখের ভেতর,routine
oral_0_009254.jpg,0,oral_scc,oral_scc,মুখের ক্যানসারের মতো পরিবর্তন (OSC সন্দেহ),urgent
oral_0_009255.jpg,0,oral_scc,oral_scc,মুখের ক্যানসারের মতো পরিবর্তন (OSC সন্দেহ),urgent
oral_0_009256.jpg,0,oral_scc,oral_scc,মুখের ক্যানসারের মতো পরিবর্তন (OSC সন্দেহ),urgent
oral_1_009257.jpg,1,oral_normal,oral_normal,স্বাভাবিক মুখের ভেতর,routine
oral_0_009258.jpg,0,oral_scc,oral_scc,মুখের ক্যানসারের মতো পরিবর্তন (OSC সন্দেহ),urgent
oral_0_009259.jpg,0,oral_scc,oral_scc,মুখের ক্যানসারের মতো পরিবর্তন (OSC সন্দেহ),urgent
oral_0_009260.jpg,0,oral_scc,oral_scc,মুখের ক্যানসারের মতো পরিবর্তন (OSC সন্দেহ),urgent
oral_0_009261.jpg,0,oral_scc,oral_scc,মুখের ক্যানসারের মতো পরিবর্তন (OSC সন্দেহ),urgent
oral_0_009262.jpg,0,oral_scc,oral_scc,মুখের ক্যানসারের মতো পরিবর্তন (OSC সন্দেহ),urgent
oral_1_009263.jpg,1,oral_normal,oral_normal,স্বাভাবিক মুখের ভেতর,routine
oral_1_009264.jpg,1,oral_normal,oral_normal,স্বাভাবিক মুখের ভেতর,routine
oral_1_009265.jpg,1,oral_normal,oral_normal,স্বাভাবিক মুখের ভেতর,routine
oral_0_009266.jpg,0,oral_scc,oral_scc,মুখের ক্যানসারের মতো পরিবর্তন (OSC সন্দেহ),urgent
oral_1_009267.jpg,1,oral_normal,oral_normal,স্বাভাবিক মুখের ভেতর,routine
oral_1_009268.jpg,1,oral_normal,oral_normal,স্বাভাবিক মুখের ভেতর,routine
oral_0_009269.jpg,0,oral_scc,oral_scc,মুখের ক্যানসারের মতো পরিবর্তন (OSC সন্দেহ),urgent
oral_1_009270.jpg,1,oral_normal,oral_normal,স্বাভাবিক মুখের ভেতর,routine
oral_0_009271.jpg,0,oral_scc,oral_scc,মুখের ক্যানসারের মতো পরিবর্তন (OSC সন্দেহ),urgent
oral_1_009272.jpg,1,oral_normal,oral_normal,স্বাভাবিক মুখের ভেতর,routine
oral_1_009273.jpg,1,oral_normal,oral_normal,স্বাভাবিক মুখের ভেতর,routine
oral_0_009274.jpg,0,oral_scc,oral_scc,মুখের ক্যানসারের মতো পরিবর্তন (OSC সন্দেহ),urgent
oral_0_009275.jpg,0,oral_scc,oral_scc,মুখের ক্যানসারের মতো পরিবর্তন (OSC সন্দেহ),urgent
oral_0_009276.jpg,0,oral_scc,oral_scc,মুখের ক্যানসারের মতো পরিবর্তন (OSC সন্দেহ),urgent
oral_0_009277.jpg,0,oral_scc,oral_scc,মুখের ক্যানসারের মতো পরিবর্তন (OSC সন্দেহ),urgent
oral_1_009278.jpg,1,oral_normal,oral_normal,স্বাভাবিক মুখের ভেতর,routine
oral_1_009279.jpg,1,oral_normal,oral_normal,স্বাভাবিক মুখের ভেতর,routine
oral_0_009280.jpg,0,oral_scc,oral_scc,মুখের ক্যানসারের মতো পরিবর্তন (OSC সন্দেহ),urgent
oral_0_009281.jpg,0,oral_scc,oral_scc,মুখের ক্যানসারের মতো পরিবর্তন (OSC সন্দেহ),urgent
oral_0_009282.jpg,0,oral_scc,oral_scc,মুখের ক্যানসারের মতো পরিবর্তন (OSC সন্দেহ),urgent
oral_1_009283.jpg,1,oral_normal,oral_normal,স্বাভাবিক মুখের ভেতর,routine
oral_0_009284.jpg,0,oral_scc,oral_scc,মুখের ক্যানসারের মতো পরিবর্তন (OSC সন্দেহ),urgent
oral_0_009285.jpg,0,oral_scc,oral_scc,মুখের ক্যানসারের মতো পরিবর্তন (OSC সন্দেহ),urgent
oral_0_009286.jpg,0,oral_scc,oral_scc,মুখের ক্যানসারের মতো পরিবর্তন (OSC সন্দেহ),urgent
oral_0_009287.jpg,0,oral_scc,oral_scc,মুখের ক্যানসারের মতো পরিবর্তন (OSC সন্দেহ),urgent
oral_0_009288.jpg,0,oral_scc,oral_scc,মুখের ক্যানসারের মতো পরিবর্তন (OSC সন্দেহ),urgent
oral_1_009289.jpg,1,oral_normal,oral_normal,স্বাভাবিক মুখের ভেতর,routine
oral_1_009290.jpg,1,oral_normal,oral_normal,স্বাভাবিক মুখের ভেতর,routine
oral_0_009291.jpg,0,oral_scc,oral_scc,মুখের ক্যানসারের মতো পরিবর্তন (OSC সন্দেহ),urgent
oral_0_009292.jpg,0,oral_scc,oral_scc,মুখের ক্যানসারের মতো পরিবর্তন (OSC সন্দেহ),urgent
oral_1_009293.jpg,1,oral_normal,oral_normal,স্বাভাবিক মুখের ভেতর,routine
oral_1_009294.jpg,1,oral_normal,oral_normal,স্বাভাবিক মুখের ভেতর,routine
oral_1_009295.jpg,1,oral_normal,oral_normal,স্বাভাবিক মুখের ভেতর,routine
oral_0_009296.jpg,0,oral_scc,oral_scc,মুখের ক্যানসারের মতো পরিবর্তন (OSC সন্দেহ),urgent
oral_1_009297.jpg,1,oral_normal,oral_normal,স্বাভাবিক মুখের ভেতর,routine
oral_1_009298.jpg,1,oral_normal,oral_normal,স্বাভাবিক মুখের ভেতর,routine
oral_0_009299.jpg,0,oral_scc,oral_scc,মুখের ক্যানসারের মতো পরিবর্তন (OSC সন্দেহ),urgent
oral_0_009300.jpg,0,oral_scc,oral_scc,মুখের ক্যানসারের মতো পরিবর্তন (OSC সন্দেহ),urgent
oral_0_009301.jpg,0,oral_scc,oral_scc,মুখের ক্যানসারের মতো পরিবর্তন (OSC সন্দেহ),urgent
oral_0_009302.jpg,0,oral_scc,oral_scc,মুখের ক্যানসারের মতো পরিবর্তন (OSC সন্দেহ),urgent
oral_0_009303.jpg,0,oral_scc,oral_scc,মুখের ক্যানসারের মতো পরিবর্তন (OSC সন্দেহ),urgent
oral_1_009304.jpg,1,oral_normal,oral_normal,স্বাভাবিক মুখের ভেতর,routine
oral_0_009305.jpg,0,oral_scc,oral_scc,মুখের ক্যানসারের মতো পরিবর্তন (OSC সন্দেহ),urgent
oral_1_009306.jpg,1,oral_normal,oral_normal,স্বাভাবিক মুখের ভেতর,routine
oral_0_009307.jpg,0,oral_scc,oral_scc,মুখের ক্যানসারের মতো পরিবর্তন (OSC সন্দেহ),urgent
oral_1_009308.jpg,1,oral_normal,oral_normal,স্বাভাবিক মুখের ভেতর,routine
oral_0_009309.jpg,0,oral_scc,oral_scc,মুখের ক্যানসারের মতো পরিবর্তন (OSC সন্দেহ),urgent
oral_0_009310.jpg,0,oral_scc,oral_scc,মুখের ক্যানসারের মতো পরিবর্তন (OSC সন্দেহ),urgent
oral_0_009311.jpg,0,oral_scc,oral_scc,মুখের ক্যানসারের মতো পরিবর্তন (OSC সন্দেহ),urgent
oral_0_009312.jpg,0,oral_scc,oral_scc,মুখের ক্যানসারের মতো পরিবর্তন (OSC সন্দেহ),urgent
oral_1_009313.jpg,1,oral_normal,oral_normal,স্বাভাবিক মুখের ভেতর,routine
oral_1_009314.jpg,1,oral_normal,oral_normal,স্বাভাবিক মুখের ভেতর,routine
oral_0_009315.jpg,0,oral_scc,oral_scc,মুখের ক্যানসারের মতো পরিবর্তন (OSC সন্দেহ),urgent
oral_0_009316.jpg,0,oral_scc,oral_scc,মুখের ক্যানসারের মতো পরিবর্তন (OSC সন্দেহ),urgent
oral_1_009317.jpg,1,oral_normal,oral_normal,স্বাভাবিক মুখের ভেতর,routine
oral_1_009318.jpg,1,oral_normal,oral_normal,স্বাভাবিক মুখের ভেতর,routine
oral_1_009319.jpg,1,oral_normal,oral_normal,স্বাভাবিক মুখের ভেতর,routine
oral_0_009320.jpg,0,oral_scc,oral_scc,মুখের ক্যানসারের মতো পরিবর্তন (OSC সন্দেহ),urgent
oral_1_009321.jpg,1,oral_normal,oral_normal,স্বাভাবিক মুখের ভেতর,routine
oral_1_009322.jpg,1,oral_normal,oral_normal,স্বাভাবিক মুখের ভেতর,routine
oral_1_009323.jpg,1,oral_normal,oral_normal,স্বাভাবিক মুখের ভেতর,routine
oral_0_009324.jpg,0,oral_scc,oral_scc,মুখের ক্যানসারের মতো পরিবর্তন (OSC সন্দেহ),urgent
oral_0_009325.jpg,0,oral_scc,oral_scc,মুখের ক্যানসারের মতো পরিবর্তন (OSC সন্দেহ),urgent
oral_1_009326.jpg,1,oral_normal,oral_normal,স্বাভাবিক মুখের ভেতর,routine
oral_1_009327.jpg,1,oral_normal,oral_normal,স্বাভাবিক মুখের ভেতর,routine
oral_1_009328.jpg,1,oral_normal,oral_normal,স্বাভাবিক মুখের ভেতর,routine
oral_1_009329.jpg,1,oral_normal,oral_normal,স্বাভাবিক মুখের ভেতর,routine
oral_0_009330.jpg,0,oral_scc,oral_scc,মুখের ক্যানসারের মতো পরিবর্তন (OSC সন্দেহ),urgent
oral_1_009331.jpg,1,oral_normal,oral_normal,স্বাভাবিক মুখের ভেতর,routine
oral_1_009332.jpg,1,oral_normal,oral_normal,স্বাভাবিক মুখের ভেতর,routine
oral_0_009333.jpg,0,oral_scc,oral_scc,মুখের ক্যানসারের মতো পরিবর্তন (OSC সন্দেহ),urgent
oral_0_009334.jpg,0,oral_scc,oral_scc,মুখের ক্যানসারের মতো পরিবর্তন (OSC সন্দেহ),urgent
oral_1_009335.jpg,1,oral_normal,oral_normal,স্বাভাবিক মুখের ভেতর,routine
oral_1_009336.jpg,1,oral_normal,oral_normal,স্বাভাবিক মুখের ভেতর,routine
oral_1_009337.jpg,1,oral_normal,oral_normal,স্বাভাবিক মুখের ভেতর,routine
oral_0_009338.jpg,0,oral_scc,oral_scc,মুখের ক্যানসারের মতো পরিবর্তন (OSC সন্দেহ),urgent
oral_1_009339.jpg,1,oral_normal,oral_normal,স্বাভাবিক মুখের ভেতর,routine
oral_1_009340.jpg,1,oral_normal,oral_normal,স্বাভাবিক মুখের ভেতর,routine
oral_1_009341.jpg,1,oral_normal,oral_normal,স্বাভাবিক মুখের ভেতর,routine
oral_0_009342.jpg,0,oral_scc,oral_scc,মুখের ক্যানসারের মতো পরিবর্তন (OSC সন্দেহ),urgent
oral_1_009343.jpg,1,oral_normal,oral_normal,স্বাভাবিক মুখের ভেতর,routine
oral_0_009344.jpg,0,oral_scc,oral_scc,মুখের ক্যানসারের মতো পরিবর্তন (OSC সন্দেহ),urgent
oral_0_009345.jpg,0,oral_scc,oral_scc,মুখের ক্যানসারের মতো পরিবর্তন (OSC সন্দেহ),urgent
oral_1_009346.jpg,1,oral_normal,oral_normal,স্বাভাবিক মুখের ভেতর,routine
oral_0_009347.jpg,0,oral_scc,oral_scc,মুখের ক্যানসারের মতো পরিবর্তন (OSC সন্দেহ),urgent
oral_1_009348.jpg,1,oral_normal,oral_normal,স্বাভাবিক মুখের ভেতর,routine
oral_1_009349.jpg,1,oral_normal,oral_normal,স্বাভাবিক মুখের ভেতর,routine
oral_1_009350.jpg,1,oral_normal,oral_normal,স্বাভাবিক মুখের ভেতর,routine
oral_0_009351.jpg,0,oral_scc,oral_scc,মুখের ক্যানসারের মতো পরিবর্তন (OSC সন্দেহ),urgent
oral_0_009352.jpg,0,oral_scc,oral_scc,মুখের ক্যানসারের মতো পরিবর্তন (OSC সন্দেহ),urgent
oral_0_009353.jpg,0,oral_scc,oral_scc,মুখের ক্যানসারের মতো পরিবর্তন (OSC সন্দেহ),urgent
oral_0_009354.jpg,0,oral_scc,oral_scc,মুখের ক্যানসারের মতো পরিবর্তন (OSC সন্দেহ),urgent
oral_0_009355.jpg,0,oral_scc,oral_scc,মুখের ক্যানসারের মতো পরিবর্তন (OSC সন্দেহ),urgent
oral_1_009356.jpg,1,oral_normal,oral_normal,স্বাভাবিক মুখের ভেতর,routine
oral_0_009357.jpg,0,oral_scc,oral_scc,মুখের ক্যানসারের মতো পরিবর্তন (OSC সন্দেহ),urgent
oral_1_009358.jpg,1,oral_normal,oral_normal,স্বাভাবিক মুখের ভেতর,routine
oral_1_009359.jpg,1,oral_normal,oral_normal,স্বাভাবিক মুখের ভেতর,routine
oral_0_009360.jpg,0,oral_scc,oral_scc,মুখের ক্যানসারের মতো পরিবর্তন (OSC সন্দেহ),urgent
oral_1_009361.jpg,1,oral_normal,oral_normal,স্বাভাবিক মুখের ভেতর,routine
oral_0_009362.jpg,0,oral_scc,oral_scc,মুখের ক্যানসারের মতো পরিবর্তন (OSC সন্দেহ),urgent
oral_1_009363.jpg,1,oral_normal,oral_normal,স্বাভাবিক মুখের ভেতর,routine
oral_1_009364.jpg,1,oral_normal,oral_normal,স্বাভাবিক মুখের ভেতর,routine
oral_0_009365.jpg,0,oral_scc,oral_scc,মুখের ক্যানসারের মতো পরিবর্তন (OSC সন্দেহ),urgent
oral_0_009366.jpg,0,oral_scc,oral_scc,মুখের ক্যানসারের মতো পরিবর্তন (OSC সন্দেহ),urgent
oral_0_009367.jpg,0,oral_scc,oral_scc,মুখের ক্যানসারের মতো পরিবর্তন (OSC সন্দেহ),urgent
oral_1_009368.jpg,1,oral_normal,oral_normal,স্বাভাবিক মুখের ভেতর,routine
oral_1_009369.jpg,1,oral_normal,oral_normal,স্বাভাবিক মুখের ভেতর,routine
oral_0_009370.jpg,0,oral_scc,oral_scc,মুখের ক্যানসারের মতো পরিবর্তন (OSC সন্দেহ),urgent
oral_1_009371.jpg,1,oral_normal,oral_normal,স্বাভাবিক মুখের ভেতর,routine
oral_1_009372.jpg,1,oral_normal,oral_normal,স্বাভাবিক মুখের ভেতর,routine
oral_1_009373.jpg,1,oral_normal,oral_normal,স্বাভাবিক মুখের ভেতর,routine
oral_1_009374.jpg,1,oral_normal,oral_normal,স্বাভাবিক মুখের ভেতর,routine
oral_1_009375.jpg,1,oral_normal,oral_normal,স্বাভাবিক মুখের ভেতর,routine
oral_1_009376.jpg,1,oral_normal,oral_normal,স্বাভাবিক মুখের ভেতর,routine
oral_0_009377.jpg,0,oral_scc,oral_scc,মুখের ক্যানসারের মতো পরিবর্তন (OSC সন্দেহ),urgent
oral_0_009378.jpg,0,oral_scc,oral_scc,মুখের ক্যানসারের মতো পরিবর্তন (OSC সন্দেহ),urgent
oral_1_009379.jpg,1,oral_normal,oral_normal,স্বাভাবিক মুখের ভেতর,routine
oral_0_009380.jpg,0,oral_scc,oral_scc,মুখের ক্যানসারের মতো পরিবর্তন (OSC সন্দেহ),urgent
oral_0_009381.jpg,0,oral_scc,oral_scc,মুখের ক্যানসারের মতো পরিবর্তন (OSC সন্দেহ),urgent
oral_1_009382.jpg,1,oral_normal,oral_normal,স্বাভাবিক মুখের ভেতর,routine
oral_1_009383.jpg,1,oral_normal,oral_normal,স্বাভাবিক মুখের ভেতর,routine
oral_0_009384.jpg,0,oral_scc,oral_scc,মুখের ক্যানসারের মতো পরিবর্তন (OSC সন্দেহ),urgent
oral_0_009385.jpg,0,oral_scc,oral_scc,মুখের ক্যানসারের মতো পরিবর্তন (OSC সন্দেহ),urgent
oral_0_009386.jpg,0,oral_scc,oral_scc,মুখের ক্যানসারের মতো পরিবর্তন (OSC সন্দেহ),urgent
oral_1_009387.jpg,1,oral_normal,oral_normal,স্বাভাবিক মুখের ভেতর,routine
oral_0_009388.jpg,0,oral_scc,oral_scc,মুখের ক্যানসারের মতো পরিবর্তন (OSC সন্দেহ),urgent
oral_1_009389.jpg,1,oral_normal,oral_normal,স্বাভাবিক মুখের ভেতর,routine
oral_1_009390.jpg,1,oral_normal,oral_normal,স্বাভাবিক মুখের ভেতর,routine
oral_1_009391.jpg,1,oral_normal,oral_normal,স্বাভাবিক মুখের ভেতর,routine
oral_1_009392.jpg,1,oral_normal,oral_normal,স্বাভাবিক মুখের ভেতর,routine
oral_0_009393.jpg,0,oral_scc,oral_scc,মুখের ক্যানসারের মতো পরিবর্তন (OSC সন্দেহ),urgent
oral_0_009394.jpg,0,oral_scc,oral_scc,মুখের ক্যানসারের মতো পরিবর্তন (OSC সন্দেহ),urgent
oral_1_009395.jpg,1,oral_normal,oral_normal,স্বাভাবিক মুখের ভেতর,routine
oral_0_009396.jpg,0,oral_scc,oral_scc,মুখের ক্যানসারের মতো পরিবর্তন (OSC সন্দেহ),urgent
oral_0_009397.jpg,0,oral_scc,oral_scc,মুখের ক্যানসারের মতো পরিবর্তন (OSC সন্দেহ),urgent
oral_1_009398.jpg,1,oral_normal,oral_normal,স্বাভাবিক মুখের ভেতর,routine
oral_0_009399.jpg,0,oral_scc,oral_scc,মুখের ক্যানসারের মতো পরিবর্তন (OSC সন্দেহ),urgent
oral_0_009400.jpg,0,oral_scc,oral_scc,মুখের ক্যানসারের মতো পরিবর্তন (OSC সন্দেহ),urgent
oral_1_009401.jpg,1,oral_normal,oral_normal,স্বাভাবিক মুখের ভেতর,routine
oral_0_009402.jpg,0,oral_scc,oral_scc,মুখের ক্যানসারের মতো পরিবর্তন (OSC সন্দেহ),urgent
oral_1_009403.jpg,1,oral_normal,oral_normal,স্বাভাবিক মুখের ভেতর,routine
oral_0_009404.jpg,0,oral_scc,oral_scc,মুখের ক্যানসারের মতো পরিবর্তন (OSC সন্দেহ),urgent
oral_1_009405.jpg,1,oral_normal,oral_normal,স্বাভাবিক মুখের ভেতর,routine
oral_0_009406.jpg,0,oral_scc,oral_scc,মুখের ক্যানসারের মতো পরিবর্তন (OSC সন্দেহ),urgent
oral_1_009407.jpg,1,oral_normal,oral_normal,স্বাভাবিক মুখের ভেতর,routine
oral_1_009408.jpg,1,oral_normal,oral_normal,স্বাভাবিক মুখের ভেতর,routine
oral_0_009409.jpg,0,oral_scc,oral_scc,মুখের ক্যানসারের মতো পরিবর্তন (OSC সন্দেহ),urgent
oral_1_009410.jpg,1,oral_normal,oral_normal,স্বাভাবিক মুখের ভেতর,routine
oral_0_009411.jpg,0,oral_scc,oral_scc,মুখের ক্যানসারের মতো পরিবর্তন (OSC সন্দেহ),urgent
oral_1_009412.jpg,1,oral_normal,oral_normal,স্বাভাবিক মুখের ভেতর,routine
oral_1_009413.jpg,1,oral_normal,oral_normal,স্বাভাবিক মুখের ভেতর,routine
oral_0_009414.jpg,0,oral_scc,oral_scc,মুখের ক্যানসারের মতো পরিবর্তন (OSC সন্দেহ),urgent
oral_0_009415.jpg,0,oral_scc,oral_scc,মুখের ক্যানসারের মতো পরিবর্তন (OSC সন্দেহ),urgent
oral_0_009416.jpg,0,oral_scc,oral_scc,মুখের ক্যানসারের মতো পরিবর্তন (OSC সন্দেহ),urgent
oral_1_009417.jpg,1,oral_normal,oral_normal,স্বাভাবিক মুখের ভেতর,routine
oral_0_009418.jpg,0,oral_scc,oral_scc,মুখের ক্যানসারের মতো পরিবর্তন (OSC সন্দেহ),urgent
oral_1_009419.jpg,1,oral_normal,oral_normal,স্বাভাবিক মুখের ভেতর,routine
oral_0_009420.jpg,0,oral_scc,oral_scc,মুখের ক্যানসারের মতো পরিবর্তন (OSC সন্দেহ),urgent
oral_0_009421.jpg,0,oral_scc,oral_scc,মুখের ক্যানসারের মতো পরিবর্তন (OSC সন্দেহ),urgent
oral_0_009422.jpg,0,oral_scc,oral_scc,মুখের ক্যানসারের মতো পরিবর্তন (OSC সন্দেহ),urgent
oral_1_009423.jpg,1,oral_normal,oral_normal,স্বাভাবিক মুখের ভেতর,routine
oral_1_009424.jpg,1,oral_normal,oral_normal,স্বাভাবিক মুখের ভেতর,routine
oral_0_009425.jpg,0,oral_scc,oral_scc,মুখের ক্যানসারের মতো পরিবর্তন (OSC সন্দেহ),urgent
oral_0_009426.jpg,0,oral_scc,oral_scc,মুখের ক্যানসারের মতো পরিবর্তন (OSC সন্দেহ),urgent
oral_0_009427.jpg,0,oral_scc,oral_scc,মুখের ক্যানসারের মতো পরিবর্তন (OSC সন্দেহ),urgent
oral_1_009428.jpg,1,oral_normal,oral_normal,স্বাভাবিক মুখের ভেতর,routine
oral_0_009429.jpg,0,oral_scc,oral_scc,মুখের ক্যানসারের মতো পরিবর্তন (OSC সন্দেহ),urgent
oral_0_009430.jpg,0,oral_scc,oral_scc,মুখের ক্যানসারের মতো পরিবর্তন (OSC সন্দেহ),urgent
oral_0_009431.jpg,0,oral_scc,oral_scc,মুখের ক্যানসারের মতো পরিবর্তন (OSC সন্দেহ),urgent
oral_0_009432.jpg,0,oral_scc,oral_scc,মুখের ক্যানসারের মতো পরিবর্তন (OSC সন্দেহ),urgent
oral_0_009433.jpg,0,oral_scc,oral_scc,মুখের ক্যানসারের মতো পরিবর্তন (OSC সন্দেহ),urgent
oral_1_009434.jpg,1,oral_normal,oral_normal,স্বাভাবিক মুখের ভেতর,routine
oral_1_009435.jpg,1,oral_normal,oral_normal,স্বাভাবিক মুখের ভেতর,routine
oral_1_009436.jpg,1,oral_normal,oral_normal,স্বাভাবিক মুখের ভেতর,routine
oral_1_009437.jpg,1,oral_normal,oral_normal,স্বাভাবিক মুখের ভেতর,routine
oral_1_009438.jpg,1,oral_normal,oral_normal,স্বাভাবিক মুখের ভেতর,routine
oral_0_009439.jpg,0,oral_scc,oral_scc,মুখের ক্যানসারের মতো পরিবর্তন (OSC সন্দেহ),urgent
oral_1_009440.jpg,1,oral_normal,oral_normal,স্বাভাবিক মুখের ভেতর,routine
oral_0_009441.jpg,0,oral_scc,oral_scc,মুখের ক্যানসারের মতো পরিবর্তন (OSC সন্দেহ),urgent
oral_0_009442.jpg,0,oral_scc,oral_scc,মুখের ক্যানসারের মতো পরিবর্তন (OSC সন্দেহ),urgent
oral_1_009443.jpg,1,oral_normal,oral_normal,স্বাভাবিক মুখের ভেতর,routine
oral_1_009444.jpg,1,oral_normal,oral_normal,স্বাভাবিক মুখের ভেতর,routine
oral_0_009445.jpg,0,oral_scc,oral_scc,মুখের ক্যানসারের মতো পরিবর্তন (OSC সন্দেহ),urgent
oral_0_009446.jpg,0,oral_scc,oral_scc,মুখের ক্যানসারের মতো পরিবর্তন (OSC সন্দেহ),urgent
oral_1_009447.jpg,1,oral_normal,oral_normal,স্বাভাবিক মুখের ভেতর,routine
oral_0_009448.jpg,0,oral_scc,oral_scc,মুখের ক্যানসারের মতো পরিবর্তন (OSC সন্দেহ),urgent
oral_0_009449.jpg,0,oral_scc,oral_scc,মুখের ক্যানসারের মতো পরিবর্তন (OSC সন্দেহ),urgent
oral_0_009450.jpg,0,oral_scc,oral_scc,মুখের ক্যানসারের মতো পরিবর্তন (OSC সন্দেহ),urgent
oral_1_009451.jpg,1,oral_normal,oral_normal,স্বাভাবিক মুখের ভেতর,routine
oral_0_009452.jpg,0,oral_scc,oral_scc,মুখের ক্যানসারের মতো পরিবর্তন (OSC সন্দেহ),urgent
oral_0_009453.jpg,0,oral_scc,oral_scc,মুখের ক্যানসারের মতো পরিবর্তন (OSC সন্দেহ),urgent
oral_1_009454.jpg,1,oral_normal,oral_normal,স্বাভাবিক মুখের ভেতর,routine
oral_0_009455.jpg,0,oral_scc,oral_scc,মুখের ক্যানসারের মতো পরিবর্তন (OSC সন্দেহ),urgent
oral_0_009456.jpg,0,oral_scc,oral_scc,মুখের ক্যানসারের মতো পরিবর্তন (OSC সন্দেহ),urgent
oral_0_009457.jpg,0,oral_scc,oral_scc,মুখের ক্যানসারের মতো পরিবর্তন (OSC সন্দেহ),urgent
oral_1_009458.jpg,1,oral_normal,oral_normal,স্বাভাবিক মুখের ভেতর,routine
oral_1_009459.jpg,1,oral_normal,oral_normal,স্বাভাবিক মুখের ভেতর,routine
oral_1_009460.jpg,1,oral_normal,oral_normal,স্বাভাবিক মুখের ভেতর,routine
oral_1_009461.jpg,1,oral_normal,oral_normal,স্বাভাবিক মুখের ভেতর,routine
oral_1_009462.jpg,1,oral_normal,oral_normal,স্বাভাবিক মুখের ভেতর,routine
oral_0_009463.jpg,0,oral_scc,oral_scc,মুখের ক্যানসারের মতো পরিবর্তন (OSC সন্দেহ),urgent
oral_1_009464.jpg,1,oral_normal,oral_normal,স্বাভাবিক মুখের ভেতর,routine
oral_1_009465.jpg,1,oral_normal,oral_normal,স্বাভাবিক মুখের ভেতর,routine
oral_0_009466.jpg,0,oral_scc,oral_scc,মুখের ক্যানসারের মতো পরিবর্তন (OSC সন্দেহ),urgent
oral_0_009467.jpg,0,oral_scc,oral_scc,মুখের ক্যানসারের মতো পরিবর্তন (OSC সন্দেহ),urgent
oral_0_009468.jpg,0,oral_scc,oral_scc,মুখের ক্যানসারের মতো পরিবর্তন (OSC সন্দেহ),urgent
oral_1_009469.jpg,1,oral_normal,oral_normal,স্বাভাবিক মুখের ভেতর,routine
oral_1_009470.jpg,1,oral_normal,oral_normal,স্বাভাবিক মুখের ভেতর,routine
oral_1_009471.jpg,1,oral_normal,oral_normal,স্বাভাবিক মুখের ভেতর,routine
oral_0_009472.jpg,0,oral_scc,oral_scc,মুখের ক্যানসারের মতো পরিবর্তন (OSC সন্দেহ),urgent
oral_0_009473.jpg,0,oral_scc,oral_scc,মুখের ক্যানসারের মতো পরিবর্তন (OSC সন্দেহ),urgent
oral_0_009474.jpg,0,oral_scc,oral_scc,মুখের ক্যানসারের মতো পরিবর্তন (OSC সন্দেহ),urgent
oral_0_009475.jpg,0,oral_scc,oral_scc,মুখের ক্যানসারের মতো পরিবর্তন (OSC সন্দেহ),urgent
oral_1_009476.jpg,1,oral_normal,oral_normal,স্বাভাবিক মুখের ভেতর,routine
oral_1_009477.jpg,1,oral_normal,oral_normal,স্বাভাবিক মুখের ভেতর,routine
oral_1_009478.jpg,1,oral_normal,oral_normal,স্বাভাবিক মুখের ভেতর,routine
oral_1_009479.jpg,1,oral_normal,oral_normal,স্বাভাবিক মুখের ভেতর,routine
oral_1_009480.jpg,1,oral_normal,oral_normal,স্বাভাবিক মুখের ভেতর,routine
oral_1_009481.jpg,1,oral_normal,oral_normal,স্বাভাবিক মুখের ভেতর,routine
oral_1_009482.jpg,1,oral_normal,oral_normal,স্বাভাবিক মুখের ভেতর,routine
oral_0_009483.jpg,0,oral_scc,oral_scc,মুখের ক্যানসারের মতো পরিবর্তন (OSC সন্দেহ),urgent
oral_1_009484.jpg,1,oral_normal,oral_normal,স্বাভাবিক মুখের ভেতর,routine
oral_0_009485.jpg,0,oral_scc,oral_scc,মুখের ক্যানসারের মতো পরিবর্তন (OSC সন্দেহ),urgent
oral_1_009486.jpg,1,oral_normal,oral_normal,স্বাভাবিক মুখের ভেতর,routine
oral_0_009487.jpg,0,oral_scc,oral_scc,মুখের ক্যানসারের মতো পরিবর্তন (OSC সন্দেহ),urgent
oral_1_009488.jpg,1,oral_normal,oral_normal,স্বাভাবিক মুখের ভেতর,routine
oral_1_009489.jpg,1,oral_normal,oral_normal,স্বাভাবিক মুখের ভেতর,routine
oral_0_009490.jpg,0,oral_scc,oral_scc,মুখের ক্যানসারের মতো পরিবর্তন (OSC সন্দেহ),urgent
oral_1_009491.jpg,1,oral_normal,oral_normal,স্বাভাবিক মুখের ভেতর,routine
oral_0_009492.jpg,0,oral_scc,oral_scc,মুখের ক্যানসারের মতো পরিবর্তন (OSC সন্দেহ),urgent
oral_1_009493.jpg,1,oral_normal,oral_normal,স্বাভাবিক মুখের ভেতর,routine
oral_1_009494.jpg,1,oral_normal,oral_normal,স্বাভাবিক মুখের ভেতর,routine
oral_1_009495.jpg,1,oral_normal,oral_normal,স্বাভাবিক মুখের ভেতর,routine
oral_0_009496.jpg,0,oral_scc,oral_scc,মুখের ক্যানসারের মতো পরিবর্তন (OSC সন্দেহ),urgent
oral_0_009497.jpg,0,oral_scc,oral_scc,মুখের ক্যানসারের মতো পরিবর্তন (OSC সন্দেহ),urgent
oral_0_009498.jpg,0,oral_scc,oral_scc,মুখের ক্যানসারের মতো পরিবর্তন (OSC সন্দেহ),urgent
oral_0_009499.jpg,0,oral_scc,oral_scc,মুখের ক্যানসারের মতো পরিবর্তন (OSC সন্দেহ),urgent
oral_1_009500.jpg,1,oral_normal,oral_normal,স্বাভাবিক মুখের ভেতর,routine
oral_1_009501.jpg,1,oral_normal,oral_normal,স্বাভাবিক মুখের ভেতর,routine
oral_0_009502.jpg,0,oral_scc,oral_scc,মুখের ক্যানসারের মতো পরিবর্তন (OSC সন্দেহ),urgent
oral_1_009503.jpg,1,oral_normal,oral_normal,স্বাভাবিক মুখের ভেতর,routine
oral_1_009504.jpg,1,oral_normal,oral_normal,স্বাভাবিক মুখের ভেতর,routine
oral_0_009505.jpg,0,oral_scc,oral_scc,মুখের ক্যানসারের মতো পরিবর্তন (OSC সন্দেহ),urgent
oral_1_009506.jpg,1,oral_normal,oral_normal,স্বাভাবিক মুখের ভেতর,routine
oral_0_009507.jpg,0,oral_scc,oral_scc,মুখের ক্যানসারের মতো পরিবর্তন (OSC সন্দেহ),urgent
oral_0_009508.jpg,0,oral_scc,oral_scc,মুখের ক্যানসারের মতো পরিবর্তন (OSC সন্দেহ),urgent
oral_1_009509.jpg,1,oral_normal,oral_normal,স্বাভাবিক মুখের ভেতর,routine
oral_0_009510.jpg,0,oral_scc,oral_scc,মুখের ক্যানসারের মতো পরিবর্তন (OSC সন্দেহ),urgent
oral_0_009511.jpg,0,oral_scc,oral_scc,মুখের ক্যানসারের মতো পরিবর্তন (OSC সন্দেহ),urgent
oral_1_009512.jpg,1,oral_normal,oral_normal,স্বাভাবিক মুখের ভেতর,routine
oral_0_009513.jpg,0,oral_scc,oral_scc,মুখের ক্যানসারের মতো পরিবর্তন (OSC সন্দেহ),urgent
oral_1_009514.jpg,1,oral_normal,oral_normal,স্বাভাবিক মুখের ভেতর,routine
oral_0_009515.jpg,0,oral_scc,oral_scc,মুখের ক্যানসারের মতো পরিবর্তন (OSC সন্দেহ),urgent
oral_0_009516.jpg,0,oral_scc,oral_scc,মুখের ক্যানসারের মতো পরিবর্তন (OSC সন্দেহ),urgent
oral_0_009517.jpg,0,oral_scc,oral_scc,মুখের ক্যানসারের মতো পরিবর্তন (OSC সন্দেহ),urgent
oral_0_009518.jpg,0,oral_scc,oral_scc,মুখের ক্যানসারের মতো পরিবর্তন (OSC সন্দেহ),urgent
oral_1_009519.jpg,1,oral_normal,oral_normal,স্বাভাবিক মুখের ভেতর,routine
oral_1_009520.jpg,1,oral_normal,oral_normal,স্বাভাবিক মুখের ভেতর,routine
oral_1_009521.jpg,1,oral_normal,oral_normal,স্বাভাবিক মুখের ভেতর,routine
oral_1_009522.jpg,1,oral_normal,oral_normal,স্বাভাবিক মুখের ভেতর,routine
oral_1_009523.jpg,1,oral_normal,oral_normal,স্বাভাবিক মুখের ভেতর,routine
oral_1_009524.jpg,1,oral_normal,oral_normal,স্বাভাবিক মুখের ভেতর,routine
oral_0_009525.jpg,0,oral_scc,oral_scc,মুখের ক্যানসারের মতো পরিবর্তন (OSC সন্দেহ),urgent
oral_1_009526.jpg,1,oral_normal,oral_normal,স্বাভাবিক মুখের ভেতর,routine
oral_1_009527.jpg,1,oral_normal,oral_normal,স্বাভাবিক মুখের ভেতর,routine
oral_0_009528.jpg,0,oral_scc,oral_scc,মুখের ক্যানসারের মতো পরিবর্তন (OSC সন্দেহ),urgent
oral_0_009529.jpg,0,oral_scc,oral_scc,মুখের ক্যানসারের মতো পরিবর্তন (OSC সন্দেহ),urgent
oral_0_009530.jpg,0,oral_scc,oral_scc,মুখের ক্যানসারের মতো পরিবর্তন (OSC সন্দেহ),urgent
oral_0_009531.jpg,0,oral_scc,oral_scc,মুখের ক্যানসারের মতো পরিবর্তন (OSC সন্দেহ),urgent
oral_0_009532.jpg,0,oral_scc,oral_scc,মুখের ক্যানসারের মতো পরিবর্তন (OSC সন্দেহ),urgent
oral_0_009533.jpg,0,oral_scc,oral_scc,মুখের ক্যানসারের মতো পরিবর্তন (OSC সন্দেহ),urgent
oral_0_009534.jpg,0,oral_scc,oral_scc,মুখের ক্যানসারের মতো পরিবর্তন (OSC সন্দেহ),urgent
oral_1_009535.jpg,1,oral_normal,oral_normal,স্বাভাবিক মুখের ভেতর,routine
oral_0_009536.jpg,0,oral_scc,oral_scc,মুখের ক্যানসারের মতো পরিবর্তন (OSC সন্দেহ),urgent
oral_1_009537.jpg,1,oral_normal,oral_normal,স্বাভাবিক মুখের ভেতর,routine
oral_1_009538.jpg,1,oral_normal,oral_normal,স্বাভাবিক মুখের ভেতর,routine
oral_0_009539.jpg,0,oral_scc,oral_scc,মুখের ক্যানসারের মতো পরিবর্তন (OSC সন্দেহ),urgent
oral_1_009540.jpg,1,oral_normal,oral_normal,স্বাভাবিক মুখের ভেতর,routine
oral_0_009541.jpg,0,oral_scc,oral_scc,মুখের ক্যানসারের মতো পরিবর্তন (OSC সন্দেহ),urgent
oral_1_009542.jpg,1,oral_normal,oral_normal,স্বাভাবিক মুখের ভেতর,routine
oral_1_009543.jpg,1,oral_normal,oral_normal,স্বাভাবিক মুখের ভেতর,routine
oral_1_009544.jpg,1,oral_normal,oral_normal,স্বাভাবিক মুখের ভেতর,routine
oral_1_009545.jpg,1,oral_normal,oral_normal,স্বাভাবিক মুখের ভেতর,routine
oral_0_009546.jpg,0,oral_scc,oral_scc,মুখের ক্যানসারের মতো পরিবর্তন (OSC সন্দেহ),urgent
oral_1_009547.jpg,1,oral_normal,oral_normal,স্বাভাবিক মুখের ভেতর,routine
oral_0_009548.jpg,0,oral_scc,oral_scc,মুখের ক্যানসারের মতো পরিবর্তন (OSC সন্দেহ),urgent
oral_1_009549.jpg,1,oral_normal,oral_normal,স্বাভাবিক মুখের ভেতর,routine
oral_0_009550.jpg,0,oral_scc,oral_scc,মুখের ক্যানসারের মতো পরিবর্তন (OSC সন্দেহ),urgent
oral_1_009551.jpg,1,oral_normal,oral_normal,স্বাভাবিক মুখের ভেতর,routine
oral_0_009552.jpg,0,oral_scc,oral_scc,মুখের ক্যানসারের মতো পরিবর্তন (OSC সন্দেহ),urgent
oral_0_009553.jpg,0,oral_scc,oral_scc,মুখের ক্যানসারের মতো পরিবর্তন (OSC সন্দেহ),urgent
oral_1_009554.jpg,1,oral_normal,oral_normal,স্বাভাবিক মুখের ভেতর,routine
oral_1_009555.jpg,1,oral_normal,oral_normal,স্বাভাবিক মুখের ভেতর,routine
oral_1_009556.jpg,1,oral_normal,oral_normal,স্বাভাবিক মুখের ভেতর,routine
oral_1_009557.jpg,1,oral_normal,oral_normal,স্বাভাবিক মুখের ভেতর,routine
oral_0_009558.jpg,0,oral_scc,oral_scc,মুখের ক্যানসারের মতো পরিবর্তন (OSC সন্দেহ),urgent
oral_0_009559.jpg,0,oral_scc,oral_scc,মুখের ক্যানসারের মতো পরিবর্তন (OSC সন্দেহ),urgent
oral_0_009560.jpg,0,oral_scc,oral_scc,মুখের ক্যানসারের মতো পরিবর্তন (OSC সন্দেহ),urgent
oral_1_009561.jpg,1,oral_normal,oral_normal,স্বাভাবিক মুখের ভেতর,routine
oral_0_009562.jpg,0,oral_scc,oral_scc,মুখের ক্যানসারের মতো পরিবর্তন (OSC সন্দেহ),urgent
oral_0_009563.jpg,0,oral_scc,oral_scc,মুখের ক্যানসারের মতো পরিবর্তন (OSC সন্দেহ),urgent
oral_0_009564.jpg,0,oral_scc,oral_scc,মুখের ক্যানসারের মতো পরিবর্তন (OSC সন্দেহ),urgent
oral_1_009565.jpg,1,oral_normal,oral_normal,স্বাভাবিক মুখের ভেতর,routine
oral_0_009566.jpg,0,oral_scc,oral_scc,মুখের ক্যানসারের মতো পরিবর্তন (OSC সন্দেহ),urgent
oral_1_009567.jpg,1,oral_normal,oral_normal,স্বাভাবিক মুখের ভেতর,routine
oral_1_009568.jpg,1,oral_normal,oral_normal,স্বাভাবিক মুখের ভেতর,routine
oral_1_009569.jpg,1,oral_normal,oral_normal,স্বাভাবিক মুখের ভেতর,routine
oral_0_009570.jpg,0,oral_scc,oral_scc,মুখের ক্যানসারের মতো পরিবর্তন (OSC সন্দেহ),urgent
oral_1_009571.jpg,1,oral_normal,oral_normal,স্বাভাবিক মুখের ভেতর,routine
oral_0_009572.jpg,0,oral_scc,oral_scc,মুখের ক্যানসারের মতো পরিবর্তন (OSC সন্দেহ),urgent
oral_1_009573.jpg,1,oral_normal,oral_normal,স্বাভাবিক মুখের ভেতর,routine
oral_0_009574.jpg,0,oral_scc,oral_scc,মুখের ক্যানসারের মতো পরিবর্তন (OSC সন্দেহ),urgent
oral_1_009575.jpg,1,oral_normal,oral_normal,স্বাভাবিক মুখের ভেতর,routine
oral_0_009576.jpg,0,oral_scc,oral_scc,মুখের ক্যানসারের মতো পরিবর্তন (OSC সন্দেহ),urgent
oral_0_009577.jpg,0,oral_scc,oral_scc,মুখের ক্যানসারের মতো পরিবর্তন (OSC সন্দেহ),urgent
oral_0_009578.jpg,0,oral_scc,oral_scc,মুখের ক্যানসারের মতো পরিবর্তন (OSC সন্দেহ),urgent
oral_1_009579.jpg,1,oral_normal,oral_normal,স্বাভাবিক মুখের ভেতর,routine
oral_0_009580.jpg,0,oral_scc,oral_scc,মুখের ক্যানসারের মতো পরিবর্তন (OSC সন্দেহ),urgent
oral_1_009581.jpg,1,oral_normal,oral_normal,স্বাভাবিক মুখের ভেতর,routine
oral_1_009582.jpg,1,oral_normal,oral_normal,স্বাভাবিক মুখের ভেতর,routine
oral_1_009583.jpg,1,oral_normal,oral_normal,স্বাভাবিক মুখের ভেতর,routine
oral_1_009584.jpg,1,oral_normal,oral_normal,স্বাভাবিক মুখের ভেতর,routine
oral_1_009585.jpg,1,oral_normal,oral_normal,স্বাভাবিক মুখের ভেতর,routine
oral_1_009586.jpg,1,oral_normal,oral_normal,স্বাভাবিক মুখের ভেতর,routine
oral_1_009587.jpg,1,oral_normal,oral_normal,স্বাভাবিক মুখের ভেতর,routine
oral_1_009588.jpg,1,oral_normal,oral_normal,স্বাভাবিক মুখের ভেতর,routine
oral_0_009589.jpg,0,oral_scc,oral_scc,মুখের ক্যানসারের মতো পরিবর্তন (OSC সন্দেহ),urgent
oral_0_009590.jpg,0,oral_scc,oral_scc,মুখের ক্যানসারের মতো পরিবর্তন (OSC সন্দেহ),urgent
oral_1_009591.jpg,1,oral_normal,oral_normal,স্বাভাবিক মুখের ভেতর,routine
oral_0_009592.jpg,0,oral_scc,oral_scc,মুখের ক্যানসারের মতো পরিবর্তন (OSC সন্দেহ),urgent
oral_0_009593.jpg,0,oral_scc,oral_scc,মুখের ক্যানসারের মতো পরিবর্তন (OSC সন্দেহ),urgent
oral_0_009594.jpg,0,oral_scc,oral_scc,মুখের ক্যানসারের মতো পরিবর্তন (OSC সন্দেহ),urgent
oral_0_009595.jpg,0,oral_scc,oral_scc,মুখের ক্যানসারের মতো পরিবর্তন (OSC সন্দেহ),urgent
oral_1_009596.jpg,1,oral_normal,oral_normal,স্বাভাবিক মুখের ভেতর,routine
oral_0_009597.jpg,0,oral_scc,oral_scc,মুখের ক্যানসারের মতো পরিবর্তন (OSC সন্দেহ),urgent
oral_0_009598.jpg,0,oral_scc,oral_scc,মুখের ক্যানসারের মতো পরিবর্তন (OSC সন্দেহ),urgent
oral_1_009599.jpg,1,oral_normal,oral_normal,স্বাভাবিক মুখের ভেতর,routine
oral_1_009600.jpg,1,oral_normal,oral_normal,স্বাভাবিক মুখের ভেতর,routine
oral_0_009601.jpg,0,oral_scc,oral_scc,মুখের ক্যানসারের মতো পরিবর্তন (OSC সন্দেহ),urgent
oral_0_009602.jpg,0,oral_scc,oral_scc,মুখের ক্যানসারের মতো পরিবর্তন (OSC সন্দেহ),urgent
oral_0_009603.jpg,0,oral_scc,oral_scc,মুখের ক্যানসারের মতো পরিবর্তন (OSC সন্দেহ),urgent
oral_1_009604.jpg,1,oral_normal,oral_normal,স্বাভাবিক মুখের ভেতর,routine
oral_1_009605.jpg,1,oral_normal,oral_normal,স্বাভাবিক মুখের ভেতর,routine
oral_1_009606.jpg,1,oral_normal,oral_normal,স্বাভাবিক মুখের ভেতর,routine
oral_1_009607.jpg,1,oral_normal,oral_normal,স্বাভাবিক মুখের ভেতর,routine
oral_0_009608.jpg,0,oral_scc,oral_scc,মুখের ক্যানসারের মতো পরিবর্তন (OSC সন্দেহ),urgent
oral_1_009609.jpg,1,oral_normal,oral_normal,স্বাভাবিক মুখের ভেতর,routine
oral_0_009610.jpg,0,oral_scc,oral_scc,মুখের ক্যানসারের মতো পরিবর্তন (OSC সন্দেহ),urgent
oral_1_009611.jpg,1,oral_normal,oral_normal,স্বাভাবিক মুখের ভেতর,routine
oral_0_009612.jpg,0,oral_scc,oral_scc,মুখের ক্যানসারের মতো পরিবর্তন (OSC সন্দেহ),urgent
oral_1_009613.jpg,1,oral_normal,oral_normal,স্বাভাবিক মুখের ভেতর,routine
oral_1_009614.jpg,1,oral_normal,oral_normal,স্বাভাবিক মুখের ভেতর,routine
oral_1_009615.jpg,1,oral_normal,oral_normal,স্বাভাবিক মুখের ভেতর,routine
oral_1_009616.jpg,1,oral_normal,oral_normal,স্বাভাবিক মুখের ভেতর,routine
oral_1_009617.jpg,1,oral_normal,oral_normal,স্বাভাবিক মুখের ভেতর,routine
oral_0_009618.jpg,0,oral_scc,oral_scc,মুখের ক্যানসারের মতো পরিবর্তন (OSC সন্দেহ),urgent
oral_0_009619.jpg,0,oral_scc,oral_scc,মুখের ক্যানসারের মতো পরিবর্তন (OSC সন্দেহ),urgent
oral_1_009620.jpg,1,oral_normal,oral_normal,স্বাভাবিক মুখের ভেতর,routine
oral_1_009621.jpg,1,oral_normal,oral_normal,স্বাভাবিক মুখের ভেতর,routine
oral_0_009622.jpg,0,oral_scc,oral_scc,মুখের ক্যানসারের মতো পরিবর্তন (OSC সন্দেহ),urgent
oral_1_009623.jpg,1,oral_normal,oral_normal,স্বাভাবিক মুখের ভেতর,routine
oral_0_009624.jpg,0,oral_scc,oral_scc,মুখের ক্যানসারের মতো পরিবর্তন (OSC সন্দেহ),urgent
oral_1_009625.jpg,1,oral_normal,oral_normal,স্বাভাবিক মুখের ভেতর,routine
oral_1_009626.jpg,1,oral_normal,oral_normal,স্বাভাবিক মুখের ভেতর,routine
oral_1_009627.jpg,1,oral_normal,oral_normal,স্বাভাবিক মুখের ভেতর,routine
oral_0_009628.jpg,0,oral_scc,oral_scc,মুখের ক্যানসারের মতো পরিবর্তন (OSC সন্দেহ),urgent
oral_0_009629.jpg,0,oral_scc,oral_scc,মুখের ক্যানসারের মতো পরিবর্তন (OSC সন্দেহ),urgent
oral_0_009630.jpg,0,oral_scc,oral_scc,মুখের ক্যানসারের মতো পরিবর্তন (OSC সন্দেহ),urgent
oral_0_009631.jpg,0,oral_scc,oral_scc,মুখের ক্যানসারের মতো পরিবর্তন (OSC সন্দেহ),urgent
oral_0_009632.jpg,0,oral_scc,oral_scc,মুখের ক্যানসারের মতো পরিবর্তন (OSC সন্দেহ),urgent
oral_1_009633.jpg,1,oral_normal,oral_normal,স্বাভাবিক মুখের ভেতর,routine
oral_1_009634.jpg,1,oral_normal,oral_normal,স্বাভাবিক মুখের ভেতর,routine
oral_1_009635.jpg,1,oral_normal,oral_normal,স্বাভাবিক মুখের ভেতর,routine
oral_0_009636.jpg,0,oral_scc,oral_scc,মুখের ক্যানসারের মতো পরিবর্তন (OSC সন্দেহ),urgent
oral_1_009637.jpg,1,oral_normal,oral_normal,স্বাভাবিক মুখের ভেতর,routine
oral_0_009638.jpg,0,oral_scc,oral_scc,মুখের ক্যানসারের মতো পরিবর্তন (OSC সন্দেহ),urgent
oral_0_009639.jpg,0,oral_scc,oral_scc,মুখের ক্যানসারের মতো পরিবর্তন (OSC সন্দেহ),urgent
oral_0_009640.jpg,0,oral_scc,oral_scc,মুখের ক্যানসারের মতো পরিবর্তন (OSC সন্দেহ),urgent
oral_0_009641.jpg,0,oral_scc,oral_scc,মুখের ক্যানসারের মতো পরিবর্তন (OSC সন্দেহ),urgent
oral_0_009642.jpg,0,oral_scc,oral_scc,মুখের ক্যানসারের মতো পরিবর্তন (OSC সন্দেহ),urgent
oral_1_009643.jpg,1,oral_normal,oral_normal,স্বাভাবিক মুখের ভেতর,routine
oral_0_009644.jpg,0,oral_scc,oral_scc,মুখের ক্যানসারের মতো পরিবর্তন (OSC সন্দেহ),urgent
oral_1_009645.jpg,1,oral_normal,oral_normal,স্বাভাবিক মুখের ভেতর,routine
oral_1_009646.jpg,1,oral_normal,oral_normal,স্বাভাবিক মুখের ভেতর,routine
oral_0_009647.jpg,0,oral_scc,oral_scc,মুখের ক্যানসারের মতো পরিবর্তন (OSC সন্দেহ),urgent
oral_0_009648.jpg,0,oral_scc,oral_scc,মুখের ক্যানসারের মতো পরিবর্তন (OSC সন্দেহ),urgent
oral_1_009649.jpg,1,oral_normal,oral_normal,স্বাভাবিক মুখের ভেতর,routine
oral_1_009650.jpg,1,oral_normal,oral_normal,স্বাভাবিক মুখের ভেতর,routine
oral_0_009651.jpg,0,oral_scc,oral_scc,মুখের ক্যানসারের মতো পরিবর্তন (OSC সন্দেহ),urgent
oral_1_009652.jpg,1,oral_normal,oral_normal,স্বাভাবিক মুখের ভেতর,routine
oral_0_009653.jpg,0,oral_scc,oral_scc,মুখের ক্যানসারের মতো পরিবর্তন (OSC সন্দেহ),urgent
oral_1_009654.jpg,1,oral_normal,oral_normal,স্বাভাবিক মুখের ভেতর,routine
oral_1_009655.jpg,1,oral_normal,oral_normal,স্বাভাবিক মুখের ভেতর,routine
oral_1_009656.jpg,1,oral_normal,oral_normal,স্বাভাবিক মুখের ভেতর,routine
oral_1_009657.jpg,1,oral_normal,oral_normal,স্বাভাবিক মুখের ভেতর,routine
oral_0_009658.jpg,0,oral_scc,oral_scc,মুখের ক্যানসারের মতো পরিবর্তন (OSC সন্দেহ),urgent
oral_0_009659.jpg,0,oral_scc,oral_scc,মুখের ক্যানসারের মতো পরিবর্তন (OSC সন্দেহ),urgent
oral_1_009660.jpg,1,oral_normal,oral_normal,স্বাভাবিক মুখের ভেতর,routine
oral_0_009661.jpg,0,oral_scc,oral_scc,মুখের ক্যানসারের মতো পরিবর্তন (OSC সন্দেহ),urgent
oral_0_009662.jpg,0,oral_scc,oral_scc,মুখের ক্যানসারের মতো পরিবর্তন (OSC সন্দেহ),urgent
oral_1_009663.jpg,1,oral_normal,oral_normal,স্বাভাবিক মুখের ভেতর,routine
oral_1_009664.jpg,1,oral_normal,oral_normal,স্বাভাবিক মুখের ভেতর,routine
oral_1_009665.jpg,1,oral_normal,oral_normal,স্বাভাবিক মুখের ভেতর,routine
oral_1_009666.jpg,1,oral_normal,oral_normal,স্বাভাবিক মুখের ভেতর,routine
oral_1_009667.jpg,1,oral_normal,oral_normal,স্বাভাবিক মুখের ভেতর,routine
oral_0_009668.jpg,0,oral_scc,oral_scc,মুখের ক্যানসারের মতো পরিবর্তন (OSC সন্দেহ),urgent
oral_0_009669.jpg,0,oral_scc,oral_scc,মুখের ক্যানসারের মতো পরিবর্তন (OSC সন্দেহ),urgent
oral_0_009670.jpg,0,oral_scc,oral_scc,মুখের ক্যানসারের মতো পরিবর্তন (OSC সন্দেহ),urgent
oral_0_009671.jpg,0,oral_scc,oral_scc,মুখের ক্যানসারের মতো পরিবর্তন (OSC সন্দেহ),urgent
oral_0_009672.jpg,0,oral_scc,oral_scc,মুখের ক্যানসারের মতো পরিবর্তন (OSC সন্দেহ),urgent
oral_1_009673.jpg,1,oral_normal,oral_normal,স্বাভাবিক মুখের ভেতর,routine
oral_1_009674.jpg,1,oral_normal,oral_normal,স্বাভাবিক মুখের ভেতর,routine
oral_1_009675.jpg,1,oral_normal,oral_normal,স্বাভাবিক মুখের ভেতর,routine
oral_0_009676.jpg,0,oral_scc,oral_scc,মুখের ক্যানসারের মতো পরিবর্তন (OSC সন্দেহ),urgent
oral_0_009677.jpg,0,oral_scc,oral_scc,মুখের ক্যানসারের মতো পরিবর্তন (OSC সন্দেহ),urgent
oral_0_009678.jpg,0,oral_scc,oral_scc,মুখের ক্যানসারের মতো পরিবর্তন (OSC সন্দেহ),urgent
oral_0_009679.jpg,0,oral_scc,oral_scc,মুখের ক্যানসারের মতো পরিবর্তন (OSC সন্দেহ),urgent
oral_0_009680.jpg,0,oral_scc,oral_scc,মুখের ক্যানসারের মতো পরিবর্তন (OSC সন্দেহ),urgent
oral_1_009681.jpg,1,oral_normal,oral_normal,স্বাভাবিক মুখের ভেতর,routine
oral_1_009682.jpg,1,oral_normal,oral_normal,স্বাভাবিক মুখের ভেতর,routine
oral_1_009683.jpg,1,oral_normal,oral_normal,স্বাভাবিক মুখের ভেতর,routine
oral_0_009684.jpg,0,oral_scc,oral_scc,মুখের ক্যানসারের মতো পরিবর্তন (OSC সন্দেহ),urgent
oral_0_009685.jpg,0,oral_scc,oral_scc,মুখের ক্যানসারের মতো পরিবর্তন (OSC সন্দেহ),urgent
oral_1_009686.jpg,1,oral_normal,oral_normal,স্বাভাবিক মুখের ভেতর,routine
oral_0_009687.jpg,0,oral_scc,oral_scc,মুখের ক্যানসারের মতো পরিবর্তন (OSC সন্দেহ),urgent
oral_1_009688.jpg,1,oral_normal,oral_normal,স্বাভাবিক মুখের ভেতর,routine
oral_0_009689.jpg,0,oral_scc,oral_scc,মুখের ক্যানসারের মতো পরিবর্তন (OSC সন্দেহ),urgent
oral_1_009690.jpg,1,oral_normal,oral_normal,স্বাভাবিক মুখের ভেতর,routine
oral_1_009691.jpg,1,oral_normal,oral_normal,স্বাভাবিক মুখের ভেতর,routine
oral_1_009692.jpg,1,oral_normal,oral_normal,স্বাভাবিক মুখের ভেতর,routine
oral_1_009693.jpg,1,oral_normal,oral_normal,স্বাভাবিক মুখের ভেতর,routine
oral_1_009694.jpg,1,oral_normal,oral_normal,স্বাভাবিক মুখের ভেতর,routine
oral_1_009695.jpg,1,oral_normal,oral_normal,স্বাভাবিক মুখের ভেতর,routine
oral_0_009696.jpg,0,oral_scc,oral_scc,মুখের ক্যানসারের মতো পরিবর্তন (OSC সন্দেহ),urgent
oral_0_009697.jpg,0,oral_scc,oral_scc,মুখের ক্যানসারের মতো পরিবর্তন (OSC সন্দেহ),urgent
oral_1_009698.jpg,1,oral_normal,oral_normal,স্বাভাবিক মুখের ভেতর,routine
oral_0_009699.jpg,0,oral_scc,oral_scc,মুখের ক্যানসারের মতো পরিবর্তন (OSC সন্দেহ),urgent
oral_0_009700.jpg,0,oral_scc,oral_scc,মুখের ক্যানসারের মতো পরিবর্তন (OSC সন্দেহ),urgent
oral_1_009701.jpg,1,oral_normal,oral_normal,স্বাভাবিক মুখের ভেতর,routine
oral_0_009702.jpg,0,oral_scc,oral_scc,মুখের ক্যানসারের মতো পরিবর্তন (OSC সন্দেহ),urgent
oral_1_009703.jpg,1,oral_normal,oral_normal,স্বাভাবিক মুখের ভেতর,routine
oral_0_009704.jpg,0,oral_scc,oral_scc,মুখের ক্যানসারের মতো পরিবর্তন (OSC সন্দেহ),urgent
oral_0_009705.jpg,0,oral_scc,oral_scc,মুখের ক্যানসারের মতো পরিবর্তন (OSC সন্দেহ),urgent
oral_1_009706.jpg,1,oral_normal,oral_normal,স্বাভাবিক মুখের ভেতর,routine
oral_1_009707.jpg,1,oral_normal,oral_normal,স্বাভাবিক মুখের ভেতর,routine
oral_1_009708.jpg,1,oral_normal,oral_normal,স্বাভাবিক মুখের ভেতর,routine
oral_1_009709.jpg,1,oral_normal,oral_normal,স্বাভাবিক মুখের ভেতর,routine
oral_0_009710.jpg,0,oral_scc,oral_scc,মুখের ক্যানসারের মতো পরিবর্তন (OSC সন্দেহ),urgent
oral_0_009711.jpg,0,oral_scc,oral_scc,মুখের ক্যানসারের মতো পরিবর্তন (OSC সন্দেহ),urgent
oral_1_009712.jpg,1,oral_normal,oral_normal,স্বাভাবিক মুখের ভেতর,routine
oral_0_009713.jpg,0,oral_scc,oral_scc,মুখের ক্যানসারের মতো পরিবর্তন (OSC সন্দেহ),urgent
oral_1_009714.jpg,1,oral_normal,oral_normal,স্বাভাবিক মুখের ভেতর,routine
oral_1_009715.jpg,1,oral_normal,oral_normal,স্বাভাবিক মুখের ভেতর,routine
oral_0_009716.jpg,0,oral_scc,oral_scc,মুখের ক্যানসারের মতো পরিবর্তন (OSC সন্দেহ),urgent
oral_0_009717.jpg,0,oral_scc,oral_scc,মুখের ক্যানসারের মতো পরিবর্তন (OSC সন্দেহ),urgent
oral_1_009718.jpg,1,oral_normal,oral_normal,স্বাভাবিক মুখের ভেতর,routine
oral_0_009719.jpg,0,oral_scc,oral_scc,মুখের ক্যানসারের মতো পরিবর্তন (OSC সন্দেহ),urgent
oral_1_009720.jpg,1,oral_normal,oral_normal,স্বাভাবিক মুখের ভেতর,routine
oral_0_009721.jpg,0,oral_scc,oral_scc,মুখের ক্যানসারের মতো পরিবর্তন (OSC সন্দেহ),urgent
oral_0_009722.jpg,0,oral_scc,oral_scc,মুখের ক্যানসারের মতো পরিবর্তন (OSC সন্দেহ),urgent
oral_0_009723.jpg,0,oral_scc,oral_scc,মুখের ক্যানসারের মতো পরিবর্তন (OSC সন্দেহ),urgent
oral_1_009724.jpg,1,oral_normal,oral_normal,স্বাভাবিক মুখের ভেতর,routine
oral_1_009725.jpg,1,oral_normal,oral_normal,স্বাভাবিক মুখের ভেতর,routine
oral_1_009726.jpg,1,oral_normal,oral_normal,স্বাভাবিক মুখের ভেতর,routine
oral_1_009727.jpg,1,oral_normal,oral_normal,স্বাভাবিক মুখের ভেতর,routine
oral_1_009728.jpg,1,oral_normal,oral_normal,স্বাভাবিক মুখের ভেতর,routine
oral_0_009729.jpg,0,oral_scc,oral_scc,মুখের ক্যানসারের মতো পরিবর্তন (OSC সন্দেহ),urgent
oral_0_009730.jpg,0,oral_scc,oral_scc,মুখের ক্যানসারের মতো পরিবর্তন (OSC সন্দেহ),urgent
oral_1_009731.jpg,1,oral_normal,oral_normal,স্বাভাবিক মুখের ভেতর,routine
oral_1_009732.jpg,1,oral_normal,oral_normal,স্বাভাবিক মুখের ভেতর,routine
oral_1_009733.jpg,1,oral_normal,oral_normal,স্বাভাবিক মুখের ভেতর,routine
oral_0_009734.jpg,0,oral_scc,oral_scc,মুখের ক্যানসারের মতো পরিবর্তন (OSC সন্দেহ),urgent
oral_0_009735.jpg,0,oral_scc,oral_scc,মুখের ক্যানসারের মতো পরিবর্তন (OSC সন্দেহ),urgent
oral_1_009736.jpg,1,oral_normal,oral_normal,স্বাভাবিক মুখের ভেতর,routine
oral_0_009737.jpg,0,oral_scc,oral_scc,মুখের ক্যানসারের মতো পরিবর্তন (OSC সন্দেহ),urgent
oral_1_009738.jpg,1,oral_normal,oral_normal,স্বাভাবিক মুখের ভেতর,routine
oral_1_009739.jpg,1,oral_normal,oral_normal,স্বাভাবিক মুখের ভেতর,routine
oral_0_009740.jpg,0,oral_scc,oral_scc,মুখের ক্যানসারের মতো পরিবর্তন (OSC সন্দেহ),urgent
oral_0_009741.jpg,0,oral_scc,oral_scc,মুখের ক্যানসারের মতো পরিবর্তন (OSC সন্দেহ),urgent
oral_1_009742.jpg,1,oral_normal,oral_normal,স্বাভাবিক মুখের ভেতর,routine
oral_0_009743.jpg,0,oral_scc,oral_scc,মুখের ক্যানসারের মতো পরিবর্তন (OSC সন্দেহ),urgent
oral_1_009744.jpg,1,oral_normal,oral_normal,স্বাভাবিক মুখের ভেতর,routine
oral_0_009745.jpg,0,oral_scc,oral_scc,মুখের ক্যানসারের মতো পরিবর্তন (OSC সন্দেহ),urgent
oral_1_009746.jpg,1,oral_normal,oral_normal,স্বাভাবিক মুখের ভেতর,routine
oral_1_009747.jpg,1,oral_normal,oral_normal,স্বাভাবিক মুখের ভেতর,routine
oral_1_009748.jpg,1,oral_normal,oral_normal,স্বাভাবিক মুখের ভেতর,routine
oral_0_009749.jpg,0,oral_scc,oral_scc,মুখের ক্যানসারের মতো পরিবর্তন (OSC সন্দেহ),urgent
oral_0_009750.jpg,0,oral_scc,oral_scc,মুখের ক্যানসারের মতো পরিবর্তন (OSC সন্দেহ),urgent
oral_1_009751.jpg,1,oral_normal,oral_normal,স্বাভাবিক মুখের ভেতর,routine
oral_0_009752.jpg,0,oral_scc,oral_scc,মুখের ক্যানসারের মতো পরিবর্তন (OSC সন্দেহ),urgent
oral_0_009753.jpg,0,oral_scc,oral_scc,মুখের ক্যানসারের মতো পরিবর্তন (OSC সন্দেহ),urgent
oral_0_009754.jpg,0,oral_scc,oral_scc,মুখের ক্যানসারের মতো পরিবর্তন (OSC সন্দেহ),urgent
oral_1_009755.jpg,1,oral_normal,oral_normal,স্বাভাবিক মুখের ভেতর,routine
oral_0_009756.jpg,0,oral_scc,oral_scc,মুখের ক্যানসারের মতো পরিবর্তন (OSC সন্দেহ),urgent
oral_0_009757.jpg,0,oral_scc,oral_scc,মুখের ক্যানসারের মতো পরিবর্তন (OSC সন্দেহ),urgent
oral_1_009758.jpg,1,oral_normal,oral_normal,স্বাভাবিক মুখের ভেতর,routine
oral_0_009759.jpg,0,oral_scc,oral_scc,মুখের ক্যানসারের মতো পরিবর্তন (OSC সন্দেহ),urgent
oral_0_009760.jpg,0,oral_scc,oral_scc,মুখের ক্যানসারের মতো পরিবর্তন (OSC সন্দেহ),urgent
oral_0_009761.jpg,0,oral_scc,oral_scc,মুখের ক্যানসারের মতো পরিবর্তন (OSC সন্দেহ),urgent
oral_0_009762.jpg,0,oral_scc,oral_scc,মুখের ক্যানসারের মতো পরিবর্তন (OSC সন্দেহ),urgent
oral_0_009763.jpg,0,oral_scc,oral_scc,মুখের ক্যানসারের মতো পরিবর্তন (OSC সন্দেহ),urgent
oral_0_009764.jpg,0,oral_scc,oral_scc,মুখের ক্যানসারের মতো পরিবর্তন (OSC সন্দেহ),urgent
oral_0_009765.jpg,0,oral_scc,oral_scc,মুখের ক্যানসারের মতো পরিবর্তন (OSC সন্দেহ),urgent
oral_1_009766.jpg,1,oral_normal,oral_normal,স্বাভাবিক মুখের ভেতর,routine
oral_1_009767.jpg,1,oral_normal,oral_normal,স্বাভাবিক মুখের ভেতর,routine
oral_1_009768.jpg,1,oral_normal,oral_normal,স্বাভাবিক মুখের ভেতর,routine
oral_0_009769.jpg,0,oral_scc,oral_scc,মুখের ক্যানসারের মতো পরিবর্তন (OSC সন্দেহ),urgent
oral_0_009770.jpg,0,oral_scc,oral_scc,মুখের ক্যানসারের মতো পরিবর্তন (OSC সন্দেহ),urgent
oral_1_009771.jpg,1,oral_normal,oral_normal,স্বাভাবিক মুখের ভেতর,routine
oral_0_009772.jpg,0,oral_scc,oral_scc,মুখের ক্যানসারের মতো পরিবর্তন (OSC সন্দেহ),urgent
oral_1_009773.jpg,1,oral_normal,oral_normal,স্বাভাবিক মুখের ভেতর,routine
oral_1_009774.jpg,1,oral_normal,oral_normal,স্বাভাবিক মুখের ভেতর,routine
oral_1_009775.jpg,1,oral_normal,oral_normal,স্বাভাবিক মুখের ভেতর,routine
oral_0_009776.jpg,0,oral_scc,oral_scc,মুখের ক্যানসারের মতো পরিবর্তন (OSC সন্দেহ),urgent
oral_0_009777.jpg,0,oral_scc,oral_scc,মুখের ক্যানসারের মতো পরিবর্তন (OSC সন্দেহ),urgent
oral_1_009778.jpg,1,oral_normal,oral_normal,স্বাভাবিক মুখের ভেতর,routine
oral_0_009779.jpg,0,oral_scc,oral_scc,মুখের ক্যানসারের মতো পরিবর্তন (OSC সন্দেহ),urgent
oral_0_009780.jpg,0,oral_scc,oral_scc,মুখের ক্যানসারের মতো পরিবর্তন (OSC সন্দেহ),urgent
oral_1_009781.jpg,1,oral_normal,oral_normal,স্বাভাবিক মুখের ভেতর,routine
oral_0_009782.jpg,0,oral_scc,oral_scc,মুখের ক্যানসারের মতো পরিবর্তন (OSC সন্দেহ),urgent
oral_0_009783.jpg,0,oral_scc,oral_scc,মুখের ক্যানসারের মতো পরিবর্তন (OSC সন্দেহ),urgent
oral_0_009784.jpg,0,oral_scc,oral_scc,মুখের ক্যানসারের মতো পরিবর্তন (OSC সন্দেহ),urgent
oral_0_009785.jpg,0,oral_scc,oral_scc,মুখের ক্যানসারের মতো পরিবর্তন (OSC সন্দেহ),urgent
oral_0_009786.jpg,0,oral_scc,oral_scc,মুখের ক্যানসারের মতো পরিবর্তন (OSC সন্দেহ),urgent
oral_0_009787.jpg,0,oral_scc,oral_scc,মুখের ক্যানসারের মতো পরিবর্তন (OSC সন্দেহ),urgent
oral_1_009788.jpg,1,oral_normal,oral_normal,স্বাভাবিক মুখের ভেতর,routine
oral_0_009789.jpg,0,oral_scc,oral_scc,মুখের ক্যানসারের মতো পরিবর্তন (OSC সন্দেহ),urgent
oral_0_009790.jpg,0,oral_scc,oral_scc,মুখের ক্যানসারের মতো পরিবর্তন (OSC সন্দেহ),urgent
oral_0_009791.jpg,0,oral_scc,oral_scc,মুখের ক্যানসারের মতো পরিবর্তন (OSC সন্দেহ),urgent
oral_0_009792.jpg,0,oral_scc,oral_scc,মুখের ক্যানসারের মতো পরিবর্তন (OSC সন্দেহ),urgent
oral_0_009793.jpg,0,oral_scc,oral_scc,মুখের ক্যানসারের মতো পরিবর্তন (OSC সন্দেহ),urgent
oral_1_009794.jpg,1,oral_normal,oral_normal,স্বাভাবিক মুখের ভেতর,routine
oral_0_009795.jpg,0,oral_scc,oral_scc,মুখের ক্যানসারের মতো পরিবর্তন (OSC সন্দেহ),urgent
oral_0_009796.jpg,0,oral_scc,oral_scc,মুখের ক্যানসারের মতো পরিবর্তন (OSC সন্দেহ),urgent
oral_0_009797.jpg,0,oral_scc,oral_scc,মুখের ক্যানসারের মতো পরিবর্তন (OSC সন্দেহ),urgent
oral_0_009798.jpg,0,oral_scc,oral_scc,মুখের ক্যানসারের মতো পরিবর্তন (OSC সন্দেহ),urgent
oral_1_009799.jpg,1,oral_normal,oral_normal,স্বাভাবিক মুখের ভেতর,routine
oral_1_009800.jpg,1,oral_normal,oral_normal,স্বাভাবিক মুখের ভেতর,routine
oral_0_009801.jpg,0,oral_scc,oral_scc,মুখের ক্যানসারের মতো পরিবর্তন (OSC সন্দেহ),urgent
oral_0_009802.jpg,0,oral_scc,oral_scc,মুখের ক্যানসারের মতো পরিবর্তন (OSC সন্দেহ),urgent
oral_0_009803.jpg,0,oral_scc,oral_scc,মুখের ক্যানসারের মতো পরিবর্তন (OSC সন্দেহ),urgent
oral_0_009804.jpg,0,oral_scc,oral_scc,মুখের ক্যানসারের মতো পরিবর্তন (OSC সন্দেহ),urgent
oral_1_009805.jpg,1,oral_normal,oral_normal,স্বাভাবিক মুখের ভেতর,routine
oral_0_009806.jpg,0,oral_scc,oral_scc,মুখের ক্যানসারের মতো পরিবর্তন (OSC সন্দেহ),urgent
oral_0_009807.jpg,0,oral_scc,oral_scc,মুখের ক্যানসারের মতো পরিবর্তন (OSC সন্দেহ),urgent
oral_1_009808.jpg,1,oral_normal,oral_normal,স্বাভাবিক মুখের ভেতর,routine
oral_0_009809.jpg,0,oral_scc,oral_scc,মুখের ক্যানসারের মতো পরিবর্তন (OSC সন্দেহ),urgent
oral_1_009810.jpg,1,oral_normal,oral_normal,স্বাভাবিক মুখের ভেতর,routine
oral_1_009811.jpg,1,oral_normal,oral_normal,স্বাভাবিক মুখের ভেতর,routine
oral_0_009812.jpg,0,oral_scc,oral_scc,মুখের ক্যানসারের মতো পরিবর্তন (OSC সন্দেহ),urgent
oral_1_009813.jpg,1,oral_normal,oral_normal,স্বাভাবিক মুখের ভেতর,routine
oral_1_009814.jpg,1,oral_normal,oral_normal,স্বাভাবিক মুখের ভেতর,routine
oral_0_009815.jpg,0,oral_scc,oral_scc,মুখের ক্যানসারের মতো পরিবর্তন (OSC সন্দেহ),urgent
oral_1_009816.jpg,1,oral_normal,oral_normal,স্বাভাবিক মুখের ভেতর,routine
oral_1_009817.jpg,1,oral_normal,oral_normal,স্বাভাবিক মুখের ভেতর,routine
oral_0_009818.jpg,0,oral_scc,oral_scc,মুখের ক্যানসারের মতো পরিবর্তন (OSC সন্দেহ),urgent
oral_0_009819.jpg,0,oral_scc,oral_scc,মুখের ক্যানসারের মতো পরিবর্তন (OSC সন্দেহ),urgent
oral_0_009820.jpg,0,oral_scc,oral_scc,মুখের ক্যানসারের মতো পরিবর্তন (OSC সন্দেহ),urgent
oral_0_009821.jpg,0,oral_scc,oral_scc,মুখের ক্যানসারের মতো পরিবর্তন (OSC সন্দেহ),urgent
oral_1_009822.jpg,1,oral_normal,oral_normal,স্বাভাবিক মুখের ভেতর,routine
oral_0_009823.jpg,0,oral_scc,oral_scc,মুখের ক্যানসারের মতো পরিবর্তন (OSC সন্দেহ),urgent
oral_0_009824.jpg,0,oral_scc,oral_scc,মুখের ক্যানসারের মতো পরিবর্তন (OSC সন্দেহ),urgent
oral_0_009825.jpg,0,oral_scc,oral_scc,মুখের ক্যানসারের মতো পরিবর্তন (OSC সন্দেহ),urgent
oral_1_009826.jpg,1,oral_normal,oral_normal,স্বাভাবিক মুখের ভেতর,routine
oral_1_009827.jpg,1,oral_normal,oral_normal,স্বাভাবিক মুখের ভেতর,routine
oral_0_009828.jpg,0,oral_scc,oral_scc,মুখের ক্যানসারের মতো পরিবর্তন (OSC সন্দেহ),urgent
oral_1_009829.jpg,1,oral_normal,oral_normal,স্বাভাবিক মুখের ভেতর,routine
oral_0_009830.jpg,0,oral_scc,oral_scc,মুখের ক্যানসারের মতো পরিবর্তন (OSC সন্দেহ),urgent
oral_1_009831.jpg,1,oral_normal,oral_normal,স্বাভাবিক মুখের ভেতর,routine
oral_1_009832.jpg,1,oral_normal,oral_normal,স্বাভাবিক মুখের ভেতর,routine
oral_1_009833.jpg,1,oral_normal,oral_normal,স্বাভাবিক মুখের ভেতর,routine
oral_1_009834.jpg,1,oral_normal,oral_normal,স্বাভাবিক মুখের ভেতর,routine
oral_1_009835.jpg,1,oral_normal,oral_normal,স্বাভাবিক মুখের ভেতর,routine
oral_1_009836.jpg,1,oral_normal,oral_normal,স্বাভাবিক মুখের ভেতর,routine
oral_1_009837.jpg,1,oral_normal,oral_normal,স্বাভাবিক মুখের ভেতর,routine
oral_1_009838.jpg,1,oral_normal,oral_normal,স্বাভাবিক মুখের ভেতর,routine
oral_1_009839.jpg,1,oral_normal,oral_normal,স্বাভাবিক মুখের ভেতর,routine
oral_0_009840.jpg,0,oral_scc,oral_scc,মুখের ক্যানসারের মতো পরিবর্তন (OSC সন্দেহ),urgent
oral_0_009841.jpg,0,oral_scc,oral_scc,মুখের ক্যানসারের মতো পরিবর্তন (OSC সন্দেহ),urgent
oral_0_009842.jpg,0,oral_scc,oral_scc,মুখের ক্যানসারের মতো পরিবর্তন (OSC সন্দেহ),urgent
oral_0_009843.jpg,0,oral_scc,oral_scc,মুখের ক্যানসারের মতো পরিবর্তন (OSC সন্দেহ),urgent
oral_1_009844.jpg,1,oral_normal,oral_normal,স্বাভাবিক মুখের ভেতর,routine
oral_1_009845.jpg,1,oral_normal,oral_normal,স্বাভাবিক মুখের ভেতর,routine
oral_1_009846.jpg,1,oral_normal,oral_normal,স্বাভাবিক মুখের ভেতর,routine
oral_1_009847.jpg,1,oral_normal,oral_normal,স্বাভাবিক মুখের ভেতর,routine
oral_1_009848.jpg,1,oral_normal,oral_normal,স্বাভাবিক মুখের ভেতর,routine
oral_0_009849.jpg,0,oral_scc,oral_scc,মুখের ক্যানসারের মতো পরিবর্তন (OSC সন্দেহ),urgent
oral_0_009850.jpg,0,oral_scc,oral_scc,মুখের ক্যানসারের মতো পরিবর্তন (OSC সন্দেহ),urgent
oral_1_009851.jpg,1,oral_normal,oral_normal,স্বাভাবিক মুখের ভেতর,routine
oral_1_009852.jpg,1,oral_normal,oral_normal,স্বাভাবিক মুখের ভেতর,routine
oral_1_009853.jpg,1,oral_normal,oral_normal,স্বাভাবিক মুখের ভেতর,routine
oral_0_009854.jpg,0,oral_scc,oral_scc,মুখের ক্যানসারের মতো পরিবর্তন (OSC সন্দেহ),urgent
oral_1_009855.jpg,1,oral_normal,oral_normal,স্বাভাবিক মুখের ভেতর,routine
oral_1_009856.jpg,1,oral_normal,oral_normal,স্বাভাবিক মুখের ভেতর,routine
oral_1_009857.jpg,1,oral_normal,oral_normal,স্বাভাবিক মুখের ভেতর,routine
oral_1_009858.jpg,1,oral_normal,oral_normal,স্বাভাবিক মুখের ভেতর,routine
oral_1_009859.jpg,1,oral_normal,oral_normal,স্বাভাবিক মুখের ভেতর,routine
oral_0_009860.jpg,0,oral_scc,oral_scc,মুখের ক্যানসারের মতো পরিবর্তন (OSC সন্দেহ),urgent
oral_1_009861.jpg,1,oral_normal,oral_normal,স্বাভাবিক মুখের ভেতর,routine
oral_1_009862.jpg,1,oral_normal,oral_normal,স্বাভাবিক মুখের ভেতর,routine
oral_1_009863.jpg,1,oral_normal,oral_normal,স্বাভাবিক মুখের ভেতর,routine
oral_1_009864.jpg,1,oral_normal,oral_normal,স্বাভাবিক মুখের ভেতর,routine
oral_0_009865.jpg,0,oral_scc,oral_scc,মুখের ক্যানসারের মতো পরিবর্তন (OSC সন্দেহ),urgent
oral_1_009866.jpg,1,oral_normal,oral_normal,স্বাভাবিক মুখের ভেতর,routine
oral_1_009867.jpg,1,oral_normal,oral_normal,স্বাভাবিক মুখের ভেতর,routine
oral_1_009868.jpg,1,oral_normal,oral_normal,স্বাভাবিক মুখের ভেতর,routine
oral_0_009869.jpg,0,oral_scc,oral_scc,মুখের ক্যানসারের মতো পরিবর্তন (OSC সন্দেহ),urgent
oral_1_009870.jpg,1,oral_normal,oral_normal,স্বাভাবিক মুখের ভেতর,routine
oral_0_009871.jpg,0,oral_scc,oral_scc,মুখের ক্যানসারের মতো পরিবর্তন (OSC সন্দেহ),urgent
oral_0_009872.jpg,0,oral_scc,oral_scc,মুখের ক্যানসারের মতো পরিবর্তন (OSC সন্দেহ),urgent
oral_0_009873.jpg,0,oral_scc,oral_scc,মুখের ক্যানসারের মতো পরিবর্তন (OSC সন্দেহ),urgent
oral_0_009874.jpg,0,oral_scc,oral_scc,মুখের ক্যানসারের মতো পরিবর্তন (OSC সন্দেহ),urgent
oral_1_009875.jpg,1,oral_normal,oral_normal,স্বাভাবিক মুখের ভেতর,routine
oral_0_009876.jpg,0,oral_scc,oral_scc,মুখের ক্যানসারের মতো পরিবর্তন (OSC সন্দেহ),urgent
oral_1_009877.jpg,1,oral_normal,oral_normal,স্বাভাবিক মুখের ভেতর,routine
oral_0_009878.jpg,0,oral_scc,oral_scc,মুখের ক্যানসারের মতো পরিবর্তন (OSC সন্দেহ),urgent
oral_0_009879.jpg,0,oral_scc,oral_scc,মুখের ক্যানসারের মতো পরিবর্তন (OSC সন্দেহ),urgent
oral_0_009880.jpg,0,oral_scc,oral_scc,মুখের ক্যানসারের মতো পরিবর্তন (OSC সন্দেহ),urgent
oral_1_009881.jpg,1,oral_normal,oral_normal,স্বাভাবিক মুখের ভেতর,routine
oral_0_009882.jpg,0,oral_scc,oral_scc,মুখের ক্যানসারের মতো পরিবর্তন (OSC সন্দেহ),urgent
oral_1_009883.jpg,1,oral_normal,oral_normal,স্বাভাবিক মুখের ভেতর,routine
oral_0_009884.jpg,0,oral_scc,oral_scc,মুখের ক্যানসারের মতো পরিবর্তন (OSC সন্দেহ),urgent
oral_0_009885.jpg,0,oral_scc,oral_scc,মুখের ক্যানসারের মতো পরিবর্তন (OSC সন্দেহ),urgent
oral_1_009886.jpg,1,oral_normal,oral_normal,স্বাভাবিক মুখের ভেতর,routine
oral_0_009887.jpg,0,oral_scc,oral_scc,মুখের ক্যানসারের মতো পরিবর্তন (OSC সন্দেহ),urgent
oral_0_009888.jpg,0,oral_scc,oral_scc,মুখের ক্যানসারের মতো পরিবর্তন (OSC সন্দেহ),urgent
oral_1_009889.jpg,1,oral_normal,oral_normal,স্বাভাবিক মুখের ভেতর,routine
oral_1_009890.jpg,1,oral_normal,oral_normal,স্বাভাবিক মুখের ভেতর,routine
oral_1_009891.jpg,1,oral_normal,oral_normal,স্বাভাবিক মুখের ভেতর,routine
oral_1_009892.jpg,1,oral_normal,oral_normal,স্বাভাবিক মুখের ভেতর,routine
oral_1_009893.jpg,1,oral_normal,oral_normal,স্বাভাবিক মুখের ভেতর,routine
oral_0_009894.jpg,0,oral_scc,oral_scc,মুখের ক্যানসারের মতো পরিবর্তন (OSC সন্দেহ),urgent
oral_0_009895.jpg,0,oral_scc,oral_scc,মুখের ক্যানসারের মতো পরিবর্তন (OSC সন্দেহ),urgent
oral_1_009896.jpg,1,oral_normal,oral_normal,স্বাভাবিক মুখের ভেতর,routine
oral_1_009897.jpg,1,oral_normal,oral_normal,স্বাভাবিক মুখের ভেতর,routine
oral_1_009898.jpg,1,oral_normal,oral_normal,স্বাভাবিক মুখের ভেতর,routine
oral_1_009899.jpg,1,oral_normal,oral_normal,স্বাভাবিক মুখের ভেতর,routine
oral_1_009900.jpg,1,oral_normal,oral_normal,স্বাভাবিক মুখের ভেতর,routine
oral_0_009901.jpg,0,oral_scc,oral_scc,মুখের ক্যানসারের মতো পরিবর্তন (OSC সন্দেহ),urgent
oral_1_009902.jpg,1,oral_normal,oral_normal,স্বাভাবিক মুখের ভেতর,routine
oral_1_009903.jpg,1,oral_normal,oral_normal,স্বাভাবিক মুখের ভেতর,routine
oral_0_009904.jpg,0,oral_scc,oral_scc,মুখের ক্যানসারের মতো পরিবর্তন (OSC সন্দেহ),urgent
oral_0_009905.jpg,0,oral_scc,oral_scc,মুখের ক্যানসারের মতো পরিবর্তন (OSC সন্দেহ),urgent
oral_0_009906.jpg,0,oral_scc,oral_scc,মুখের ক্যানসারের মতো পরিবর্তন (OSC সন্দেহ),urgent
oral_1_009907.jpg,1,oral_normal,oral_normal,স্বাভাবিক মুখের ভেতর,routine
oral_1_009908.jpg,1,oral_normal,oral_normal,স্বাভাবিক মুখের ভেতর,routine
oral_1_009909.jpg,1,oral_normal,oral_normal,স্বাভাবিক মুখের ভেতর,routine
oral_1_009910.jpg,1,oral_normal,oral_normal,স্বাভাবিক মুখের ভেতর,routine
oral_1_009911.jpg,1,oral_normal,oral_normal,স্বাভাবিক মুখের ভেতর,routine
oral_0_009912.jpg,0,oral_scc,oral_scc,মুখের ক্যানসারের মতো পরিবর্তন (OSC সন্দেহ),urgent
oral_1_009913.jpg,1,oral_normal,oral_normal,স্বাভাবিক মুখের ভেতর,routine
oral_1_009914.jpg,1,oral_normal,oral_normal,স্বাভাবিক মুখের ভেতর,routine
oral_1_009915.jpg,1,oral_normal,oral_normal,স্বাভাবিক মুখের ভেতর,routine
oral_1_009916.jpg,1,oral_normal,oral_normal,স্বাভাবিক মুখের ভেতর,routine
oral_0_009917.jpg,0,oral_scc,oral_scc,মুখের ক্যানসারের মতো পরিবর্তন (OSC সন্দেহ),urgent
oral_1_009918.jpg,1,oral_normal,oral_normal,স্বাভাবিক মুখের ভেতর,routine
oral_0_009919.jpg,0,oral_scc,oral_scc,মুখের ক্যানসারের মতো পরিবর্তন (OSC সন্দেহ),urgent
oral_0_009920.jpg,0,oral_scc,oral_scc,মুখের ক্যানসারের মতো পরিবর্তন (OSC সন্দেহ),urgent
oral_0_009921.jpg,0,oral_scc,oral_scc,মুখের ক্যানসারের মতো পরিবর্তন (OSC সন্দেহ),urgent
oral_0_009922.jpg,0,oral_scc,oral_scc,মুখের ক্যানসারের মতো পরিবর্তন (OSC সন্দেহ),urgent
oral_0_009923.jpg,0,oral_scc,oral_scc,মুখের ক্যানসারের মতো পরিবর্তন (OSC সন্দেহ),urgent
oral_1_009924.jpg,1,oral_normal,oral_normal,স্বাভাবিক মুখের ভেতর,routine
oral_0_009925.jpg,0,oral_scc,oral_scc,মুখের ক্যানসারের মতো পরিবর্তন (OSC সন্দেহ),urgent
oral_1_009926.jpg,1,oral_normal,oral_normal,স্বাভাবিক মুখের ভেতর,routine
oral_1_009927.jpg,1,oral_normal,oral_normal,স্বাভাবিক মুখের ভেতর,routine
oral_0_009928.jpg,0,oral_scc,oral_scc,মুখের ক্যানসারের মতো পরিবর্তন (OSC সন্দেহ),urgent
oral_0_009929.jpg,0,oral_scc,oral_scc,মুখের ক্যানসারের মতো পরিবর্তন (OSC সন্দেহ),urgent
oral_0_009930.jpg,0,oral_scc,oral_scc,মুখের ক্যানসারের মতো পরিবর্তন (OSC সন্দেহ),urgent
oral_1_009931.jpg,1,oral_normal,oral_normal,স্বাভাবিক মুখের ভেতর,routine
oral_1_009932.jpg,1,oral_normal,oral_normal,স্বাভাবিক মুখের ভেতর,routine
oral_1_009933.jpg,1,oral_normal,oral_normal,স্বাভাবিক মুখের ভেতর,routine
oral_1_009934.jpg,1,oral_normal,oral_normal,স্বাভাবিক মুখের ভেতর,routine
oral_1_009935.jpg,1,oral_normal,oral_normal,স্বাভাবিক মুখের ভেতর,routine
oral_1_009936.jpg,1,oral_normal,oral_normal,স্বাভাবিক মুখের ভেতর,routine
oral_0_009937.jpg,0,oral_scc,oral_scc,মুখের ক্যানসারের মতো পরিবর্তন (OSC সন্দেহ),urgent
oral_0_009938.jpg,0,oral_scc,oral_scc,মুখের ক্যানসারের মতো পরিবর্তন (OSC সন্দেহ),urgent
oral_0_009939.jpg,0,oral_scc,oral_scc,মুখের ক্যানসারের মতো পরিবর্তন (OSC সন্দেহ),urgent
oral_1_009940.jpg,1,oral_normal,oral_normal,স্বাভাবিক মুখের ভেতর,routine
oral_0_009941.jpg,0,oral_scc,oral_scc,মুখের ক্যানসারের মতো পরিবর্তন (OSC সন্দেহ),urgent
oral_0_009942.jpg,0,oral_scc,oral_scc,মুখের ক্যানসারের মতো পরিবর্তন (OSC সন্দেহ),urgent
oral_1_009943.jpg,1,oral_normal,oral_normal,স্বাভাবিক মুখের ভেতর,routine
oral_0_009944.jpg,0,oral_scc,oral_scc,মুখের ক্যানসারের মতো পরিবর্তন (OSC সন্দেহ),urgent
oral_1_009945.jpg,1,oral_normal,oral_normal,স্বাভাবিক মুখের ভেতর,routine
oral_0_009946.jpg,0,oral_scc,oral_scc,মুখের ক্যানসারের মতো পরিবর্তন (OSC সন্দেহ),urgent
oral_1_009947.jpg,1,oral_normal,oral_normal,স্বাভাবিক মুখের ভেতর,routine
oral_0_009948.jpg,0,oral_scc,oral_scc,মুখের ক্যানসারের মতো পরিবর্তন (OSC সন্দেহ),urgent
oral_1_009949.jpg,1,oral_normal,oral_normal,স্বাভাবিক মুখের ভেতর,routine
oral_1_009950.jpg,1,oral_normal,oral_normal,স্বাভাবিক মুখের ভেতর,routine
oral_1_009951.jpg,1,oral_normal,oral_normal,স্বাভাবিক মুখের ভেতর,routine
oral_0_009952.jpg,0,oral_scc,oral_scc,মুখের ক্যানসারের মতো পরিবর্তন (OSC সন্দেহ),urgent
oral_0_009953.jpg,0,oral_scc,oral_scc,মুখের ক্যানসারের মতো পরিবর্তন (OSC সন্দেহ),urgent
oral_0_009954.jpg,0,oral_scc,oral_scc,মুখের ক্যানসারের মতো পরিবর্তন (OSC সন্দেহ),urgent
oral_0_009955.jpg,0,oral_scc,oral_scc,মুখের ক্যানসারের মতো পরিবর্তন (OSC সন্দেহ),urgent
oral_0_009956.jpg,0,oral_scc,oral_scc,মুখের ক্যানসারের মতো পরিবর্তন (OSC সন্দেহ),urgent
oral_0_009957.jpg,0,oral_scc,oral_scc,মুখের ক্যানসারের মতো পরিবর্তন (OSC সন্দেহ),urgent
oral_0_009958.jpg,0,oral_scc,oral_scc,মুখের ক্যানসারের মতো পরিবর্তন (OSC সন্দেহ),urgent
oral_0_009959.jpg,0,oral_scc,oral_scc,মুখের ক্যানসারের মতো পরিবর্তন (OSC সন্দেহ),urgent
oral_0_009960.jpg,0,oral_scc,oral_scc,মুখের ক্যানসারের মতো পরিবর্তন (OSC সন্দেহ),urgent
oral_0_009961.jpg,0,oral_scc,oral_scc,মুখের ক্যানসারের মতো পরিবর্তন (OSC সন্দেহ),urgent
oral_1_009962.jpg,1,oral_normal,oral_normal,স্বাভাবিক মুখের ভেতর,routine
oral_0_009963.jpg,0,oral_scc,oral_scc,মুখের ক্যানসারের মতো পরিবর্তন (OSC সন্দেহ),urgent
oral_0_009964.jpg,0,oral_scc,oral_scc,মুখের ক্যানসারের মতো পরিবর্তন (OSC সন্দেহ),urgent
oral_0_009965.jpg,0,oral_scc,oral_scc,মুখের ক্যানসারের মতো পরিবর্তন (OSC সন্দেহ),urgent
oral_1_009966.jpg,1,oral_normal,oral_normal,স্বাভাবিক মুখের ভেতর,routine
oral_0_009967.jpg,0,oral_scc,oral_scc,মুখের ক্যানসারের মতো পরিবর্তন (OSC সন্দেহ),urgent
oral_1_009968.jpg,1,oral_normal,oral_normal,স্বাভাবিক মুখের ভেতর,routine
oral_1_009969.jpg,1,oral_normal,oral_normal,স্বাভাবিক মুখের ভেতর,routine
oral_1_009970.jpg,1,oral_normal,oral_normal,স্বাভাবিক মুখের ভেতর,routine
oral_0_009971.jpg,0,oral_scc,oral_scc,মুখের ক্যানসারের মতো পরিবর্তন (OSC সন্দেহ),urgent
oral_0_009972.jpg,0,oral_scc,oral_scc,মুখের ক্যানসারের মতো পরিবর্তন (OSC সন্দেহ),urgent
oral_0_009973.jpg,0,oral_scc,oral_scc,মুখের ক্যানসারের মতো পরিবর্তন (OSC সন্দেহ),urgent
oral_1_009974.jpg,1,oral_normal,oral_normal,স্বাভাবিক মুখের ভেতর,routine
oral_1_009975.jpg,1,oral_normal,oral_normal,স্বাভাবিক মুখের ভেতর,routine
oral_0_009976.jpg,0,oral_scc,oral_scc,মুখের ক্যানসারের মতো পরিবর্তন (OSC সন্দেহ),urgent
oral_0_009977.jpg,0,oral_scc,oral_scc,মুখের ক্যানসারের মতো পরিবর্তন (OSC সন্দেহ),urgent
oral_0_009978.jpg,0,oral_scc,oral_scc,মুখের ক্যানসারের মতো পরিবর্তন (OSC সন্দেহ),urgent
oral_1_009979.jpg,1,oral_normal,oral_normal,স্বাভাবিক মুখের ভেতর,routine
oral_0_009980.jpg,0,oral_scc,oral_scc,মুখের ক্যানসারের মতো পরিবর্তন (OSC সন্দেহ),urgent
oral_1_009981.jpg,1,oral_normal,oral_normal,স্বাভাবিক মুখের ভেতর,routine
oral_1_009982.jpg,1,oral_normal,oral_normal,স্বাভাবিক মুখের ভেতর,routine
oral_0_009983.jpg,0,oral_scc,oral_scc,মুখের ক্যানসারের মতো পরিবর্তন (OSC সন্দেহ),urgent
oral_0_009984.jpg,0,oral_scc,oral_scc,মুখের ক্যানসারের মতো পরিবর্তন (OSC সন্দেহ),urgent
oral_1_009985.jpg,1,oral_normal,oral_normal,স্বাভাবিক মুখের ভেতর,routine
oral_0_009986.jpg,0,oral_scc,oral_scc,মুখের ক্যানসারের মতো পরিবর্তন (OSC সন্দেহ),urgent
oral_0_009987.jpg,0,oral_scc,oral_scc,মুখের ক্যানসারের মতো পরিবর্তন (OSC সন্দেহ),urgent
oral_0_009988.jpg,0,oral_scc,oral_scc,মুখের ক্যানসারের মতো পরিবর্তন (OSC সন্দেহ),urgent
oral_0_009989.jpg,0,oral_scc,oral_scc,মুখের ক্যানসারের মতো পরিবর্তন (OSC সন্দেহ),urgent
oral_1_009990.jpg,1,oral_normal,oral_normal,স্বাভাবিক মুখের ভেতর,routine
oral_0_009991.jpg,0,oral_scc,oral_scc,মুখের ক্যানসারের মতো পরিবর্তন (OSC সন্দেহ),urgent
oral_0_009992.jpg,0,oral_scc,oral_scc,মুখের ক্যানসারের মতো পরিবর্তন (OSC সন্দেহ),urgent
oral_1_009993.jpg,1,oral_normal,oral_normal,স্বাভাবিক মুখের ভেতর,routine
oral_1_009994.jpg,1,oral_normal,oral_normal,স্বাভাবিক মুখের ভেতর,routine
oral_0_009995.jpg,0,oral_scc,oral_scc,মুখের ক্যানসারের মতো পরিবর্তন (OSC সন্দেহ),urgent
oral_0_009996.jpg,0,oral_scc,oral_scc,মুখের ক্যানসারের মতো পরিবর্তন (OSC সন্দেহ),urgent
oral_0_009997.jpg,0,oral_scc,oral_scc,মুখের ক্যানসারের মতো পরিবর্তন (OSC সন্দেহ),urgent
oral_0_009998.jpg,0,oral_scc,oral_scc,মুখের ক্যানসারের মতো পরিবর্তন (OSC সন্দেহ),urgent
oral_1_009999.jpg,1,oral_normal,oral_normal,স্বাভাবিক মুখের ভেতর,routine
oral_1_010000.jpg,1,oral_normal,oral_normal,স্বাভাবিক মুখের ভেতর,routine
oral_1_010001.jpg,1,oral_normal,oral_normal,স্বাভাবিক মুখের ভেতর,routine
