name,kind,latitude,longitude,operator,beds,emergency,speciality
Shariatpur Medical Hall,pharmacy,23.719360177909,90.3799954880086,,,,
CDM Hospital,hospital,24.3719678667431,88.5818239561759,,,no,
Epic Health Care,hospital,22.3608949884747,91.8304573453713,,,,
Afia Dental Care,dentist,23.0392109801703,89.632384794035,,,,
Rayan Clinic and Diagonestic Center,clinic,22.8123230871852,89.5569617470707,,,,
"Prime Clinic & Diagnostic Center, Patuakhli",clinic,22.3647012945248,90.3268968857757,,,,
"Hahnemann is Homeo, Halishahar Housing Estate, Chattogram",pharmacy,22.3384152270775,91.7741236637895,,,,
Sikder Medical College Hospital,hospital,23.740943997676,90.3587458547212,,,,
Patharghata Upazila Health Complex,hospital,22.0326458300597,89.9659096899455,,,,
BNK Hospital Limited,hospital,23.7435195888831,90.4160756416761,,,,
Maa O Shishu Clinic,clinic,24.8796535393545,90.7315692198417,,,,
Motherpar Isra Health Center,clinic,22.3638703964633,89.8779272830851,,,,
Community Clinic,clinic,25.5882662553469,89.8571119162011,,,,
"Fuad Pharmacy, Pharmacy",pharmacy,26.1067767368118,88.8155292701072,,,,
Alam Ex Re Diagonestics,clinic,25.7628308721427,89.2343937588076,,,,
Shahidul Pharmacy,pharmacy,24.3223508556313,89.6740717703733,,,,
Bangol Homieo,pharmacy,23.7391907549892,90.3875759974197,,,,
Islamia Drugs House,pharmacy,23.588736682672,89.8335667310915,,,,
"BGMEA HEALTH CENTRE And SCHOOL, Hospital",hospital,23.9567268747846,90.3799725215939,,,,
Dighinala Upazila Health Complex,hospital,23.2495548403097,92.0658015728301,,,,
Mononiramoy,hospital,23.7681232407255,90.366880324113,,,,
ময়নামতি মেডিকেল কলেজ ও হাসপাতাল,hospital,23.4556453875026,91.2052387824421,,,,
SM pharma,pharmacy,23.8182490333598,90.3772901449403,,,,
আইডিয়াল ডেন্টাল কেয়ার,dentist,22.6810906466826,91.6245119727412,,,,
Mirpur Dental,dentist,23.7980005345874,90.3525380495928,,,,
Satkania Upazila Health Complex,hospital,22.0848886399786,92.0543240651766,,,,
"Maxi Clinic, Bagerhat",clinic,22.6667771220903,89.7909344437132,,,,
Dr. Md Ashraful Alam,doctor,23.7918850980321,90.388096932702,,,,
Mollahat Upazila Health Complex,hospital,22.9280407925516,89.8010798993145,,,,
"The Renaissance Pharmacy, Homeopathic pharmacy",pharmacy,24.9073229561016,89.9499325252113,,,,
"Puspo Homio Hall, Unnamed Road, Chattogram",pharmacy,22.2467278513763,91.7959547497001,,,,
Gulf Pharmacy,pharmacy,24.9104146210871,91.849037426317,,,,
Rayhan Pharmacy,pharmacy,23.8190931748284,90.3793515902068,,,,
"Uttara EPZ Medical Center, Hospital",hospital,25.8583319299688,88.8647012859795,,,,
Lajj Pharma,pharmacy,23.7503834455729,90.3872666213736,,,,
Talha Medical Corner,pharmacy,23.7701236657368,90.3488833721711,,,,
"Modern Herbal & Homeo Center, Eidgah Kacharastar Matha, Bow Bazar, Chattogram",pharmacy,22.3448256228056,91.8005389801837,,,,
EPI Tika Kendra Chowkider Bari,clinic,22.7332670719284,90.6518625174415,,,,
"Hemayetpur Eye Hospital, Hospital",hospital,23.7933791722727,90.2746616195697,,,,
Bismillah Pharmacy,pharmacy,23.7798074461113,90.3547103874383,,,,
Safa Pharma,pharmacy,23.7954968601095,90.352042092382,,,,
Care Pharmacy,pharmacy,23.7905705641573,90.4075012900057,,,,
Bismillah Pharmacy,pharmacy,23.7841877448907,90.3582637276506,,,,
চেকআপ ডায়াগনস্টিক সেন্টার,laboratory,24.6636594382859,90.8420495768292,,,,
Bajerdanga Community Clinic,clinic,22.9832062882881,89.4566377421585,,,,
Arogya Homeo Chikitshaloy,pharmacy,23.7607095311875,90.3565966509285,,,,
Maria Pharmacy,pharmacy,23.7700655791479,90.3559122685343,,,,
Kaharole Upazila Health Complex,hospital,25.7937280759828,88.6066759638092,,,,
"City Pharmacy, Hawker Goli, Chattogram",pharmacy,22.2747096616547,91.7861492640915,,,,
Chowdhury Dental Care,dentist,23.8242306947406,90.3624492310003,,,,
Medent Dental and Implant center,dentist,23.7922755270819,90.3653429992519,,,,
Doa Pharma,pharmacy,23.772321484568,90.3465845514067,,,,
"Dr. Peer Ali Bari, Public medical center",pharmacy,25.0402443500936,90.167220959768,,,,
Palash Surgical,pharmacy,23.6031534723114,89.8366374413191,,,,
America Australia Bangladesh Friendship Hospital,hospital,25.3931067995396,88.9937417749832,,,,
"Shifa Medicine Corner, Pharmacy",pharmacy,24.7565237170117,90.2271701752837,,,,
Tairunnessa Memorial Medical College And Hospital,hospital,23.9302529688872,90.3889221310694,,,,
Madina Owshudhaloy,pharmacy,23.6988077513276,90.4221009727724,,,,
Molla Medical Hall,pharmacy,23.0283568346558,89.3960970995549,,,,
Rabeya Dental Care,dentist,23.0411241495697,89.6294033510762,,,,
Kachua Upazila Health Complex,hospital,23.3410846362312,90.8894730438805,,,,
Alamgir Pharmacy,pharmacy,23.7922047838191,90.3881112657564,,,,
Dental Care,hospital,21.4423020193026,91.9767395768409,,,,
Sahab Medicine Corner,pharmacy,23.7624005801528,90.3627893686311,,,,
Islam Pharmacy,pharmacy,23.7624096326082,90.3627931404876,,,,
Jahan Medical,pharmacy,23.6033932785612,89.8373153696478,,,,
Meem Medicine Corner,pharmacy,23.731081682764,90.4163189683252,,,,
"Janoseba Pharmacy, Pharmacy",pharmacy,25.2344923577498,89.3657855392895,,,,
Nazipur Eye Hospital,hospital,25.0366988888702,88.7679413501157,,,,
Makka Pharmecy,pharmacy,23.8242290183599,90.3624101713315,,,,
"Amena Medical center, Medical Center, Dhonia Bazar Rd, Dhaka",pharmacy,23.702213486225,90.4364703208398,,,,
Ma O Shichu Shabe Kendra and Diagnostic Centre,clinic,22.3134635586155,89.8487015983758,,,,
Sagor Pharmacy,pharmacy,24.437923889349,90.7798875388758,,,,
বাসাইল উপজেলা স্বাস্থ্য কমপ্লেক্স,hospital,24.2289299347158,90.0543494972621,,,,
"Bismillah Hospital , Naogaon Highway, Naldanga, Natore",hospital,24.5006080360512,88.9558509625921,,,,
"Saju Masum Medical Hall, Pharmacy",pharmacy,25.0669102853927,90.0303502644577,,,,
Copla Homio Comolex,clinic,22.6535533287296,89.8000992166432,,,,
"LabAid Limited (Diagnostic), Hospital, Doyagonj New Rd, Dhaka",hospital,23.7103860932763,90.4245386816723,,,,
AKS Pharmacy,pharmacy,23.7963021933664,90.3874875683412,,,,
Mim Medicine,pharmacy,23.786399226224,90.4107620179783,,,,
Aziz Pharmacy,pharmacy,24.1275132649059,89.0708600618643,,,,
Chittagong diabetic and general Hospital,hospital,22.3617824643827,91.8024560890775,,,yes,
সিটি ডিজিটাল ডায়াগনস্টিক এন্ড কনসালটেশন সেন্টার,hospital,23.9927310884094,90.3217153608719,,,,
তেওয়ারীগঞ্জ হাসপাতাল,hospital,22.875318118676,90.8907322571942,,,,
"EPCS & Medicine, Halishahor, Chattogram",pharmacy,22.3334336943835,91.7892162862818,,,,
Mirpur Dental Hijama Point,dentist,23.8084624908525,90.3608890235436,,,,
"Baghoir janata pharmacy, Baghoir, high, School Rd, Dhaka",pharmacy,23.6642529363996,90.3878944259213,,,,
Agailjhara Upazila Health Complex,hospital,22.9636165232861,90.1825250576774,,,,
Zenith Medical Services,clinic,23.7697567898349,90.3669871933785,,,,
M/S Ashik Pharmacy,pharmacy,23.7596493880741,90.363988064604,,,,
Madina Pharmacy,pharmacy,22.8127945692387,89.5571514295395,Private,,,
"Saiful Niketan, Pharmacy",pharmacy,24.7341092506402,90.3878332380281,,,,
Fatema Homoeo Pharmacy,pharmacy,24.5597689335734,89.5014328958316,,,,
Abadi Dental Clinic(আবাদী ডেন্টাল ক্লিনিক),dentist,23.8168666898885,90.3740918621464,,,,
নাঙলকোট উপজেলা স্বাস্থ্য কমপ্লেক্স,hospital,23.17157942001,91.1989326575895,,,,
Chadpur pharmacy,pharmacy,23.8286894481337,90.3788206804598,,,,
Shaheed M. Munsur Ali Medical College & Hospital,hospital,24.4486148392088,89.6728395467878,,,,
"Nirapad General Hospital and Diagnostic Center, Hospital",hospital,25.0195263809244,90.018460367168,,,,
Navy Hospital Gate নেভি হাসপাতালের গেট,hospital,22.2830265212596,91.7849172919631,,,,
Mirpur general hospital,hospital,23.8207663703399,90.3672989163575,,,,
Abedin Hospital (Pvt.),hospital,24.0557714659964,90.9747935259311,,,,
Prity Pharmacy,pharmacy,23.7452505357075,90.4264437206256,,,,
"Hasina Medical Hall, Pharmacy",pharmacy,23.9175015795893,90.3922370899555,,,,
Sultan Medicine Center,pharmacy,23.7216645307295,90.4057498913376,,,,
Sunrise Diagonestic Center,clinic,23.168019122818,89.2100373731089,,,,
Josna Pharmacy,pharmacy,23.8521777201207,90.4119074888659,,,,
SK Hospital,hospital,24.7520521393067,90.4167954795207,,,,
"Subeccha Hospital, Rajshahi - Dhaka Hwy, Natore",hospital,24.4062755831655,88.9561831374149,,,,
Horihorpur Community Clinic,clinic,25.581808837142,88.6414610296174,,,,
Haji Pharmcy(হাজী ফার্মেসি),pharmacy,23.819239858134,90.3759874295491,,,,
Parents Pharmacy,pharmacy,23.7201432991225,90.4302193489101,,,,
"Raj General Hospital and Diagnostic Centre, Naogaon",hospital,24.824501370844,88.9304120540986,,,,
Sodesh Hospital Pvt. Ltd.,hospital,24.7545245492858,90.40283759908,,,,
Tarakandi Community Clinic,clinic,24.6867792418094,89.821883447715,,,,
"A. R General Hospital, Hospital",hospital,25.9310300202114,88.8508155737251,,,,
Spondon Pharmacy,pharmacy,23.6046492229327,89.8364821246533,,,,
Dhaka Sergical,pharmacy,25.7627226617727,89.2348019574922,,,,
Barisal Medical Hall,pharmacy,23.815320396391,90.366555357727,,,,
"Naim Medical Hall, Fakirhat",clinic,22.77514507184,89.7098282987592,,,,
Redwan Medicine,pharmacy,23.7725371509366,90.3493645772323,,,,
Ar Rafiyu General Hospital,clinic,23.7696423768566,90.3666757218566,,,,
Saik General Hospital,hospital,24.8313590249255,89.376652760573,,,,
Bismillah Pharmacy,pharmacy,23.7558743465228,90.4073787465813,,,,
"Midpoint Hospital and Maternity Center Ltd., Midpoint Hospital, Pathantuli Rd, Chattogram",hospital,22.3333896893918,91.8167759839163,,,,
Munna Drug House,pharmacy,23.7563039190605,90.4073679339263,,,,
Bismillah Pharmacy বিসমিল্লাহ ফার্মেসী,pharmacy,23.6163897547079,90.4792673964345,,,,
Bhuyan Dental Care,clinic,24.2627144527421,89.9236821646716,,,,
Haydar Pharmacy,pharmacy,23.7325213584531,90.4151392992726,,,,
"Nurul Amin Eye Hospital, Hospital",hospital,24.4091408529463,90.3859293725413,,,,
Rainbow Dental,dentist,23.8246338642832,90.3646734528265,,,,
Bhola Pharmacy,pharmacy,23.7834125864852,90.3556333187967,,,,
Mother Teresa diagnostic,clinic,22.722392223113,89.0699012559603,,,,
Medicare Diagnostic center,clinic,24.2048061468302,89.0025009476185,,,,
Ashkona Medical Center,hospital,23.8548228811242,90.4154492620519,,,,
Popular Diagnostic ComplexAnd Hospital Pvt,hospital,24.9472197255601,90.3640856299569,,,,
Need Lab,pharmacy,25.7628142759744,89.2346479819309,,,,
popular hospital,hospital,23.739211290652,90.3824482843343,,,yes,
"Punom Nursing Home, Hospital",hospital,24.9264091363609,89.9481969683402,,,,
Delta Dagonestics Center,clinic,25.7620613296123,89.2351125908237,,,,
"Al-Hakim eye hospital and Phaco Center, Hospital, Haque Plaza, Dhaka",hospital,23.7070105332303,90.4345124758966,,,,
Friends Dental Care,dentist,23.7901492897038,90.3880088388996,,,,
Femous Health Care,clinic,23.5537518761112,90.5269529655979,,,,
"Islam Pharmacy, Pharmacy",pharmacy,23.9132552236226,90.3185689620586,,,,
"Mohadevpur Thana Health Complex, Mohadevpur Main Rd, Mohadevpur, Naogaon",hospital,24.9222356191327,88.7519455775565,,,,
"বারুহাস,কমিউনিটি হাসপাতাল",hospital,24.4698224791613,89.2880815250146,,,,
Raj Dental Care,dentist,23.7591309673628,90.373348554973,,,,
Saleha Drug House,pharmacy,23.3591435304376,88.9147863425645,,,,
Bissonath Pharmacy,pharmacy,24.9119395407315,91.8515624746479,,,,
Shah sultan poultry,pharmacy,22.9476495844738,91.4814736216188,,,,
Minar Pharmacy,pharmacy,23.7177821169985,90.4008349947738,,,,
Azua Pharmacy,pharmacy,23.7708999976088,90.3679550517379,,,,
Green Specialized Hospital (Pvt. Ltd.),hospital,23.7869414515403,90.3774780672095,,,,
Mohongonj Upozilla Clinic,clinic,25.4041761923276,89.7681457253651,,,,
"M/S. Al Amin Pharmacy, Dewanhat, Mistripara, Chattogram",pharmacy,22.3368190612562,91.8122246943121,,,,
Hossen Diagonestics Center,clinic,24.437047058458,90.7808317602683,,,,
Satellite Clinic ( স্যাটেলাইট ক্লিনিক ),clinic,25.6040942222046,89.856535995634,,,,
Dhaka homeopathic International ঢাকা হোমিও ইন্টারন্যাশনাল,pharmacy,25.535093892366,89.2837543675013,,,,
Shawon Pharmacy শাওন ফার্মেসী,pharmacy,24.3614803456734,88.6272124647747,,,,
Satkhira diagonstic complex,clinic,22.7219985251209,89.0679166727459,,,,
"Urban Health Center, Hospital",hospital,23.7485727868494,90.4179433811602,,,,
পৌর্ষ ফার্মা,pharmacy,23.7402259200311,90.4333342317674,,,,
Nores Pharmacy,pharmacy,22.3687997937196,90.2197579744883,,,,
New Square Diagonestics Center,clinic,23.5539206876412,90.5316449873564,,,,
City Digital Diagonostic Center,clinic,24.879475172455,90.7312356200954,,,,
kollann Diagonestics Center,hospital,23.6047007716373,89.8365441507368,,,,
"BASC Dental Clinic, Hospital",hospital,24.0583126914005,90.223726973279,,,,
Life Pharma,pharmacy,25.7624072507563,89.2348626424711,,,,
PC Barokhali Newari Ambiya Khatun Community Clinic,clinic,22.3810812935256,89.7900580319175,,,,
Doctor's hospital(OS),hospital,22.3651893727466,91.8339335720744,,,,
"vaccine care Pharmacy, Chatteshwari Rd, Chattogram",pharmacy,22.3523582715496,91.8256895512081,,,,
Mirpur Pharma,pharmacy,23.799285647982,90.3546816375104,,,,
Advance Clinic and Diagnostic Centre,clinic,24.6658981608045,89.4176202343429,,,,
Sikarpur Ftiendship Matriseba Counseling Center,clinic,25.4437601491597,89.7237498855592,,,,
সেলিনা হোমিও হল,pharmacy,23.4506330932239,91.1786099789741,,,,
Rokeya pharmachy,pharmacy,23.7569360821978,90.4093225937463,,,,
"Prime Lab & Hospital,NAOGAON SHADAR HOSPITAL ROAD, Shebasrom Rd, Naogaon",hospital,24.8191649483696,88.9377597980586,,,,
North Bengal Hospital,hospital,24.3723177273816,88.5802519302357,,,,
"Saudagar Medical Hall, Pharmaceutical products wholesaler",pharmacy,24.9986283684752,90.0086179173665,,,,
MH Doctors Chamber,doctor,23.1811637910128,89.6479682607771,,,,
Fatima Diagonestic Center,clinic,22.8142641683221,89.5552887191973,,,,
Chittagong Shishu Hospital,hospital,22.3610906220948,91.8312056816866,,,,
Anisha Medicine Corner,pharmacy,23.8607713501684,90.0033371507291,,,,
Orin Dental Care,hospital,22.3602516774062,91.852436874787,,,,
"Jobeda Medical Store, Pharmacy",pharmacy,24.8822387697503,89.3634928373145,,,,
M/s Atik Medico,pharmacy,21.7782955533358,92.1943872597676,,,,
Saiful Medical Hall,pharmacy,23.8198955744192,90.3786700576598,,,,
"Ghosh Pharmacy, Kamal Gate Rd, Chattogram",pharmacy,22.3298362653604,91.8255984399206,,,,
Shah Amanat Pharmacy,pharmacy,22.3595468431683,91.8345698423443,,,,
Godagari Upazila Health Complex,hospital,24.473770271737,88.3239855504464,,,,
M A Medicine Corner,pharmacy,23.7736405446704,90.3608852516872,,,,
National Institute of Diseases of the Chest & Hospital,hospital,23.7762602246882,90.4087338488674,,,,
"Jemison redcrescent maternity hospital,Anderkilla",hospital,22.3424372833153,91.837450618646,,,,
Islampur Oushudhaloy,pharmacy,23.773818995389,90.3566945515576,,,,
Gaffar Medical Hall,pharmacy,23.2410851786099,90.354102028906,,,,
Lazz Pharma,pharmacy,23.7460206649711,90.4042534701641,,,,
"Seba Medical Hall, Pharmacy",pharmacy,24.7506012318674,90.4047185819712,,,,
Central Plaza Pharmacy,pharmacy,22.3594039317192,91.8222428288041,,,,
Bhai Bhai Dental Care,dentist,23.8091403353621,90.3696045264634,,,,
"New Life General Hospital, Hospital",hospital,24.8279280604995,92.1617705923104,,,,
Rahman Drug Store,pharmacy,23.7372710477053,90.4496357761545,,,,
Aurora Specialized Hospital Ltd.,hospital,23.7393206744884,90.4105066213886,,,,
"Lios eye hospital gate, Zakir Hossain Rd, Chattogram",hospital,22.3616927780188,91.816022618459,,,,
Shahin Pharmacy,pharmacy,24.380057576772,88.564872898112,,,,
Mamun Pharmacy,pharmacy,23.213931165089,89.7096847167579,,,,
Ma Pharmacy,pharmacy,23.8852149914791,90.2617745272594,,,,
Terokhada Upazila Health Complex,hospital,22.928189571333,89.6728478448719,,,,
"Ichamoti Aushadhaloy, Pharmacy, Islampur Rd, Dhaka",pharmacy,23.7114503435222,90.4036597799623,,,,
Oxford Dental,pharmacy,24.8168570751498,88.93927717399,,,,
Jessore 250 bed General Hospital,hospital,23.1689123822392,89.2090256773959,,,,
Jahangir Pharmacy,pharmacy,23.7310573752447,90.3803078815399,,,,
Leed Pharma,pharmacy,23.7592134452901,90.373306477819,,,,
"Upashom General Hospital, Hospital",hospital,24.9357207602344,89.939945319942,,,,
Chakaria Unique Hospital,hospital,21.7670624619788,92.0762489445836,,,,
Noyon Pharmacy,pharmacy,25.7646510862358,89.2318689619337,,,,
M/s Abedia Pharmacy,pharmacy,25.8621419240563,88.6542569268211,,,,
Metro Escape,clinic,23.8183321818393,90.3652732618175,,,,
মা ও শিশু প্রাঃ হাসপাতাল আন্ড ডায়াগনস্টিক সেন্টার,hospital,24.4865846929467,91.7706148314829,,,,
Niramoy Medical Hall,pharmacy,23.744816185485,90.3655060272687,,,,
"Karnaphuli EPZ Hospital, M. A Aziz Rd, Chattogram",hospital,22.2717018995199,91.7880501959123,,,,
North Bengal Homeo Hall,pharmacy,24.4131168925357,88.9969702326285,,,,
Sibli Pharmacy,pharmacy,22.3600472427877,91.8326427589857,,,,
Shaila Pharmacy শায়লা ফার্মেসী,pharmacy,24.5925773789752,88.6544841602162,,,,
pathology Center,clinic,25.7633303497528,89.2337190994212,,,,
Sristy Madokasokti Punorbason Kendra,hospital,23.7115781675456,90.4493989873898,,,,
Ansar Medical Hall,pharmacy,24.8598899336807,89.9442856370433,,,,
"Khalashi Kandi Committee Clinic, Khalashi kandi, Shibchar",clinic,23.2700625913472,90.1394556540486,,,,
"Manik Da Pharmacy, Pharmacy",pharmacy,23.8467418882746,89.8297633587075,,,,
Quality Dental Care,dentist,23.8124504327444,90.4251467887476,,,,
"Bhai Bhai Sheba Pharmacy, Pharmacy",pharmacy,23.95632647127,90.3812144681871,,,,
confectionary,pharmacy,23.7088200184874,90.4187494687885,,,,
Dalli,pharmacy,23.6996221370399,90.4268824294377,,,,
ELITE dental care,dentist,23.7644994925265,90.3607196252805,,,,
Comfort Hotel,pharmacy,23.5512302643605,90.5346016198818,,,,
"ADMA MEMORIAL HOSPITAL AND DIGITAL DIAGNOSTIC CENTER, Hospital, Bhanga - Barisal Hwy, Tekerhat",hospital,23.2227467479327,90.0200167189493,,,,
রওনক ফার্মা,pharmacy,23.7726559225046,90.3545397318897,,,,
Roundabout Community clinic(রাউন্দাবাউত কমিউনিটি ক্লিনিক),clinic,22.349396023149,89.8538034951994,,,,
Jahanara Pharma,pharmacy,23.8014470893534,90.3784703169072,,,,
Nikli Upazilla Health Complex,hospital,24.3258925449983,90.933630250903,,,,
Monir Medical(মনির মেডিক্যাল),pharmacy,23.8244808945503,90.3597435526559,,,,
New Marko herbal and pharma medical(নিউ মার্কো হার্বাল এন্ড ফার্মা মেডিকেল),pharmacy,23.8165724850871,90.3712614610828,,,,
"Tanjil Medicine And Feed Corner, Veterinary pharmacy",pharmacy,24.9787285568748,90.1771199874159,,,,
"Bangladesh Endocrine Society (BES), Doctor, Sonargaon Road, Dhaka",doctor,23.7406156785287,90.3912660464728,,,,
Nawabganj Upazila Health Complex,hospital,25.4186692572859,89.0818058215805,,,,
Emon Phermacy,pharmacy,24.7253323921892,89.3966253270929,,,,
Khan Pharmacy,pharmacy,23.7757821209312,90.3523709982626,,,,
Monir Drug House,pharmacy,23.8181466903221,90.354144273698,,,,
Murad Medicine Corner মুরাদ মেডিসিন কর্ণার,pharmacy,24.7660135401467,90.3934842333286,,,,
Jorpykur Oral And Dental Health Centre,clinic,23.7463272749892,90.426811937632,,,,
Patwary Pharmacy,pharmacy,23.7156343381294,90.425422721,Mintu,,,
Medicine Centre,pharmacy,24.9526251310976,90.3590249720968,,,,
Dentist Doctor Chamber,doctor,23.7888324927153,90.3518803216508,,,,
Mim Nursing home,clinic,22.8040832572704,89.5738684648668,,,,
"Sabuj Pharmacy, Pharmacy",pharmacy,25.2833586856133,89.3528022227308,,,,
Alpha Dental Care,dentist,23.7565835393503,90.3660474982137,,,,
Hakim Drug,pharmacy,23.8466057661671,90.2463058925907,,,,
"Rian Model Medicin Shops, Pharmacy",pharmacy,24.6777597272615,89.9526612537895,,,,
Janata Pharmacy,pharmacy,23.7903842344498,90.3755768839317,,,,
Nur Pharmacy,pharmacy,23.8077050182627,90.3784903496557,,,,
Prostho Dental,dentist,23.7582121431369,90.3734286859673,,,,
Bauphal Upazila Helath Complex,hospital,22.4146933958036,90.5615002368131,,50,,
Community Clinic (3 no ward),clinic,22.1928538392808,90.4921128306859,,,,
Jashore Medical Hall,pharmacy,23.1678938971846,89.2098347825092,,,,
Mahin Pharmacy,pharmacy,25.7423399687305,89.2338290699908,,,,
Zakir Medical Hall,pharmacy,23.7598424233042,90.3658983841563,,,,
ডাঃ সাখাওয়াত হোসেন,doctor,23.7489878586945,90.4268841896374,,,,
Kholil Pharmacy খলিল ফার্মেসী,pharmacy,23.0046563328804,89.4228538946845,,,,
আদিবা ডেন্টাল কেয়ার,dentist,23.8078718181359,90.3787434831316,,,,
Korail Medical Center,clinic,23.7825328219281,90.4079221453641,,,,
Ma medical,pharmacy,23.8655525553766,90.2592444497865,,,,
"Khejmatpur Hospitals, Khejmatpur Union Sub-Health Center, Hospital",hospital,25.3780490457645,89.3284113874101,,,,
"Bumrungrad International Hospital Referral Office-Chattagram, Agrabad C/A, Chattogram",hospital,22.3271064471349,91.8142572220126,,,,
Homeo Datobyo Chikitshaloy,doctor,23.7511112462255,90.409366766376,,,,
Nandail Upazilla Health Complex,hospital,24.5661402696327,90.6902106464697,Government,,,
"MS. Satota Pharmacy, East Mother Bari, 1No Goli, Chattogram",pharmacy,22.3313496179784,91.8214480567452,,,,
Medicine Center,pharmacy,23.5891966815182,89.8330677563956,,,,
"Popular Pharmacy, Pharmacy",pharmacy,25.9276458268051,88.8580173887509,,,,
Square Hospital,hospital,23.8162365384079,90.365826467427,,,,
Hasan Medico,pharmacy,22.3607300326203,91.8314799375584,,,,
Rangpur Pharmacy,pharmacy,25.762821149135,89.2346286197345,,,,
Help pharma health Care Center (হেলপ ফার্মা স্বাস্থ্য সেবা কেন্দ্র),pharmacy,23.7700910601335,90.3497409246848,,,,
Hossen Medical Hall,pharmacy,24.4371149518738,90.7807752662408,,,,
Aideal Homeo Hall,pharmacy,22.7983555675559,89.5631714800368,Dr.Khakon,,,
Argho Dru House,pharmacy,23.6030908594947,89.8364163267134,,,,
Ahsania Pharmacy,pharmacy,23.8130903910517,90.3694335356387,,,,
"Neuro ICU, IBN SINA HOSPITAL",hospital,23.7516288287464,90.3683413736552,,,,
Lasmia Pharmacy,pharmacy,23.0412075495063,89.6328648256297,,,,
"Medinova Clinic And Nursing Home, Hospital",hospital,25.7699372172912,89.2286682483879,,,,
"Manikgonj Orthopedic And General Hospital, Hospital",hospital,23.8683683719288,89.9981279655448,,,,
মাসুদ হোমিও হল,pharmacy,23.408268356195,89.1352234390482,,,,
"21 Field Ambulance, Hospital",hospital,24.7686664963201,89.3954489269825,,,,
Well Heart Pharma,pharmacy,23.8452205728487,90.3876301445142,,,,
কেয়ার মেডিকেল কলেজ হাসপাতাল,hospital,23.7619343786982,90.3715862598307,,,,
Deena Medicine Corner,pharmacy,23.8100560582838,90.3743914313658,,,,
Bismillah Pharmacy,pharmacy,24.0803619582507,89.6327206568952,Abdul Karim Mintu,,,
Atik Medical Hall,pharmacy,22.6867020794002,90.3649686634562,,,,
B Pharma,pharmacy,23.7585649374415,90.4134309835868,,,,
Muna Pharmacy,pharmacy,23.7462514187654,90.4267818465996,,,,
Safe Pharma,pharmacy,23.7644928708229,90.4134744856643,,,,
Janata Medical Hall(জনতা মেডিকেল হল),pharmacy,23.8192512575223,90.3684512604058,,,,
Shantiniketan Pharmacy,pharmacy,21.7774226619393,92.194391199262,,,,
Delta Health Care Chattogram Ltd,hospital,22.364675394444,91.8341209914294,,,yes,clinic;general;orthopaedics
Mediline Pharma,pharmacy,23.7830778970915,90.4268557749856,,,,
Bhola Medicine and Telecom,pharmacy,23.8228196851603,90.3784228753352,,,,
Raz Dental Care,dentist,23.7593085798911,90.3732208985876,,,,
SSS Hospital,hospital,24.2627265226827,89.9235176279122,,,,
Thakurgaon General Hospital,hospital,26.0305928644964,88.4758422504406,,,,
S. S. Dental Care,dentist,23.7718641679308,90.4255212921814,,,,
Medicus Diagnostic & Medical Centre;Rahat Trade International,clinic,23.7348538744682,90.4171428255881,,,,
CDC Cest Hospital Satkhira,hospital,22.6911590725936,89.0761334524269,govt,,,
Senbagh Upazila Health Complex,hospital,22.9956181266884,91.232752044333,,,,
Nishad Medico,pharmacy,22.3602072533193,91.8329961400235,,,,
"Zibon Homoeo Hall, Homeopathic pharmacy",pharmacy,23.9668740905855,90.3803347874491,,,,
Atlas Physiotheraphy,clinic,24.2682458382844,89.926237387854,,,,
Alif Medicine,pharmacy,25.7636674698984,89.2332052887567,,,,
"Parul Pharmacy, Boro Daroga Hat, Chittagong",pharmacy,22.6813380804643,91.6249501786392,,,,
Dinajpur Pharmacy,pharmacy,25.7643865533717,89.2322202474957,,,,
"Hemayetpur General Hospital, Hospital",hospital,23.7920881915459,90.2579255573221,,,,
Setu Pharmacy,pharmacy,23.8465279821057,90.2467064637434,,,,
"Bangladesh Humiopathik Porishod, Dhaka Jila",hospital,23.7110369480577,90.4242968637658,,,,
"নজরুল ক্লিনিক, বাগেরহাট",clinic,22.6563843165264,89.7982605623631,,,,
"Turkey Medical Services, Port Connecting Rd, Chattogram",laboratory,22.3401683859453,91.7886268708506,,,,
Hasan Drug House,pharmacy,23.7855535760128,90.412050316496,,,,
"Top 10 Specialised Hospital, Hospital",hospital,24.4868677498169,89.974064275905,,,,
Mohammad Pharmacy,pharmacy,23.769598455684,90.3620583828554,,,,
Bholarhat Upazila Health Complex,hospital,24.9363787396335,88.2218318598905,,,,
MS Drug House And Medicare,pharmacy,23.7842424787184,90.41121028216,,,,
Ramkrishnapur Community Clinic,clinic,23.2566796256452,88.9253266696242,,,,
Ideal Hearing Centre,doctor,23.8097760188988,90.3680648546695,,,,
Seba Plus Pharmacy,pharmacy,23.755798238842,90.41116267295,,,,
Al Noor Diagonestics Center,clinic,24.4377664772074,90.7800681688892,,,,
Gouripur Upazila Health Complex,hospital,24.7711853420428,90.5693993423637,,,,
Islamia Pharmacy,pharmacy,23.7560026734604,90.4075445406261,,,,
Medi Care Diagnostic & Consultations Centre,clinic,23.7320558275508,90.4142553437639,,,,
Nahar Diagnostic Centre,clinic,22.7228681475752,89.0703105442922,,,,
"The United Chokkho Hospital, Hospital",hospital,24.7236031217455,90.4097103405871,,,,
Bagerhat X-ray And Digital Diagnostic Centre,laboratory,22.6621865213602,89.7946177872439,,,,clinical_pathology
Akash Homeo,pharmacy,23.7601961396181,90.3638241983969,,,,
Agains Dental Care,dentist,23.8070993419394,90.3552727293222,,,,
"Bogura Medical College Hospital, Hospital",hospital,24.8259636776717,89.3543215265001,,,,
একতা ক্লিনিক,clinic,24.2300676942525,90.0520231838554,,,,
M/S Arefin Medico,pharmacy,21.4290417646631,92.179301845712,,,,
Abdullah Dental Care,dentist,23.7604946191901,90.3560149468482,,,,
Ma Homeo Hall(মা হোমিও হল),pharmacy,23.8281185567086,90.3679362762748,,,,
Nahid Pharmacy,pharmacy,23.8480625409387,90.3901380937627,,,,
Twinkle dental center,clinic,23.8189911670668,90.3655417341762,,,,
"NAS Hospital, Hospital",hospital,24.8342297429434,89.3744162173492,,,,
"Hazi Hi-Care Hospital, Hospital",hospital,24.1761181612094,90.4270404283125,,,,
Merin Nursing Home,hospital,24.2670196496691,89.9252829405396,,,,
Asia Dental Care,dentist,23.8129918198704,90.3694506347211,,,,
"Hospital Main Gate,Rajshahi",hospital,24.370829269016,88.5860102977159,,,,
Mustafa Homeopathy,doctor,23.0394863256896,89.6288453677819,,,,
"Green View Pharmacy, Unnamed Road, Chattogram",pharmacy,22.3471438895853,91.7867271963153,,,,
"Ma Pharmacy, Akmal Ali Road South Halishahar EPZ, Chattogram",pharmacy,22.2801625925832,91.7849488917381,,,,
Shaheed Ahsan Ullah Master General Hospital,hospital,23.8934890195588,90.4021841459086,,,,
Shapla Drug House,pharmacy,24.7048506250515,91.7317727569007,,,,
দেশবাংলা হসপিটাল অ্যান্ড ডায়াগনোষ্টিক সেন্টার,hospital,23.7025741595186,90.4488604501109,,,,general
pacific dental,dentist,23.8251118842212,90.3673561647562,,,,
General Medical Hospital,hospital,23.738561693156,90.3880143709557,,,,
Popular Medical Hall,pharmacy,22.3596485994728,91.8334011535848,,,,
Messrs Adhorso Pharmacy,pharmacy,24.3728173726297,91.4152782956772,,,,
laser treat,doctor,23.7908849693454,90.4030169718079,,,,dermatology
Kakoli Medical corner(কাকলি মেডিকেল কর্নার),pharmacy,23.8202949721054,90.3682927586168,,,,
Europa Diagnostic Centre and Hospital,hospital,24.9271180777313,89.9482562283957,,,,
অ্যাপোলো ডেন্টাল ক্লিনিক এন্ড মেডিকেল কেয়ার,clinic,23.8103508498185,90.3752681784378,,,,
Riyad Pharmacy,pharmacy,23.7971784375242,90.3755099963444,,,,
Wahids United Dental Care,dentist,23.7825540281432,90.3683798465908,,,,
"DR. MD. SHAFIQUL ISLAM CHEMBER Hospital, O.R. Nizam Rd, Chattogram",hospital,22.3590859223128,91.8259594484903,,,,
"Barabkund Union shasto O Poribarkollan kendro, Dhaka - Chittagong Hwy, Barabkunda, Chittagong",hospital,22.5744324375422,91.680869375109,,,,
Shishu Niramoy,hospital,23.8228058550201,90.3576257810001,,,,
"Sir Salimullah Medical College Mitford Hospital, Government hospital, Mitford Rd, Dhaka",hospital,23.711217158976,90.4013160321969,,,,
Hazrat Sumaiya Hospital,hospital,24.7149566857078,90.950095493859,,,,
"Rowshan Ara Hospital, Hospital",hospital,23.7292479738067,90.4305423874584,,,,
Chalna digital Diagnostic Centre,clinic,22.5993317191094,89.5185790846014,,,,
Faraji Dental,dentist,23.8097523819319,90.3680615857273,,,,
Crescent Dental & Orthodontist,dentist,23.7631482459158,90.3693643849375,,,,
MN Medicine,pharmacy,23.8076509549872,90.3783553171956,,,,
Sumon Pharmacy,pharmacy,23.3317704977867,88.9866717234754,,,,
Lucky Pharmacy,pharmacy,22.3635137464832,91.8395672168353,,,,
Jannat Pharmacy(জান্নাত ফার্মেসি),pharmacy,23.8203588422076,90.3730488181155,,,,
"Notkhana Kusto Hospital, Hospital",hospital,25.9668074195363,88.8425622489463,,,,
Appex Dental Care,clinic,25.7645182330705,89.2324559466129,,,,
"Chevron Specialized Hospital, O.R. Nizam Rd, Chattogram",hospital,22.3634248983096,91.8301803234713,,,,
Sastho and Paribar Kendro,clinic,25.6319431793176,89.6748089587574,,,,
Dakkhin Southkhali Clinic,clinic,22.2344699885373,89.8226496374841,,,,
"Community Clinic, Ward no 14",clinic,22.8379413684066,89.5235378185189,,,,
Alfa Medico,pharmacy,23.774484769958,90.3649068888299,,,,
"Sepu Medical Hall Pharmacy, Taher Market, Kadamtoli Chowrasta, Golchokkor, Dhaka",pharmacy,23.7009811788205,90.3968748808004,,,,
নাবিল ফার্মা,pharmacy,24.8886268696159,91.8893008202202,,,,
Town Pharmacy টাউন র্ফামেসি,pharmacy,23.0086665706348,91.4000003493057,,,,
Ismayel Pharmacy,pharmacy,23.3592150280717,88.9146254938425,,,,
Jaman Medicine,pharmacy,24.8193037526862,88.9360480457925,,,,
"M/s Modern Pharmacy, Dubaldia, Zajira",pharmacy,23.3463748744192,90.3013749964407,,,,
Ruma pharmacy(রুমা ফার্মেসী),pharmacy,23.8163645300693,90.3662609852875,,,,
Mahdi Medical Hall,pharmacy,24.4372742918531,90.7807820555824,,,,
"Matrisadan Hospital, Hospital",hospital,25.0216666998998,90.0176886453428,,,,
Afrin Pharmacy,pharmacy,23.6034571486634,89.837511590001,,,,
Apurbo Pharmacy,pharmacy,22.3759437736134,91.8321849394343,,,,
"New Shopna Medical Hall, Kamal Gate Rd, Chattogram",pharmacy,22.3296693816682,91.8258796527721,,,,
pharAsa Pharmacy আশা ফার্মেসী,pharmacy,24.6316532248369,88.1950308921312,,,,
"Rokeya Pharmacy, Pharmacy",pharmacy,25.5711298734038,89.2738449462934,,,,
Hope Mother & Child Hospital,hospital,22.7739785623754,91.5737917355338,,,,
City Homeo Hall,pharmacy,25.6278441772087,88.6352812200456,,,,
Glass Pharma,pharmacy,23.7750297613024,90.3605857662868,,,,
Peime Dental Care,dentist,23.8000947530954,90.3560318782926,,,,
Al Sami Drug House,pharmacy,23.7695455658749,90.3684807647049,,,,
Doctor's Point & N Medicine Corner,pharmacy,23.851586879766,90.4156913314156,,,,
আল-শেফা ফার্মেসি,pharmacy,23.8131063166677,90.3770684436014,,,,
R. M Pharma,pharmacy,23.7597780502878,90.3658784352267,,,,
Life Line Hospital,hospital,24.4841781647266,91.7656729451909,,,,
Lazz Pharma,pharmacy,23.7912069182463,90.387809181966,,,,
IMT Physiotheraphy Centre,doctor,23.8169456474163,90.3663817685123,,,,
"M/s Abdul Motin And Sons, Pharmacy",pharmacy,25.0557470991081,90.336889539282,,,,
Uttara Sergical,pharmacy,25.7628024574909,89.2346602195095,,,,
New Anamika Hospital And Diagnostic Centre,hospital,23.7403379860765,90.433985421825,,,,
Hasina Drugs House,pharmacy,23.588921419818,89.8333361449352,,,,
Digi Care,clinic,26.3392065765372,88.5560004859647,,,,
"Muhammad Medico & Hijama Centre, Chittagong - Khagrachhari Rd, Hathazari, Chattogram",pharmacy,22.5165507860823,91.8021728645693,,,,
"BN DY SICK BAY Hospital, Dockyard Rd , Chattogram",hospital,22.2862467646398,91.7899498704475,,,,
DGLab,clinic,23.8110251739288,90.3676968891202,,,,
Al Nur Pharmacy,pharmacy,22.389811632414,91.8244701519344,local,,,
Shaheen Pharmacy(শাহিন ফার্মাসি),pharmacy,23.820866869359,90.3680167425453,,,,
Kimiya Homio Hall,clinic,23.7407674747951,90.4349222671427,,,,
Sundarban clinic,clinic,22.7220279456011,89.0698612742821,,,,
"Bagher Kanda Community Clinic, Hospital",hospital,24.7637280466084,90.3603879533719,,,,
"Rainbow Clinic, Private hospital",hospital,25.764191841761,89.2323732172286,,,,
Naz Pharmacy নাজ ফার্মেসী,pharmacy,23.8359993897104,90.2617688275652,,,,
"Al Shefa Medicine Centre, Dr Nazmul Islam",doctor,23.760774071842,90.3571551371369,,,,
মেরী স্টোপস স্বাস্থ্য কেন্দ্র,hospital,23.7141573629712,90.362535396965,,,,
"Maya Medical Hall, Dhaka - Mawa Hwy, Kalakandi",pharmacy,23.6600631582793,90.3586295977242,,,,
Madina Medical Hall,pharmacy,23.8553413856546,90.41339175628,,,,
The ACME Laboratory Ltd. DPO,pharmacy,22.4050821188916,91.8642887182363,,,,
Bismillah Medical Hall,pharmacy,25.0323836336594,90.0160059782807,,,,
Ifran Dental,dentist,23.8475083295008,90.2564632504944,,,,
"Junayet Medicine Kanar, Pharmacy",pharmacy,24.438695024441,89.8847693468265,,,,
Galib Homeo Hall 2 গালিব হোমিও হল 2,pharmacy,23.8490403737629,90.2576404887952,,,,
Hasan Drug House,pharmacy,23.785511666497,90.4120557647331,,,,
Janosheba Medical Store,pharmacy,22.6193061296481,91.6582504741191,,,,
Royal Medical,pharmacy,23.7708063717503,90.3678617611556,,,,
National Medical,pharmacy,23.7069715573805,90.4178993761686,,,,
Nijam Medical Hall,pharmacy,22.6849245291942,90.3602941598754,,,,
"Animal Hospital Madaripur, Hospital, Madaripur",hospital,23.1721135986993,90.215433499184,,,,
Bagherpara Upazila Health Complex,hospital,23.2188488276809,89.3445259315373,,,yes,general
"M/S. Sodor Medico, Kali Barir Mor, Sodorghat, Chattogram",pharmacy,22.3317466687317,91.8316422950228,,,,
Appolo Pharmacy,pharmacy,22.3607684217368,91.8312513630589,,,,
Victoria Healthcare,clinic,23.7708145860154,90.3679316662281,,,,
Family Medicine Corner,pharmacy,23.7752233832657,90.3655515410029,,,,
Janata Homeo,pharmacy,25.3949601221503,88.9957027212306,,,,
Asif Pharmacy(আসিফ ফার্মেসি),pharmacy,23.8255263693331,90.3686256878108,,,,
Crowndent Dental Care,dentist,23.758980847477,90.3667365744736,,,,
Mostan Nagar Hospital,hospital,22.8406505671504,91.5469089603995,,,,
"Fatema Device Circumcision Centre, Medical Center",hospital,24.2402976394378,90.4034402579181,,,,
Ma Drug House(মা ড্রাগ হাউজ),pharmacy,23.8204238857763,90.3682864721894,,,,
Panjerpara Friendship Satellite Clinic,clinic,25.4548950884306,89.7278683336835,,,,
"Lion Sirajul Islam Eye Hospital, Private hospital, Tekerhat",hospital,23.2251391945555,90.021635096814,,,,
Ismail Drug House(ইসমাইল ড্রাগ হাউজ),pharmacy,23.8300854541073,90.3631066236662,,,,
"M/s. Popular Pharmacy, Sheikh Market, Kaptai Rd, Chattogram",pharmacy,22.418489895027,91.8662920769138,,,,
"Pretom medicine centre, Medical Center",clinic,25.1189518458164,90.338170294087,,,,
"Maa Medico Pharmacy, Airport Road, Biman Bandar, Patenga, Potenga Rd, Chattogram",pharmacy,22.2585817903014,91.8290052644655,,,,
"Chowdhury Drug House, Cornelhat, North Katli, Akborshah, Chattogram",pharmacy,22.3716997645796,91.7756349209316,,,,
N I Jakir Hospital,hospital,24.2609855175745,89.9223480171434,,,,
Kazi Pharmacy,pharmacy,23.7696264512406,90.3701136432622,,,,
Nadia Pharmacy,pharmacy,22.4812519934287,91.7944244656376,,,,
Joypara Hospital,hospital,23.6188124600012,90.1157910268188,,,,
Hamela khatun pharmacy and medicare,pharmacy,23.7841798659017,90.4104689866433,,,,
"Bhuiyan pharmacy, North jatrabari, dhulpour dhaka, Dhaka",pharmacy,23.7102613705571,90.4346223626472,,,,
Aroggo Pharmacy,pharmacy,23.6041529304458,89.83596906836,,,,
Ma Medical Hall,pharmacy,23.9280001647712,90.3111902888759,,,,
Bismillah Pharmacy,pharmacy,23.8480485431604,90.387703653805,,,,
Safe Dental Clinic,dentist,23.777104785252,90.4256249763236,,,,
Popular Facio Dental Clinic,clinic,23.7680549282146,90.36203633845,,,,
"Royal Health City Hospital, Hospital",hospital,25.579843699943,89.2733159643842,,,,
Appolo dental,dentist,23.6034987229031,89.8377564253927,,,,
"Simul pharmicy, Chittagong - Rangamati Hwy, Raozan, Chattogram",pharmacy,22.5369511649402,91.9294773776067,,,,
Centre Point Hospital (Pvt) Limited,hospital,22.3436572693223,91.8341367494073,,,,
Uttara General Hospital,hospital,23.8853395465603,90.3900632433674,,,,
"Degital diagnostic center, Hospital",hospital,24.7413977345448,90.4075908925507,,,,
Shefa Ayurvedic Chikitshaloy,pharmacy,23.756804486318,90.3614124733968,,,,
"Maya Pharmacy, Kacari Rd, Hathazari, Chattogram",pharmacy,22.5028730288457,91.8104910652787,,,,
Maa Pharmacy,pharmacy,23.8085017181593,90.3788853887523,,,,
Provati Private Hospital,hospital,23.5895034591743,89.8328375893344,,,,
Choudhury Medical Hall,pharmacy,24.8196163976745,88.9361239858352,,,,
লাইফ সেভ ব্লাড ব্যাংক,hospital,22.3603934992078,91.8282625440252,,,yes,
"Jamalpur Drug House, Pharmacy",pharmacy,24.9265511258006,89.9479859958373,,,,
Madaripur Sadar Hospital মাদারীপুর সদর হাসপাতাল,hospital,23.1654131891214,90.2117734573442,,,yes,
"Al Noor Hospital Bonpara Baipas, Bonpara, Natore",hospital,24.2982682228903,89.0803484600758,,,,
Al-Arafat Pharmacy,pharmacy,23.7599604405009,90.4109879940879,,,,
Joy Medicine Corner,pharmacy,25.7607983444422,89.2374991701143,,,,
Dr. Edward Pallab Rozario,doctor,23.7069738204944,90.4179233484116,,,,
Chaiti Medicine Corner,pharmacy,23.8176359809617,90.3808791920602,,,,
Messrs N.K Medical Hall,pharmacy,24.2232436516029,90.7574692168288,,,,
New Patgram Diagonestics Center,clinic,25.764284377972,89.2324158811157,,,,
Ma Babar Dowa Pharmacy,pharmacy,23.745708690535,90.4337099924867,,,,
Ajmir Pharmacy,pharmacy,25.7610284276842,89.2367637419299,,,,
Shefa Dental Care,pharmacy,22.3288639645923,91.7886050779023,,,,
Jahan Pharmacy,pharmacy,24.3787386843076,88.5803058258731,,,,
"Doctors Care & Diagnostic, Nimtola, Al-Noor Tower, 65 Road, Nimtola",doctor,23.6155700883965,90.3341354973563,,,,
"Surjer Hashi Clinic, Hospital",hospital,25.0827657448928,90.1891949571277,,,,
Bosonto Pharmacy,pharmacy,23.8277793410871,90.3571362778547,,,,
Nagar Shashtho Kendro,clinic,23.7446373994904,90.4339014351552,,,,
Dr. S M Abdul Khoyer,doctor,23.7914859518029,90.3880297936575,,,,
Medi Plus Pharmacy,pharmacy,24.4371478927532,90.7807345301914,,,,
Mainuddin Medical Hall,pharmacy,23.8090668260713,90.3712192162908,,,,
"M/s. Mahamuda Pharmacy, Halishahar Rd, Chattogram",pharmacy,22.3325268562791,91.8105123553128,,,,
Shadhona Owshdhaloy,pharmacy,24.4379642901223,90.7798313801245,,,,
"Labcare Diagnostic And Hospital, Hospital",hospital,24.0965380255472,90.1186613257416,,,,
"Naodoba Union Health Complex, Hospital, Shariatpur Road, Naodoba",hospital,23.3982271714692,90.2446075513697,,,,
Ma Medical,pharmacy,23.6039601466728,89.8394401821022,,,,
Today Pharmecy,pharmacy,23.8096530563793,90.3688008695872,,,,
Bhaluka Upazillz Health Complex,hospital,24.4064423830387,90.3816306296797,,,,
Fahad Modern Herbal Center,pharmacy,23.8273522831205,90.356988923997,,,,
The Pulse Computerized Diagnostic Cente,clinic,24.4817929265405,91.7655881203308,,,,
Bismillah Dental Care,dentist,23.768180237667,90.3678295746474,,,,
S. L. Pharma,pharmacy,23.81537848298,90.3713126745112,,,,
"গালিব ডিজিটাল ডায়াগনস্টিক এন্ড ডায়াবেটিকস্ সেন্টার, Gopalpur",clinic,24.2096827380965,89.0047477167642,,,,
Maa Pharmacy,pharmacy,23.8095653816721,90.374671973665,,,,
Lavely Medical,pharmacy,24.2539889753575,89.9155308476543,,,,
Sardar Pharmacy,pharmacy,23.8108167998159,90.373773936559,,,,
M.H.Pharma,pharmacy,23.7998009673891,90.363415161522,,,,
Amena Dental Care,dentist,23.7557987417562,90.4074980210635,,,,
Mukta Pharmacy-2(মুক্তা ফার্মেসি-২),pharmacy,23.8264857619704,90.3705704569851,,,,
Modern Care,pharmacy,23.8086497425694,90.3749513424978,,,,
Bangladesh Diagnostic & Medical Centre,clinic,23.7325874916691,90.4129709847406,,,,
Manik Pharmacy,pharmacy,24.7165652567458,90.9553617598039,,,,
Sky Diagonestics Center,clinic,25.7423482668147,89.2337866575608,,,,
Islamia Homeo Hall,clinic,23.7578790463049,90.4115198258442,,,,
"SHAMIM DENTAL CARE, Hospital",hospital,25.9041616619506,88.603999957402,,,,
Adachaki Community Hospital,hospital,24.3193096497029,89.672127085018,Government,,,
Anis Pharmacy,pharmacy,24.0803612876985,89.6318041796022,Md. Anis Ahmed,,,
Masanger Diagonestic Center,clinic,22.7216514305105,89.0681075286811,,,,
Sheba Pharmacy,pharmacy,23.7715567197224,90.3459715828276,,,,
"Happy Physiotherapy Center, Hospital",hospital,23.9369342677258,90.2718309670489,,,,
Akumunnessa Eye Clinic(আকুমুন্নেসা আই ক্লিনিক),hospital,23.8182451776844,90.3660544551933,,,,
Bhola Pharmacy,pharmacy,23.8169013909676,90.380176118022,,,,
"Ebadat diagonestic centre, Doctor",doctor,25.9419726786235,88.8443886656478,,,,
Najifa Medical Hall,pharmacy,23.7565179928675,90.4084918633228,,,,
"Prity Medical Hall, Pharmacy",pharmacy,25.0141403375832,90.0173499326356,,,,
Satkhira Diagonestics Center,clinic,22.7218834415904,89.0692672488042,,,,
Khan Drug HOuse,pharmacy,22.6858489692952,90.3625652365403,,,,
Akber Medical Hall,pharmacy,22.900079266479,90.3044274341194,,,,
Rajapur Upazila Health Complex,hospital,22.5689835299272,90.1333413909597,,,,
Mitali pharmacy,pharmacy,24.9055093637119,91.869866120427,,,,
Meherun medicien hall,pharmacy,23.7595152776233,90.4122532423719,,,,
Ma Moni Digital Diagonestics Center,hospital,23.5890280376263,89.8332341371736,,,,
Usha Homeo Hall,pharmacy,23.4471068265588,91.1773329960255,,,,
Al madina pharmacy,pharmacy,25.9366833624449,88.5444937254691,,,,
"Beanibazar Diabetic and Hormone Centre, Hospital",hospital,24.8267327172879,92.1609816875837,,,,
Matlab Upazila Health Complex,hospital,23.3478543641483,90.7040841211455,,,,
Borishal Medicine,pharmacy,23.74401588137,90.4146408274909,,,,
Popular Dental,clinic,24.8187754413291,88.9368428178514,,,,
Mother's Dental,dentist,23.81909476739,90.3650481238983,,,,
"Lazz Pharma Limited, Pharmacy",pharmacy,23.7779678698218,90.3615761719658,,,,
Oyesis Hospital,hospital,24.8878228774635,91.8801887694613,,,yes,
Bell View Diagonistics,hospital,22.3593298356951,91.8240607797834,,,,
Shimul Clinic,clinic,22.7206575882512,89.0686842874385,,,,
Lamiya Drug hlHouse(লামিয়া ড্রাগ হাউজ),pharmacy,23.8265916254074,90.3703465763514,,,,
Lax Farma,pharmacy,23.7562161605343,90.4113732263577,,,,
Liza Pharmacy লিজা ফার্মাসী,pharmacy,24.8593029490015,88.4440449978377,,,,
M/S. Shahi Unani Pharmacy,pharmacy,23.7497569821297,90.4157715462289,,,,
মুক্তি ক্লিনিক,clinic,22.6286146522174,90.0594072214561,,,,
Chagalnaiya Upazila Health Complex,hospital,23.0382597179792,91.5166758547479,,,,
Bio Pharma,pharmacy,23.8120319243189,90.4223293796339,,,,
North Bengal Pharmacy 1/A/2,pharmacy,23.7730693179691,90.3591878324755,,,,
"Chattogram Port Hospital, Port Colony Rd, Chattogram",hospital,22.3136295202983,91.7962053686049,,,,
Bismillah Medical Hall,laboratory,23.7754265605986,90.3575447279964,,,,
pankhali hogolabuniya community clinic,clinic,22.6437591586903,89.4883095176709,,,,
Kustia Pharma,pharmacy,23.759926493793,90.3658108770871,,,,
Family Development Center,hospital,24.2240300417586,90.7586063896324,,,,
Salman Hospital and Diagnosis center,hospital,23.7043454232972,90.4462572824423,,,,
Royal Pharmacy,pharmacy,24.8343905916653,89.3751220574155,,,,
Health & Family Welfare Center,clinic,22.4582028493489,89.8358004244682,,,,
Black Stone Pharma,pharmacy,23.8101844690405,90.3674473598627,,,,
Sumon Pharmacy,pharmacy,23.5504604703731,90.38980851733,,,,
Baba Mayer Doya Medical Hall,pharmacy,23.7854320384168,90.4115335721654,,,,
M/S Shahida Pharmacy,pharmacy,23.759675371974,90.3657403852814,,,,
"Islami Bank Community Hospital, Hospital",hospital,23.8709981940495,89.9977564795962,,,,
প্যান প্যাসিফিক হাসপাতাল,hospital,23.7382134250792,90.4220442272879,,,,
Hajiganj Upazila Health Complex,hospital,23.2502562379672,90.8738415488331,,,,
Lab Science,pharmacy,23.7502863831342,90.3867813929988,,,,
Bushra Pharmacy,pharmacy,23.7694588969962,90.3685281224579,,,,
King Abdul Aziz Programme,clinic,23.828077485383,90.3797705177274,,,,
Life Pharma Medical Hal,hospital,24.2625167236462,89.9248820341109,,,,
"UHAndFWC, Hospital",hospital,24.6251469401365,90.3980734929542,,,,
Square apharmacy,pharmacy,23.7208759612789,90.3893413938661,,,,
Popular Medical Hall,pharmacy,23.7672459907393,90.3627532426285,,,,
Satota pharmacy,pharmacy,23.767123782591,90.3599439639608,,,,
Haque Homeo Hall,pharmacy,23.4509075167338,91.178723386124,,,,
কোহিনূর ফার্মেসি,pharmacy,23.7500088583201,90.4126484491065,,,,
অ্যাপোলো হাসপাতাল ও ডায়াগনস্টিক সেন্টার,hospital,22.7007190522582,90.3698465958271,,,,
Central Hospital,hospital,24.8988370335097,91.8710099987531,,,,
Mithun Homoeo pharmacy,pharmacy,23.9907570663929,90.2417314689338,,,,
"Janaseba Pharmacy, Chittagong - Khagrachhari Road, Upojela Market, Hathazari, Chattogram",pharmacy,22.5034159247143,91.8068419199131,,,,
"ICDDRB, Kamalapur Field office",hospital,23.7155491779931,90.4314843457371,,,,
"Samiya pharmacy, Emergency care physician, Nur Ali Mear Hat Bazar Rd, Forhadabad, Chattogram",pharmacy,22.6168143574726,91.7945451650434,,,,
Sarjil Pharmacy,pharmacy,23.7850959240996,90.3587987445302,,,,
Muktijuddha Pharmacy,pharmacy,24.3448211454779,91.9770165987408,Medicyne,,,
"Royal Community Eye Hospital & Phaco Centre., Rd No 5, Chattogram",hospital,22.3291789565135,91.7889966804186,,,,
The Pathology,clinic,24.3718601592873,88.5818646922253,,,,
Fahim Pharmacy,pharmacy,23.7759645949633,90.3524562422178,+8801920995551,,,
Jamila Pharmacy,pharmacy,24.829363545237,89.3775577546587,,,,
J M I Pharmacy,pharmacy,23.768919689165,90.3687854468853,,,,
Srabon Medical,pharmacy,24.2626204916075,89.9229492510581,,,,
"Ghatail Digital Clinic And Narsing Home, General hospital",hospital,24.4855890904878,89.9734955637746,,,,
Joyita Dental Care,dentist,22.3581047367273,91.786068546364,,,,
Kahinur Multicare Hospital,hospital,24.1359912246898,90.4156692870102,,,,
Gazi Medical Hall,pharmacy,23.0291554623902,89.3965502252405,,,,
"Jugantar Pharmacy, Pharmacy",pharmacy,24.1397224288875,89.9009969628276,,,,
"Tanisa Beauty Parlour, M. A Aziz Road, Chattogram",clinic,22.2866995550492,91.7843225959329,,,,
"Amanot medical hall, Pharmacy, Mijan Market, Fokirnir Hat Rastar Matha, Chattogram",pharmacy,22.2835089836062,91.8644006166436,,,,
Nur Kusum Pharmacy,pharmacy,22.3785123240219,91.8310568190862,,,,
চট্টগ্রাম বন্দর হাসপাতাল,hospital,22.3134447831524,91.7964791215626,,,,
পিনাকল মেডিসিন কর্ণার,pharmacy,23.8078202694313,90.3791646737661,,,,
Shamim Medicine Point and Departmental store,pharmacy,23.8190441406949,90.3685039825768,,,,
"Bakultala Alloa Tarini Community Clinic, Hospital",hospital,24.2063004725279,89.904162137104,,,,
Bangladesh Eye Hospital,hospital,23.7517931978676,90.3673205416677,,,,
Oral and dental care,dentist,23.765528371141,90.3588742654778,,,,
"Ma-Mony Pharmacy, Chattogram Hathajari Highway, Chattogram",pharmacy,22.389381221686,91.8245079543177,,,,
Tongibari upazila health complex,hospital,23.5123018561756,90.4674834464009,,,,
Riya Fharmacy,pharmacy,23.8177972487788,90.3689638976039,,,,
Nogor Shasto kendro,hospital,23.7307961951419,90.3673034425852,,,,
Jaki Medical Center,pharmacy,23.7733190986837,90.3616567220553,,,,
Shikha Diagnostic Center,hospital,24.4414015409757,90.7768709757426,,,,
One Pharma,pharmacy,23.7344628586851,90.4074399344745,,,,
Boa Dental Expert,dentist,23.7772233891819,90.4256174326107,,,,
Mohammadi Pharmacy,pharmacy,23.8109056479895,90.3708008755034,,,,
Makkah Medical Hall,pharmacy,23.0140690425062,91.4006193528551,,,,
Raipur Upazila Health Complex,hospital,23.0318732944942,90.7652992554974,,,,
Satellite Dental,dentist,23.7482842817421,90.4326734863403,,,,
Brothers Homoeo Pharmacy,pharmacy,26.0288030767117,88.4810450653785,,,,
Netrokona Sadar Hospital,hospital,24.8717248456856,90.7321917437904,Government,,,
Modern Herbal,clinic,23.7402014448738,90.4330038171444,,,,
__চক্ষু হাসপাতাল,hospital,22.6731350471045,90.3399393785708,,,,
Amin Medical Center,doctor,23.7396231773739,90.3706221733277,,,,
Ayurbed Chikidhshaloi,pharmacy,23.7644724189792,90.3592886667707,,,,
Daudkandi Upazila Health Complex,hospital,23.5295845861481,90.783070818063,,,,
Tasin Dental,dentist,23.8469650983562,90.3877435516641,,,,
"Talukdar clinic And digital lab, Hospital",hospital,24.7633721509996,90.2507916357121,,,,
"Maa-O-Shishu Hospital, Hospital",hospital,24.7181110473291,90.4047303166356,,,,
Fatema clinic and Diagnostic Centre,clinic,22.810156951948,89.4115550892066,,,,
Foysal Medicine Center,pharmacy,23.8466645233084,90.3878526840435,,,,
Liza Medicel Store,pharmacy,23.7590197395077,90.4136971928316,,,,
Medicare Clinic,clinic,22.7930250962327,89.8759520876022,,,,
Madan Hospital,hospital,24.7166868781609,90.9572140765862,,,,
Bangladesh ENT Hospital,hospital,23.7555415849668,90.3762005813468,,,,
Ma Pharmacy,pharmacy,23.3590312967541,88.9147109892549,,,,
National Institute of Diseases of the Chest & Hospital,hospital,23.7758364356638,90.4092851266391,,,,
Ashim Hospital,hospital,23.1678853476434,89.2090692632923,,,,
Shahi Pharmacy(শাহী ফার্মেসি),pharmacy,23.826328852743,90.3569066975268,,,,
Rubel Pharmacy,pharmacy,24.8340892622462,89.3761214317308,,,,
Islamia Pharmacy,pharmacy,23.8190822783543,90.3650000955931,,,,
Tartila Pharma,pharmacy,23.759799675598,90.3657581549161,,,,
Satota Pharmacy,pharmacy,23.7739305585202,90.3584740296013,,,,
Dr. Md. Ajijur Rahman,doctor,23.7919112495699,90.3881080806332,,,,
"Medinova medical services, Sylhet",doctor,24.8999636451152,91.8551516894059,,,,
"DIAHORMON Center, Doctor",doctor,24.8443122504518,89.3731364683727,,,,
Mamun Medical Hall,pharmacy,24.7620038891256,90.4501476589813,,,,
Ibn Sina Consultation & Diagonastic Center,doctor,23.7391346800569,90.3759436760145,,,,
Comilla Pharmacy,pharmacy,23.7835925459464,90.4114220928532,,,,
"OPC Bhatiary,Hospital, Chattogram, Bhatiari, Chattogram",hospital,22.4228265240909,91.7549893714059,,,,
"Raozan Medical Hall, Chittagong - Rangamati Hwy, Raozan, Chattogram",pharmacy,22.5324817665301,91.8921098474308,,,,
Stota Pharmacy,pharmacy,24.5901121774328,88.274485718341,,,,
Satkhira Surgical Clinic,clinic,22.7223215636693,89.0705948584479,,,,
Julee Pharmacy,pharmacy,22.3608019493495,91.8300590373324,,,,
Maa Medicine Centre,pharmacy,23.8138734284462,90.3734469585162,,,,
Adil Pharmacy,pharmacy,23.2381030650989,89.1015308704997,,,,
Shopna Medical Hall,laboratory,23.7753175958573,90.3575823627417,,,,
Yeasin Pharmacy,pharmacy,23.7910342510409,90.3753274384932,,,,
Shapown Pharmacy স্বপন ফার্মেসি,pharmacy,24.3345770348764,89.9248142245141,,,,
"Chowdhury Drug House, Arakan Road, Badurtola, Panchlaish, Chattogram",pharmacy,22.3623312275835,91.8425039842502,,,,
Pangsha Upazila Health Complex,hospital,23.7909361827738,89.4255049230202,Government,,,
"Ma O Sishu Hospital, Hospital",hospital,24.6751270552937,89.9532213325595,,,,
"Medico Pharmacy, Saleh Ahmed Chairman Lane Road, Pathantuli Road, Matiar Pool, Najirpol, Chattogram",pharmacy,22.332986016935,91.8173134315477,,,,
Bakerganj Medical hall,pharmacy,22.6855093345786,90.3616920936867,,,,
Kustia Drug House,pharmacy,24.1271924894714,89.0708732214523,,,,
Hamdard,pharmacy,23.9367143265866,90.2723031196547,,,,
S K I Pharmacy,pharmacy,21.7623610524888,92.0758639637709,,,,
The Popular Diagonostic center and clinic,clinic,24.0774823554154,89.6165460983412,,,,general;urology
উত্তরখান জেনারেল হাসপাতাল,hospital,23.8686910752009,90.426101487519,,,,
Dhatab Owshodhalay,pharmacy,23.7506354894013,90.4085122313475,,,,
Rx Medicine,pharmacy,23.8090261738409,90.3695854995432,,,,
Barishal Homio Hall,pharmacy,23.7442702721314,90.426933223771,,,,
Islami Bank Hospital,hospital,23.818785558982,90.365134373682,,,,
Messrs Khajanchi Drug House,pharmacy,24.9130191298602,91.8515395920523,,,,
Medicine Corner,pharmacy,23.7567528537944,90.3745619192764,,,,
বারডেম জেনারেল হাসপাতাল ২,hospital,23.7317088167594,90.4061084691554,,,,
Jabed Phramacy,pharmacy,23.3591192229184,88.9146733545097,,,,
popular Diagnostic Centre,clinic,24.7168169652981,90.9462301792105,,,,
Gurupado Medical,pharmacy,23.6036797720117,89.8387019878897,,,,
"Rakib Homeo Center, F.M Sawdagar Road, New Mooring ,EPZ, Bandar, Ershad Market, Chattogram",pharmacy,22.293214892205,91.7880397185333,,,,
"Blue View Healthcare Ltd, O.R. Nizam Rd, Chattogram",doctor,22.3593273211242,91.8239209696384,,,,general
Satelite clinic of Chairman house,clinic,22.5916210387421,90.676643446536,,,,
"Super Care Hospital, Hospital",hospital,24.8259093629391,89.3782692944191,,,,
Moumita Pharmacy,pharmacy,23.7834323677767,90.4099306170025,,,,
Reza's dental care,clinic,23.8205835610317,90.3650977447651,,,,
Khan Optics and Medicine Hall,pharmacy,24.2678522241114,89.9266009948137,,,,
M/s. Hoque Brother's মাইক্রোসফট. হক ব্রাদার'স,pharmacy,24.1831113506652,89.5942895470255,,,,
Mohajon Pharmacy,pharmacy,24.6072178816103,90.0284659288052,,,,
Haq E Pharma - Care And Cure,pharmacy,23.7449681493896,90.4274065498432,,,,
Dental Mexilofecial,pharmacy,25.7636771929061,89.2331898660548,,,,
Kakoli Pharmacy,pharmacy,24.4372537561903,90.7806193628418,,,,
Dr Komla kanto Barmon,doctor,26.3373903857575,88.5555200352748,,,,
Najim Medicine,pharmacy,23.8616919345939,90.2599725857152,,,,
Khilgaon Medicine Corner,pharmacy,23.7475050162041,90.4286319840871,,,,
Sumon medicine point(সুমন মেডিসিন পয়েন্ট),pharmacy,23.8278689436321,90.3706503365224,,,,
Chawdhuri Medicine Corner(চৌধুরী মেডিসিন কর্নার),pharmacy,23.8182440880369,90.3759681511718,,,,
Tishi Medico,pharmacy,22.4524536181432,91.8317254435024,,,,
Jahanara Pharmacy,pharmacy,22.6849677798145,90.3604037951689,,,,
"Sonia Medical hall, Pharmacy",pharmacy,24.8511433339001,89.3731733487467,,,,
Sujit Pharma and Doctors,pharmacy,24.4383270588917,90.7796376743422,,,,
Jonono Pharmacy,pharmacy,23.7832143544752,90.4099707663187,,,,
Madaripur Medical Hall,pharmacy,23.7543643466661,90.4109765946995,,,,
Desh Diagnostic & Medical Centre,clinic,23.7334440383544,90.4154923450342,,,,
"Hazrat Shahjalal (Pr) Hospital, Hospital",hospital,24.7475712576892,90.4092265371359,,,,
Parshuram Upazila Health Complex,hospital,23.2107103349756,91.4447133603278,,,,
Anwara Pharmacy,pharmacy,23.7540495223829,90.4077215664211,,,,
"Homeopathy Chamber (Dr. Masud Hossain), Halishahar Rd, Chattogram",doctor,22.3294108837744,91.8056421342928,,,,
Prime Dental Care,pharmacy,23.7682419284744,90.3614960409714,,,,
Satata Pharmacy(সততা ফার্মেসী),pharmacy,23.8242998454417,90.3668103352215,,,,
B N Institute Medical,clinic,24.3699149710178,88.5813245623848,,,,
Mollika Pharmacy,pharmacy,26.3393262701145,88.5560140646479,,,,
"Mowla Pharmacy, Pharmacy",pharmacy,24.9230153875849,89.950280374193,,,,
Ayesha Memorial Hospital,hospital,23.7749899472623,90.3951923813764,,,,
"Mahbub Clinic And Diagnostic, Hospital",hospital,24.6653797400932,89.4192645961075,,,,
এশিয়ান ডেন্টাল কেয়ার,dentist,23.7400822542107,90.4282647729091,,,,
Somadhan Homio Pharmacy,pharmacy,23.7825490828203,90.4079755380873,,,,
"AB Healthcare & Medicine Shop, Kazi Nazrul Islam Rd, Chattogram",pharmacy,22.330080849295,91.836425847164,,,,
"Popular Pharmacy, Pharmacy",pharmacy,23.7487036283579,90.4187039550542,,,,
Ma Medical Hall,pharmacy,23.7674529399287,90.3628437671827,,,,
Farmacity,pharmacy,23.7110179211375,90.4243940938426,,,,
Minha Pharmacy(মিনহা ফার্মেসি),pharmacy,23.8157977457767,90.3743531260683,,,,
Azid pharmacy,pharmacy,23.7084726724198,90.4163995184147,,,,
Mediplus Diagonestics,pharmacy,26.3391537705472,88.5559776871881,,,,
Moriom Pharmacy,pharmacy,23.04123059974,89.6319367813103,,,,
ES Pharma,pharmacy,23.7620809781848,90.3586040329195,,,,
Sanjibani Pharmacy (সঞ্জীবনী ফার্মেসি),pharmacy,23.1618587592616,89.2147964500928,,,,
Maria Pharmacy,pharmacy,23.7698741364794,90.3559811677785,,,,
Bismillah Medical,pharmacy,23.7710686415006,90.3456288468069,,,,
Union Health and Family Welfare Center,clinic,22.3850754380258,89.2819980235103,,,,
"Amjad Khan Chowdhury Memorial Hospital - Outdoor and Consultation Center, Natore",hospital,24.4119017680327,88.9922870956874,,,,
Medi Aid Pharma,pharmacy,23.7619288466421,90.3571069411936,,,,
Shikder Pharmecy,pharmacy,23.7001596684904,90.4233048655252,,,,
"Central Hospital (Pr.), Hospital",hospital,24.7456541487953,90.4080425933126,,,,
Sathi Pharmacy And Physiotherapy Centre,clinic,23.7472161758207,90.4303500227806,,,,
Health Aid Physio,clinic,23.7930807765198,90.3881651613938,,,,
Halima Medicine Korner(হালিমা মেডিসিন কর্নার),pharmacy,23.8285616241103,90.368044989559,,,,
Ashulia Women and Children Hospital Ambulance,hospital,23.9367607623302,90.3002060562241,,,,
"Hijama Center Chittagong,Medical Center, Zakir Hossain Road, A.K khan Gate, Pahartali, Chattogram",clinic,22.3624029766747,91.7826028808588,,,,
Ad-din Sakina Medical College and Hospital আদ-দ্বীন সখিনা মেডিকেল কলেজ ও হাসপাতাল,hospital,23.1634790649641,89.212842628463,,,,
Islami Bank Community Hospital,hospital,25.6172392256755,88.6489994618746,,,,
Jonosheba Pharmacy,pharmacy,23.790046695209,90.3662499211753,,,,
Tahla Medicine Corner,pharmacy,23.759797077208,90.3658801954264,,,,
DAKTER BARI (Dr. Hafizur Rashid),doctor,25.0306246912784,88.7771947197622,,,,
Green Homio Hall,clinic,22.8615513456277,89.0407480747135,,,,
Pharmacy,pharmacy,23.7535046986766,90.4063120655834,,,,
United Pharma 1,pharmacy,23.7952694590764,90.414044287442,,,,
Hamdard Laboratories Waqf Bangladesh,laboratory,23.4597278772623,91.1806036984629,,,,
Surjer Hasi Clinic,hospital,22.3614314302778,91.8136015895464,,,,
Bahar Medical Centre,pharmacy,23.7474860731029,90.4297729287471,,,,
Seba Dental Clinic,clinic,23.7915966767438,90.3880868744181,,,,
Satkhira Children’s Hospital,hospital,22.7301300608466,89.0633220487023,,,,
Najiya Pharmacy,pharmacy,23.7979869559043,90.3766828760554,,,,
West Joynagar community clinic,clinic,22.5567639723857,90.6755196847775,,,,
আদর্শ ইউনানি ফার্মেসি,pharmacy,23.8131883754998,90.3765798624654,,,,
B N Clinic and Diagnostic Center,clinic,24.7448877913882,90.4084627781187,,,,
Al-Ahsan Diagnostic Hospital,hospital,23.7184023778334,90.3727431301068,,,,
National Homeo Hall,pharmacy,23.7389508649204,90.3874967884347,,,,
"Bhaluka Livestock office and Veterinary Hospital, Government office",hospital,24.4048924853228,90.3876954395399,,,,
Nima Fatima Diagonestic Center,clinic,24.3707548377158,88.5816358662687,,,,
"Civil Surgeon Office, Hospital",hospital,25.0218480842845,90.0178342390009,,,,
"Faizah Drug House,Pharmacy",pharmacy,24.1675598189741,90.4298907783057,,,,
Epok Medicine Corner,pharmacy,23.7708392288108,90.3587705813355,,,,
Madina Pharmacy,pharmacy,23.7505584597112,90.4066793605805,,,,
Tori Madokasokto Niramoy Kendro,clinic,24.870833178826,90.7341674421874,,,,
Bonik Pharmacy,pharmacy,23.8389293677837,90.2555896885457,,,,
Owshudh Bitan,pharmacy,23.7690688870415,90.3686662562222,,,,
Mamun's Oro Dental Point,dentist,23.8416833258904,90.387191184245,,,,
Holly Dental Care,hospital,23.9277421697916,90.7018418782275,Tawhidul Islam Tawhid,,,dentist
Mitali Pharmacy,pharmacy,24.4381973908496,90.7795325652763,,,,
Ma Medical Hall,pharmacy,24.2672325500097,89.9262609410019,,,,
Al Hera Hospital And Trauma Centre,hospital,24.7470101730907,90.4118285313381,,,,
Mahbub Crescent Pharmacy,pharmacy,23.7569930791394,90.3617067620172,,,,
Taj Pharmacy,pharmacy,23.7700186404901,90.3678074464231,,,,
Shopna Medical Hall,pharmacy,23.7738491702404,90.3567825615409,,,,
Green Dental Surgery,dentist,23.8545438475676,90.3863213941527,,,,
"Hearing Care Center, Hearing aid store",clinic,25.776859076751,89.2218309623311,,,,
Monoara Oro Dental Surgery,dentist,23.8165262169815,90.3669735308763,,,,
অপু ফার্মেসী,pharmacy,23.6832532859704,90.4231127523045,,,,
Sopna Pharmacy,hospital,23.7582143224318,90.3669854331788,,,,
"Radiah Pharmacy, Pharmacy",pharmacy,24.6032572647227,89.4446389639466,,,,
Delowar Pharma,laboratory,23.7750582597731,90.3530946917826,,,,
Dr Fazlul Haque Colorectal Hospital Ltd.,hospital,23.7436027373626,90.3728103529702,,,,
রিয়া জেনারেল হাসপাতাল এন্ড ডায়াগনস্টিক সেন্টার,hospital,23.9070637632054,90.0548598713464,,,,
Faridpur Al Madina Hospital,hospital,23.5891140359529,89.8331284413745,,,,
ভোলা মেডিসিন কর্নার,pharmacy,23.8106755647474,90.3743658665612,,,,
General Hospital,hospital,22.3412044729966,91.8381285469746,,,yes,
Mark dental care,dentist,23.7657691832192,90.3588439229883,,,,
Asgar Ali Hospital,hospital,23.7078376594354,90.4236154988568,01787-683333,,yes,general
"Yashoda Hospitals Information Center Chittagong, Sugandha Residential Area, Chattogram",hospital,22.3643223486824,91.8315010599544,,,,
Pranti Dental Care,laboratory,23.7657657466389,90.3608394864959,,,,
"Genome Medical College and Hospital Ltd., Hospital",hospital,24.9920814315444,90.0331632311627,,,,
ন্যাশনাল ইনস্টিটিউট অব নিউরো সায়েন্সেস ও হাসপাতাল,hospital,23.7761555347176,90.3710227444804,,,,neurology
Noyani Community Clinic,clinic,22.4368786171233,89.3414774333531,,,,
"Maaer doya Pharmacy, Korail",pharmacy,23.7857081383073,90.40603621715,,,,
Patnitola Upazila Health Complex,hospital,25.0492085440806,88.7555693257555,,,,
প্যান প্যাসিফিক হাসপাতাল,hospital,23.7380451164634,90.4222602289327,,,,
SP Pharma,pharmacy,23.7693546261207,90.3685253564299,,,,
Bancharampur Upazila Health Complex,hospital,23.7720762300811,90.8021662184158,,,,
"Health care Hospital, Hospitalt",hospital,25.7727079392043,89.2260079999587,,,,
Nasir Medicine Corner,pharmacy,23.8071500524536,90.3781005911582,,,,
"Saidpur Community Eye Hospital, Hospital",hospital,25.7796661761238,88.904883291603,,,,
Kiron Medical Corner,pharmacy,21.7622138662691,92.0758117445141,,,,
"Al Baraka Diagnostic Complex ltd, Hospital, Rahman Plaza, Shahid Faruk Sarak, Jatrabari, Dhaka",hospital,23.7098185546124,90.4331552781347,,,,
Dental Care Home,dentist,23.7603035956168,90.3571023311469,,,,
"Amin Pharmacy Shop, 14 No Colony Rd, Chattogram",pharmacy,22.2514739364103,91.824828394476,,,,
Makka Madina General Hospital,clinic,23.7711530472656,90.3666311301317,,,,
Usha Pharmacy,pharmacy,23.7447894472139,90.3651830725394,,,,
Best Medical Services,clinic,23.5538847292765,90.5322280325411,,,,
Aual Pharmacy and Animal Health Care,pharmacy,22.2283460862597,90.1326214692961,,,,
Hawlader Pharmacy,pharmacy,23.7024707268334,90.4194072805495,,,,
Abdullah Drug House,pharmacy,23.8173243418017,90.353832718357,,,,
"Doctors Diagnostic Centre, Hospital",hospital,23.9121361557299,90.2319495364732,,,,
Raji Medicine Corner,pharmacy,25.7611462772429,89.2365994566277,,,,
Dr. Hasan Alamgir,doctor,23.7919394965836,90.3880884669798,,,,
Magura Pathology Center,clinic,23.485946135113,89.4214041607116,,,,
Hasem Drug HOuse,pharmacy,22.6866583258656,90.3648952379845,,,,
"Tariq Medical Hall, Pharmacy",pharmacy,24.4589102470578,89.8751278950631,,,,
"Dr. Musa Pharmacy, Hathazari, Chittagong - Khagrachhari Rd, Chattogram",pharmacy,22.5493552919896,91.7987296625647,,,,
Sonia Nurching Home,hospital,24.2663635981077,89.9252174778758,,,,
"Karim Drug House, Pharmacy, Abdullah Khan Lane, Katalganj, Panchlaish, Chattogram",pharmacy,22.3630047973225,91.836344039789,,,,
Rahman dental care,dentist,23.7835758659591,90.4066085334987,,,,
"Platinum Hospital Limited, Panthapath, Dhaka",hospital,23.7503908216477,90.3887484580356,,,,
Somadhan Homeo Pharmacy,pharmacy,23.7825490828203,90.4079756219063,,,,
Sheba pharmacy,pharmacy,23.8187136422527,90.3716377247163,,,,
Holy Diagnostic Center,clinic,25.0402417517036,88.7599961440976,,,,general
"M/s. Jononi Pharmacy, Sheikh Mujib Sarok, Mistri Para, Dewanhat, Chattogram",pharmacy,22.3368225816556,91.8118255480829,,,,
"Ziaul Medical Hall, Pharmacy",pharmacy,25.0887178181554,90.1908622853069,,,,
"Animal Hospital, Bhandarpur, Naogaon",hospital,24.9679547938117,88.9648379553557,,,,
MSF Occupational Health Clinic,clinic,23.7377382549882,90.3682254519343,Medecins Sans Frontieres,,,
"Al-Razi Clinic, Hospital",hospital,24.7463971206926,90.4103414978961,,,,
Nagarpur Upazilla Health Complex,hospital,24.0507024262332,89.8738266884145,,,,
জনতা মেডিকেল হল,pharmacy,23.8196744598135,90.3683191616118,,,,
Astha Online Pharmacy,pharmacy,23.7857422526533,90.3993816565825,,,,
জামান ফার্মেসি,pharmacy,26.2111065370696,88.907107094334,,,,
"Sima General Haspatal, Hospital",hospital,23.8363584704423,90.2589419469009,,,,
D-Pharma,pharmacy,23.8481703322135,90.2562911700223,,,,
Sheba Medical Center,pharmacy,23.8515372588992,90.4146345410635,,,,
"Sun Hospital And Diagnostic Center, Hospital",hospital,26.1021616609244,88.8266029376659,,,,
"Mukul Dental Clinic, Hospital, Green Square Road, Dhaka",hospital,23.7425855934125,90.3844797223874,,,,
পিজি হাসপাতাল,hospital,23.7391178324316,90.3955526355748,,,,
Dhakaiya Pharma,pharmacy,23.7638227376642,90.3636335939187,,,,
Sonali Clinic,clinic,22.7394784812751,89.5137659443421,,,,
Sami Medicine Corner,pharmacy,23.8087625629861,90.3729690223973,,,,
New Sheba Pharmacy,pharmacy,23.5892711966374,89.833013357844,,,,
Pure Pharmacy পিওর ফার্মেসী,pharmacy,23.8481889400385,90.2564360931282,,,,
"Life Care pharmacy, Pharmacy",pharmacy,24.6382346952087,92.1605923481813,,,,
EPI Tika Kendra Chowkider Bari,clinic,22.7332918823618,90.6518840589327,,,,
"Akashi Medical Hall, Health consultant",pharmacy,25.024667672693,90.1699052642593,,,,
Monowara Orthopedic and General Hospital,hospital,23.7198336716193,90.4288919907236,,,,
Rangpur Artho Sergical,pharmacy,25.7612354606926,89.2392575257621,,,,
Ma Medicine Corner,pharmacy,23.7950264677034,90.3520934734485,,,,
Afra Pharmacy,pharmacy,23.7586627542516,90.3557781580836,,,,
Khantakata Health and Family Welfare Center,clinic,22.3304903890841,89.8349099310751,,,,
আরিফ ফার্মেসি,pharmacy,24.9290927702999,90.2526729538794,,,,
Nadia Medical Center,pharmacy,23.7708383906204,90.3588213756688,,,,
"Nipun Pharmacy, Pharmacy",pharmacy,25.8033918236087,88.8871861603376,,,,
Rubel Pharmacy,pharmacy,25.3948126844735,88.9893905614077,,,,
I D Pharma,pharmacy,23.7630002215058,90.3626198865489,,,,
Fahad Drug Store,pharmacy,23.7456986322512,90.4279668800703,,,,
Khoksha Upazila Health Complex,hospital,23.8105834476315,89.288610926019,,,,
Fahim Hospital And Diagnostic Centre,hospital,24.4057529715026,90.3863110844118,,,,
Tetuljhora Health & Family Welfare Center তেতুলঝোড়া স্বাস্থ্য ও পরিবার কল্যাণ কেন্দ্র,hospital,23.7942631277814,90.2711934394935,,,,
Bishwash Dental Care,dentist,23.7993257972982,90.3548313383011,,,,
Bhola Pharmacy,pharmacy,23.7719346597365,90.3460231315321,,,,
"Shibalaya Upazila Health Complex, Government hospital",hospital,23.8461377206939,89.8214632629089,,,,
ইবনে সিনা হাসপাতাল,hospital,23.7515945467624,90.3689189706029,,,yes,
Nova Diagonostic Center,clinic,24.8713031521369,90.730479237153,Private,,,
"Bhi Bhi Pharmacy, Pharmacy",pharmacy,24.4642482620938,89.8727825547362,,,,
Pharma Zone,pharmacy,23.7592574502817,90.364152098449,,,,
Fatema Medical(ফাতেমা মেডিক্যাল),pharmacy,23.8279468953316,90.3629247363673,,,,
Mohammadpur Swasthoseba Kendra,hospital,23.7632520976962,90.3615786865367,,,,
Haque Pharma,pharmacy,23.8068197216495,90.3602495681505,,,,
Omi Pharmacy,pharmacy,23.8112187958921,90.3709017936176,,,,
Rangpur Medial College Hospital,hospital,25.7670136932834,89.2315590829734,,,,
Ad-Din Women's Medical college & Hospital,hospital,23.748503133234,90.4050677720574,,,,
Kazi Medicine Corner (ইকরা স্কুল),pharmacy,23.7727808966809,90.3486848887039,,,,
"Peoples Pharmacy, Shah Plaza Bandartila, Chattogram",pharmacy,22.2862253907867,91.7841756611703,,,,
Dr.Prodip debnath,doctor,22.8065994207841,89.5685642289006,,,,
NR Health Care,clinic,23.7920881915459,90.388110176109,,,,
Faridpur Medical College Hospital,hospital,23.589352165822,89.8359139992562,,,,
"Birulia sub health centre, Hospital",hospital,23.8579718783275,90.3202569935387,,,,
Serum Lab And Hospital Pvt. Ltd.,hospital,24.7468088397765,90.4094483222939,,,,
Datter Metho Community Clinic,clinic,22.4688247323265,89.659190539479,,,,
Faridganj Upazila Health Complex,hospital,23.133374453888,90.7418618616626,,,,
Khonjon mara Community Clinic,clinic,25.5897153187675,89.8166334426623,,,,
Medic Home,pharmacy,23.769696272494,90.3590354494758,,,,
Community Clinic Puran Varanga,clinic,25.0951744819889,91.2512075701976,,,,
Al Safi Pathology,clinic,24.4419409164449,90.7767141503343,,,,
Surjer Hasi Clinic,laboratory,23.7718134574166,90.358132467047,,,,
Roy Pharmacy,pharmacy,23.0413146702288,89.6303515957822,,,,
Mymensingh medical collage hospital,hospital,24.7429321257397,90.4091899920381,,,,
Manikgong Pharmacy,pharmacy,23.7434522822006,90.3667780648943,,,,
"Bellal Pharmacy, Pharmacy",pharmacy,24.3647446778643,89.887414340192,,,,
"Jabbar Pharmacy, Unnamed Road, Naodoba",pharmacy,23.4049820634177,90.2738417856202,,,,
Shefa Pharmacy,pharmacy,25.7610580996215,89.2367214971379,,,,
"M/S Islamiya Pharmacy, Sholtan Colony, Agrabad, Near Bonolata Lane, Chattogram",pharmacy,22.334132326013,91.8136015895464,,,,
শারিকা আই কেয়ার,pharmacy,23.4693217198157,91.1377631207908,abu sayed,,,
Janani Pharmacy,pharmacy,22.6199127279807,91.6573170653817,,,,
Nobi Pharmacy,pharmacy,22.6188629784273,91.658229016447,,,,
Shibalaya Upazila Health Complex,hospital,23.8465190972883,89.8215541227393,,,,
"Satata Pharmacy, Zakir Hossain Road, Adjacent to Al Amin Hospital, Akbarshah, North Pahartali, Chattogram",pharmacy,22.3627904720584,91.7839578993259,,,,
Adrita Pharma,pharmacy,23.7613928239342,90.3620120309308,,,,
"Green Pharmacy, Pharmacy",pharmacy,25.1345015334888,89.3879109976396,,,,
U Pharma,pharmacy,23.7873100876419,90.4256967254148,,,,
Pharmaland Pharmacy,pharmacy,23.8081330820578,90.3756608706015,,,,
Medicare General Hospit,hospital,23.4650339572473,91.1754016378963,,,,
বার্ডেম হাসপাতাল,hospital,23.7160001243839,90.4163755461717,,,,
Sijana Pharmacy,pharmacy,23.83915735555,90.2569218244171,,,,
Good Life Pharmacy,pharmacy,23.7844186663231,90.4256654609159,,,,
Eram Pharmacy,pharmacy,23.7783233463354,90.3694504670831,,,,
"Rajdhani Hospital Mymensingh, Hospital",hospital,24.7448621427644,90.4125190325215,,,,
Alfa Medicine Corner,pharmacy,23.7716157283208,90.3636908423175,,,,
Princess Gallery,doctor,23.8100710618905,90.3680235318869,,,,
Athoi Medical Hall,pharmacy,23.7754379599869,90.3572779320184,,,,
"Joy clinic And Hospital, Hospital",hospital,24.2442572504969,89.9130092359036,,,,
Mamudnagar Community clinic,clinic,24.4141305999055,91.1404832998277,,,,
Wisdom Dental Care,dentist,23.8147726390186,90.3720714882054,,,,
Neela Pharmacy,pharmacy,24.3654611629476,88.6737380623579,,,,
Dewangonj Upazilla Health Complex,hospital,25.1620876341183,89.7589437367851,,,yes,
Novodent Dental care,dentist,23.7691951185033,90.3564041186125,,,,
Medicare Poly Clinic & Diagnostic Center,clinic,24.4819198285545,91.7653279460563,,,,
Maksuda  Pharmacy,pharmacy,24.2541158773716,89.9155820610827,,,,
"Life Care Hospital, Ranihati Bazar, Shibganj, Nawabganj - Shibganj Rd, Moharajpur",hospital,24.6299054303871,88.1967121342698,,,,
Ekota Hospital,clinic,23.1678177895038,89.2094688286167,,,,
New hospital,hospital,23.4500890238889,91.1870836639873,,,,
Shifa Pharmacy,pharmacy,23.8138181917042,88.6261334623791,Md. Shafiul Islam,,,
"Tin Bhai Medicine Corner, Pharmacy",pharmacy,24.6693029736926,90.4032189756743,,,,
"Jasmine Pharmacy, Pharmacy",pharmacy,25.7834737394594,88.9301299192377,,,,
"Matrikalyan Hospital, Hospital",hospital,24.9270484241159,89.9467535207947,,,,
Moiz Pharmacy,pharmacy,22.8043321997947,89.562926393188,Private,,,
Seba Drugs,pharmacy,22.4195097211861,91.8679139751779,,,,
"Appolo Diagnostic Center , OS",hospital,22.4412772722707,91.9086185924643,,,,
Sudha Pharmacy,pharmacy,23.7227150346542,90.4332885503952,,,,
Mukul Pharmacy,pharmacy,23.5925289909438,90.5202600997329,,,,
Homeo Research And treatment Center (হোমিও রিসার্চ এন্ড ট্রিটমেন্ট সেন্টার),doctor,23.7725420962595,90.3476606201361,,,,
Khidmah Eye Hospital,hospital,23.749081652191,90.4209317810987,,,,
Moon Diagonestics,clinic,24.3719029908125,88.5821428875917,,,,
S R Pharmacy(এস আর ফার্মেসী),pharmacy,23.8280416946565,90.3707908172196,,,,
Popular Pharmacy,pharmacy,21.762195258444,92.0757142629802,,,,
Green Homio Hall,pharmacy,23.7974754921727,90.3516981828948,,,,
পদ্মা ক্লিনিক এন্ড পদ্মা ডায়াগনস্টিক সেন্টার,clinic,25.0400988402545,88.7599455174024,,,,general;clinic
Shapla Clinic,hospital,24.2718149364747,89.9223290740422,,,,
"Charu homeopathic, M. A Aziz Rd, Chattogram",hospital,22.2855797327852,91.7849075689554,,,,
Hamdard Neptune Modern Herbal,pharmacy,23.7442730381594,90.426891146617,,,,
Dr. Priyanka Aziz Chamber(ডাঃ প্রিয়াংকা আজিজ চেম্বার),hospital,23.8155045468037,90.3740053609056,,,,
Shuvo Pharmacy(শুভ ফার্মেসি),pharmacy,23.8262887872458,90.3610910274101,,,,
Prime Hospital,hospital,22.8718281456517,91.0917099272704,,,,
Ikbal Medical Store,pharmacy,21.762224259829,92.0758706692934,,,,
Nur Pharmacy,pharmacy,25.6268937532078,88.6345973405657,,,,
Hasan Pharmacy,pharmacy,23.8480975772939,90.260532077752,,,,
Dr. Md Abdus Shahid Khan,doctor,23.7921245690057,90.3881138641464,,,,
labaid diagnostic center,hospital,22.3588272567808,91.825142464388,,,no,
Dento Safe Dental Care,pharmacy,23.7684490453018,90.359326469154,,,,
Sikder Medico,pharmacy,22.3603560321007,91.8331369559968,,,,
Community clinic,clinic,22.1994896243852,90.0568440354656,,,,
Bismillah Medicine Corner,pharmacy,23.8245212953236,90.3637326680143,,,,
Jibon Pharmacy,pharmacy,23.3589636547955,88.9147409964683,,,,
Chilmari Upazila Health Complex,hospital,25.5812942721062,89.6602717211694,,,,
M/S. Nepal Drugs & Stationary,pharmacy,23.7750211279421,90.3971056345948,,,,
Dr. Anjana Chakrabarty,doctor,23.7915364946791,90.3881008721964,,,,
Yana Pharma,pharmacy,23.7614012896564,90.3566997483375,,,,
Al Markajul Islami Hospital,hospital,23.7708737622518,90.366682092103,,,,
Taluker Char Duyani Community Clinic,clinic,22.1225978165278,89.9363779819514,,,,
Phgeo Therapist Centre,laboratory,23.7710040170272,90.3536471430207,,,,
Woodland Diagnostic Center,clinic,22.3596286505433,91.8351041886716,,,,
"Department of Pharmacy, USTC Academic Building, Chattogram",pharmacy,22.3615007486171,91.8009500287153,,,,
Messrs Ridwan Pharmacy,pharmacy,24.9102706199906,91.844367951878,,,,
Shantaa Best Pharmacy,pharmacy,22.357073762637,91.8361892260374,,,,
"Sikder Specialized Hospital, Hospital",hospital,24.0919517834068,90.1737338661719,,,,
"Dhanbari Health Centre, Medical Centre",laboratory,24.6741737814458,89.9551302271882,,,,
Hazrat Shahjalal (RA) Homeo Complex,hospital,23.9811577756025,90.3803518865316,,,,
Rasel Homio Hall,clinic,23.7469308558367,90.4282571453772,,,,
"Anik Medical Hall, Dhaka - Chittagong Hwy, Chattogram",pharmacy,22.3719600226731,91.7755921732254,,,,
Singbari Pharmacy,pharmacy,22.2942968282667,90.1831009782444,,,,
"Surjer Hashi Clinic, Unnamed Road, Chattogram",clinic,22.3370038822212,91.8014408729651,,,,
"Maa Pharmacy, Chittagong - Rangamati-Khagrachhari Rd, Chattogram",pharmacy,22.4731011793257,91.814842027397,,,,
College gate Diagnostic Center,clinic,23.7691360260859,90.3682724744111,,,,
Kulaura Upazila Health Complex,hospital,24.5279661489144,92.0384990319849,,,,
M/S Four S Pharma,pharmacy,23.761172966614,90.3570116389546,,,,
Sami Pharma,pharmacy,23.7597568440728,90.3659217696661,,,,
"Mrittika Pharmacy, Pharmacy",pharmacy,23.856797741331,90.3280103377933,,,,
The New Pathology,clinic,25.7628496476058,89.2340294812957,,,,
"The Dhaka Dental Care,Chandpur, Rajshahi - Dhaka Hwy, Natore",dentist,24.3947293439059,88.9312158786129,,,,
Sarail Upazila Health Complex,hospital,24.0711404398363,91.1182934684613,,,,
Medi Pharmacy(মেডি ফার্মেসি),pharmacy,23.8154823347603,90.3693898659232,,,,
Shapla Pharma,pharmacy,23.7950375318156,90.3522032763801,,,,
Laiba Dental Care,clinic,23.7491796366391,90.4329354208145,,,,
"LABZONE GENERAL HOSPITAL, General hospital",hospital,25.7793697920276,88.9092482514997,,,,
Niamatpur Upazila Health Complex,hospital,24.8309810849114,88.5748275815969,,,,
clothes,pharmacy,23.7085144981167,90.4197822868975,,,,
"New Life Clinic And Consultation Center, Hospital",hospital,25.2854603640151,89.3510739581155,,,,
Titas Pharmacy,pharmacy,23.8093502182176,90.3763919401962,,,,
Fatema Diagonostic Center,clinic,24.8708430694717,90.7318494268648,,,,
Ekuria General Hospital,hospital,23.6823425921906,90.4178505934921,,,,
"Heal Health & Pharma, Pharmacy",pharmacy,23.7448304347205,90.4260309957133,,,,
Sonia Medicine Corner,pharmacy,23.7213834855161,90.4058839179693,,,,
Unique Dental & Maxillofacial Center,dentist,23.7909759968138,90.3658891640628,,,,
Cure Pharma,pharmacy,23.7638231567594,90.3608580943209,,,,
Desh medical Services,hospital,22.3538961831439,91.8287312600507,,,,
City Dental,dentist,22.8016044770449,89.5629271475593,,,,dentist
"Jamal Homeo Hall, Homeopathic pharmacy",pharmacy,24.8534470999873,89.3663732783401,,,,
Asma Medical Hall,pharmacy,22.6852103520924,90.3610155902815,,,,
"M/s. National Pharmacy, Air Ali Super Market, Pathantuli Road, Nazirpul, Chaumohoni, Chattogram",pharmacy,22.3332277510225,91.8165224313453,,,,
Clinic in front of Siddik Mia's house,clinic,22.595273788326,90.6649812855555,,,,
Thikana Madakashakti O Monorog Clinic,clinic,23.7693061787203,90.3672003451762,,,,
Homiopathy,pharmacy,23.7013116772626,90.4221227657206,,,,
"SKF Pharmaceutical Limited, Pharmacy",pharmacy,24.0144296564308,90.3832603231137,,,,
Fahim Diagonestic Center,clinic,22.7224880282663,89.0677327737903,,,,
"Ray Homeopathic Pharmacy, Homeopathic pharmacy",pharmacy,25.8109621909169,89.0087516680911,,,,
Jamuna Clinic,clinic,24.3723149613535,88.5806195605089,,,,
"Unicare diagonestic center Hospital, Nimtola Road, Shekharnagar",hospital,23.6155525702189,90.330471348384,,,,
"Mousumi Akter Ruby, Doctor, Bania nagar Rd, Dhaka",doctor,23.7086965530536,90.4195046782644,,,,
Charghat Upazila Health Complex,hospital,24.2815555461526,88.7544321529519,,,,
Ikbal Medical Store,pharmacy,21.762224259829,92.0758706692934,,,,
"Noor Pharmacy, Kuchiamura Bus Stop, College gate, Dhaka - Mawa Hwy, Mawa",pharmacy,23.6320569566627,90.3448008824114,,,,
Alif Pharma,pharmacy,23.782484793623,90.3724042497615,,,,
"Chottogram Daiabetic General Hospital, Oxyzen, Rangamati-Khagrachari Highway, Chattogram",hospital,22.3948161315228,91.8210642493989,,,,
Monsura Homeo Pharmacy,pharmacy,23.8515641648084,90.415861316412,,,,
Nagar shastha bhobon,clinic,22.8165834409302,89.5574586262908,,,,
Bhuyan Medicine Corner,pharmacy,23.7869318961707,90.4259169180112,,,,
Moriom Pharmacy,pharmacy,24.3799062834197,88.5641423314314,,,,
kabir Pharmacy,pharmacy,25.7424856462077,89.2339561396429,,,,
Tek Care Hospital & Digital Diagnostic Center,laboratory,23.7757637645633,90.3647529970876,,,,
Mohammadi Diagonestics,clinic,25.7624903992358,89.2350389977139,,,,
Bhai Bhai Drug House,pharmacy,23.7833172842462,90.3750903982715,,,,
Meem Drug House(মিম ড্রাগ হাউজ),pharmacy,23.8161227959818,90.3753727845894,,,,
Puspa,pharmacy,23.6996492944062,90.427118380012,,,,
নিউ পটুয়াখালি ডেন্টাল সার্জারি,pharmacy,23.7727013524198,90.3486931867881,,,,
Rahamatia pharmacy,pharmacy,25.3457123338733,89.3416415510172,,,,
"Yashoda Hospitals Medical Information Centre, Yasmeen Palace, Jubilee Rd, Chattogram",hospital,22.3393227357341,91.828539063011,,,,
"M/S Biddyut Medical Hall, Bayazid Bostami Rd, Chattogram",pharmacy,22.3885858628939,91.8105277780146,,,,
Medihome Hospital,hospital,23.7911099396266,90.3660514377082,,,,
Nasir Pharmacy,pharmacy,23.7685544896437,90.3557117734104,,,,
"Birganj Diabetes and Foot Care Center, Hospital",hospital,25.8479672875996,88.6558960918057,,,,
Kocchoptoli Community Clinic,clinic,22.2358828421362,92.3475146562829,,,,
Old City Hearing Centre,doctor,23.7129945415439,90.4117256853862,,,,
ডে-নাইট মেডিকেল হল,pharmacy,23.8149535204891,90.3696182727846,,,,
Medicson Diagonestic Center,clinic,24.3714760166649,88.5834597683992,,,,
Maria Medical,pharmacy,24.4373894592027,90.7804737691837,,,,
Sultan General Hospital,hospital,23.9431420728542,90.3839500699259,,,,
lokkikholaa community clinic,clinic,22.6103413489278,89.4685819541808,,,,
Trust Dental Care,dentist,23.7837681468178,90.3777724396489,,,,
Islmia Eye Care & Pharmacy,pharmacy,23.7607902489151,90.3636167462934,,,,
Terij Pharma,pharmacy,23.8093201271852,90.3681678682595,,,,
"Kakoli Pharmacy, Pharmacy",pharmacy,24.3875252657664,89.9951142522588,,,,
Nahar Pharmacy,pharmacy,23.5890561170019,89.8331972567996,,,,
Haji Medicine Korail,pharmacy,23.7828248474347,90.4117052335424,,,,
"Luck Pharmacy, Pharmacy",pharmacy,23.9071482527894,90.3987864576382,,,,
MomotWorldwide Hospice Palliative Care Alliance (WHPCA),clinic,23.7836037776966,90.4094726298131,,,,
Sharif Pharmacy,pharmacy,25.6347749214858,88.6366545948806,,,,
Rahmania pharmacy(রহমানিয়া ফার্মেসি),pharmacy,23.8250886663494,90.3706001289224,,,,
Haque Pharmacy,pharmacy,23.7306242823078,90.416315783202,,,,
Jamuna General Hospital,clinic,23.7682850952757,90.3688799947531,,,,
Radda Plan Joint Project,clinic,23.8200414195344,90.3792058289106,,,,
Anower Drug House(আনোয়ার ড্রাগ হাউজ),pharmacy,23.8187077749205,90.3685803417147,,,,
মস্তাননগর স্বাস্থ্য কমপ্লেক্স,hospital,22.8407642257574,91.5468365407561,,,,
Popular Dental Care(পপুলার ডেন্টাল কেয়ার),clinic,23.8206016659426,90.3711188849098,,,,
"অর্গ্যানন হোমিও ফার্মেসী, নাটোর",pharmacy,24.4103493557459,89.0071332902264,,,,
Community Clinic of Fakaruddin Hawladar House,clinic,22.5278293911736,90.7178610362966,,,,
Shuvo Medical Hall (শুভ মেডিকেল হল),pharmacy,23.773652866068,90.3499044556157,,,,
National Diagonistic & Hospital,clinic,22.8066213813704,89.5681802539162,Privet,,,general
Mouchak Medicine,pharmacy,25.7643096913196,89.2327009496427,,,,
Khaja Pharmacy খাজা ফার্মেসী,pharmacy,22.2990080445834,91.9703306898554,,,,
"Mother Medical Hall, Pharmacy",pharmacy,24.0084087677432,90.3138956319442,,,,
"Middle Bakalia Mother And Childwellfare Center., Sathish Babu Ln, Chattogram",hospital,22.349496270711,91.8532647553635,,,,
Messrs Sumaiya Drug House,pharmacy,23.8154059756224,90.3712194677479,,,,
"Shilpi Pharmacy, Mostofa-Hakim College Rd, Chattogram",pharmacy,22.3739346314227,91.7717842746137,,,,
Bhulta Islami Hospital,hospital,23.7841624315431,90.5657655358809,,,,
হ্যানিম্যান হোমিও হল,pharmacy,23.8091085679491,90.3730816751759,,,,
Saghatta Upazila Health Complex,hospital,25.1130043826006,89.5818139223421,,,,
Monu Miya Hospital,hospital,23.0247587350805,91.1505678189928,,,,
Wahedpur Union Healthcare Center,hospital,22.7066108596369,91.6108615405089,,,,
Memon-2,hospital,22.3331231448709,91.8334684602673,,,,
Milon Medical Hall,pharmacy,23.7597643877857,90.3658848892921,,,,
"Fortes Cardiac Hospital, Nizam Road, Panchlaish, Muradpur, Chattogram",hospital,22.3635367967169,91.8301050539808,,,,
Tanbin Dental Care & Implant Center,dentist,23.8068676661357,90.3620930839345,Dr Tanbin Romio,,,dental_oral_maxillo_facial_surgery
Manika (Alamin Member Bari) Community Clinic,clinic,22.5544231582864,90.7119816341345,,,,
Unique Pharma,pharmacy,23.7511027805033,90.4093604799486,,,,
"Upazila Health Complex, Sadar Rangpur, Government hospital",hospital,25.7525090612987,89.2508839798351,,,,
Rahmania Homeo Pharmacy রহমানিয়া হোমিও ফার্মেসী,pharmacy,23.2301644807842,92.0589246403714,,,,
Jahan Medicine Corner(জাহান মেডিসিন কর্নার),pharmacy,23.8181102290433,90.3778679933451,,,,
Jononi Dental Care,clinic,23.7517822175745,90.4323438260885,,,,
Matri Medico,pharmacy,23.851541868946,90.4162915595019,,,,
Haji Shoriat Ullah Hospital,hospital,23.2134414943056,90.3480613589269,,,,
Fatema Hospital,hospital,23.169186554292,89.2046711948782,,,,
Health Care Clinic,clinic,22.361717169357,90.3396981473974,,,,
Das Medical,pharmacy,23.0413224653988,89.631941056081,,,,
"Goni General Hospital, Private hospital",hospital,23.9236251465908,90.2628055851687,,,,
Ma Moni Hospital,hospital,22.3596797801526,91.8349367182462,,,,
Chakaria pharmacy চকরিয়া ঔষধালয়,pharmacy,21.7634873288182,92.0760035224587,,,,
shahin pharmacy,pharmacy,23.7829171321886,90.3686030566723,,,,
"Asma pharmacy, Pharmacy",pharmacy,25.284535756276,89.3528339901438,,,,
Moddo Joynagar Sordar Hat Health Clinic,clinic,22.5835725676768,90.6786390938626,,,,
"Professor (Dr.) Rawshon Morshed, Plot 9/A, Lane-2, Block-G, Halisahar Housing Estate, Chattogram",doctor,22.3335233807474,91.7887702852139,,,,
Al Raji Diagonostic center,clinic,24.8710002301562,90.7318333336107,,,,
নিউ মিতালী ফার্মেসী,pharmacy,24.7446431236345,90.4085256423925,,,,
M/S. Jamila Pharmacy,pharmacy,22.8031639301304,89.5667978266258,,,,
Uttara Central Hospital,hospital,23.8575608297959,90.4021775242051,,,,
Oisudh Ghor,pharmacy,23.7368842228739,90.3867174390776,,,,
Marie Stopes,clinic,23.7358555957164,90.3391866836658,"Nari Moitree, UK Aid",,,
Joyonti Medical,pharmacy,24.2539443836326,89.9155200349992,,,,
Taltoli community clinic,clinic,22.3172383487097,89.8190500291662,,,,
মনি ক্লিনিক-Moni clinic,clinic,24.2294044342544,90.0521671849519,Private,,,general;dentist;clinic
"Patnitala Upazila Health Complex, Patnitola",hospital,25.0497477519117,88.7556169349655,,,,
"Yasmin Delwar Hospital, Sologhor Koborsthan, Bazar Road, Sreenagar",hospital,23.5534094753666,90.2970780975978,,,,
Health and family Welfare Centre,clinic,22.5929026317373,90.6414006449955,,,,
Tahmina Dental Surgery,dentist,23.8269844852092,90.3667289469417,,,,
MARKS HOSPITAL,hospital,23.7989705722417,90.3865055445654,,,,
"Health Care Medical Centre, Hospital",hospital,23.8672562610157,89.9996512926276,,,,
Mouri Medicine and Tamanna Medicine,pharmacy,23.8056810401034,90.3682650983363,,,,
Friends Medical Corner(ফ্রেন্ডস মেডিকালের কর্নার),pharmacy,23.8183298349064,90.3735636346084,,,,
শামসুন নাহার ক্লিনিক,clinic,24.8321149887727,89.3757392169461,,,,
Seba Pharmacy,pharmacy,25.6346080377936,88.6372768673722,,,,
"Hamdard Treatment And Sales Center, Hospital",hospital,23.8691239166808,89.9988682552331,,,,
Bera Upazilla Health Complex,hospital,24.0772269588257,89.6148979647202,Government,,yes,
Kalapara Upazila Health Complex,hospital,21.9877671926309,90.21777632494,,,,
Islam Drug,pharmacy,23.7834483772118,90.3749379314527,,,,
Geeta Pharmacy গীতা ফার্মেসি,pharmacy,23.8361778404289,90.261681152858,,,,
কুড়ারঘাট ৩২ শয্যা বিশিষ্ট হাসপাতাল,hospital,23.7177406265778,90.3770352512648,Govt.,,,
The Dentist,dentist,23.7315938170479,90.4206933997725,,,,
Community Clinic,clinic,22.7672499896028,89.5963106753378,,,,
"Mitora General Hospital And Diagnostic Center, Hospital",hospital,23.8168880637415,90.0468219614791,,,,
Nakla Upazilla Health Complex,hospital,24.9672891868807,90.1832213423739,,,,
Rose Pharma,pharmacy,23.7623463492392,90.4159900624447,,,,
Oishi Pharmacy,pharmacy,23.7759640920491,90.432450695354,,,,
"Al-Makka Pharmacy, Akmal Ali Road.Epz., M. A Aziz Rd, Chattogram",pharmacy,22.2796227980189,91.7854445974917,,,,
Jannat Medicine,pharmacy,23.8486155789101,90.3875852175132,,,,
Farmacity,pharmacy,23.8717079736102,90.4009832706409,,,,
"Padma General Hospital, Sonargaon Road, Dhaka",hospital,23.7472253959142,90.3924747169104,,,,
"New Gulshan Cinema Hall, Zinzira Tinpotti, Keraniganj",pharmacy,23.7069138898867,90.3994471192463,,,,
Srihile community clinic,clinic,24.5887634453931,91.2113257205267,,,,
Mid Town Dental Care,dentist,23.8100948664955,90.3655525468313,,,,
Combind Care,hospital,23.7907490986949,90.3879194878118,,,,
"Mawna Hearing Aid Center, Hospital",hospital,24.2206552360838,90.4130017463253,,,,
Renco Pharma,pharmacy,23.8092186223378,90.3763109710116,,,,
Rengon Pharmacy,pharmacy,23.0444673554695,89.6306147875418,,,,
"UNITED Pharmacy, Abdullah Khan Rd, Chattogram",pharmacy,22.36211338192,91.8416126526668,,,,
Dhaka Pharmacy,pharmacy,23.7004246204497,90.4208915479635,,,,
Jamuna Pharmacy যমুনা ফার্মেসী,pharmacy,22.018138683504,92.097400677242,,,,
Madhumati Pharmacy,pharmacy,23.2605463652172,89.0239037182769,,,,
Central Clinic and Diagonestics Centr,clinic,25.7644747309931,89.2320902441775,,,,
Homeopathy,pharmacy,23.8096199478617,90.3704117875581,,,,
এস আর এস ফার্মেসি,pharmacy,23.8141040984215,90.3750538531737,,,,
মা মেডিসিন কর্নার,pharmacy,23.7843711409321,90.5658350218582,,,,
Masque beside Khayer hat Hospital,hospital,22.54231223021,90.6751119890071,,,,
"Tulatoly Eye Care, Tulatoli Road, Chattogram",hospital,22.4096591409386,91.7546275246459,,,,
Amin Pharmacy,pharmacy,23.8480483755223,90.2582588217923,,,,
"I Pharma Ltd., Pharmacy",pharmacy,24.7631911857101,90.2645656171971,,,,
Smily Dental,dentist,23.7555926307572,90.411165438978,,,,
Ekota Diagonestics Center,clinic,25.764733396525,89.2323158850109,,,,
"Ayesha Pharmacy, Station Rd, Chattogram",pharmacy,22.3356917790984,91.8277170497667,,,,
Uttara Lake View Specialized Hospital (Pvt.) LTD,hospital,23.8784370492969,90.3940546218396,,,,
Physiotherapy Department- AWCH,hospital,23.9372133851015,90.2999649926888,,,,
Amin pharmacy,pharmacy,23.7854415937864,90.410214595882,,,,
"Apollo Clinic,Muktir More, Naogaon",clinic,24.81682069769,88.9394728914291,,,,
Nova Enterprise,pharmacy,23.7708145860154,90.3679083645372,,,,
Oro Dental Clinic,clinic,23.7470634575449,90.4283866457812,,,,
Kazi Pharmacy,pharmacy,23.0413200346468,89.6319946164423,,,,
Bangladesh Modern Homio Hall,doctor,23.7577307704377,90.3707089260256,,,,
Rido Dental Clinic,clinic,22.8592735634403,89.0405520219982,,,,
"Ahmed Specialized Hospital, Mazed Sardar Road, Nimtoli Ln, Dhaka",hospital,23.7236799593475,90.4009726256239,,,,
Kasimpur homoeopathice medical collage and Hospital,hospital,24.013254848882,90.3094965577017,,,,
Mohsin Medical Hall,pharmacy,22.6849556260549,90.3603768892597,,,,
Sylet Homio Hiling Center,pharmacy,23.7358495607461,90.3856495846134,,,,
Tomas Dental Care,dentist,23.7099235798592,90.412116198255,,,,
Wellbeing Pharmacy,pharmacy,23.7443312923864,90.3729410268407,,,,
"Miyaji Harvanga Clinic, Chattogram - Rangamati-Khagrachari Highway, Chattogram",clinic,22.4350698862374,91.820103180381,,,,
Delduar Upazila Health Complex,hospital,24.1637769822529,89.9669069687851,,,,
"Uttara General Hospital, Hospital",hospital,25.0157489924403,90.0156548603568,,,,
Maa Farmacy,pharmacy,23.8347712732574,89.9828184193984,,,,
Sayed Pharmacy,pharmacy,24.8919529764333,91.8779369711737,,,,
Popular medical center,doctor,24.8991766682262,91.8572634260914,,,,
Shono Bangladesh Hearing,doctor,23.8100926872007,90.3679795268952,,,,
তারা মেডিকেল সেন্টার,hospital,23.8151864535783,90.3713549193031,,,,
Aapnar-e-Doctor,doctor,23.8950210638209,88.8065094202832,,,,general;cardiology;telemedicine
Ma Pharmacy,pharmacy,24.4382388812703,90.7794706230119,,,,
M Hossain Pharmacy,pharmacy,23.3352015460318,91.2709733551662,,,,
Lab Med,clinic,24.3696833790331,88.5812195371381,,,,
Mocca Medical Hall,pharmacy,21.762403884014,92.0759476989836,,,,
Sonargaon Pharmacy(সোনারগাঁও ফার্মেসী),pharmacy,23.8276263713542,90.3707754783368,,,,
"Mostofa Pharmacy, Pharmacy",pharmacy,25.0864622480114,90.1898925829288,,,,
Biojid Pharmacy,pharmacy,25.7617036738039,89.2355118208719,,,,
T H Pharma(টি এইচ ফার্মা),pharmacy,23.8158916230923,90.3712155282534,,,,
Dental Clinic,clinic,23.7768739476386,90.426914783584,,,,
Narail Upazilla Office Complex,hospital,23.1732250390601,89.5066190307822,,,,
Shakil Drug House(শাকিল ড্রাগ হাউজ),pharmacy,23.8244020208414,90.3599927466373,,,,
Dr. Abdul Mannan,doctor,23.7921128343413,90.388096932702,,,,
"Sejoan diagonostic clinic, Hospital",hospital,24.6654680853527,89.4164168445043,,,,
"Government Leprosy Hospital, Hospital",hospital,25.96647381979,88.8431175500316,,,,
Airport Pharmacy,pharmacy,23.7936356585098,90.3882483936923,,,,
Prottasha pharmacy প্রত্যাশা ফার্মেসী,pharmacy,24.3615675174663,88.615874683447,,,,
Sayed Drug House,pharmacy,23.8154487233286,88.7441238369721,,,,
Vuiya Drugs,pharmacy,23.7476085327083,90.428520840051,,,,
Eva Homio,pharmacy,23.9428797192849,90.2709821317145,,,,
Tamjil farmacy,pharmacy,23.7673101961176,90.3599897291521,,,,
Ark Hospital,hospital,23.8683489259134,90.4137185666847,,,,
Nagar Sastho Kendro,hospital,23.7607538714553,90.3632971443254,,,,
Medicine Point,pharmacy,23.7932010568303,90.3881172169076,,,,
Taj Diagonetic Center,hospital,22.7302093536507,89.0631240681494,,,,
Taiyeba Pharmacy,pharmacy,23.7924888465176,90.3653346173488,,,,
Kalauk Pharmacy,pharmacy,24.3714275692645,91.412945444386,,,,
ফারিয়া মেডিকেল হল,pharmacy,23.1237824553534,91.1022056626052,,,,
Amin's Dental Care,dentist,23.8067196417256,90.3715724296905,,,,
Niramoy Pharmacy Chemists and Drugists,pharmacy,23.7627730719298,90.3644539307824,,,,
Cash & Carry Pharma,pharmacy,23.7315169549958,90.4207830861364,,,,
modina medical(মদিনা মেডিক্যাল),pharmacy,23.8227656218849,90.3707881350106,,,,
Sreenagar Upazila Health Complex,hospital,23.55012745736,90.290195549264,,,,
Bangladesh Eye Care Hospital,hospital,23.7389628510419,90.3744733225598,,,,
Mirzaganj Upazila Health Complex,hospital,22.3598626732799,90.2168277449579,,,,
Zia Medicine Corner,pharmacy,23.765348663137,90.3633231282252,,,,
"Saic General Hospital, General hospital",hospital,24.8441989271209,89.3729215563753,,,,
Ultra Assay Center,hospital,22.4589348409531,91.9659779675374,,,,
Kaliganj Upazila Health Complex,hospital,22.4639037169734,89.0248953812414,,,,
Ogroni Pharmacy,pharmacy,23.7835132531423,90.3754231598274,,,,
Mou Medicine Corner,pharmacy,23.7602208662325,90.357274243981,,,,
Satota Model Pharmacy,pharmacy,24.3793425166122,89.8664179241994,,,,
Sahab Medicine,pharmacy,23.7623639512359,90.3628115806745,,,,
Bagherpara Upazila Health Complex,hospital,23.2201315941426,89.3440679443479,,,,
Medilab Diagnostic & Consultation Ltd.,hospital,24.7371925337226,90.5081041608365,Diagnostic Centre,,yes,general;neurology;clinic;gynaecology;orthopaedics;urology;community
Village Pharma,pharmacy,23.809649619799,90.3728008814196,,,,
Terij Pharma,pharmacy,23.8116568341519,90.3675469368724,,,,
"Royal Care & Surgical Hospital, Hussaini Dalan Rd, Dhaka",hospital,23.7235469385442,90.3998040206834,,,,
দীন মোহাম্মদ চক্ষু হাসপাতাল ও গবেষনা কেন্দ্র,hospital,23.7554383199197,90.3761020939845,,,,
Fatema Medical(ফাতেমা মেডিকাল),pharmacy,23.8165155719645,90.3742877472235,,,,
ইতালি হেলথকেয়ার,hospital,24.5265020818871,89.2114907951192,,,,
রাজশাহী মডেল হাসপাতাল,clinic,24.375274359907,88.5930963586588,,,,
ROJONIGONDHA FARMACY,pharmacy,23.7633636608274,90.3610971461994,,,,
Rongdhonu Pharmacy,pharmacy,23.7112243674127,90.4084914442276,Gopal,,,
Digital Hospital,hospital,21.4414403596564,91.976908975104,,,,
Ma Pharmacy,pharmacy,23.7340843319378,90.3647147756091,,,,
"Danish Bangladesh Leprosy Mission, Hospital",hospital,25.9695584439768,88.8461241386999,,,,
"Ifad Diagnoatic, Doctor",doctor,25.0576089712601,90.3371815647886,,,,
Nibedita General Hospital,hospital,23.717941876073,90.4159895595305,,,yes,
Salamot Pharma,pharmacy,23.7754533826887,90.3526836432509,,,,
"National Clinic and Diagnostic Centre, Hospital",hospital,24.6638398168422,89.4201213942499,,,,
Chowdhury Dental Surgery,dentist,22.3697377286847,91.8335607450212,,,,
Lohagara Upazila Health Complex,hospital,23.1840992173232,89.6476116946161,,,,
Talha Health Care,doctor,23.8122843872425,90.4245591335161,,,,
MM Drug House,pharmacy,23.7736629243519,90.3607137579482,,,,
Alam Pharmacy,pharmacy,23.8124250355778,90.4250215631142,,,,
"Arfin Pharmacy, Chittagong - Rangamati Hwy, Hathazari, Chattogram",pharmacy,22.5100251391856,91.8393061205515,,,,
"National General Hospital, Hospital",hospital,23.8732754733226,89.9973427488555,,,,
"Bangladesh Trauma Specialized Hospital, Hospital",hospital,23.7695991262362,90.3676275707809,,,,
Doctors Clinic,hospital,24.2537173178756,89.9171925599585,,,,
"Shanto Pharmacy, Pharmacy",pharmacy,23.9628209374869,90.379449826112,,,,
Dochhori Union Health Complex,hospital,21.4400905379694,92.2711805802626,,,,
প্রিয়া মেডিসিন কর্ণার,pharmacy,23.7493839874385,90.4470583409286,,,,
Tuberculosis and Leprosy Hospital,hospital,24.6444438414416,90.0758335723813,,,,
S. S. Pharma,pharmacy,23.7594213164888,90.3655752617889,,,,
Dashmina Upazila Health Complex,hospital,22.2824474993883,90.5646545984343,,,,
Janonto Medical,pharmacy,24.2530296665393,89.918321686135,,,,
"Nazir Shah Homeo Hall Pharmacy, Shah Amanat Road, Bohaddarhat, Chattogram",pharmacy,22.3639759246242,91.8517560966113,,,,
Community clinic,clinic,22.3448959469733,89.8637490424099,,,,
Bothipara Community Clinic,clinic,21.9541336326808,90.0759721252408,,,,
Aftab DIgital Diagonestcis Center,hospital,23.6051590941028,89.8368972803175,,,,
Mars Hearing & Health,doctor,23.8093980788847,90.3686295434863,,,,
"Ma Pharmacy, Pharmacy",pharmacy,24.8732189199262,89.3694986385763,,,,
Sheba Pharmacy শিবা ফার্মেসী,pharmacy,24.331728780359,90.3772382609597,,,,
Taher Pharmacy(তাহের ফার্মেসী),pharmacy,23.8281253460501,90.3638206779976,,,,
"Asad Hospital LTD, Hospital",hospital,23.9364403221718,90.272866635005,,,,
"Comfort Diagnostic And Consultation Center, Hospital",hospital,24.5555094180187,89.504104292192,,,,
Pharma place,pharmacy,23.8091819934209,90.3682082690328,,,,
Shopna Diagonestic Center,clinic,23.4859441234562,89.4215745648031,,,,
Sujon Medical,pharmacy,24.262592663689,89.9230384345078,,,,
Rohman Medicare,pharmacy,23.7687900211229,90.3565807253124,,,,
মদিনা ফার্মেসি,pharmacy,23.807895874198,90.37837744542,,,,
Euro Dental Care,dentist,23.7838944620987,90.3596408743421,,,,
"Momtaz Diabetic Hospital And Diagnostic Centre, Private hospital",hospital,23.9101140215893,90.2121661495079,,,,
Pakulya Community Clinic,clinic,24.1422815915644,90.0173708873935,,,,
Lazz Pharma Limited,pharmacy,23.7889687824609,90.4252836652264,,,,
"Sherpur Doctors Hospital, Hospital",hospital,25.026891643062,90.0146165940107,,,,
Azom Pharmacy,pharmacy,23.8446941893293,90.3885431852269,,,,
ABC Eye Hospital এবিসি চক্ষু হাসপাতাল,hospital,24.0145572289971,90.3836295459485,,,,
Dhaka Homio Hall,pharmacy,23.7348389546805,90.4167074695373,,,,
"S R Homeo Chamber, Homeopathic pharmacy",pharmacy,24.8467647953203,89.3647976481815,,,,
Seba Medical,pharmacy,23.8881563689408,90.2616029497014,,,,
Bhola Drug House,pharmacy,23.7925667982171,90.3880704458879,,,,
Mitali Pharmacy,pharmacy,23.8465849790472,90.2451240442433,,,,
Sreefaltoli Hospital,hospital,24.0664322410047,90.2092645860863,,,,
Shuborna Pharmacy,pharmacy,23.7735914267178,90.3554979510605,,,,
Pharmacy,pharmacy,23.6110542542428,89.8500803376288,,,,
Vuiya Pharmacy,pharmacy,23.7459426294525,90.4280689716509,,,,
Jibon Dental,dentist,25.3882678430185,88.9890968595205,,,,
The Dental Zone,dentist,23.7909029904372,90.375379741569,,,,
Ronju Pharmacy,pharmacy,23.540949357204,89.1644961462343,,,,
Ibad Medical Lab,clinic,23.7700780681836,90.3669052183654,,,,
"Health City General Hospital, Hospital",hospital,25.1355096249835,89.3886866589592,,,,
One Pharma,pharmacy,23.759046896874,90.3600071635107,,,,
Prof Dr Md Imdadul Haque,doctor,23.7905347734308,90.3879351619707,,,,
Clinic,clinic,22.1769169915009,90.0976772311467,,,,
"Kawsar Pharmacy, Korail",pharmacy,23.7861909359301,90.410568396015,,,,
Akon Medical Hall,doctor,23.7719619847408,90.3470849510262,,,,
M/S Luna Drugs,pharmacy,23.6999082952142,90.4210373930787,,,,
Akib Sergical,pharmacy,25.7628849354182,89.2345008795302,,,,
Union Health and Family welfare center,clinic,22.3115424264081,89.3084942252702,,,,
First Point Diagnostic Centre,laboratory,23.771201746123,90.3457694951421,,,,
Ajmiriganj Upazila Health Complex,hospital,24.5515793950777,91.2355888994621,,,,
Akbar Medical Hall,pharmacy,23.8153607971643,90.370892238248,,,,
Atpara Upazila Health Complex,hospital,24.8095700999879,90.8622603570373,,,,
Barisal Medical Hall,pharmacy,23.7737799357202,90.3555797584355,+8801755-650526,,,
Shokti Oushodhaloi,pharmacy,24.8483778925861,89.3730275874505,,,,
Gangra Community Clinic,hospital,23.1111088501169,91.3349785736276,,,,
Mojumder Pharmacy,pharmacy,23.7496987279027,90.4328830339196,,,,
Emon Pharmacy ইমন ফার্মেসি,pharmacy,24.7714732604168,89.3964973354314,,,,
Eye hospital,hospital,23.8166525322624,90.3674581725178,,,,
Modern Homeopathy,pharmacy,22.3701420716938,91.8330698169523,,,,
Tangail Model Pharam,hospital,24.2622224350258,89.9225721492343,,,,
Ali Medical Store(আলী মেডিকেল ষ্টোর),pharmacy,23.8278676863466,90.3660487554992,,,,
Binoy Drugs House,pharmacy,23.5889965216704,89.8332785612604,,,,
Ayesha Pharmecy,pharmacy,23.8245290904935,90.3639319896718,,,,
Quick Care Clinic Diagnostic Centre,clinic,22.6018828351593,89.5193390717622,,,,
Jahid Drug House,pharmacy,24.1271687686855,89.0707479958189,,,,
"Rekha Pharmacy, Pharmacy, Tekerhat - Gopalganj Rd, Tekerhat",pharmacy,23.2294708782966,90.019186659078,,,,
Korail community health care,clinic,23.7857847489024,90.4119943253829,,,,
Ripon Drug House,pharmacy,23.7704347181636,90.3633549794573,,,,
Al Amin Medicine Corner(আল আমিন মেডিসিন কর্নার),pharmacy,23.8268837347331,90.3684115301847,,,,
Bangla Pharma And Telecom,pharmacy,23.7834008518208,90.4279269822112,,,,
"Manikganj Surgical And Pharmacy, Pharmacy",pharmacy,23.8362718853826,90.0166665560698,,,,
Arif Madical Hall,pharmacy,23.7718510921619,90.3460529711074,,,,
"Polash Clinic, Hospital",hospital,24.8565413633629,89.3712975626354,,,,
Mustakin (Pvt.) Hospital,hospital,24.7444307262081,90.4128050230578,,,,
Mugda Medical College & Hospital,hospital,23.7324752579856,90.4300267327752,,,,
Akaid Pharmacy,pharmacy,23.7775230422204,90.370818393681,,,,
Model Diagonostic Center,clinic,24.8796847200343,90.731216090261,,,,
Prince Pharma,pharmacy,22.7176718705218,89.0703196805667,,,,
Pharmacy,pharmacy,23.7086180984399,90.4238341827106,,,,
Crecent Dental Center,clinic,25.7616003249378,89.2356798780306,,,,
Dhobaura Upazila Health Complex,hospital,25.0900949648468,90.5134660642966,,,,
"Sarkar Pharmacy, Pharmacy",pharmacy,25.6625143271243,89.2738346365525,,,,
"Manju Homeo is Bandartila, Sarangs Mansion, Dakshin Halishahar, Bandertilla, Chattogram",pharmacy,22.286014837379,91.7841499287276,,,,
"Usha Medical Hall, Doctor",doctor,24.0554329209272,89.8724156788343,,,,
P quise Pharmacy,pharmacy,22.8021629632534,89.5629836415867,,,,
Medona Dental Clinic,clinic,23.7357308729972,90.3843012716688,,,,
ULTR child Aid Centre,pharmacy,23.7513417485627,90.4324708957406,,,,
"Barlekha City Clinik, Hospital",hospital,24.691159875865,92.1832908772513,,,,
Prachi Medical hall,pharmacy,24.2225153480361,89.9781580812339,,,,
Tanha Healthcare Hospital,hospital,24.0262524984951,90.2760498303732,,,,
Consultorio Dental,dentist,23.7495751786499,90.3653303425781,,,,
Monika Hospital,hospital,23.6049200422243,89.8368057499349,,,,
Mukta Pharmacy,pharmacy,23.8120811260906,90.3695757765356,,,,
Badol Drug HOuse,pharmacy,22.6860551641132,90.3631925381738,,,,
"Alhajj Mostofa-Hakim Maternity Hospital, Mostafahakim maternity hospital, Mostafa Hakim Road, Chattogram",hospital,22.3735849384223,91.7716072488187,,,,
Al Amin Pharmacy,pharmacy,23.8087890498001,90.3788456585312,,,,
Adabor Pharmacy-2,pharmacy,23.7739569615152,90.357158154622,,,,
জনপ্রিয় মেডিকেল হল,pharmacy,23.7216268959842,90.425079230608,,,,
Shymnagar Upazila Health Complex,hospital,22.3439008474285,89.1026875731377,Goverment,,,
Medi Pharmacy,pharmacy,23.8480274207644,90.3877278775052,,,,
A. K. Medical Hall,pharmacy,23.7008787519637,90.4282183371655,,,,
"Arkid Medicine Center, Noshu Malum Lane, East Mother Bari, Chattogram",pharmacy,22.3294217802485,91.8266860756764,,,,
Union Health & Family development Centre,clinic,22.5377688195948,90.7161604319617,,,,
"M/s New Madarsha Pharmacy, Chattogram - Rangamati-Khagrachari Highway, Chattogram",pharmacy,22.445232189464,91.8180577445495,,,,
Nishat Dental Care,dentist,23.759741589009,90.3657858990156,,,,
Shaha Pharmacy সাহা ফার্মেসী,pharmacy,25.9983814620577,89.1748719365348,,,,
"Dr lalit kumar dutta house Hospital, Strand Road, Chattogram",hospital,22.3307369846754,91.8311253830541,,,,
"Dhaka Trauma Center And Specialised Orthopedic Hospital, Hospital",hospital,23.7737592324193,90.3662740610565,,,,
Inova Diagnostic,clinic,23.7931630868089,90.3881255988108,,,,
Daffodil Dental Care,dentist,23.7900209627662,90.3880097609089,,,,
Chatmohar Upazila Health Complex,hospital,24.2329753764634,89.2868105770364,,,,
"Shatkania Majidia pharmacy, Port Connecting Rd, Chattogram",pharmacy,22.3168316587677,91.7993535276179,,,,
Dr. Md Saidur Rahman,doctor,23.7915790747472,90.3880959268736,,,,
Gazi Pharmacy,pharmacy,23.8061986226244,90.3607046216738,,,,
Rahman Medical Hall(রহমান মেডিকেল হল),pharmacy,23.8266366362275,90.3706053257023,,,,
"Khwaja Garibe Newaj Pharmacy, Salimpur, Chattogram",pharmacy,22.3753857903191,91.7750781949229,,,,
"Dr.Dil Afroza Memorial Hospital, Hospital",hospital,25.7779646497796,88.8888336234064,,,,
"Nagar Matrisadan, Hospital",hospital,25.4223982821888,89.3119152990504,,,,
Hasnat's Dental,dentist,23.7649669512664,90.3589420750745,,,,
Dr Ainul Islam Khan Chamber(ড আইনুল ইসলাম চেম্বার),hospital,23.8230189229988,90.3688927352459,,,,
"Monir Pharmacy, Doctor",doctor,26.1426363626067,88.7002297378901,,,,
Comfort Dental Surgery And Implant Centre,dentist,23.7407347853728,90.4343638647533,,,,
বানিয়াচং ঊপজেলা স্বাস্থ্য কমপ্লেক্স,hospital,24.5043955666382,91.3639709899715,,,,
"Sorkari Bohi:Bivagio Dispensary, Government hospital",hospital,23.7882070351005,90.3470997869948,,,,
Park View Plus,pharmacy,23.7923917840789,90.3880743853824,,,,
Farabi Surgica,pharmacy,25.3862611315797,88.9878074713553,,,,
Famous Specialized Hospital,hospital,23.7620244841574,90.4434470817653,,,,
Rotna Drug House,pharmacy,24.9119090306039,91.8513793300636,,,,
"Ayatmedicinesuppliars, Medical supply store, Akmal Khan Rd, Dhaka",pharmacy,23.7109852317151,90.4033220730834,,,,
Mojumdar Pharmacy,pharmacy,23.7449231385695,90.3643541861346,,,,
Ma Medicine Corner,pharmacy,23.766946756796,90.3628977466391,,,,
Urban Primary health care service delivery project,clinic,23.7534771222152,90.4077844306949,,,,
"Seva Unani Pharmacy, Pharmacy",pharmacy,23.9555068887777,90.3809294834792,,,,
কামাল ডেন্টাল,dentist,24.2192013949784,89.3813026213585,self,,,
Anabia Drug House,pharmacy,23.7830186370361,90.3728253565769,,,,
মোল্লা ফার্মেসি,pharmacy,23.7506216592611,90.4242865540249,,,,
Kabir Drug House,pharmacy,23.7589346631905,90.3601249292503,,,,
Belle Vue Hospital ( under construction),hospital,22.3635278280805,91.8305029429245,,,,
Care Pharmacy,pharmacy,22.3758163686852,91.8321833468727,,,,
"M/s Purbasha Pharmacy, Alkaran Road, Kotowali, Chattogram",pharmacy,22.3306383296751,91.8346581876037,,,,
Shimul Drug House Pharmacy শিমুল ঔষধ হাউস ফার্মেসী,pharmacy,23.8450152162209,89.0982774347829,,,,
Jonono Pharma,pharmacy,23.7675631619554,90.3605419289332,,,,
Khan drug house,pharmacy,23.7544536977539,90.4089501857883,,,,
Manikganj General Hospital,hospital,23.8692569374842,90.000510856798,,,,
"Dental care point-Dentist, Housing Colony Rd, Chattogram",dentist,22.2685112442578,91.7839176661906,,,,
Royal Multispecialist Hospital &Diagnostic Centre,pharmacy,23.7700246754603,90.3662519328321,,,,
Gabbunia Community Clinic,clinic,21.9773463915105,90.3829838879471,,,,
Majumdar Medicine Corner,pharmacy,23.602838145114,89.8360679748175,,,,
Khandakar Drugs,pharmacy,23.5884900870806,89.8338657973967,,,,
Popi Pharmacy,pharmacy,23.5500401179289,90.3887586839575,,,,
Dip Pharma,pharmacy,23.7611602261211,90.3568488623949,,,,
Katmachar Community Clinic,clinic,22.3058797802621,89.2964028270282,,,,
Apon Homio Care,laboratory,23.7752924501478,90.3582789827144,,,,
Jibon Pharmacy,pharmacy,24.8172267170798,88.9389911834538,,,,
Uttor Joynagar Union Health Complex,clinic,22.5766455952561,90.6913607274042,,,,
Bismillah Pharmacy(বিসমিল্লাহ ফার্মেসী),pharmacy,23.8157075564986,90.374600392212,,,,
Abdulla Pharmacy,pharmacy,23.7967932890733,90.3771446351012,,,,
Mawa Pharmacy(মাওয়া ফার্মেসি),pharmacy,23.8262555949092,90.3570583261553,,,,
Ma Pharmacy,pharmacy,24.8920925351211,91.8775454524765,,,,
Shefu Pharmcay,pharmacy,24.2543707710471,89.9155683985805,,,,
Shuvo Pharmacy,pharmacy,25.3913700692021,88.9918706827377,K M Akib Al Altaf,,,
Bismillah Pharmacy(বিসমিল্লাহ ফার্মেসি),pharmacy,23.8186807851923,90.3770401965877,,,,
Ritom Pharmacy,pharmacy,23.044611440385,89.6306058189055,,,,
Kamal Dental,dentist,23.7912256937094,90.3878008838819,,,,
"Haluaghat Eye Care Center, Hospital",hospital,25.1099110412344,90.3363829370542,,,,
Messrs Hamza Pharmacy,pharmacy,24.9126796627817,91.8515166256376,,,,
Siam Pharma,pharmacy,23.8156523197567,90.3775175459734,,,,
Alliance Dental Care,dentist,23.7586570545574,90.3639554590006,,,,dentist
Shahid Samsuddin Ahmed Hospital,hospital,24.8990648536379,91.8673141661868,,,,
"New Nagorik Hospital (Pvt.), Hospital",hospital,24.7458137402317,90.4082164339845,,,,
"S H Medical Hall, Rajr Pukurpar, Maddho Patenga, Chattogram",pharmacy,22.254293943914,91.8031544692499,,,,
Bismillah Pharmacy,pharmacy,22.3776934959009,91.8315702944746,,,,
মদিনা মেডিক্যাল হল,pharmacy,23.8191106930061,90.3789829541053,জামাল উদ্দিন,,,
Rony Medical Hall,pharmacy,23.7597835823439,90.3658781837696,,,,
M/s Shila Drug House,pharmacy,23.7834895323564,90.4275648839941,,,,
Sapan Pharmacy,pharmacy,25.7642172389276,89.232527528066,,,,
Fatema Homeo Hall,pharmacy,23.7899322822307,90.3880347389804,,,,
Shahid Sohrawardy Medical College and Hospital,hospital,23.7691813721821,90.3713443581051,,,,
Dr. Mahbub Dental Life Dental Care,dentist,23.7613203204718,90.363459753247,,,,
Halima Khatun Pharmacy & Medicare,pharmacy,23.7841600846102,90.4105141651015,,,,
Suma Pharmacy সোমা ফার্মেসি,pharmacy,23.673521980205,90.5186498523142,,,,
Zamzam Pharmacy,pharmacy,22.3601272899631,91.833264360925,,,,
Best One,pharmacy,23.7499167412042,90.3868573330416,,,,
Diabetic Hospital,hospital,24.2623982873544,89.9240316900339,,,,
Kartikpur Commuinity Clinic,clinic,24.745922621154,91.2589564720435,,,,
OHCL,hospital,23.7387315943333,90.3802693247853,,,,
Mannan Dental Care,dentist,23.8093413334002,90.3684847880185,,,,
Amen- Alom Homeo Hall,pharmacy,23.7702305350023,90.3506733275938,,,,
"Noor Veterinary Pharmacy, Shariatpur Road, Shibchar",pharmacy,23.3592857713344,90.2008194833629,,,,
"Otolaryngologist and Head Neck surgeon Doctor, O R Nizam Road , O.R. Nizam Rd, Chattogram",doctor,22.3593153350026,91.8228479183942,,,,
"Alhamdulillah medicine shop, Pharmacy",pharmacy,24.777630355031,89.9312749954803,,,,
"Central general hospital, Hospital",hospital,24.8384832235278,89.373839961506,,,,
"Mesarso orobindo parmecy, Sadarghat Rd, Chattogram",pharmacy,22.3291385557403,91.8309132370848,,,,
Mehendiganj Upazila Health Complex,hospital,22.8266258829414,90.5278746396709,,,,
"Haji Homeo Hall, Unnamed Road, Naodoba",pharmacy,23.4063356569612,90.2788961570529,,,,
"ICDDR, B Tuberculosis Diagnosis and Treatment Centre, Shop-06, Shardar Plaza, Bandartila, Chattogram",hospital,22.2874898846995,91.783733851054,,,,
Doa Pharma (দোয়া ফার্মা),pharmacy,23.7723264298908,90.3466160673627,,,,
"B.A. salma Medical hall, Port Connecting Rd, Chattogram",pharmacy,22.3439504682953,91.7882503557601,,,,
Prity Pharmacy,pharmacy,24.2824618813428,88.7515926994329,,,,
Romesh Clinic,clinic,23.7726567606949,88.6379828750765,,,,
Gerda Drugs,pharmacy,23.5885329186059,89.8338072917126,,,,
R S Medico,pharmacy,21.7623534249569,92.0759610262096,,,,
Dr. Humayun Al Rahman,doctor,23.7916676714637,90.3881087511854,,,,
Pharmacy,pharmacy,23.7013661596332,90.426661398651,,,,
Sayma Pharmacy,pharmacy,23.8069779719814,90.3703470792656,,,,
Jahangir Dental,clinic,22.3589672345638,91.825729029972,,,,
"Talukder Fermacy, Pharmacy",pharmacy,25.1083653344702,90.1395679715512,,,,
সাদিয়া ফার্মা,pharmacy,23.7430185187114,90.4391089439588,,,,
Foyez Homeo Hall,pharmacy,24.8546103405098,89.3674087786581,,,,
"Hridoy Pharmacy, Dhaka - Chittagong Hwy, Mirsharai, Chittagong",pharmacy,22.7579592366682,91.5845184761201,,,,
Life & Care Hospital,hospital,23.7302738349361,90.3578647490596,,,,
Nawabganj Upazila Health Complex,hospital,25.4180150497432,89.0819611382464,,,,
"Ma Medical Hall, Pharmacy, Dhaka - Mawa Hwy, Dhaka",pharmacy,23.6962513546787,90.4366987277013,,,,
"Radiology unit port hospital, Port Hospital, Port Colony Rd, Chattogram",hospital,22.3142903495445,91.7957482196059,,,,
M/s A Hossain Pharmacy,pharmacy,21.7622155426497,92.0757630456566,,,,
Care Medical College Hospital Ltd,hospital,23.7688983991309,90.3686891388178,,,,
Kazi Medicine Hall(কাজী মেডিসিন হল),pharmacy,23.8271203558596,90.3580935750162,,,,
Khan Dental Surgery,dentist,23.7867843746748,90.367215851697,,,,
Swadesh clinic,clinic,22.7221231640211,89.070367960329,,,,
"Nizampur Medical Hall, Dhaka Trunk Rd, Chattogram",pharmacy,22.3288556665082,91.8217446922985,,,,
Shariyatpur Pharmacy,pharmacy,23.7734182565982,90.3490849569424,+8801918404810,,,
S Avi Drug House,pharmacy,22.685573959052,90.3618499249234,,,,
Annana Madicine,pharmacy,23.7536766953298,90.4068736530961,,,,
Life City Scan Center,clinic,22.6868677896259,90.3653097230963,,,,
Rabeya Maternity(রাবেয়া ম্যাটারনিটি),hospital,23.8265625402034,90.3648012768498,,,,
Sharifpur Health Center,hospital,24.3442839493035,91.9774390466607,Government Organization,,,general;Primary_Health_Service
Anonna Medicine,pharmacy,23.7986862580861,90.3510987929989,,,,
Adhunik Surgical  Drug Centre,pharmacy,24.9111995863193,91.8511580478198,,,,
"Nahar Medical Supply, Pharmacy",pharmacy,24.2497161325767,89.9135306741001,,,,
Euro Asia Diagnostic & Medical Centre,clinic,23.7323035966086,90.4150649517915,,,,
RS Medicine,pharmacy,23.8121116362181,90.423032286034,,,,
Tanvir Medicine,pharmacy,24.2532706462555,89.9177930395018,,,,
Bismillah Pharmacy,pharmacy,23.0405179703322,89.6353451984168,,,,
"Ichapur Community Clinic, Hospital",hospital,24.3743317310761,89.9692371378674,,,,
Medicine Centre,pharmacy,22.4992675531956,91.807375260412,,,,
B Rahman Pharmacy(বি. রহমান ফার্মেসী),pharmacy,23.8157913755303,90.3676713243155,,,,
"Badalgachhi Upazila Health Complex, Naogaon - Badalgachhi Hwy, Badalgachhi, Naogaon",hospital,24.9613101238899,88.9057389162789,,,,
"M/S ALOMGIR MEDICAL, Naogaon",pharmacy,24.8046732245158,88.9571256824267,,,,
রাজধানী নাসিং হোম,hospital,24.2632446919368,89.9239758665587,,,,
Bogra Diabetic Hospital,hospital,24.8836680518795,89.3571876344712,,,,
"Mohadebpour Health Care, Hospital",hospital,23.8487178381288,89.8820113654064,,,,
"Rokeya General Hospital, Hospital",hospital,23.9560113955297,90.381346147886,,,,
Bismillah Homeo Hall,pharmacy,23.8178120847474,90.3738859187854,,,,
"Shahin Medical Hall, Pharmacy, Shuvatya Purbo Para, Dhaka",pharmacy,23.6954055368294,90.3982924282651,,,,
Juwel Medicine,pharmacy,25.7607698459713,89.2375674826253,,,,
The fair lab,hospital,22.4179163213929,91.8661392748189,,,,
Tildanga Health and Family Planning center,clinic,22.5625848688635,89.4223567640072,,,,
Afnan Drug House,pharmacy,23.8449766594663,90.3876539491192,,,,
Health Square,doctor,23.7588743973067,90.3662243563707,,,,
"Adhyapak (Dr.) A.M.M. Shariful Alam, S.S. Khaled Road,East Par Of Askar Dighi,Jamal Khan,Chattogram",doctor,22.3482333693598,91.8317250244072,,,,
"Haji Shakhawat Anwara Eye Hospital, Private hospita",hospital,23.7364385570822,90.4086130656427,,,,
Dust Health Center,clinic,22.3083587281257,89.8474761641318,,,,
"Khidmah Homeo And Hijama centre, Homeopathic pharmacy",pharmacy,24.2589381539053,90.3987100985003,,,,
Selina Pharmacy,pharmacy,21.762226858219,92.075600185278,,,,
Parija Medicine Corner,pharmacy,23.7540640230754,90.4079181220505,,,,
"M/s Chowdhury Pharmacy, Pharmacy",pharmacy,25.7781309467385,88.8982919305854,,,,
Aroni Dental Care,dentist,23.8069929755881,90.370118337128,,,,
Mamata clinic,hospital,22.896627179657,89.509304760197,,,yes,
Green Homio Hall,pharmacy,23.7986153471852,90.351519145443,,,,
Medinova Hospital,hospital,23.8065468907012,90.3674516346333,,,,
"Ghior Hospital (50 Beds), Hospital",hospital,23.8907049704197,89.8770201935236,,,,
Standard Pharmacy,pharmacy,22.8980585572619,89.5066470263388,Md. Jahangir Alam,,,
Diabetes Center,clinic,23.5503743882275,90.3716126628257,,,,
Atik Medical Hall,pharmacy,24.4421460216156,90.7766044312217,,,,
Bekolpo Medical Hall,pharmacy,23.7720541856758,90.3471499945948,,,,
Chatila Sub Health Center,hospital,24.592141184734,89.912698518753,,,,
"Sheba Pharmacy, Korail",pharmacy,23.7857847489024,90.4061037752896,,,,
Labonno Medical,pharmacy,23.8464670456696,90.2463637277226,,,,
"M.K. Chowdhury (Milon)Doctor, Alkoron Road, Chattogram",doctor,22.3305202286594,91.8338885612544,,,,
Sheba Vaccine Center,clinic,25.763351891244,89.233665874336,,,,
Badal Pharmacy,pharmacy,23.7120672515958,90.4116775732619,,,,
Choudhury Dental And Implant Centre -2,clinic,23.7471848275028,90.4282870687715,,,,
"Al-Jannat Haspatal (Pvt.), Private hospital",hospital,24.7455922903499,90.4127756863967,,,,
"M/s. Darbar Medical Hall, Hathazari Bus Stand, Chattogram",pharmacy,22.4984210647941,91.8069483700834,,,,
Zara health care hospital diagnostic center জারা হেলথ কেয়ার হাসপাতাল ও ডায়াগনস্টিক সেন্টার,hospital,23.8248105548021,90.3687709461929,,,,
Sultana Medical Hall,pharmacy,24.819686386566,88.9360212237023,,,,
Brahmanpara Upazila Health Complex,hospital,23.613762028063,91.0941091632347,,,,
Sarwar Pharmacy,pharmacy,23.7263444825474,90.3818880379262,,,,
Salam Pharmacy,pharmacy,25.7424467541769,89.2344336566667,,,,
"Ibn Sina Diagnostic & Consultation Center, Building-1",hospital,23.7831713553119,90.4257154170589,,,,
Ma Pharmacy,pharmacy,23.75648488435,90.4076912239316,,,,
Akter Medical,pharmacy,24.2626864571855,89.9238072226669,,,,
City Dental College & General Hospital,hospital,23.8355133231453,90.4184540905206,,,,
Sara Medical Center,clinic,23.7901963959997,90.4102667313198,,,,
Nur Pharmacy,pharmacy,23.8135116655052,90.3707106862253,,,,
Medinova Health Care,clinic,24.4418342986366,90.7767813731977,,,,
Shuva Medical Mart,pharmacy,23.7610626607682,90.3568681407722,,,,
Prince Hospital,hospital,23.5298996618884,89.1716347617101,,,,
Meghla Medical hall,pharmacy,24.2538010530884,89.9154904468811,,,,
Aziz medical home,pharmacy,23.7542444854508,90.4090335857249,,,,
Mahinur Medical Hall (মাহিনূর মেডিকেল হল),pharmacy,23.7716997988096,90.3503057811396,,,,
"Beanibazar animal hospital, Hospital",hospital,24.8298611788284,92.1620955586964,,,,
পপুলার ফার্মেসী,pharmacy,22.2562691393968,91.0790590369916,,,,
"Seba Medical hall, Pharmacy, Sreenagar",pharmacy,23.5429753470201,90.2966797895591,,,,
"Manavata Homeo Service Center, Pharmacy",pharmacy,26.0618286972247,88.8311193585529,,,,
Rangdhanu Medical hall,pharmacy,22.6852373418206,90.3610779516412,,,,
New Anamika Pharmacy And Doctor Chamber,pharmacy,23.7404509741313,90.4339743577128,,,,
"Abdullah Pharmacy, Pharmacy",pharmacy,24.9882161168959,90.0011809899568,,,,
Tuberculosis Hospital Rajshahi,hospital,24.3767362476395,88.5820022392564,,,,
"S.R Medical Hall, City Gate, Mostfa Hakim College Road, Chattogram",pharmacy,22.3733890533452,91.7693338252209,,,,
Boishali Pharmacy,pharmacy,21.7779935533645,92.1944635350864,,,,
Nilima Dental & Smile Center,dentist,23.7741528465924,90.3653888482623,,,,
Anowar Pharma,pharmacy,23.8135333746344,90.3707486562466,,,,
"Green Health Dental Care, Chattogram - Rangamati-Khagrachari Highway, Chattogram",dentist,22.4703195609385,91.8153083964896,,,,
Medicine,pharmacy,23.7592962584934,90.3732188869309,,,,
Mamun Private Hospital,hospital,24.4770904274031,91.7656208935722,,,yes,general;blood_check
"Momtaj Homoeo Hall, Homeopathic pharmacy",pharmacy,24.2517404460122,89.919124672459,,,,
Shibganj Upazila Health Complex,hospital,25.0054955779262,89.3166496494199,,,,general
"Unique Homeo Hall, Housing Colony Rd, Chattogram",pharmacy,22.2685898665096,91.7819416325174,,,,
"Homeo Arogyo Niketon, Homeopathic pharmacy",pharmacy,24.8584713803876,89.3441035674364,,,,
Mahabub Pharmacy,pharmacy,22.3688382666552,90.2195741593517,,,,
Mim Drugs House,pharmacy,23.5888514309264,89.833417449396,,,,
"Sheba Diagonistics Centre, Hospital",hospital,23.3816184303309,89.9827280624822,,,,
Cox's Bazar Medical College Hospital,hospital,21.4239317373934,92.0154213894344,,,,
Banishanta Union health & Family Development Center,clinic,22.4658050678892,89.5823880827095,,,,
"Baishakhi Pharmacy, Swamibagh Road, Doyaganj, Swamibagh, Dhaka",pharmacy,23.7111793565927,90.4238436542612,,,,
Ahmadia Pharmacy,pharmacy,24.3096893203355,91.7320475995058,,,,
Suchuna Drug House,pharmacy,23.5408498640133,89.1641474590623,,,,
Bhurungamari Upazila Health Complex,hospital,26.1194666867594,89.6645923407983,,,,general
"Islamia Mental Hospital, Hospital",hospital,23.7722724504344,90.3667622230973,,,,
Rabia Pharmacy,pharmacy,23.8205608460741,90.3780961487495,,,,
Hazrat Sahjalal General Hospital,hospital,23.9278125777782,90.7018606536906,,,,general;gynaecology;paediatrics;orthopaedics;dermatology;radiology;surgery;cardiology;internal
"Jonoshastha Homeo Pharmacy, Homeopathic pharmacy, North Jatrabari, Dhaka",pharmacy,23.7108655381378,90.4332730438743,,,,
Sashi Medical hall,pharmacy,24.4373647325883,90.7805109848338,,,,
"Al khidmah Diagnostic center, Hospital",hospital,24.7626446856232,90.248044634585,,,,
TT Pharma,pharmacy,23.8120696428832,90.4227164559224,,,,
All care dental,dentist,23.7701777290123,90.356072362885,,,,
Rajoir Upazila Health Complex,hospital,23.2095081186034,90.0478775783648,,,,
"BHBA HOSPITAL, Bhatiari Station Road, Bhatiari, Chattogram",hospital,22.4298228986699,91.7479455552551,,,,
Laz Pharma,pharmacy,23.7405935503043,90.3900337390683,,,,
"Janopriyo Medical Hall, Haji Noshu Malum Lane, East Madarbari, Sadarghat Thana, Chattogram",pharmacy,22.3267223883315,91.8267176754513,,,,
Marie Stopes Clinic,clinic,23.7196261356967,90.3765989732046,,,,
Kaji Medical Hall,pharmacy,22.6856881205733,90.3621479854003,,,,
Dr. Masrur Sakib,doctor,23.7916814177849,90.3880845274853,,,,
Gausia Medical Center,hospital,23.3447743500082,90.9823765499131,,,,
"Ali pharmacy, Pharmacy",pharmacy,25.1805342751655,89.3879519851461,,,,
Diamond Pharmacy,pharmacy,22.3608459543412,91.8305097322661,,,,
Messrs Sharif Medical Hall,pharmacy,24.9120406264837,91.8515700183608,,,,
Sumon Pharmacy,pharmacy,23.7846151381335,90.3589345313616,,,,
A K Madecal Hal,pharmacy,23.700884870753,90.428222192841,,,,
"M/S Jannatul Mawa Pharmacy, Pharmacy",pharmacy,25.7743548993589,89.2247059551196,,,,
লস্করপুর বাগান হাসপাতাল,hospital,24.1708008494742,91.4741747441543,,,,
Metropolitan Clinic,hospital,22.3593392234267,91.823758695993,,,,
Loknath Medical Hall,pharmacy,23.848081986954,90.2596873495501,,,,
Alif Pharma,pharmacy,23.8477719403556,90.2565001308684,,,,
Vital Diagnostic Consultant Center,clinic,23.7695589769201,90.3671143468496,,,,
"Nurunnahar Community Clinic, Hospital",hospital,25.857756596135,89.2559689452143,,,,
Khan Dental Care,dentist,23.8265199601353,90.3695148400995,,,,
Adhunagar Government Hospital,hospital,21.9891375499808,92.086614089867,,,,
ma o Babar doa Medical hall,pharmacy,23.7854455332809,90.4115464802963,,,,
Golabganj Upazila Health Complex,hospital,24.8321256337897,92.0291638549635,,,,
"N. M. Pharmacy, Kamal Gate Road, Kamal Gate, East Madarbari, Nalapara, Chattogram",pharmacy,22.3302457213304,91.8258796527721,,,,
Dr. Ruhul Amin,doctor,23.7921716753015,90.388118138917,,,,
"Zakir Homeo Hall, Mona Complex, Babubazar Bridge, Dhaka",pharmacy,23.7121702651858,90.4026583939901,,,,
"Ramin Medicine And General Store, Pharmacy, Mymensingh Road, Shahbag, Dhaka",pharmacy,23.7411046787598,90.3939740717501,,,,
Police Line Hospital,hospital,23.1711714727826,89.1970087942731,,,,
Childs Health care,pharmacy,23.7703650645482,90.3559432815761,,,,
"M/S. Rupali Medical Store, Box Ali Monshi Road, Jabbar Market, Bandartila, Chattogram",pharmacy,22.2868660196463,91.7844044871269,,,,
Bismillah Pharmacy (বিসমিল্লাহ ফার্মেসি),pharmacy,23.772760025742,90.3480477802437,,,,
UK Dental Clinic,dentist,23.8744910169209,90.3910449318671,,,,
Nusrat Pharmacy,pharmacy,22.8028801188889,89.563156141154,,,,
Ghior Upazilla Health Complex,hospital,23.8909212235216,89.8771439942335,,,,
"Hathazari Digital Diagonstic Center ,Hathazari, Kacari Rd, Hathazari, Chattogram",hospital,22.503227750988,91.8106522492767,,,,
Ashiyan Medical College Hospital,hospital,23.8351198766104,90.4535586744777,,,,
Dr. Afroja Begum,doctor,23.7921046200761,90.3881149537938,,,,
Sultana Medical,pharmacy,24.816981630231,88.9392486755193,,,,
Ibnesina Homeo Pharmacy(ইবনেসিনা হোমিও ফার্মাসি),pharmacy,23.8235695302182,90.363993345203,,,,
"Gani Hospital Limited, Goni shopping complex, Sarkarhat, Chattogram",hospital,22.5585727870905,91.7968634318231,,,,
Mohammadia Pharma,pharmacy,23.8148706234667,90.3697320990298,private,,,
Homeo Hall,pharmacy,23.7509988449039,90.4093027286358,,,,
Niramoy Pharamcy,pharmacy,23.8068876988843,90.3779459450446,,,,
শিখা ফার্মেসি,pharmacy,23.8480992536746,90.2564627475803,,,,
"RMC Hospital, Hospital",hospital,23.8698331933274,90.3997856643155,,,,
Chowdhury  Drug Store,pharmacy,24.9123191571262,91.851623494903,,,,
The ENT And Head-Neck Cancer Hospital And Institute,hospital,23.7760049957366,90.3686926592172,,,,
"Gazipur Metropolitan Hospital And Diagnostic Centre, Hospital",hospital,23.9896553490398,90.3791836168672,,,,
"Capital Hospital, Hospital",hospital,24.2496389352485,89.9138721528353,,,,
Confidents Dental,dentist,23.7068825415688,90.4240828737778,,,,
Loknath Medical Hall,pharmacy,22.4193468608075,91.8681392807352,,,,
Rahmim Pharma,pharmacy,23.8102321620695,90.3710569426453,,,,
Sutalori Khan Bari Community Clinic,clinic,22.4865968816253,89.8108706327734,,,,
Nadia Pharma,pharmacy,23.811326838624,90.3707233428991,,,,
Central Medico,pharmacy,22.3599058400812,91.8329022627079,,,,
"Care Hospital, Hospital",hospital,24.6784922217798,89.9524465932492,,,,
Sajib pharmacy,pharmacy,23.7841746691218,90.4112316560131,,,,
Adil Pharmacy,pharmacy,24.1271326426828,89.0708518475992,,,,
"Suvarna Clinic, Hospital",hospital,24.0450835336218,90.2387652810388,,,,
M/s New Ma Moni Medico,pharmacy,21.7769056661516,92.1945860785108,,,,
"Lili Homeo Hall, North Nala Para Road, Chattogram",pharmacy,22.3316564794536,91.8279119290155,,,,
Pabna Medicing Corner,pharmacy,23.8098102170638,90.368031829971,,,,
Burhanuddin Upazila Health Complex,hospital,22.4965289339718,90.7192272865138,,50,,
Kotalipara Upazila Health Complex,hospital,22.9872530711403,90.0049272815801,,,,
Sumi Drugs,pharmacy,23.7680183831168,90.3618762440994,,,,
DHAKA DERMATOLOGY INSTITUTE,doctor,23.790833755917,90.4030582945906,,,,dermatology
Pallabi Hospital,hospital,23.2607132489094,89.0237073302856,,,,
Sayem Pharma,pharmacy,23.7744578640488,90.3566873431208,,,,
Motin Medicine Center.,pharmacy,25.9802040477404,88.2639126180399,,,,
Nur Medical Hall,pharmacy,23.7854145202392,90.4116152957213,,,,
Afia Medicine Corner(আফিয়া মেডিসিন কর্নার),pharmacy,23.8289001691795,90.3658411357575,,,,
"Ms. Islam Medicine Corner, Parapharmacy",clinic,25.1138435787464,90.3177198752671,,,,
"CARE AND CURE DIAGNOSTIC CENTER, Hospital",hospital,23.8266902804078,90.0399568475039,,,,
Wahida's Dental Care,dentist,23.7843631781241,90.3780614476703,,,,
"Jeevan Pharmacy, Pharmacy",pharmacy,26.1062635966995,88.820961665373,,,,
Rupali Pharmacy,pharmacy,22.6849353418493,90.3603276874881,,,,
Matribhumi Medical Hall,pharmacy,23.6042366656585,89.8358560803053,,,,
Rahmat Dental Care,clinic,23.7502254466981,90.4325969595643,,,,
Saidpur Upazila Health Complex,hospital,25.7836255357259,88.8954009283618,,,,general
M/s Mim Pharmacy,pharmacy,21.7599077532489,92.0763330988915,,,,
Ahmed Oushodhaloy,pharmacy,23.8124809428719,90.425282575579,,,,
Ma Dental,dentist,23.8125891532419,90.3696835678103,,,,
Sujoy Pharmacy,pharmacy,25.7640910912848,89.2329584417082,,,,
Bismillah Pharmacy,pharmacy,23.7704346343446,90.346085995806,,,,
Hasna Clinic,clinic,25.629463896178,88.6251934319382,,,,
Child Aid Diagnostics & Consultant,clinic,23.7920787199953,90.3748500891075,,,,
Shefa General Hospital & Diagnostic Centre,hospital,23.7726956527256,90.3647960800699,,,,
নগর মাতৃসদন,clinic,22.7136115928055,90.3614735774709,,,,
"Public pharmaceutical, Pharmacy",pharmacy,24.6521042303899,89.4241769781004,,,,
"Master Oushodhaloy, Pharmacy",pharmacy,25.2162641490993,90.0846498257773,,,,
Govt. Shahid Suhrawardy College Pharmacy,pharmacy,23.7089319168947,90.4164669927353,,,,
Zaman Medical Hall জামান মেডিকেল হল,pharmacy,24.2209529612846,90.4116688560826,,,,
Lailee pharmacy,pharmacy,23.3566601401653,88.9143688399674,,,,
Bagerhat Sadar Hospital,hospital,22.6708391600062,89.7661795823377,BDRCS,,,
মা হোমিও ফার্মেসি,pharmacy,23.8144950303855,90.3730822619092,,,,
"Kamala Pharmacy, Walia Bazar Rd, Lalpur - Gopalpur - Banpara Rd, Walia, Natore",pharmacy,24.2474475704828,89.0348221529888,,,,
Alshefa Pharmacy 2,pharmacy,23.7727618697607,90.3545157596466,,,,
Haque Dental Care,dentist,23.8263952374161,90.3684738915443,,,,
Bissmillah Pharmacy,pharmacy,23.6989798317997,90.4446336239786,,,,
Health point diagnostic center,clinic,23.8221088997712,90.3930217199115,,,,
"Allahara Dana Hospital, Rajshahi - Pabna Hwy, Gormati Bazar, Natore",hospital,24.204338185176,89.133429544131,,,,
Get-Cured Pharmacy,pharmacy,23.7562555554792,90.374737855424,,,,
Medicine Corner,pharmacy,23.7008572942916,90.4279643654993,,,,
Square Hospital Consultancy & Diagnostic Center,doctor,24.8997785726931,91.8513237580456,,,,
Life Diagonestics Center,clinic,23.5544545310543,90.5337816182944,,,,
Green Bangla Dental,dentist,23.7504030592263,90.4090044167018,,,,
"Family Care Pharma, Pharmacy",pharmacy,23.7163751307318,90.4312643207788,,,,
Belkuchi Upazila Health Complex,hospital,24.3003838990703,89.6950128658049,,,,
Haragach Pharmacy,pharmacy,25.7637347765809,89.233100598786,,,,
Banaful,doctor,22.3722330212595,91.8375213619088,Banaful Social Welfare Organization,,,paediatrics;vaccination;general_practice
Sarkar Pharma,pharmacy,23.812161424723,90.4233685679893,,,,
Ramchandrapur Community Clinic,hospital,24.626833462874,90.5738945570357,,,,
"Porosh (Pvt.) Hospital, Private hospital",hospital,24.7459151612601,90.4167708367253,,,,
Dowarbazar Upazila Health Complex,hospital,25.0429617631024,91.5678366447861,,,,
Muzahid Medicine,pharmacy,23.8651207197252,90.2596987489385,,,,
"New Bahar Pharmacy, Chittagong - Kaptai Rd, Chattogram",pharmacy,22.4146354768527,91.8644663307646,,,,
Sheba Pharmacy,pharmacy,23.818748762427,90.3718493677713,,,,
Nadia Medical Hall,pharmacy,24.2230748400729,90.7569032707265,,,,
"Jalchhatra Diagnostic Center and Pharmacy, Pharmacy",pharmacy,24.644471334084,90.0777649305106,,,,
Sajib Pharmacy,pharmacy,26.3373640665816,88.5554229728361,,,,
New City Pharma,pharmacy,23.7708252310325,90.3679550517379,,,,
"Modern Diagnostic Center,OS",hospital,22.3674083977928,91.8430812459218,,,no,
Alif Surgical,pharmacy,23.8190710466041,90.3649581860773,,,,
Bismillah Medical,pharmacy,23.887861074492,90.2626034974833,,,,
Ispahani Islamia Eye Institute and Hospital,hospital,23.7584612532993,90.3850060220877,,,,
Sanjida Pharmacy,pharmacy,23.750391576019,90.4089692965275,,,,
Shefaly Pharmacy,pharmacy,24.410642973814,88.9690244645338,,,,
Friends Dental Care(ফ্রেন্ডস ডেন্টাল কেয়ার),clinic,23.8166085272707,90.3726021464954,,,,
BANGKOK HOSPITAL,hospital,23.7907199296719,90.4041558209921,,,,
Ma Owshod Ghor,pharmacy,24.2542787377502,89.9155402353859,,,,
Rins Dental,dentist,23.7569685201631,90.3617335841074,,,,
Satkhira Clinic and Diagnostic Centre,clinic,22.7224003535591,89.0709552802844,,,,
Orchhana Medico,pharmacy,22.3681159980587,91.8452917214267,,,,
Bismillah Medical Hall,pharmacy,23.3351732990181,91.2711744370233,,,,
Hariakunda Upazila Health Complex,hospital,23.6498503959956,89.0437350497284,,,,
Bhazonkora Community Health Center,hospital,23.099331773244,91.3417170370458,,,,
Q Pharma,pharmacy,23.7517918567631,90.422345640526,,,,
"Rangpur General Hospital, Hospital",hospital,25.7623093501272,89.2341903300176,,,,
Mir Homio Pharmacy,pharmacy,23.7824537805812,90.4078234903637,,,,
Wazipur Upazila Health Complex,hospital,22.8274011251659,90.2517147347086,,,,
Homio Chikitsalay,doctor,23.7081734384766,90.4176704663929,,,,
মঈন ডেন্টাল সার্জারী,dentist,22.6593892288141,89.7925524863019,,,,orthodontics
"JURI ADHUNIK PVT., HOSPITAL, Hospital",hospital,24.5975351908833,92.1142692573787,,,,
Ahmed Oushodhalay,pharmacy,23.810339031335,90.3679108791082,,,,
Community Eye Hospital,hospital,21.4436296289463,91.9772679720169,,,,ophthalmology
Chakrail Hospital,hospital,24.9742406344586,88.8744816258785,,,,
"Kajol Pharmacy, Pharmacy",pharmacy,24.8231579194034,89.3637271953272,,,,
"SNA Medicine Sup, Pharmacy, Chittagong-Anwara-Banshkhali Rd, Chattogram",pharmacy,22.2318570978611,91.8726802605985,,,,
Sirajganj General Hospital,hospital,24.4586367455572,89.7110435909004,,,,
Shuvra Pharmacy,pharmacy,23.8190832841827,90.3782925367408,,,,
Manik Medicine Corner(মানিক মেডিসিন কর্নার),pharmacy,23.8286009352362,90.3627321202325,,,,
Lucky Pharmacy,pharmacy,23.8478475451223,90.2569600458955,,,,
Alhamdulillah Drug House(আলহামদুলিল্লাহ ড্রাগ হাউজ),pharmacy,23.8264807328285,90.3694550771298,,,,
Bushra Hospital,hospital,22.7224106633,89.0718063787326,,,,
"Fatema Homeo Hall, Keraniganj",pharmacy,23.7019337821161,90.3970598694034,,,,
Al Bari Dental,dentist,23.7931254520637,90.3877308949903,,,,
Center For Kidney Disease & Urology Hospital,hospital,23.7770791366283,90.3648573517821,,,,
Nasim Pharmacy,pharmacy,23.2382446354435,89.1010309737945,,,,
A Hossain Pharmacy(এ হোসাইন ফার্মেসী),pharmacy,23.8163300804473,90.3683886475891,,,,
Israt Pharmacy,pharmacy,22.8029050969604,89.5630408899854,,,,
Manikganj Life Care Hospital,hospital,23.8734878707491,89.9977085351101,,,,
Paiyonior Dental Care,dentist,23.7985521476353,90.3515611387779,,,,
"Al Madina Pharmacy, Chittagong - Rangamati Hwy, Chattogram",pharmacy,22.3784433409588,91.8306777894247,,,,
Akhi Medicine Corner,pharmacy,23.7240148163793,90.4001003209606,,,,
Bismillah Pharmacy,doctor,23.7703888691532,90.3509739864606,,,,
Jayeeta Nir Medical Center,clinic,23.7707109856922,90.3667328864362,,,,
"Mitford Hospital Kheya Ghat, Mitford Rd, Dhaka",hospital,23.7100337180669,90.4016153499592,,,,
Aesha Memorial Hospital,clinic,23.1005448860903,89.0994832553735,,,,
Life care Digital Lab & Hospital,hospital,22.4485095974239,89.0378980599964,,,,
"Alfa Hospital, Hospital",hospital,24.7486576361595,90.4066335953892,,,,
Motlob Model Medicine,pharmacy,23.8152311291222,90.3665803357985,,,,
Mayer Doa Pharmacy (মায়ের দোয়া ফার্মেসী),pharmacy,23.7700088336634,90.3527426518493,,,,
M/s. Ma Pharmacy,pharmacy,22.3629498958567,91.7848971753955,,,,
Clinic In front of Apporodi house,clinic,22.5651310395905,90.7217649915187,,,,
"Chowgram Hospital, Chowgram, Natore",hospital,24.5434547325126,89.1818281617975,,,,
Saic General Hospital,hospital,24.8314704204186,89.3767165468561,,,,
Shebangon Pathology Lab,clinic,24.4375511461149,90.780268664013,,,,
Poli Medical Hall,pharmacy,22.6854433690006,90.3615206837668,,,,
High Care Drugs,pharmacy,23.7458983730038,90.4337426819091,,,,
Ahmed Pharmacy,pharmacy,23.7388435765597,90.3748344987676,,,,
Dumuria Upazila Health Complex,hospital,22.8099926666458,89.4105621689566,,,,
rahman pharmacy,pharmacy,23.7825419582026,90.3683985382348,,,,
Shathi Medical Hall,pharmacy,22.360755681244,91.8303188763308,,,,
Alpha Hospital & Diagonstic Center,hospital,22.0762506696631,92.0496439457206,,,,
Dokhin Baliea Notun hat Community Clinic,clinic,22.5985721510439,90.624300137598,,,,
Riaj Medical Hall,pharmacy,23.7742713667032,90.3572932709012,,,,
Lab in diagnostic center,clinic,23.8244583472308,90.3939748261214,,,,
Hil Pharma,pharmacy,23.746300452899,90.428066624718,,,,
Rajjak Dental Surgery,clinic,23.0412613613246,89.6326951759095,,,,
The Prime Lab,clinic,22.3581816825984,91.7860175843927,,,,
Ma Pharmacy,pharmacy,23.3674984438829,89.6624927578723,,,,
Fozlu Pharmacy,pharmacy,24.218437049228,90.7508464236743,,,,
"M/S. Islam Pharmacy, Baluchara Main road, Rangamati-Khagrachari Highway, Chattogram",pharmacy,22.4076005455192,91.8183156557102,,,,
Harirampur Upazila Health Complex,hospital,23.7422153647493,89.9755999243854,,,,
"Mahmuda Medical Hall, Pharmacy",pharmacy,23.9444712750595,90.3831704691117,,,,
"A,Ali Pharmacy",pharmacy,23.7085020929,90.416212685793,,,,
"Firuza Mortuz Hospital And Diagnostic Center, Hospital",hospital,25.0189247279147,90.0131405408618,,,,
উগলছড়ি হেলথ কমপ্লেক্স,hospital,23.1390074280968,92.2212185700163,,,,
crown pharmacy(ক্রাউন ফার্মেসি),pharmacy,23.8245140868869,90.363824366035,,,,
"Amena Drug House, Sookot Mansion, Dhaka",pharmacy,23.7118982724278,90.4030191511027,,,,
Marie Stopes,hospital,23.7177121281071,90.3680176645547,,,,
Muksudpur Medical,pharmacy,23.5886507681645,89.8336772883944,,,,
Good Heal,hospital,22.872079938023,91.0899082371832,,,,
Prince Pharma,pharmacy,23.8067658260121,90.3679587397753,,,,
"Bangladesh Railway Hospital, Port Colony Rd, Chattogram",hospital,22.3136426798863,91.7955130234028,,,,
Dr. Sanaullah Dental,clinic,23.7476094547176,90.4300323486503,,,,
Medicine Plus,pharmacy,23.7728268295103,90.3600022181878,,,,
Al Rafi Hospital Ltd.,hospital,23.7851098380588,90.5683694579208,,,,
Musa Pharmacy,pharmacy,22.389782463391,91.8267117243001,local,,,
Shahidul Pharmacy,pharmacy,23.7843427262804,90.3581512425101,,,,
Fresh Health Clinic,clinic,22.8975230374681,89.5084316173434,,,,
Medi Medicine,pharmacy,25.7623662632498,89.2349304520678,,,,
Eye Hospital,clinic,24.2676837478575,89.9269469997766,,,,
PHC Medical and Dental Clinic,clinic,23.7849600534491,90.3587306834764,,,,
"Akand Medical Hall, Medical Centre",pharmacy,24.7284389769624,90.4139369990814,,,,
Arafat Pharmacy,pharmacy,23.7727644681507,90.3667790707227,,,,
"Bandhan Homeo Hall, Hospital, Begumganj Ln, Murgitola More (New Road, Dhaka",pharmacy,23.7088581561468,90.4207980897431,,,,
শর্মিলা ফার্মেসি,pharmacy,23.8200227278904,90.3667225766953,,,,
Bismillah Pharmacy & Baby Care,pharmacy,23.7685270808203,90.3593874894091,,,,
City Medical Store সিটি মেডিকেল স্টোর,pharmacy,23.5482375896514,89.1670898423523,,,,
Mount Adora Hospital,hospital,24.9001441913096,91.8739424913974,,,yes,
Madisin Center,pharmacy,23.7102302736963,90.4246160466386,,,,
Bonani Medicine and Surgical Plus,pharmacy,24.8285894764789,89.353837974506,,,,
Shaha Medical,pharmacy,24.2529314306341,89.9188031426532,,,,
Diabetes Hospital,clinic,25.3882181383327,88.9894280285149,,,,
"Elenga Clinic And Nursing Home, Hospital",hospital,24.3354349226662,89.9253126962959,,,,
Banghabondhu Memorial Hospital,hospital,22.3615286603547,91.7976923182279,,,yes,
Suro Medicine Hall,pharmacy,24.2627913986132,89.9233429490501,,,,
"Doctors General Hospital, Hospital",hospital,24.9065124260647,89.9499569165496,,,,
নোভা ডায়াগনস্টিক সেন্টার,clinic,22.3625053197124,90.3397579941861,,,,
Priority,clinic,23.7778755850678,90.416342018559,,,,
"Hazi Pharmacy & Departmental Store, Pharmacy",pharmacy,23.749321961355,90.4130455836789,,,,
Saima Pharmacy,pharmacy,23.7405157662429,90.3738817278339,,,,
Prince Pharma,pharmacy,23.8100387915633,90.3704261206125,,,,
Jonosheva Pharmacy,pharmacy,22.8849218518752,91.5380472770884,,,,
Tin Bhai Medical Store,pharmacy,24.8548392502854,89.360977176715,,,,
Sunrise Hospital,hospital,24.262331064491,89.9244072831151,,,,
"Mother and Child Hospital, Hospital, Ramgor Road, Bus Stand, Hathazari, Pourasaba, Chattogram",hospital,22.4985088233204,91.8072164233469,,,,
Popular Medicine Corner (পপুলার মেডিসিন কর্নার),hospital,23.8268841538282,90.3662784196461,,,,
নুর ফার্মা,pharmacy,23.8199162777201,90.3682133819937,,,,
Jannat Sarjikal and Medicine,pharmacy,25.7637286577916,89.2331247386671,,,,
Mirpur Pharma,pharmacy,23.7992422297236,90.3546035181728,,,,
Reza Medical Hall(রেজা মেডিকেল হল),pharmacy,23.8263505618722,90.3684746459156,,,,
"Healthcare Medicine House, Ichapur Bazar, Rangamati Road, Hathazari, Chattogram",pharmacy,22.5100570742367,91.8385630648352,,,,
"M/s. Medicine Corner, Shop No-04, Al-Madina Super Market, Shahid Nurjaman Road, Bandartila, Chattogram",pharmacy,22.2865250438252,91.7833238921698,,,,
Chandina Upazila Health Complex,hospital,23.4875326617456,90.997132638993,,,,
"PMK Hospital And Diagnostic Centre, Hospital",hospital,23.9139513406812,90.3171556893645,,,,
Fatema Drug House,pharmacy,24.1274165377433,89.0708310604793,,,,
"Janata Pharmacy, B.S. Plaza, Abdul Ali Hat, Near Alankar More, Pahartali, Chattogram",pharmacy,22.3579995438425,91.7826358217383,,,,
Micropath Zone,clinic,24.3715684690569,88.5831641386743,,,,
Dr Nighat Rahman Chamber(ড নিঘাত রহমান),hospital,23.8228711500458,90.3689303699912,,,,
M/s Santona Pharmacy,pharmacy,21.7772782417477,92.1945655428481,,,,
"Maruf Work House Hospital, Medical Gate, Hathazari Pourosova, Chattogram",hospital,22.508224874022,91.8065201386502,,,,
"Health Care Digital Diagnostic Center, Hospital",hospital,23.9055351555237,90.3983490899305,,,,
Khan,pharmacy,23.6999295852483,90.427419374155,,,,
Family Dentist,hospital,23.7438829443857,90.4160347379886,,,,
Mahinoor Medical Hall,pharmacy,23.7629633411318,90.3646245863309,,,,
Bonda Ghata Community Clinic,clinic,22.3749898292132,89.7873383557948,,,,
Bhai Bhai Pharmacy ভাই ভাই ফার্মেসি,pharmacy,24.7814044745729,88.2817769682736,,,,
"Dr. Monirul Islam Monir, Hospital, Angariya Road, Angaria",hospital,23.190981598019,90.3246318440811,,,,
Khan A Mohammad Ali Homeo Hall,pharmacy,23.7639741986546,90.3655144929909,,,,
জনতা ফার্মেসি,pharmacy,23.810299552571,90.3727354187558,,,,
Mohanagar Hospital,hospital,24.9003240669517,91.865574250726,,,,
Jagannathpur Upazila Health Complex,hospital,24.7794346435081,91.563158788444,,,,
Community clinic,clinic,21.9532007268575,90.0560286439249,,,,
Taj Pharmacy(তাজ ফার্মেসী),pharmacy,23.8275975376073,90.3707029748743,,,,
Patnitala Upazila Health Complex,hospital,25.0495512801013,88.7553710937455,,,,
Alhaz Pharmacy আলহাজ্ব ফার্মেসী,pharmacy,24.0955558341333,90.117875354681,,,,
Moon Diagnostic Center,clinic,23.7710936195721,90.3673115730313,,,,
"Jamalpur Central Hospital Ltd., General hospital",hospital,24.9332295747922,89.9421969505915,,,,
Jaman Pharmacy,pharmacy,23.7840621839812,90.411997259049,,,,
"Lab Aid Homeo Complex, Pharmacy",pharmacy,24.2227336966138,90.4110884931069,,,,
"Islami Hospital And Diagnostic Center, Hospital",hospital,24.842934097932,89.3732760270605,,,,
Union health and family welfare center,hospital,24.7655021602341,91.1597777703809,,,,
Feni Diabetic Hospital,hospital,23.0129350548259,91.397573788337,,,,
Proshanti Hospital Limited,hospital,23.7436031564578,90.415341051682,,,,
Tala Upazila Health Complex,hospital,22.7524225705269,89.2591266595969,,,,
kutir char Community Clinic(কুটির চর ক্লিনিক ),clinic,25.5755336415122,89.8134308850978,,,,
Kazi Pharmacy,pharmacy,23.7851095866017,90.4130984734879,,,,
M/s Khan Pharmacy,pharmacy,23.4500991659918,91.1784662293346,,,,
"Health Plus Diagnostic, Hospital",hospital,25.7649267670312,89.2324679327344,,,,
"Savar Sonali Hospital, Hospital",hospital,23.8413908812887,90.2581886652627,,,,
"Chowdhury medical Hall, Pharmacy",pharmacy,24.2496664278909,89.9136794528814,,,,
Clinicbari Eye Care,clinic,23.7734514489348,90.3554670218377,,,,
Diagonostic Center,clinic,24.8713796789129,90.733854629561,,,,
Mahbub Pharmacy,pharmacy,23.8094254877081,90.3704466562753,,,,
Islamia Medical Store,pharmacy,21.4272116599242,92.1805553593316,,,,
Shahriar Homio Hall,clinic,23.7484249300774,90.4332249317501,,,,
B.I.H.S General Hospital,hospital,23.7822730667488,90.3527244631194,,,,
Howlader Pharmacy,pharmacy,22.3689299646759,90.219638532368,,,,
United Hospital,hospital,23.1685820514352,89.2117087246017,,,,
Sarkar Pharmacy,pharmacy,23.7768747858289,90.4262140564787,,,,
Aminbazar union Health Center,hospital,23.7878588508426,90.3279929872537,,,,
Shadullahpur Upazila Health Complex,hospital,25.3894270602274,89.4689774961915,,,,
Riaz Medical Hall-2,pharmacy,23.7755291550934,90.3576539441948,,,,
"Gulsan Mustafa Syed Pur Pani Tanki Mart, Pharmacy",pharmacy,25.7969735488916,88.8907029554521,,,,
High Care Hospital,pharmacy,23.7697800915257,90.367088865864,,,,
Taher Clinic,clinic,23.7716783411375,88.6423363517658,,,,
"Safura Eye Hospital, Hospital",hospital,25.5323648285118,89.2849852499823,,,,
"Uposhom Homeo Hall, Chowdhuryhat, Foteyabad, Hatbazar, Chattogram",pharmacy,22.4420793365853,91.8202498636865,,,,
AL-Makkah Pharmacy,pharmacy,23.7885612543286,90.3664912361677,,,,
Amin homio hall,pharmacy,23.7514794632319,90.4063853234172,,,,
Shibchar Drugs,pharmacy,23.5886065955347,89.8337298429273,,,,
রেটিনা,clinic,22.7211871568937,89.068326463992,,,,
Dr. Umme Noor Tahmina,doctor,23.7916454594203,90.3880887184368,,,,
Ashuganj Upozila Hospital,hospital,24.0296205986473,91.0070996438757,,,,
Pirgacha Community Clinic,clinic,24.9514152871936,89.398442691339,,,,
CPC,hospital,23.840308945227,90.3571634352211,,,,
Lucky Dental Clinic,clinic,23.7702804911452,90.3594510242352,,,,
A. R. Pharma,pharmacy,22.7782096632783,89.5813524985724,,,,
Dr Md Rezaul Karim,laboratory,23.7635728731306,90.3593862321237,,,,
Udoy Pharmacy(উদয় ফার্মেসী),pharmacy,23.8279104340528,90.362955497952,,,,
greenlife dental,dentist,23.7891587163868,90.3665566988315,,,,
"Kumilla Khan Pharmacy, Boubazar, Korail",pharmacy,23.7845426346711,90.4104168512056,,,,
Messrs Jokigonj Pharmacy,pharmacy,24.9121703783449,91.8515624746479,,,,
lubna Medical Hall,pharmacy,23.7541401307562,90.4082869257902,,,,
"M/S. Rohid Medicine Corner, Pharmacy, D.C.C Market, Dhaka Medical College Hospital Gate-2, Dhaka",pharmacy,23.7244486636876,90.3980890832941,,,,
Akkelpur Upazila Health Complex,hospital,24.9673038552112,89.0225945488203,,,,
"Army General Hospital and Diagnostic Centre, Hospital",hospital,24.748099149951,90.4072731346013,,,,
Bhai Bhai Clinic,clinic,23.79252933111,90.388068098955,,,,
"Mae Doa Medical Hall, Pharmacy",pharmacy,24.0327481381784,90.3888862565238,,,,
Popular Diagnostic Center Ltd Unit-2,hospital,23.8095356259158,90.3681200914114,,,,
Supreme New Square Hospital And Diagnostic Center,hospital,24.4197822657583,90.3894691340705,,,,
"Hathazari Medical Hall, Hathazari Bazar, Hathazari Pourosobha, Chattogram",pharmacy,22.5025690172176,91.8070965621315,,,,
Anoara Pharma(আনোয়ারা ফার্মা),pharmacy,23.8279813449536,90.3660175748194,,,,
Chevron Clinical Laboratory,hospital,21.4414700315936,91.9762977667246,,,,
"Mintu Pharmacy, Majhirghat Road, Chattogram",pharmacy,22.3312733426595,91.8220556609062,,,,
New Modern Diagonestics Center,clinic,23.5539110484525,90.5308370557095,,,,
Tahir Homeopathy Health Care,doctor,23.7981427754843,90.3533447239543,,,,
"BSBA Hospital, Bhatiari Rail Station Rd, Chattogram",hospital,22.4281456798448,91.7454503464993,,,,
M S T Care Pharmacy,pharmacy,23.7840223699411,90.4110815361273,,,,
Madina Pharmacy,pharmacy,22.6859671541299,90.3628617882745,,,,
Tanore Upazila Health Complex,hospital,24.5758156681039,88.5749800484157,,,,
"Rashida Pharmacy, Pharmacy",pharmacy,26.177445568296,88.6360969468624,,,,
Apollo Hospitals Information Centre,hospital,23.7398913982755,90.4276080507955,,,,
"Nalitabari Diabetic Hospital, Hospital",hospital,25.0856683979618,90.1897445585188,,,,
Town Medical,pharmacy,23.6045640627965,89.8363740819214,,,,
Comfort Dental Care,clinic,25.7611788828462,89.2365122848347,,,,
"M/S. Nahar Pharmacy, Mirzapul Rd, Chattogram",pharmacy,22.3658807959394,91.8337510980423,,,,
Mohammadia Pharmacy,pharmacy,23.783385680576,90.4257115613834,,,,
"Badhon Medical Hall, Chattogram-Hathazari Raujan Highway, Gohira, Chattogram",pharmacy,22.5217269465681,91.8676746718423,,,,
"Hello homoeopathy, Homeopathic pharmacy",pharmacy,23.9355706997176,90.2746404971736,,,,
Halt kair,pharmacy,23.0444430479503,89.6307286976059,,,,
MS Yeasin Pharma,pharmacy,23.7668971359292,90.3615409679725,,,,
"Tasmiah Medical Hall, Pharmacy",pharmacy,24.7468556946152,90.4089040853208,,,,
Bangladesh Medical College Hospital,hospital,23.7501948527515,90.3697474379126,,,yes,
"Nasimha Medical Hall, Pharmacy",pharmacy,24.7644418494826,89.9250899891286,,,,
Popular Pharmacy,pharmacy,23.6961407973758,90.4302452489909,,,,
Hamdard Laboratory Bangladesh,pharmacy,23.7953709639239,90.3737562507433,,,,
Dhaka Road (East) ঢাকা রোড (পূর্ব),hospital,24.8148353601044,89.0105549507399,,,,
Apurbo Pharma & Baby Care,pharmacy,23.7597247413836,90.3658749986464,,,,
Shapla Pharmacy,pharmacy,23.8603673424354,90.261752482854,,,,
Bishwas Pharmacy,pharmacy,23.807177628915,90.3552519422024,,,,
Jobeda Pharmacy,pharmacy,22.360214294118,91.8280286889267,,,,
Jorna Pharmacy,pharmacy,24.7170180471552,90.9460061309387,,,,
"Lalmoni Homeo Hall, Homeopathic pharmacy",pharmacy,24.0284906342804,90.2411049216715,,,,
Rashid Medicine,pharmacy,25.7628988493774,89.2344746441732,,,,
Alam Pharma,pharmacy,23.7728628716939,90.3669810745891,,,,
Hosen Drug House,pharmacy,23.7593130222998,90.3571832165126,,,,
"Masud Pharmacy, Pharmacy",pharmacy,24.8657032864457,89.3723515869595,,,,
Safe N Sign Dental Care,dentist,23.7610572963502,90.3635106313992,,,,
Atwari Upazila Health Complex,hospital,26.2370486950297,88.4088818243774,,,,
Ati Bazar Central Hospital,hospital,23.7303011599404,90.3333248835004,,,,
Taiyeb Pharmacy,pharmacy,23.8275116230998,90.3569711543623,,,,
Musa Pharmcy,pharmacy,23.60451528012,89.8363264727114,,,,
Islamia pharmacy,pharmacy,23.7908752463377,90.4036265876257,,,,
"The Sunnah Mart, Religious destination Shop, Chowdhurypara Rd, Chattogram",pharmacy,22.2544506855033,91.8032433174236,,,,
Shailkupa Upazila Health Complex,hospital,23.6818923163521,89.2452985310173,,,,
MS Pharmacy,pharmacy,23.7841417282423,90.4113383576405,,,,
"Dhaka Mohanagar General Hospital, Babubazar Bridge, Dhaka",hospital,23.7140758908723,90.4051396887866,,,,
Damudya Upazila Health Complex,hospital,23.1379710895884,90.4426407426801,,,,
Arif Medical Hall,pharmacy,21.7623582864607,92.0755775541394,,,,
"Miraj medical zon, Keraniganj",pharmacy,23.7010399359617,90.3985727191072,,,,
Es Das Medical Hall,pharmacy,23.4938892456553,91.1898553917287,,,,
North kamini Basiya community clinic,clinic,22.5639446650154,89.4324981962949,,,,
Aid Japan Pharmacy,pharmacy,23.7384132496508,90.377986597275,,,,
Chandpur Medical Hall,pharmacy,23.8085051547396,90.3713395804203,,,,
New Swadesh Hospital and Diagonostic Center,hospital,24.8793660400756,90.7314298287919,,,,
Fariha Pharmacy ফারিহা ফার্মেসি,pharmacy,24.8894093202772,89.3601245695242,,,,
Sorna Medical Service,pharmacy,23.7694360982195,90.3561779748649,,,,
Mita Homie Clinic,clinic,23.7483086730803,90.4316327892423,,,,fertility
Janata Medical Hall,pharmacy,22.6856317941839,90.3619885616019,,,,
Uttara Community Hospital,hospital,23.869156187008,90.4041090499724,,,,
"Bismillah Drug, Pharmacy, Reza Medicine Market, Mitford Rd, Dhaka",pharmacy,23.7114146366147,90.4029314763955,,,,
Bismillah Pharmacy,pharmacy,23.8540038853652,90.4125233911112,,,,
Kaliganj Upazila Health Complex,hospital,23.4033152381527,89.1428709198657,,,,
নিরাময় কর্নার,pharmacy,23.8152794927035,90.374732742463,,,,
"Savar Diabetic, Hospital",hospital,23.8394711740048,90.2575556639351,,,,
Star Pathology,clinic,22.86077291828,89.0370681677632,,,,
The Dhaka Dental And Implant Point,dentist,23.7483031410243,90.4323110528471,,,,
Jahan Pharma,pharmacy,23.7868202492204,90.3670422624823,,,,
Jahanara Memorial Shishu Hospital,hospital,24.0754753925196,90.2083362903099,,,,
কটিয়াদি পশু হাসপাতাল,hospital,24.2505961485909,90.7985861399323,,,,
Mother and Child Care Hospital,hospital,22.3291159246017,91.792021960731,,,,
"The Peoples Hospital and Diagnostic Centre, Private hospital",hospital,24.7403886372217,90.4072821870568,,,,
Eyor Dentist,dentist,23.6036112918628,89.8381422443958,,,,
Community clinic,clinic,22.0294835894494,89.9914892467743,,,,
Dr A G Khan,doctor,23.7373274579137,90.3868666369542,,,,
Khilgaon Specialized Oral Dental And Implant Centre,clinic,23.7476952854061,90.4267309684474,,,,
"Tahmina General Hospital, Private hospital",hospital,24.4052469560081,90.3870602589174,,,,
"Government Outdoor Dispensary mirpur 10 (GPD), Hospital",hospital,23.8075606818901,90.3700149882619,,,,
"Medicine Plus, Pharmacy",pharmacy,25.1345325465305,89.3881282565698,,,,
"Sheikh Drugs House, Korail",pharmacy,23.7865547943469,90.4104587607214,,,,
Nirob Medical Hall,pharmacy,23.1237547950729,91.1016748366773,,,,
upazila Health Complex,clinic,22.3127310640971,89.8498056626618,,,,
Jhogra Pharmacy,pharmacy,23.7476512804145,90.4302730769095,,,,
Munni X-Ray,laboratory,23.7741021360781,90.3650096509627,,,,
Khan Medical Corner,pharmacy,23.7701514936554,90.3486182525737,,,,
Pharma Plus,pharmacy,23.8173286165724,90.3808263860702,,,,
Islamia Pharmacy,pharmacy,23.8122943617073,90.4237932790231,,,,
"Alauddin Medical Hall, Hospital",hospital,24.3337945842151,90.3766168266584,,,,
Midland Hospital,hospital,23.4585047899513,91.1806022735394,,,,
"Promila Homeo Pharmacy, Hazi Market, Sadarghat Road, (Ground Floor), Chattogram",pharmacy,22.3290061216701,91.8307547352958,,,,
"Ayat Memorial Hospital, Hospital",hospital,24.8847479762843,89.3569656816752,,,,
"ABC Pharmacy, Veterinary pharmacy",pharmacy,24.6536302396817,89.4239023869524,,,,
"Green Life Medical College Hospital, Bir Uttam Shafiullah Sarak, Green Rd, Dhaka",hospital,23.7465085755548,90.3858870439303,,,,
"Peoples Pharmacy, Dhaka - Chittagong Hwy, Mirsharai, Chittagong",pharmacy,22.7574145806,91.5846472221529,,,,
Nargis Memorial Hospital (Pvt) Ltd.,hospital,22.8096270480294,89.5726419409755,,,,
Tongi Gonosastho Hospital,hospital,23.8843544214803,90.3964801769799,,,,
Trust Diagnostic,clinic,23.7917004447051,90.3881015427487,,,,
Anowar Pharma & General Store,pharmacy,23.7621470275818,90.4334715273415,,,,
Khan Pharmacy,pharmacy,23.8481327812873,90.2625956184943,,,,
Medinova Diagonetics Center,clinic,24.3723063279932,88.5803607273389,,,,
Fatema nursing home(ফাতেমা নার্সিং হোম),clinic,23.8165262169815,90.3670084834125,,,,
"Smiling Sun Clinic (Patiya Rural), Chittagong-Coxs Bazar Hwy, Chattogram",hospital,22.3003332234751,91.8644180510022,,,,
"Maysha pharmecy, Hospital",hospital,24.2342147246667,90.4057669904201,,,,
Anower Pharmacy,pharmacy,23.8017091914656,90.3781813927048,,,,
"My CareBD Pharmacy, Commissioner goli, Zakir Hossain Rd, Chattogram",pharmacy,22.3620025731601,91.8184014863987,,,,
MB Surgical,pharmacy,24.9118098726894,91.8513717863507,,,,
Thakurgaon Pharma,pharmacy,23.7691488503978,90.3686096783758,,,,
Rani Drug House,pharmacy,23.6028716727267,89.8361794541297,,,,
Dr. Shariful Alam,doctor,23.7431412297739,90.3844181992181,,,,
Sajib Pharmacy,pharmacy,23.7840684704086,90.358837971837,,,,
Taher Medical,pharmacy,24.2532752563023,89.9172156940112,,,,
Brothers Lab,clinic,25.7627830952946,89.2346972675215,,,,
Jaber Pharma,pharmacy,23.7718328196129,90.3561341375113,,,,
Amin Medicale Store,pharmacy,23.7361760358748,90.3858325615596,,,,
"Chamber of Dr. Maliha Nujhat, Doctor",doctor,24.9665712768739,90.1822869278082,,,,
Hasan Pharmacy,pharmacy,23.038304225885,89.6325386857773,,,,
ghdgn,hospital,23.9596091598289,91.0961473906295,,,,
Rokiya Pharmacy,pharmacy,23.0405236700263,89.6355001798065,,,,
Prime Medical Technology,hospital,24.3604557418294,88.6242572571728,,,,
Mordan Pharmacy and Harbal Chamber,pharmacy,21.777448059106,92.1945359547299,,,,
Labmed Pharma,pharmacy,23.770184769811,90.3672084756222,,,,
Shantiniketan Doctors Dagonestic,clinic,21.7773022978098,92.1942547418784,,,,
"Burn & Plastic Surgery Unit, Hospital, Secretariate Road, Dhaka Medical College Hospital, Dhaka",hospital,23.7246553614198,90.3994901184096,,,,
Lohagara Diabetic General Hospital,hospital,22.0113016489044,92.0952603582666,,,,
Sumon Medical Hall,pharmacy,24.4420368892363,90.7766609252491,,,,
"palashshbariprofecerpara, Hospital",hospital,25.2823550365273,89.3505855446176,,,,
Kalam Medical Hall,pharmacy,21.7622309653515,92.0756382391184,,,,
Jonnoni Pharmacy,pharmacy,23.7694091923103,90.3488083541377,,,,
"M/S Azad pharmacy, Pharmacy",pharmacy,25.7722730860677,88.7437186557727,,,,
"Mishon Poultry and Dairy, Pharmacy, Chittagong - Rangamati Hwy, Chattogram",pharmacy,22.5227125745623,91.8691717635681,,,,
Bismillah Pharmacy,pharmacy,22.499614396349,91.807573240965,,,,
"Bara-Awlia Medical Hall,Dhaka - Chittagong Hwy, Sonaichhari, Chattogram",pharmacy,22.478743792723,91.720733119869,,,,
"Shakil pharmacy, Pharmacy",pharmacy,24.4464358796598,89.5472221432211,,,,
National Institute of Laboratory Medicine & Referral Centre,hospital,23.7772348723892,90.3678032554715,,,,
"Sharif Medical Hall, Pharmacy",pharmacy,23.9445963330548,90.3826919462595,,,,
Alom Medical Hall,pharmacy,23.445733787,91.1763136727806,,,,
"M/S. Kaderia Medical Pharmacy, Sk. J.M. Villa, Double Mooring, Chattogram",pharmacy,22.3385091882121,91.812031742901,,,,
"Asian Specialized Hospital LTD, O.R. Nizam Rd, Chattogram",hospital,22.3585708543628,91.8237918883296,,,,
Abdullah Pharmacy আব্দুল্লাহ ফার্মেসী,pharmacy,26.1320336741874,89.1380589530728,,,,
"Civil Surgeon Office, Mymensingh",hospital,24.7517294360345,90.4172123953845,,,,
Begumganj Upazila Health Complex,hospital,23.0025371363011,91.0952914306774,,,,
"Kazi Pharmacy, Korail",pharmacy,23.7854896220916,90.4129627704755,,,,
Sheba pharmcy(সেবা ফার্মেসি),pharmacy,23.8193881340011,90.3734457850498,,,,
"Robiul medicine corner, Pharmacy",pharmacy,24.0104204245048,90.2492234654474,,,,
"Mohsen Aoulia Dental Care, Isabella Tower, Dhaka - Chittagong Highway, Chattogram",dentist,22.3279759857701,91.788910682092,,,,
"New Siddika Pharmacy, Pharmacy",pharmacy,25.741419384305,89.233348954577,,,,
Al Modina Pharmacy,pharmacy,23.7378508239479,90.4357131835262,,,,
Zaman Medicine,pharmacy,23.7569052367942,90.3679399643122,,,,
Kashiani Upazila Health Complex,hospital,23.2423633350249,89.7186349967856,,,,
Health City Specialized Hospital,hospital,24.8259061778159,89.3781690468571,,,,
"Shifa Medical Hall, Pharmacy, Mir Hajir Bag, Dhaka",pharmacy,23.7052302169962,90.4317511417151,,,,
Laz Pharma,pharmacy,23.7647417295282,90.4364644535076,,,,
Bangladesh Medicine Supply,pharmacy,22.378177047895,91.8505765951967,,,,
Dr. Sahnaj Sigma,doctor,23.7917499817529,90.3880887184368,,,,
Advanced Dental Care,dentist,23.7413240331659,90.3832246162062,Advanced Dental Care,,,dentistry;dental_oral_maxillo_facial_surgery;dentist
M M Medical Hall,pharmacy,23.7680157847268,90.3619795929655,,,,
"L A pharmacy, M. A Aziz Road, Chattogram",pharmacy,22.2975523594592,91.7833129956957,,,,
Pharmacy,pharmacy,23.6123175746891,89.8524735386229,,,,
Sathiya Upazila Health Complex,hospital,24.0536651775479,89.548209782872,,,,
Barakah Homio Centre,doctor,23.809274781089,90.3766668666203,,,,
Mahim Pharma,pharmacy,23.7739420417275,90.3522523943327,,,,
Islam Pharma,pharmacy,23.7706096484828,90.3679316662281,,,,
Dr. Ali Ashraf Jewel,doctor,23.7920662309596,90.3881006207394,,,,
Eye care hospital,hospital,23.82204494585,90.3930213846354,,,,
"Nazara Najeshi Mother and Child Clinic, Hospital",hospital,24.8414563684025,89.3752189522161,,,,
"Islam Life Care Hospital, Hospital",hospital,24.6438063977052,89.2539735493448,,,,
Impress Dental and Orthodentist,dentist,23.8100863169543,90.3654283270263,,,,
Al Amin Pharmecy,pharmacy,23.7580789546955,90.4115341588986,,,,
Ddhin Medicine,pharmacy,23.8391139372916,90.256633570767,,,,
"Hafsa Hanif Medicine, Bangabondhu Avenue Road, Chattogram",pharmacy,22.3953563451823,91.8234319694073,,,,
"Bangkok Hospital Office Chattogram, Level 05, YAKUB TRADE CENTER, Chattogram",hospital,22.3647268593295,91.8250510178243,,,,
Rainbow Medicine Corner,pharmacy,23.8416517261154,90.3872970476821,,,,
Mouri,pharmacy,23.8046127665439,90.3649784702829,,,,
Hazi Pharma,pharmacy,23.7325701411295,90.366962131488,,,,
Adhunik Sadar Hospital Naogaon,hospital,24.8229355475122,88.9384475332139,,,yes,
Upazila Veterinary Hospital,hospital,22.7948172309502,89.8738028838095,,,,
Merina Dental Care,pharmacy,23.7621276653854,90.3631427496689,,,,
"Surjer Hashi Clinic, Hospital",hospital,25.7785703261029,88.9046753365853,,,,
khona khatail community clinic,clinic,22.5926240172758,89.4867538364419,,,,
radda,hospital,23.8075587540523,90.3696926202658,,,,
Comilla General Hospital,hospital,23.4553503445109,91.1816814435729,,,,
Dentist Point,dentist,23.7576610330033,90.3743290700062,,,,
"Health And Hope Model Pharmacy, Pharmacy",pharmacy,24.8740971757408,89.3687823211312,,,,
Bandar Upazila Health Complex,hospital,23.6294024917467,90.5251276385438,,,,
Govt Primary School,pharmacy,23.2562469518034,89.0790032484354,,,,
AESTHETICA,doctor,23.7905578236645,90.4081562519197,,,,dermatology
Ruhi Medicine Corner,pharmacy,23.78343035612,90.3589267361917,,,,
Al-Khidmah Medicine Korner,pharmacy,23.6995561714619,90.4244352489872,,,,
Dipshikha Infertility Center,hospital,24.3107296821574,91.7335546656964,,,no,
Government Remeta Employee Hospital,hospital,23.7406531456359,90.3742505315735,,,,
Madaripur Medical Hal,pharmacy,23.7544892370234,90.4110025785994,,,,
আল্-ইমরান হোমিও হল,pharmacy,24.5603520625772,88.3049063271667,,,,
Bangladesh Pharma,pharmacy,23.7706331178117,90.3679550517379,,,,
Al Raji Chokkho and Doctors Chamber,hospital,21.7611108916305,92.0760710805983,,,,
"Momota Clinic & Hospital, M. A Aziz Rd, Chattogram",hospital,22.2832984301985,91.7837237927702,,,,
Laz Pharma,pharmacy,24.4375916307072,90.7802328732865,,,,
"Professor Clinic, Hospital",hospital,24.773042520329,89.3978822772928,,,,
Sumon Pharmacy,pharmacy,24.1274846826161,89.0708481595618,,,,
MALAYSIA CLINIC,clinic,23.7908188361293,90.4038555812204,,,,
Medicine Plus,pharmacy,23.7638049680295,90.3648634705714,,,,
Azad Medical Store,pharmacy,25.8920830880205,88.2649595177463,,,,
Advanced Laser Cosmetic and Skin Care Center,clinic,23.741403745065,90.3830214388733,,,,
Sondhany Clinic,clinic,25.7638700604981,89.232892057035,,,,
Moyenuddin Drug House,pharmacy,23.5881498656308,89.834257483732,,,,
"Sirajul Islam Memorial Clinic, Bagerhat",clinic,22.6611642644492,89.7910760978769,,,,
Medicine fair(মেডিসিন ফেয়ার),pharmacy,23.8160337801701,90.3709525879509,,,,
Khokon medical Hall,pharmacy,23.7831461257833,90.4095869589724,,,,
Treatment Eye Hospital,hospital,22.3610450245415,91.8305137555796,,,,
"Polly Medical Halll, Pharmacy",pharmacy,24.3616600536774,89.9270122948024,,,,
Jonosheba Drugs House,pharmacy,23.7048694598836,90.4267337344754,,,,
Fayezia Medico,pharmacy,22.3893292538864,91.8242246459905,local,,,
National Hospital,hospital,23.7106525539782,90.4119160384072,,,,
Feith Medicine Center,pharmacy,23.7567488304809,90.3613218650235,,,,
"Hi-Tech Surgicare Hospital And Piles Center, Hospital",hospital,23.9684288498052,90.267174819836,,,,
"Palash Bari Diabetes Clinic, Hospital",hospital,25.9842248466928,88.8424732331346,,,,
Amtali Upazila Health Complex,hospital,22.1306404202609,90.2302355210932,,,,
Kajol Pharmacy কাজল ফার্মেসি,pharmacy,24.8233331849988,89.3637797498601,,,,
Janany Pharmacy,pharmacy,25.7643696219273,89.2322430462723,,,,
CDM Dental,hospital,24.3719793499504,88.5817871596209,,,,
North Bengal Dental & Maxillofacial Surgery,dentist,23.7613970987048,90.363404516505,,,,
Dhaka Clinic & Nursing Home,clinic,24.2538602293248,89.9155322725779,,,,general;ent;surgery;neurology;stomatology;gynaecology
Bongshai Digital Hospital,hospital,24.1051078509899,90.0956655743851,,,,
Appolo Therapy Center,doctor,23.7904393873727,90.3879540212528,,,,
হাজী তৈয়ব ফার্মেসী,pharmacy,22.6281998318293,90.0580247941657,,,,
Mohona Drug House,pharmacy,23.7558783698364,90.411326622976,,,,
Jahan Pharmacy,pharmacy,23.7448704163986,90.4338733557796,,,,
Mahmud pharmacy,pharmacy,23.7825731388824,90.4075991906348,,,,
Hopes Dental Care,dentist,23.8149768221799,90.3708546873218,,,,
Medicine Point,pharmacy,21.7624371601696,92.0759918716133,,,,
Rowshon Medical Hall,pharmacy,24.8195464926021,88.9361881912135,,,,
Nurjahan Digilab,clinic,24.8786399996227,90.7308303550769,,,,
"Health care hospital, Hospital",hospital,24.0268514692958,90.3846538983353,,,,
Rajbari General Hospital,hospital,23.7499924297898,89.6476794203938,,,yes,
"Upazila Sastho Complex, Kachua.",hospital,22.654613555662,89.8896506319587,,,,
"MEDISAVE PATHOLOGY LAB Hospital, Dhaka Trunk Rd, Chattogram",hospital,22.3426435619525,91.8038077547833,,,,
"Eidgah Borofkol, East Rampur, Halishahar, Borofkol, Purbo Rampur, Chattogram",pharmacy,22.3428874753348,91.801260662047,,,,
Maa Moni Medical & Diagnostic Centre,hospital,23.9109766870639,90.3001353967804,,,,
New Shikder Medical Hall,pharmacy,22.9993143783499,89.8179403490051,,,,
Alo Medicine,pharmacy,25.7629328799043,89.2344245203923,,,,
কাশিয়ানী ১০০ শয্যা হাসপাতাল,hospital,23.2378002269372,89.7228388565032,,,,
Aman Medico,pharmacy,22.4784641724332,91.7206946469335,,,,
Friend Phramacy,pharmacy,24.438290932889,90.7796866246567,,,,
City Diagnostics,clinic,24.4850407463822,91.7656931455775,,,,
City Medical and Surgical Plus,pharmacy,24.8284991195627,89.3540979811424,,,,
Life Care Pharmacy,pharmacy,23.7892139531287,90.3665533460702,,,,
S. A. Medicine House এস. এ. মেডিসিন হাউজ,pharmacy,23.8478959925226,90.2563599854474,,,,
ইসলামী ব্যাংক হাসপাতাল,hospital,23.8195103421494,90.3654855754249,,,,
Uttam Sheba Hospital,hospital,25.7622968610915,89.2347576172244,,,,
Bikrompur Pharmacy(বিক্রমপুর ফার্মেসি),pharmacy,23.8231930989467,90.3688565254242,,,,
Upazila Family Planning Office Mohadevpur,hospital,24.9219973216255,88.7513179406469,,,,
Shopno Pharmacy,pharmacy,23.776975452486,90.364659035953,,,,
"Drug Mart pharmacy, S Khulshi Rd, Chattogram",pharmacy,22.3615788679546,91.8136736739137,,,,
Akber Medical,pharmacy,23.0412192841707,89.6319235379033,,,,
General Pharmacy জেনারেল ফার্মেসি,pharmacy,24.8786427656508,89.1818616894102,,,,
Dr. Sharups Arthroscopy And Arthroplasty Clinic,clinic,24.8290366510132,89.3777395581385,,,,
Ma Pharmacy,pharmacy,25.9788934533602,88.510392958236,,,,
"Mother and Child Welfare Centre, Maternity hospital",hospital,25.9310944770468,88.8532482534832,,,,
Karimganj Upazilla Health Complex,hospital,24.4657898617255,90.8718752381677,,,,
Rahman Medicall Hall,pharmacy,23.7598346281343,90.4110520318281,,,,
"Kaya Medical Hall, Pharmacy",pharmacy,23.9665463581714,90.379938491067,,,,
Creative Dental,clinic,22.359134118256,91.8264174356797,,,,
"Arabinda Pharmecy, Strand Road, Chattogram",pharmacy,22.3289928782631,91.8310856528331,,,,
Rahat Medical,pharmacy,22.686778187081,90.3650940567277,,,,
"Al-Baraka Hospital, Hospital",hospital,24.2776240982881,90.3946189753803,,,,
Asian Hospital (Pvt) Ltd,hospital,21.7597745648075,92.0767743222746,,,,
ব্রাদার্স ডেন্টাল কেয়ার,dentist,23.8053453448813,90.3648610398195,,,,orthodontics
Comilla General Hospital,hospital,23.4555422900936,91.1809714963741,,,,
Popular Medicine Corner,pharmacy,23.8095171857288,90.3681069318234,,,,
Rafi Pharmacy(রাফি ফার্মেসি),pharmacy,23.8236241802269,90.3593957874933,,,,
Parbazar Pharmacy,pharmacy,23.264898416983,89.0164936967764,,,,
Rasel Clinic,clinic,22.5917018402887,89.3159074318939,,,,
City Adhunik Hospital & Diagnostic Center,hospital,23.2128753805653,90.3478467822056,,,,
Lamia Pharmacy,pharmacy,23.7707467764187,90.3962823640651,,,,
"Chayara Pharmacy, Pharmacy",pharmacy,23.914822555697,90.3955893483107,,,,
Brothers Pharmacy(ব্রাদার্স ফার্মেসী),pharmacy,23.8281185567086,90.3678833864658,,,,
N S Medicine Corner,pharmacy,23.7738343342718,90.3643329799195,,,,
Tajalli Pharmacy,pharmacy,23.8477539192638,90.2563399526988,,,,
Shibganj Upazila Health Complex,hospital,25.006044592584,89.3157234491193,,,,
"Pacific General Hospital, Hospital",hospital,23.9349265504587,90.3863606214596,,,,
লাজফার্মা,pharmacy,23.7401693421847,90.429336734506,,,,
"Din Hospital, Zia Nagar Rd, Keraniganj",hospital,23.7000121469946,90.3972148507931,,,,
Trust Medical Services,hospital,24.8983945528411,91.860120146331,,,yes,
Islami Bank Hospital,clinic,24.8192497732297,88.9361052941911,,,,
"Alamgir Pharmachy, Kazi Para Rd, Kumira, Chittagong",pharmacy,22.5161278352482,91.7096020362736,,,,
Alif Pharmacy(আলিফ ফার্মেসী),pharmacy,23.8158686566776,90.3682278826862,,,,
USTC Medical College Hospital,hospital,22.3617210250325,91.7981770436884,,,,
"Grameen clinic, Hospital",hospital,24.8418147785822,89.3484939244996,,,,
The cure Physiotherapy and Peralysis Rehabilitation Center,clinic,23.7695340826676,90.3591284886011,,,,
Rahmania Medical Centre,pharmacy,22.7719024487783,91.5743050432841,,,,
Sagar Pharmacy(সাগর ফার্মেসি),pharmacy,23.8181739315074,90.3659182492668,,,,
Char Rajibpur Upazila Health Complex,hospital,25.3646527528365,89.7657779215376,,,,
"S.S Pharmacy, Dhaka Bus Terminal, Natore",pharmacy,24.4094430205557,89.0104463212747,,,,
East Kalabagi gazibari Community Clinic,clinic,22.4368352826839,89.4469901716058,,,,
Lazz Pharma,pharmacy,22.3601204168025,91.8326118297629,,,,
Aichi Hospital,hospital,23.7410043473788,90.4784943335047,,,,
"Charhamkuria General Hospital, Hospital",hospital,24.3540553205661,89.325151916723,,,,
Hamid Medicine,pharmacy,25.7608622983633,89.237318456282,,,,
Life Care General Hospital,hospital,24.2513185848254,89.9194212241933,,,,
Shahrasti Upazila Health Complex,hospital,23.2280199708572,90.9492876460312,,,,
Shahadat Pharma,pharmacy,22.3608249995832,91.8308724172164,,,,
"Recommended Naturopathic kidney hospital, Hospital",hospital,24.8052817506862,89.3940685951679,,,,
Kazi Drug House(কাজী ড্রাগ হাউজ),pharmacy,23.8186204354894,90.3771340739032,,,,
Medicine Corner,pharmacy,23.770195498647,90.3682583928138,,,,
Ajmeri Pharma,pharmacy,23.7727073873901,90.3561237439514,,,,
momen medical hall,pharmacy,24.0540068239213,90.9183568307593,,,,
Al Amin Jomio Hall,pharmacy,23.8464541375387,90.2482170503333,,,,
Sarkar Homeo Hall,clinic,23.8097528848461,90.3700372841243,,,,
"Faisal Homeo Pharmacy, Pharmacy",pharmacy,25.3445871471913,89.3431309313921,,,,
Test Center,pharmacy,23.260141686932,89.0250465907747,,,,
Bhuiayan Pharmacy,pharmacy,23.8079205169933,90.3509456556279,,,,
"Fahim Medicine Center, Pharmacy",pharmacy,24.7440593240785,89.3970623595244,,,,
সুমি রুমি ফার্মেসি,pharmacy,23.8130310471772,90.3754110898869,,,,
Nodi Medical Hall,pharmacy,23.772300362172,90.3469721306095,+8801718-812397,,,
Janani Pharmacy(জননী ফার্মেসী),pharmacy,23.8161298367805,90.3677306681899,,,,
Hasan Farma,pharmacy,23.2141464961815,89.6968621651021,,,,
Agargaon pharmacy and departmental store,pharmacy,23.7810044657035,90.3686160486222,,,,
Dr Arman's Dental Care,dentist,23.7786698542126,90.365018116685,,,,
Dhaka Unani Pharmacy,pharmacy,23.7352352510626,90.3886776309538,,,,
Oajedia Pharmacy,pharmacy,24.8195994662301,88.9357176311693,,,,
Apan Pharmacy,pharmacy,26.3375671600955,88.5552733558644,,,,
Khulna health care hospital,hospital,22.8160291456734,89.5435516240024,,,,
Dr. Kamrul Hasan Chamber,clinic,23.5537695619269,90.5270837232874,,,,
Homiopathy Pharmacy,pharmacy,23.0398477533544,89.6317868290626,,,,
Shahana Medico,pharmacy,21.6902244659398,92.2714062210961,,,,
Medicine Gallery(মেডিসিন গ্যালারী),pharmacy,23.8154835920458,90.3746615801051,,,,
Sikder dental surgery,pharmacy,23.8154328815316,90.3624240852908,,,,
Meri Sergical,pharmacy,25.7642419655419,89.2324841936266,,,,
Islam Medical Hall,pharmacy,23.8129678476273,90.3694560829582,,,,
"Sadhona Osodhaloy Ltd. Dhaka, Sadarghat Rd, Chattogram",pharmacy,22.3320387780573,91.8318793352446,,,,
"Niramoy pharmacy, 8 no sonaisori, 5no word, Chattogram",pharmacy,22.4754689831531,91.7268392525119,,,,
"Mohila O Sishu Hospital,OS",hospital,22.3602834448192,91.8338828615602,,,,
খন্দকার ফার্মেসি,pharmacy,23.8098921920768,90.3727193255017,,,,
Pallabi Dental Clinic(পল্লবী ডেন্টাল ক্লিনিক),clinic,23.8229752532832,90.364093928041,,,,
Tungipara Upazila Health Complex,hospital,22.8938107763716,89.8890716939065,,,,
Alif Homeo Pharmacy,pharmacy,23.811340082031,90.3675475236057,,,,
Saikot Pharmacy,pharmacy,24.9119491799201,91.8513869575955,,,,
Eikra medecine corner,pharmacy,23.7584877401133,90.4121210597588,,,,
Apollo Diagonostic Center,clinic,24.8694469796791,90.7315757577262,Private,,,
"Amjad Khan Memorial Hospital, Adjacent to Gorasthan Bazar, Natore Sadar Upazila, Natore",hospital,24.3870867245923,88.9197767600759,,,,
Kachua Upazila Health Complex,hospital,23.3409068560649,90.8907655333498,,,,
Muradnagar Upazila Health Complex,hospital,23.6403548731664,90.9315644470469,,,,
Muna Pharmacy,pharmacy,23.8119484405633,90.369745845351,,,,
Trishal Upazilla Health Complex,hospital,24.5764912494997,90.394800275946,,,yes,
"Cornell Pharmacy O Cosmetic Khyatna Centre, Cornellhat School Market, Chattogram",pharmacy,22.3688964370632,91.7776146426422,,,,
Comfort Pheotheraphy,hospital,24.3693772719292,88.5810982509991,,,,
Nihal Pharmacy,pharmacy,23.9639723595259,89.5435521269166,,,,
ক্রিসেন্ট ডেন্টাল সেন্টার,dentist,23.7640782180729,90.3654511258029,,,,
"উপজেলা স্বাস্থ্য কমপ্লেক্স, ঝিনাইগাতী",hospital,25.182484995491,90.0659934695128,,,yes,general
Panchari Upazila Health Complex,hospital,23.2972125815546,91.8999106332573,,,,
"Upazila Sastho Complex, Bagerhat",hospital,22.666184856812,89.7915183270883,,,,
New Anower Pharmacy,pharmacy,25.6259094663182,88.6366304549995,,,,
Sondhani Clinic,clinic,25.7639183402604,89.2328336351699,,,,
Sheba Drugs,pharmacy,23.7659243322469,90.3616388686015,,,,
"Alshifa Clinic, Hospital",hospital,25.1356421428726,89.3905357906183,,,,
"SATATA SPECIALIZED HOSPITAL, Rajshahi - Dhaka Hwy, Natore",hospital,24.4119355471024,88.9934514258572,,,,
"Manob Seba Hospital, Hospital",hospital,25.7569398191353,89.2314080410782,,,,
"Health Ways Hospital, Hospital",hospital,24.8466869274398,89.3718535342729,,,,
Digital Diagonestics Center,clinic,22.7219453838548,89.0695824921826,,,,
"Al-Arafa Pharmacy, Pharmacy",pharmacy,23.9352806858678,90.3869200296774,,,,
"Up-Health Center, Government hospital",hospital,24.6456821838164,89.2491856386141,,,,
Hasan Pharmacy & Surgical,pharmacy,22.3609582718437,91.8307215429593,,,,
"Niloy Pharmacy, Johnson Rd, Dhaka",pharmacy,23.7135196677777,90.4116943370683,,,,
Kabir Uddin Memorial College Hospital,hospital,25.7611577604502,89.2396857571952,,,,
Al Amin Medical Center,pharmacy,23.7598494641029,90.3658018246317,,,,
Barisal Heart Foundation,hospital,22.6975802809768,90.3589847389616,,,,cardiology
Balukhali MSF hospital,hospital,21.1902350568223,92.1626623429891,,,,
Advance Hospital Ltd.,hospital,23.7625462576299,90.4366339355898,,,,
সায়েম ফার্মেসি,pharmacy,23.8103061742745,90.3743189279034,,,,
Mayer Choya Pharmacy,pharmacy,21.7621596353555,92.0757604472666,,,,
Fatema pharmacy,pharmacy,23.7840219508459,90.4111030776184,,,,
Dr. Mostafijur Rahman,doctor,23.7920161909977,90.3880990281777,,,,
KB Shop & Pharma,pharmacy,23.8124486725447,90.4251100760117,,,,
"Bishmillah medicine corner, Pharmacy",pharmacy,24.2760529943573,90.3943138741048,,,,
Denture,dentist,23.8170806798765,90.3559182196856,,,,
Classic Farma,pharmacy,23.7464860282353,90.4274715934118,,,,
Ahmed Pharmacy,pharmacy,23.7784999530352,90.3548910174517,,,,
Chowdhury and Sons,pharmacy,22.3629550926367,91.834738234779,,,,
Anwar Medical,pharmacy,24.2538588882203,89.9155027682787,,,,
"Adhunik Pharmacy, Ishan Mohajon Road, Salimpur, Chattogram",pharmacy,22.3707499273119,91.7758036486425,,,,
Ma Pharmacy,pharmacy,23.7707458544094,90.3667328864362,,,,
Pm Pharma,pharmacy,23.7597782179259,90.3658983841563,,,,
"Shefa Medicin Corner, Pharmacy",pharmacy,24.2119895216689,90.4193989824653,,,,
Pal Pharmacy,pharmacy,24.4380418227267,90.7797485669211,,,,
Allahr Dan Pharmacy,pharmacy,23.8190950188471,90.3715365551449,,,,
"Labid hospital Dhanmondi, Hospital, Green Square Road, Dhaka",hospital,23.7421347308408,90.3846380565383,,,,
Sah Somie nagoi community clinic,hospital,22.3184272378558,91.8521736830274,,,,
M/S. Nur Pharmacy মেসার্স নূর ফার্মেসী,pharmacy,23.8957312624768,90.406852363062,,,,
Menon Hospital,hospital,22.3313996579404,91.8320130266002,,,,
B Pharma\,pharmacy,23.7585453237881,90.4136962708222,,,,
Raj Pathology,clinic,24.3700359218806,88.5816230419568,,,,
Islam Pharmacy,pharmacy,24.373430927942,91.4165103516247,,,,
"New Shafi Pharmacy, Pharmacy",pharmacy,24.8568341432407,89.3526455649605,,,,
Alif Medical Hall,pharmacy,23.7663544915178,90.4179504219589,,,,
Afsan Pharmacy,pharmacy,25.7640946955032,89.2326901369876,,,,
"Retina Eye Hospital And Phaco Centre, Hospital",hospital,24.0106226798284,90.3200459372168,,,,
"Liton Pharmacy, Boubazar, Korail",pharmacy,23.7867308981326,90.4105274923275,,,,
New Life Pharma,pharmacy,23.7676419518452,90.3627655640261,,,,
Don Pharmacy,pharmacy,23.85141513457,90.4133528642492,,,,
"Hamdard Medical And Sales Center, Pharmacy",pharmacy,25.7807009220706,88.9149868376883,,,,
Aziz Medicalhall,pharmacy,22.8119162296051,89.5608911832784,Private,,,
Nur Medical Centre(নুর মেডিকেল সেন্টার),pharmacy,23.8282009508168,90.3706607300823,,,,
Gazi Medical College and Hospital,hospital,22.8175848269023,89.5457200223534,Dr. Gazi Mizanur Rahman,,yes,general;gynaecology;ophthalmology;paediatrics;orthopaedics;dermatology;surgery;urology;dentist
Khokon Medical Hall,pharmacy,23.7831957466501,90.4096139487006,,,,
Nova Medico,pharmacy,22.3601706244025,91.8329230498278,,,,
Poroma,pharmacy,23.70446897255,90.4192610163391,,,,
Jamia Medical Hall,pharmacy,24.3226257820554,89.6744416637604,,,,
Shobuj Pharmacy,pharmacy,22.359841969979,91.8333166640008,,,,
Rahman Homio Hall,pharmacy,23.7471502940618,90.4335615489815,,,,
"M/S Azgar Pharmacy, Pharmacy",pharmacy,23.7495071175961,90.4204666692916,,,,
Dipa Pharmacy দিপা ফার্মেসি,pharmacy,26.4106459563802,88.5579677186396,,,,
Shefa Diagonestics Center,hospital,23.604988019459,89.8366716394841,,,,
বরিশাল জেনারেল হাসপাতাল,hospital,22.7088498336126,90.3706233467942,,,,
National Center for Hearing and Speech for Children (SAHIC),hospital,23.7773469384347,90.3996035255595,,,,
Alfa Pharmacy,pharmacy,24.2539561182971,89.915411237896,,,,
Bhuya drug house,pharmacy,23.6031358703148,89.836576421064,,,,
"Mohsinia Homeo Hall, Pharmacy",pharmacy,24.288101561074,90.3908297684126,,,,
"Asia Medical Complex, Doctor",doctor,25.4196392949402,89.3116136343552,,,,
BN Dental Care,dentist,23.8122500214395,90.4244683575047,,,,
Tania Hafij (Mukta) Chamber(তানিয়া হাফিজ (মুক্তা) চেম্বার),clinic,23.8221996757826,90.3624153681115,,,,
The Ideal Diagnostic & Medical,clinic,23.7340985811732,90.4158858753883,,,,
Nur Pharmacy,pharmacy,22.8127475467619,89.5571541955675,Private,,,
(আয়েশা মেডিসিন সেন্টার),pharmacy,23.8245140868869,90.3640021462013,,,,
Sanuar Medical Hall,pharmacy,23.7703685849476,90.3559422757477,,,,
M/S Arafat Medical Hall,pharmacy,23.8234643373334,90.3534742243583,,,,
Dentors Dental Care,dentist,23.7905208594715,90.3879343237804,,,,
"Jahangir Pharmacy, Pharmacy",pharmacy,23.8171445499787,90.0465483761595,,,,
Ibn Sina Cancer Diagnostic Center,hospital,23.7462348225972,90.3710049748457,,,,
Physiotherapi Orthopedic and Rehabilitation,clinic,23.7715640957972,90.3662159744675,,,,
"Baptist-mid-missions hospital, Dhaka - Natore Hwy, Natore",hospital,24.4080525466383,89.0136943925735,,,,
Shishir Medical Hall(শিশির মেডিক্যাল হল),hospital,23.8228938650034,90.3689289450676,,,,
"Medicine Corner, Pharmacy, Rajendropur Bus Stand, South,",pharmacy,23.6629180345002,90.3910623662257,,,,
"Dhamrai Diabetes Hospital, Hospital",hospital,23.9054602213093,90.2198615748115,,,,
"Bismillah Medical Hall, Pharmacy",pharmacy,23.974125526478,90.380630249536,,,,
Buda Diagnostic Centre,hospital,24.6869986800345,90.5986006357348,,,,
Muktijoddha Omor Faruk Clinic,clinic,23.0411815656064,89.6326590499068,,,,
"Cosmos General Hospital, Bazar Road, Gopalpur, Natore",hospital,24.2054350410253,89.0031743497195,,,,
Eastern Medical College & Hospital,hospital,23.4789691227303,91.073136048933,,,,
Dr. Refayetullah Eye Care Center,clinic,23.7402721881366,90.3828391324793,,,,
Chowdory Drag House,pharmacy,23.7456075209637,90.4277215417644,,,,
Mohanganj Upazila Health Complex,hospital,24.8792088793911,90.9820952532426,,,,
Ma pharmacy(মা ফার্মেসী),pharmacy,23.8171637445369,90.374172663693,,,,
Bushra Dental Care,dentist,24.2322322369281,90.7367084999535,,,,
মামা-ভাগ্না মেডিসিন মার্ট,pharmacy,25.3871658742083,88.9880155940111,,,,
Limon Medica Hall,pharmacy,22.6858819939937,90.3626322917656,,,,
Safe Ideal Health Care ltd,hospital,22.3653686616555,91.8495851836893,,,,
"Alpha Clinic, Mohadevpur, Naogaon",clinic,24.9196342954828,88.7514993250315,,,,
Hamdard,pharmacy,24.4909227469342,91.7747475288427,,,,
Mamata Clinic,hospital,22.353410451855,91.8162451579883,,,,
Kabir Pharmacy,pharmacy,23.8152553528224,88.7434794362561,,,,
Advance Dental,dentist,23.7604989777798,90.3637227773685,,,,
Imon pharmacy,pharmacy,23.7103329520102,90.4119225762917,,,,
KBS Physiotherapy,doctor,23.7900107368444,90.3880065757857,,,,
Tamim Pharmacy,pharmacy,23.7567056636796,90.3613404728486,,,,
Kuliarchar Upazila Health Complex,hospital,24.1572884671872,90.9288905361155,,,,
Mohona Medico,pharmacy,21.7624121820982,92.0759951405555,,,,
Popular Diagnostic center,hospital,22.8754339565779,91.0971361199278,Popular,,,general;endocrinology;diabetes;ophthalmology;dermatology;orthopaedics;paediatrics;gynaecology;otolaryngology;internal;radiology;urology;surgery;cardiology;neurology;plastic_surgery;nephrology;gastroenterology;Hepatology
"Multipurpose Building, 250-bed Mohammad Ali Hospital Extension Building, Hospital",hospital,24.8360674752142,89.3749579397513,,,,
"AYESHA JABBAR CONSULTATION AndDIAGNOSTIC CENTER, Hospital",hospital,25.0727532262759,89.3744929955823,,,,
Janoni homeopathic,pharmacy,25.5476699322495,88.8373543210475,,,,
Family Planning Ascociation of Bangladesh (FPAB),doctor,21.4227709276229,91.9962587662181,,,,
"Al Haz Abdul Ahad Daibetes Center, Hospital",hospital,23.9430115666218,90.2716298851918,,,,
Community Clinic in front of Haji House,clinic,22.4282608471945,90.7105841194184,,,,
Janata Pharmacy জনতা ফার্মেসী,pharmacy,24.9066940619064,91.8620316393497,,,,
A.R Pharma,pharmacy,23.7666683937916,90.4176527805772,,,,
Kajir Aola Health Complex,hospital,21.9646636499996,90.4256557379082,,,,
"Grammen Eye Hospital, Naogaon",hospital,24.8243775701342,88.930505596138,,,,
Seba Pathology,clinic,24.7169284446103,90.9463424967131,,,,
Bhola Bhai Bhai Medical Hall,pharmacy,23.7723594545893,90.3471656687537,+8801717824544,,,
"M/s. Mohchen Awlia Pharmacy, 2 No Lane, Alkoron Road, Alkoron, Chattogram",pharmacy,22.3309173632317,91.8340386811402,,,,
Ripon Pharmacy,pharmacy,23.2469582943446,89.0619957801632,,,,
"Zam Zam Pharmacy, Baby super, Tulatoli Road, Bayazid Bostami Rd, Chattogram",pharmacy,22.3693057253952,91.8177469435799,,,,
Crown Pharmacy,pharmacy,23.9128666385915,90.3076191790288,,,,
West clinic,clinic,22.1785717468254,90.0761357399908,,,,
"Shupty dental care, Dentist",dentist,24.8955216555284,89.9490049838062,,,,
Jain Medical,pharmacy,24.4383004882586,90.7794099380329,,,,
কমলাপুর রেলওয়ে হাসপাতাল,hospital,23.7364009223369,90.4235876709383,,,,
"R M Pharmacy, Korail",pharmacy,23.7866059239563,90.410417857034,,,,
Rahmania Pharmacy,pharmacy,23.7671438991587,90.3502216268318,,,,
Mehjabin Medicine Corner,pharmacy,23.7741714544174,90.365417095276,,,,
One Lab Diagonestics,clinic,24.3721390252059,88.5808279346218,,,,
Alfat Medical hall,pharmacy,24.4419897829404,90.7766899266341,,,,
Niramoy General Hospital,hospital,24.3891985450969,89.995888656293,,,,
Soikot Drug Store,pharmacy,24.9060000403237,91.863471985591,,,,
High Light Eye Hospital,hospital,23.1738425338669,89.5030254574346,,,,
Katiyadi Upazilla Health Complex,hospital,24.2443694841804,90.7978090536891,,,,
Sadia Dental Care,dentist,23.854061720497,90.3861951626909,,,,
Jalil Pharmacy,pharmacy,25.3862622212272,88.9880477805193,,,,
Jannat Dental,dentist,23.7911854605742,90.3878046557383,,,,
New Shila Drug House,pharmacy,23.7832582756478,90.4260282296853,,,,
Clinic,clinic,22.2152309223641,90.0753753337348,,,,
Messrs Asha Drug House,pharmacy,24.9127997754541,91.8240508891377,,,,
"M/s MF Traders, Construction equipment supplier",hospital,24.5765482464413,90.3960144784397,,,,
Nabi Pharmacy,pharmacy,25.7627384197507,89.2347798292678,,,,
"Al Ihsan Hospital, Hospital",hospital,23.9177530366845,90.3935810443103,,,,
Harbal Bonaji Medicine,pharmacy,23.8176580253671,90.3804538942932,,,,
Nilphamary Pharmacy,pharmacy,25.7644071728535,89.2321854625975,,,,
"MONONIRAMOY Psychiatric Hospital, Hospital",hospital,23.7781844581998,90.3602134421478,,,,
Selina Medical Hall,pharmacy,24.6307811716307,90.6078404266981,,,,
M M Medical Hall,pharmacy,23.7680732845825,90.362176316233,,,,
"Hoque Pharmacy, Dhaka - Chittagong Hwy, Mirsharai, Chittagong",pharmacy,22.7552895166884,91.5862422983267,,,,
Medical Hall,pharmacy,23.7009890578094,90.4278750982306,,,,
"Specialized Bogura Hospital, Hospital",hospital,24.8328715393531,89.3761740700828,,,,
Anurag Pharma,pharmacy,23.7702381625342,90.3682349234849,,,,
Sumona Clinic,clinic,23.7077813330461,90.4102260790893,,,,
CD PATH,hospital,23.4619903205669,91.1793855564747,,,yes,
Layla dental clinic(লায়লা ডেন্টাল ক্লিনিক),clinic,23.8211952723253,90.3651330325775,,,,
Nishan Medicine Mart,pharmacy,23.8521143529327,90.4119255937769,,,,
বিশ্বনাথ উপজেলা স্বাস্থ্য কমপ্লেক্স,hospital,24.8405594209439,91.7257034208128,,,,
Tilpapara Dental Care Point,clinic,23.7475109673553,90.4286858797245,,,,
Prodhan Pharmacy,pharmacy,26.3495766671435,89.021862389578,,,,
"Agrovim Ltd.,Faculty of pharmacy",pharmacy,23.798514261433,90.2519911698753,,,,
Dr Mohammad Osman,doctor,23.7705170284528,90.3674201186774,,,,
Sharmin Medical Care,pharmacy,23.8148463997665,90.3714368943162,,,,
"Niramay Pharmacy, Pharmacy",pharmacy,25.0069261173408,90.0216182491886,,,,
Saha Medicine Corner সাহা মেডিসিন কর্নার,pharmacy,23.8479436855517,90.2564925871555,,,,
"TOWHID MEDICIN CORNER, Hospital",hospital,23.9138613190411,90.3099805287909,,,,
Dr. Nurul Alam,doctor,21.8794111451837,91.8591880786981,,,,
Sen Pharmacy,pharmacy,23.7867860510555,90.3541439384218,,,,
Monir Medical Hall,pharmacy,23.8513927548885,90.4127758540347,,,,
Prescription Aid,pharmacy,23.8124099481521,90.4241979573083,,,,
Jamia Pharmacy,pharmacy,24.3228312225022,89.6745392291133,,,,
Dr. Sajeda Sultana,doctor,23.7917821682611,90.3880803365337,,,,
"Mymensingh Union Specialized Hospital Limited, General hospital",hospital,24.7471777273352,90.4082478661214,,,,
Khondokar Pharmacy,pharmacy,23.85451853422,90.3862717732859,,,,
"Zahid Medical Hall, Pharmacy",pharmacy,24.0154608819782,90.3845827359774,,,,
Panasia Dental,pharmacy,24.8172231966804,88.9391816202939,,,,
Ashyan Pharma,pharmacy,23.8083801805633,90.3609591800732,,,,
Parul Pharmecy,pharmacy,23.7181305527135,90.3923670932737,,,,
"Pallyshasthya Meditech Hospital, Hospital",hospital,23.8721556510587,90.0028838574055,,,,
Sana Pharmacy,pharmacy,25.3865528218102,88.9880481996145,,,,
"Professor Dr. Mohammad Shafiul Hasan, O.R. Nizam Road, G.E.C Circle, Chattogram",doctor,22.3593614354701,91.8235796585412,,,,
City Medical Hall,pharmacy,24.9174287653008,89.9509735575855,,,,
Rajib Homeo,laboratory,23.7736324980433,90.3577082589273,,,,
Khagrachari General Hospital,hospital,23.1080102281518,91.9927820366008,,,,
Sondhani M Store,pharmacy,24.0779730320272,90.2099483817472,,,,
Pinon Pharmacy,pharmacy,22.3603709518883,91.8281963269902,,,,
Sastho Poribar Kollan Kendro,clinic,25.1077658607553,91.2472995916619,,,,
Natural Health Care,clinic,24.8169299977074,88.9392527826518,,,,
Saheber Metho Community Clinic,clinic,22.4623237282252,89.697723070377,,,,
SEP Bangladesh Hospital,hospital,21.9796775664211,90.4434281386642,,,,
Khadija Clinic,clinic,23.040850396612,89.630789550223,,,,
Jannah Medical Services,pharmacy,23.8515092633426,90.4136522658306,,,,
পপুলার ডায়াগনস্টিক এন্ড কনসালটেশন সেন্টার,clinic,25.0407817977251,88.7599652986939,,,,general
Shanta Diagnostic,clinic,23.7837240580072,90.409807822121,,,,
"Chittagong Union Hospital Private Limited, Mirzapul Rd, Chattogram",hospital,22.3679666325442,91.8332026701177,,,,
Aks pharmacy,pharmacy,23.7982242475831,90.3643481511643,,,,
Medicine Corner,pharmacy,24.8170521220367,88.9392298162371,,,,
Renesha Diagonestics Center,clinic,23.5538720726027,90.532077158284,,,,
Rash Pharmacy,pharmacy,24.81739117002,88.9388711546003,,,,
Sadad Pharmacy,pharmacy,24.9127807485339,91.8515319645204,,,,
Fatema Drug House(ফাতেমা ড্রাগ হাউজ),pharmacy,23.8219382442226,90.3676539737759,,,,
"City Community Hospital, Hospital",hospital,25.7781013586203,88.8949342239931,,,,
ClinicBari Eye Care,pharmacy,23.7734646923418,90.3554550357162,,,,
Choukuni community clinic,clinic,22.3914256516891,89.3235790525925,,,,
"Islamiya medicine corner, Pharmacy",pharmacy,23.7920224774251,90.2619506310451,,,,
"Seva Medical Hall Phultala Bazar, Medical Center",pharmacy,24.3609768447497,89.9233233353967,,,,
"Rahim Medicine Corner, Pharmacy",pharmacy,25.7672958281442,89.2345596366714,,,,
Evercure Medical Hall,pharmacy,23.697644259348,90.4230147678563,,,,
কুমুদিনি হাসপাতাল,hospital,24.0974791456355,90.0938209689537,,,,
Al Noor Pharma,pharmacy,23.7829252626347,90.3523311842225,,,,
Nusrat Pharmacy,pharmacy,23.7926211967687,90.3751143705146,,,,
"Shad Model Medicine Shop (Veterinary), Pharmacy",pharmacy,24.2436594531626,89.9125045615135,,,,
Halima Medical Hall,pharmacy,22.5702652905605,90.1335599909945,,,,
Medicine Center,pharmacy,23.7179289679422,90.4270137738604,,,,
"Atif Pharmacy, Pharmacy",pharmacy,26.1062125509091,88.8218183796964,,,,
Khajuria Community Clinic,clinic,22.4506943404861,89.5546352660259,,,,
Pharmacy,pharmacy,23.743720084007,90.4095090910919,,,,
Moon Light Pharmacy,pharmacy,25.7642355952955,89.2324961797482,,,,
Nirod Medical Hall,pharmacy,23.9229920614441,90.3927386630414,,,,
শাহপরান মেডিসিন সেন্টার,pharmacy,24.886490238678,91.8838265992576,,,,
"A.R.Pharmacy, Chittagong-Anwara-Banshkhali Rd, Anowara, Chattogram",pharmacy,22.2327540453196,91.8724074296501,,,,
Hathazari Upazila Health Complex,hospital,22.5088810932215,91.8039860378638,,,,
মেসার্স যমুনা ফামের্সী,pharmacy,23.4083606409489,89.1352127940312,,,,
"Al Aksa Pharmacy, Amnat khan Tower, Dewanhat Overbridge, Dhaka Trunk Rd, Chattogram",pharmacy,22.3384900774729,91.8132039520598,,,,
"Konok Pharmacy, Abdul Mabud Showdagor Road, E. P. Z, Bondor, Chattogram",pharmacy,22.2962603729041,91.7848820879698,,,,
Prapti Pharmacy,pharmacy,23.8849545657475,90.2617716774123,,,,
Poribar Porikolpona Clinic,clinic,23.7666476904908,90.4208933919822,,,,
Priya Pharmacy,pharmacy,23.8447227716192,90.3885159440416,,,,
"An Noor Pharmacy, Chittagong - Rangamati Hwy, Raozan, Chattogram",pharmacy,22.5348712794868,91.9137922383791,,,,
NHN Gulshan Shasthoseba Kendra,hospital,23.790078462622,90.4197358511539,,,,
Janani Medicine Centre,pharmacy,23.7584167453934,90.4121176231785,,,,
Romani Memorable Community Clinic,clinic,22.5068379205039,89.4909434469242,,,,
Shamim Medical,pharmacy,24.8171166626911,88.9392164890111,,,,
National Healthcare,clinic,23.7721773996524,90.3668769713518,,,,
Homeopathic Pharmacy হোমীওপ্যাথিক ফার্মেসী,pharmacy,26.0021590181799,89.4350326323575,,,,
Dr Tarek Mahmud,clinic,22.6644103240912,89.7908619402508,,,,
Surjo Pharmacy,pharmacy,23.0412003410695,89.632279265874,,,,
ঢাকা লাইফ কেয়ার হসপিটাল (ব্রেন এন্ড লাইফ কেয়ার হসপিটাল এন্ড ডায়াগনষ্টিক সেন্টার),clinic,23.7644135780189,90.3907512299799,,,,
D.M. Enterprise Rabbani,pharmacy,24.3945555870531,88.6847511287567,,,,
HANEMANN PHARMACY,pharmacy,23.1651524281137,89.2140268237434,,,,
Bola Vai Vai Medica Hall,pharmacy,23.7722154534928,90.3469435483196,,,,
মিরপুর ফার্মেসি,pharmacy,23.8095181915572,90.3728022225241,,,,
Khonkarer Ber Community Clinic,clinic,22.4699505895608,89.693306729414,,,,
Shibganj Upazila Health Complex,hospital,24.6886617334431,88.1600350214583,,,,
Nazrul Pharmacy,pharmacy,23.732283396222,90.3665175553436,Nazrul,,,
Fare Lab,pharmacy,23.7699819277542,90.3659487593943,,,,
Satabdi Medicine corner,pharmacy,23.602758936129,89.8358561641243,,,,
Bhuyan Medical Hall,pharmacy,24.2626450505838,89.9241617771712,,,,
Badsha Medicine,pharmacy,24.2532491885834,89.9178974780154,,,,
Lopa Medical Hall,pharmacy,23.7952675312387,90.3521809805176,,,,
Akter Pharmacy,pharmacy,24.2549346216735,89.921562548997,,,,
Jhorna Clinic,clinic,22.4525994632584,89.0353584271538,,,,
Ma Nersing Home,pharmacy,24.2538280428166,89.9153485412603,,,,
Tushar Pharma,pharmacy,23.7775307535713,90.4258992321954,,,,
Rinky Pharmacy,pharmacy,24.8341292439243,89.3752669805213,,,,
Bismillah Pharmacy(বিসমিল্লাহ ফার্মেসী),pharmacy,23.8154275171136,90.3745391204998,,,,
Bibiana Medicine Center,pharmacy,24.7065004350531,91.7335579346387,,,,
Islami Bank Hospital,hospital,24.3716316686068,88.5829561836566,,,,
Digilab Medical Services Limited,clinic,23.7662763721802,90.4218972925253,,,,
Renesha Hospital,hospital,23.1677767181783,89.209369335426,,,,
AMS- Available Medicine Service,pharmacy,22.3284873656827,91.7894555896174,,,,
Kata Khali GPS Kam Cyclone Center,clinic,21.9644335667575,90.3742150761231,,,,
S F Dental Sugery,dentist,23.8279372561429,90.3631539814191,,,,
Shebika General Hospital,clinic,23.7731501195157,90.3650943920038,,,,
Sara Medical Hall,pharmacy,24.8194330854521,88.9363539852583,,,,
Tiens Herbal Healthcare,pharmacy,23.7683618735088,90.3555920798331,,,,
"Sharif Medical Hall, Pharmacy",pharmacy,24.764226266933,90.2616509780066,,,,
Ibn Sina Pharmacy,pharmacy,23.7451063669729,90.3723604962269,,,,
Farmacity,pharmacy,23.7102179522986,90.4245275337411,,,,
Medicine Corner,pharmacy,23.8514694493026,90.4165952358538,,,,
Shakil Pharmacy,pharmacy,23.9062383971999,90.3985891476374,,,,
Jhenaidah Shishu Hospital,hospital,23.5413087732121,89.1923281719029,,,,
Haque Dental Care,dentist,23.7502959385038,90.3870872486457,,,,
H R Pharma,pharmacy,23.7741960972127,90.3613265588893,,,,
Hyder Fermeci,pharmacy,26.1249800512098,88.5339262410431,,,,
Square hospital Consultation and Diagnostic centre,hospital,23.7911091852553,90.4015598617602,,,,
Bhanga Upazila Health Complex,hospital,23.3821522737441,89.9800208753952,,,,
"Janasheba Diagnostic Center, Hospital",hospital,24.8888697771699,89.3616053165388,,,,
United Pharmacy,pharmacy,23.8553456604252,90.4133354298906,,,,
Maa Pharmacy মা ফার্মেসী,pharmacy,23.8489790182317,90.257703520707,,,,
Sumi Pharmacy সুমী ফার্মেসী,pharmacy,23.9661787278982,89.561986195109,,,,
Nababgong medical hall,pharmacy,23.7572767227428,90.4102228939661,,,,
"Mother & children hospital, Naogaon",hospital,25.014586254832,88.8047181237559,,,,
LBIB MEDICAL HALL,pharmacy,24.6279417181116,90.39848764279,,,,
M H Medical Hall,pharmacy,25.76346563367,89.2335010861196,,,,
Tonni Pharmacy,pharmacy,25.742449520205,89.2343689483742,,,,
Dr Sayeda Dil Afroz Chamber(ড সায়েদা দিল আফরোজ),hospital,23.8230875707858,90.3688619736613,,,,
Shathi Medical Hall,pharmacy,22.3608590301101,91.8305687408644,,,,
Helal Health Diagnostic Center,clinic,23.7904833923643,90.3879472319113,,,,
Hamid Pharmacy,pharmacy,23.7784336521811,90.3651902809762,,,,
Mesars Saida Pharmacy,pharmacy,23.8236039798403,90.353552678972,,,,
"Modern Pharmacy, Bibirhat, Chittagong - Khagrachhari Rd, Chattogram",pharmacy,22.6869350963084,91.7904982983721,,,,
"M/s. Reliever Pharmacy, D.T Road, Fakirhat, South Salimpur, Po. Jafrabad, Sitakund, Chattogram",pharmacy,22.3860609822009,91.7620979796683,,,,
Lamia Dental,clinic,24.8189697338447,88.9370030798401,,,,
Sunny Pharmacy,pharmacy,24.9274402780893,91.545766674635,,,,
S H Pharmacy,pharmacy,23.7708014264275,90.3678620964317,,,,
Talukder Dental Care,dentist,22.3751733928927,91.8325414217763,,,,
Jewel's pharmacy,pharmacy,24.327400030284,89.6891898738513,,,,
DEPP Innovation Lab Bangladesh,laboratory,23.7829237538921,90.4104795478414,,,,
Taj Hospital,hospital,24.1401562761957,90.7031206213757,,,,
Phulbari Upazila Health Complex,hospital,25.5021794997082,88.9482670166007,,,,
"City Hospital, Hospital",hospital,24.8535414802171,89.3626132403954,,,,
"Dr. Hafizur Rahman Chamber, Rangamati road, Hathazari, Chittagong - Rangamati Hwy, Chattogram",doctor,22.5103448249727,91.8400551274191,,,,
Sumon Pharmacy,pharmacy,23.0412360479771,89.6318577399634,,,,
Rido Shastho Kendro,hospital,22.8592845437335,89.0406441391141,,,,
Royal Pharmacy,pharmacy,24.8348903207325,89.3748015334381,,,,
"Porichorja Digital Hospital, Chowrasta, Chunkutia, Dhaka",hospital,23.6959898392997,90.3988881301236,,,,
Bangladesh Diabetic Foot Saving Centre,hospital,22.3439670644636,91.8329766940081,,,,
Manirampur Upazila Health Complex,hospital,23.0091120687884,89.2354314384205,,,,
"Sharif Homeo Hall, Hazari Rd, Saidpur, Chittagong",laboratory,22.6240513764917,91.6379242751043,,,,
Prime Pharma,pharmacy,23.8082168172705,90.3786549702341,,,,
"Fatehabad Clinic & Diagnostic Centre, Chittagong - Rangamati-Khagrachhari Rd, Chattogram",hospital,22.4446239985698,91.8191129423401,,,,
Dhamrai Upazilla Health Complex,hospital,23.9137070920227,90.227524981245,,,,
Union Health Family Planning Center,clinic,22.724690038049,90.643292943456,,,,
Barisal Optics(বরিশাল অপটিকস),pharmacy,23.8168109502323,90.3676205299823,,,,
"M/S. Kamini Pharmacy, Abdul Mabud Showdagor Road, E.P.Z. Gate, Bandor, Chattogram",pharmacy,22.2966715890738,91.7837330966827,,,,
Tanvi Pharmacy,pharmacy,23.6029095589291,89.8359271588442,,,,
Messrs Chatok Pharmacy,pharmacy,24.9122390261319,91.8514403503187,,,,
Minha Medicine Corner,pharmacy,23.7482050727571,90.4323045987816,,,,
Al Amin Pharmacy,pharmacy,23.7947325981781,90.4146778755029,,,,
Mifta pharmacy,pharmacy,24.9144479928942,89.3528513406834,,,,
"ABC Eye Hospital, Hospital",hospital,24.6812417374778,89.4091725332295,,,,
Dhamoirhat Upazila Health Complex,hospital,25.1515030506098,88.8511377740832,,,,
Al khidma Madical Hall (আল খিদমাহ্ মেডিকেল হল),pharmacy,23.7717761579475,90.3494595441953,,,,
Islam Pharmacy,pharmacy,23.7623803797661,90.3627893686311,,,,
Pharma Ad,pharmacy,23.8514185711503,90.4171143271174,,,,
Puraton Haar Vanga Chikotshaloy,clinic,23.7476225304866,90.4300934527245,,,,
Shimu Medicine House,pharmacy,23.7474516234809,90.4302144874063,,,,
শশী মেডিসিন কর্নার,pharmacy,23.8136071353823,90.3751742173032,,,,
Shimul Medicine Corner,pharmacy,23.8502085596082,90.3876830343232,,,,
Kurigram General Hospital,hospital,25.8083677404276,89.6451387817228,,,,
Daps Hospital,hospital,22.802373349023,89.5273306297049,,,,
Health Care Hospital,clinic,25.762435665408,89.2348428611796,,,,
Bangladesh Eye care and Faco Center,hospital,23.7691217768505,90.3588455993689,,,,
Dr Elias Bhuiyan,doctor,23.8094613622537,90.3747165653899,,,,
"Singair Clinic And Diagnostic Centre, Hospital",hospital,23.8082458186555,90.1479149221884,,,,
Mohona Dedicine,pharmacy,25.7629855182562,89.2343490832637,,,,
"Islamia Clinic, Mohadevpur",clinic,25.0391161459264,88.7597878538037,,,,
"Upsam Pharmacy And Tea Store, Pharmacy",pharmacy,25.9659992364323,88.8413369823404,,,,
দি ল্যাব এইড হাসপাতাল,hospital,25.0364377925864,88.7602353636141,,,,
Laskar Dighirpar Community Clinic,clinic,23.272552770961,89.8363496905832,,,,general
City Pharmecy,pharmacy,23.7186293597713,90.391733924308,,,,
"New Alankar Pharmacy, Zia Market, Alankar More, Pahartoli, Opp. Jelar Hat, Chattogram",pharmacy,22.3585217364102,91.7830876901384,,,,
The Hearing Solution,doctor,23.7931505977732,90.3876301445142,,,,
Medicine Corner,pharmacy,23.8203078802363,90.3779964879208,,,,
PKS Clinic,clinic,23.1488346228345,89.2024067399169,,,,
Dentist Square(ডেন্টিস্ট স্কয়ার),clinic,23.8242688324,90.3633350305277,,,,
Madaripur Pharmecy,pharmacy,23.7516961354289,90.4072380982461,,,,
Ma Pharmacy,pharmacy,23.7375095966697,90.4494331855548,,,,
Dr. Md Abdul Mannan,doctor,23.7914879634597,90.3880402710365,,,,
Chowdury Dental Care,dentist,23.8228330962054,90.3640899885465,,,,
Tasen Medicine Corner,pharmacy,23.7741079195913,90.3653864175104,,,,
Aftab Medicine,pharmacy,25.7643988747693,89.232577568028,,,,
Bablu Medicine Store,pharmacy,25.3888021893458,88.9898880273611,,,,
Nowgah Drug House,pharmacy,24.8174799343746,88.9387732539712,,,,
Hawladar Medical Hall,pharmacy,22.6849106990539,90.3602558545779,,,,
Muttaki Pharma,pharmacy,23.7991231228795,90.3819524947615,,,,
"Dubai Hospital BD, Hospital",hospital,24.7670342883152,89.9265826384457,,,,
Amena Dental,hospital,24.2618854825182,89.9224778528236,,,,
Niramay Unani Medical Hall,pharmacy,23.7146394900417,90.4085100520526,,,,
J C Pharmacy জে সি ফার্মেসী,pharmacy,24.3659370874097,88.643543932556,,,,
Popular Diagnostic Center Ltd.,laboratory,23.839957492027,90.2573052964873,,,,
Nayantara Pharma,pharmacy,23.7680951613498,90.3674809712944,,,,
Eye infarmary and training complex,hospital,22.3604418627892,91.7959433503117,,,yes,
Shamim Medical,pharmacy,22.6858145196731,90.3624683417396,,,,
Bismillah Pharmacy,pharmacy,23.0282787991372,89.3960990273927,,,,
Genesis Hospital,hospital,23.1694060763361,89.204707739976,,,,
Modern Diagnostic Centre Ltd,clinic,23.7324821311462,90.41508758293,,,,
Bismillah Pharmacy,pharmacy,24.3798984882497,88.5642487816017,,,,
Mamun Pharmacy,pharmacy,24.8811606893641,89.3525466585031,,,,
"CMC General Hospital, Hospital",hospital,24.8893016966404,89.360731586952,,,,
Prescription aid pharmacy,pharmacy,23.7907463326669,90.4040803838635,,,,
Shreehashy Community Clinic,clinic,23.1257717324335,91.1987343417604,,,,
Popular Pharmacy,pharmacy,24.3454213735642,91.9766283489857,"Medicine, Doctor",,,
Imam Pharmacy,pharmacy,23.8465734958399,90.2465240735303,,,,
"Remedy Care Hospital Limited, Hospital",hospital,23.7684379811896,90.3686406914175,,,,
Alif Homeo Hall,doctor,23.8070901218459,90.369899234179,,,,
Jahan Pharmacy,pharmacy,23.810703644123,90.3740576639815,,,,
Altafun Nesa General Hospital,hospital,25.7458544169122,88.6714594419802,,,,
"Fachi Medical Hall, Hospital",hospital,24.0025889609127,90.3826554849807,,,,
Health Lab Medicine Corner,pharmacy,23.7939000237359,90.3746467441365,,,,
Sharitpur Medical Hall(শরিয়তপুর মেডিকেল হল),pharmacy,23.8199128411398,90.3758470326709,,,,
Zarah's dental Care,dentist,23.8022551886383,90.3619457300767,,,,
Sarkar Medical Hall,pharmacy,25.7423399687305,89.2335648724028,,,,
Mahi Medicine Corner,pharmacy,23.8150270297799,90.3697057798538,,,,
"Allahr Dan Pharmacy, Bar Quater, Mugoltoli Bazar, Agrabad, Chattogram",pharmacy,22.3284109227258,91.8182099599112,,,,
Patients Clinic,clinic,22.8981871356566,89.5063839183982,,,,
"Hamdard Unani Medical College O Hospital, Hospital",hospital,24.8087510204097,89.3830435426477,,,,
Tanisha Medical,pharmacy,24.2539042343164,89.9155092223442,,,,
ইসলাম ফার্মাসি ও টেলিকম,pharmacy,24.0548219640049,90.9830034324515,,,,
Niramoy Clinic,hospital,23.0415560690402,89.6304734686543,,,,
Care Medicine Corner,pharmacy,23.7689359500571,90.3686891388178,,,,
Dhaka Central Consultation & Diagnostic Center,laboratory,23.7736530337061,90.3621413636968,,,,
"Hill View Hospital, Hospital",hospital,24.8236947803017,92.1610450547717,,,,
Paris Dental Care;Muslim Sweets,dentist,23.8135986696601,90.3714859284498,,,,
"S S Medical Hall, Pharmacy",pharmacy,23.7889225981744,90.3557605560869,,,,
Habib Pharmacy,pharmacy,23.7074727951903,90.4179072551576,,,,
"Tania Medical and Diagnostic Center, Hospital",hospital,24.2587611281103,90.3983255367826,,,,
Samorita Hospital,hospital,23.6047644741014,89.836423283693,,,,
Alif Homoeo Hall,pharmacy,23.8149243514661,90.5954281692026,,,,
Dewan Mohammad Ali Homeopathic Charitable Hospital,hospital,24.9843252374428,88.8366143666354,,,,
"Lajpharma Limited, Kodomtoli Gol Chattar, Dhaka",pharmacy,23.7006232715549,90.3977572437475,,,,
Khandakar Doctors Corner and Pharmacy,laboratory,23.7645021747355,90.3609602697206,,,,
Homna Upazila Health Complex,hospital,23.6815144601571,90.7823231522999,,,,
"Usha Medical Hall, Pharmacy",pharmacy,24.0102183368193,89.8495494278818,,,,
Jahid Drugs House,pharmacy,23.589238591034,89.8330396770199,,,,
Scan Hospital,hospital,23.1683176862091,89.2086703685204,,,,
Sahad diagnostic and consultant center,clinic,22.7954160341129,89.8726379669064,,,,
"Adhunik khotona and minor surgery center ,OS",doctor,22.4303623579581,91.8705640815043,,,,
Sajib Pharmacy,pharmacy,23.7841835539391,90.4112655189019,,,,
Bismillah Medico,pharmacy,21.7623847732748,92.0757736906737,,,,
Reliance Pharmacy 251/B,pharmacy,23.7731749299491,90.3590656243272,,,,
"Pantha Medical Hall, Pharmacy",pharmacy,24.2550385572729,90.3981069367479,,,,
m medicine corner,pharmacy,23.8113376512791,90.3567589245739,,,,
Ananna Pharmacy,pharmacy,23.7538403938987,90.4148168474575,,,,
Ita Pharmacy,pharmacy,24.9120006448056,91.8514022964783,,,,
Messrs R.K Pharmacy,pharmacy,24.9101905728153,91.8432311981696,,,,
Lazz Pharma,pharmacy,23.8609202965878,90.3995502166553,,,,
Life Care Clinic,clinic,22.7503843431322,89.2591232230166,,,,
দহগ্রাম হাসপাতাল,hospital,26.3047209961294,88.9448422547831,Dahagram Hospital,,,
Sotota Medical Center,clinic,23.7781757410205,90.369521377984,,,,
"Bismillah Homeo Hall, Homeopathic pharmacy",pharmacy,24.4751878192017,90.3858161330294,,,,
Bangladesh Eye Hospital,hospital,23.8014946985634,90.3544082198289,,,,
Rad homio,pharmacy,23.7836442622889,90.406411139679,,,,
Haji Abdul Latif Community Clinic,clinic,22.300137422217,91.1414749627922,,,,
Saha Pharmacy,pharmacy,23.6049840799645,89.8368713802367,,,,
Anika,pharmacy,23.7028020634659,90.4194178417475,,,,
As Shifa Pharmacy-2,pharmacy,23.7726917970502,90.354553729668,,,,
Ideal Homeo Hall,pharmacy,23.7570639900403,90.3605501431983,,,,
Unit Pharma,pharmacy,23.7420332259934,90.4346053473838,,,,
"Raseda pharmacy, Pharmacy",pharmacy,23.7927705622833,90.256168961874,,,,
"Shuvo Pharmacy, Goyal Ghat Lane, Dholaikhal, Dhaka",pharmacy,23.7140922355835,90.4133950252222,,,,
Elahi Drug House,pharmacy,23.7931004739922,90.3876859679893,,,,
Rupsha Ferighat Community Clinic,clinic,22.8035355837171,89.585405651671,,,,
Shanta Diginotic,clinic,23.7837240580072,90.409807822121,,,,
"Sayem Diagno Complex And Hospital, Private hospital",hospital,24.7487811854123,90.407351337758,,,,
Ayub Pharmacy,pharmacy,23.7121147769868,90.4116782438142,,,,
Satkhira Medical College,hospital,22.6913439773777,89.0457209740472,,,,
"Saul Heart Center, Heart hospital, O.R. Nizam Rd, Chattogram",hospital,22.3591963957966,91.8261973269023,,,,
Jhorna Altrasnowgram,clinic,25.7612984926045,89.2362534516647,,,,
East West Medical College and Hospital,hospital,23.8941806942087,90.3766463309576,,,,
Al-Khidmah Pharmacy,pharmacy,23.7828946686881,90.4314637262553,,,,
Biva Pharmacy,pharmacy,24.4422411562166,90.7765753460177,,,,
Retina Glaucoma Center & Superspecialty Eye Hospital,hospital,23.7517520427231,90.386153169356,,,,
Sauda Pharma,pharmacy,23.7619935549347,90.4332402706329,,,,
Medicine corner,pharmacy,23.775646920833,90.4325649406942,,,,
Dream Imagine Center,laboratory,23.7454264718551,90.3850468419561,,,,
Mukta Medical Hall,pharmacy,23.8020723793301,90.3784078717285,,,,
ব্র্যাক প্রসব কেন্দ্র,clinic,23.7102090674813,90.3837698590077,BRAC,,,
Meghna Pharmecy(মেঘনা ফার্মেসি),pharmacy,23.820412737845,90.375646537547,,,,
"Chittagong Unani Medical Center, Hospital",hospital,24.2430859633475,89.9095121382616,,,,
"Tanveer Medical Hall, Hospital",hospital,23.8151074960504,90.0950079302621,,,,
Marie Stopes Clinic,clinic,23.7393007255588,90.3619784194991,Marie Stopes,,,
"Mim Pharmacy, Pharmacy",pharmacy,24.740701030753,90.4073881343129,,,,
Khan Pharma,pharmacy,23.7596768807165,90.3658654432768,,,,
Razu Drug House,pharmacy,25.6196431555057,88.6469479910728,,,,
Puspit Nursing Home,hospital,23.7124023600847,90.3722884956786,,,,
Jalalabad Ragib Rabeya Medical  College  & Hospital,hospital,24.9134101456432,91.8523864995489,,,,
"Mitu pharmacy, Pharmacy",pharmacy,24.0464551482571,90.2376992705931,,,,
রিফাত ফার্মেসী,pharmacy,23.7700480609702,90.3539657391603,,,,
Medico,pharmacy,23.8245260730084,90.3637975439448,,,,
SBMCH CCU,hospital,22.6869901654123,90.3621674314156,,,,
"M.A.G Osmani Medical College Hospital, Sylhet",hospital,24.9003677366672,91.8532443873387,,,,
Patowary Pharmacy,pharmacy,23.7854266739988,90.4108955416958,,,,
Unique Pharma,pharmacy,23.8100205190144,90.3727773282717,,,,
মারিশা ডেন্টাল কেয়ার,dentist,23.8141043498786,90.3747708801225,,,,
3 No Mohesshoripur Union Health And Family Care Centre,clinic,22.4577864363993,89.3371939455553,,,,
Popular,hospital,23.7410136512914,90.4123482931539,,,,
Rohan Medical Store রোহান মেডিকেল স্টোর,pharmacy,23.5457415427054,89.1652838774946,,,,
Human Care,clinic,24.371912294725,88.5820793527656,,,,
Sumon Drug House,pharmacy,23.7869876358268,90.4258777745233,,,,
"Adhunik Sadar Hospital, Hospital",hospital,25.9305127729666,88.8455125950443,,,,
Shibchar Upazila Health Complex,hospital,23.3431050939912,90.1705932508718,,,,
Sundarganj Upazila Health Complex,hospital,25.564413957305,89.5189416857327,,,,
Fatema Medical Hol,pharmacy,24.7167354931993,90.9472861313724,,,,
"Padma Medicine Corner, Pharmacy, Alif Lam Mim Complex, Babubazar Bridge, Dhaka",pharmacy,23.7120481408566,90.4035090733432,,,,
Life Medical Store,pharmacy,23.7060359693483,90.4154992181948,,,,
Bonda Ghata Community Clinic,clinic,22.3749898292132,89.7873383557948,,,,
Haque Medical Store,pharmacy,23.766529338018,90.4179618213473,,,,
Dr. Shamima Yasmin,doctor,23.7915488998958,90.3880977708923,,,,
Bhai Bon Pharmacy,pharmacy,24.8257550521017,89.378171561428,,,,
Health Physiotheraphy,clinic,23.7932342491669,90.3881275266485,,,,
Pharmacy,pharmacy,23.7014745376412,90.4266157172787,,,,
"Rosy Medical Hall, Pharmacy",pharmacy,24.7544424904537,90.414831264331,,,,
"Sheba Clinic And Diagnostic Centre, Hospital",hospital,25.1351135800585,89.3891546206134,,,,
Sreepur Upazilla Health Complex,hospital,24.2005370759058,90.4785540964744,,,,
Munsurabad Medical Hall (মনসুরাবাদ মেডিকেল হল),pharmacy,23.7758802730174,90.3523992452763,,,,
Green Hert Diagonestic and Consaltant,hospital,23.1677238283692,89.2097586748284,,,,
The BL Pharmacy,pharmacy,24.8920311795898,91.8776614580164,,,,
Thakurgaon Pharma,pharmacy,23.7688523824825,90.3688099220426,,,,
Success Diagnostic and Dental Clinic,dentist,23.7508943225713,90.3618552893415,,,,
Rajbari Medical,pharmacy,23.5883306632823,89.8340338545553,,,,
Soair Community Clinic,clinic,24.5759544724205,89.1685935557817,,,,
Sawon Dental,dentist,23.7859758562947,90.4264507614243,,,,
Sheikh Medicine,pharmacy,23.7983795642489,90.3517346441736,,,,
Mangla Upazila Health Complex,hospital,22.4732355412335,89.6175707860042,,,,
Graduate Hospital,hospital,24.3723607265448,88.5803665946711,,,,
Adhar Manick Community Clinic,clinic,22.4893874686489,89.5710047876476,,,,
New Pubali Drugs,pharmacy,24.2530219551884,89.9188805914386,,,,
"Family planning Hospital, Hospital",hospital,25.8650731594151,89.2541924846557,,,,
Ya Ali Medical Hall,pharmacy,23.8153009503756,90.3712307833172,,,,
Tahirpur Upazila Health Complex,hospital,25.0979171245264,91.1854830557573,,,,
"Burmon Health Care, Hospital",hospital,24.6704339438878,89.4195475691586,,,,
Bunagati High School,hospital,23.3112772474417,89.4254446571363,,,,
"SIBL Foundation Hospital, Fattah Plaza, Panthapath, Dhaka",hospital,23.7506801649452,90.3872004881575,,,,
Chevron Hospital,hospital,21.4412852944477,91.9768441829925,,,,
Cute Dental,dentist,23.8500576853511,90.3876667734311,,,,
Wasi Pharma,pharmacy,24.5815719401083,90.3908004317515,,,,
"Liton Dental Care, Dentist",dentist,23.9362596921584,90.281019963679,,,,
Madhumati Hospital,hospital,23.2605120832332,89.0239846874616,,,,
Sheba Medical Hall,pharmacy,23.7708682301957,90.3638098653425,,,,
"Best Janani pharmacy in chittagong, AL saleh super market, Chittagong - Rangamati Road, Chattogram",pharmacy,22.4292151268708,91.8187329906692,,,,
"R H Step MR Clinic, Hospital",hospital,24.8348606487952,89.3744467274768,,,,
"Sheikh Drugs House, Korail",pharmacy,23.7865686244872,90.4104233890901,,,,
Community Clinic,clinic,22.6985713572081,89.7624281777533,,,,
"Rubel Medical Hall, Pharmacy",pharmacy,24.9147521721604,89.951059472093,,,,
Dhaka Institute Of Medical Technology,clinic,23.7684567566527,90.3684337422281,,,,
"South Point Hospital, Agrabad Access Rd, Westseite der Zila-Polizeilinie, Chotopool, Chattogram",hospital,22.3297886561504,91.7939881875774,,,,
Best Diagnostic & Medical Center,clinic,23.7339945617548,90.4158500846617,,,,
Alauddin Homeo Pharmacy আলাউদ্দিন হোমিও ফার্মেসী,pharmacy,23.8475893825045,90.2559485178206,,,,
Dines Pharmacy,pharmacy,22.2942295215842,90.1831638425182,,,,
D G Pharmacy,pharmacy,26.3377182858097,88.5554965659459,,,,
Uzanyarabad community clinic,clinic,24.7373918553801,91.1670129453812,,,,
Khan Pharmacy,pharmacy,23.7618645574448,90.3577243521814,,,,
Monirul Pharmacy,pharmacy,23.0404734624263,89.6357604379,Monirul Sheikh,,,
Ma Medicine Corners,pharmacy,23.2140291495371,89.697524838367,,,,
Binoy Drugs House,pharmacy,23.5888985372223,89.8333580217025,,,,
Comilla Medical College Hospital,hospital,23.451597431184,91.2022663919387,,,,
narayon Medical,pharmacy,23.6046284358129,89.8362963816789,,,,
Modina Diagnostic and Consultation Centre,clinic,22.3133337229353,89.8508867605331,,,,
Fatima Drug House,pharmacy,23.8152915626441,88.7435383610354,,,,
Altaf Uz Zaman Collage & Hospital,hospital,24.3718394559865,88.586340796158,,,yes,
Biojid Sergical Mart,clinic,23.5542907486663,90.5331046957941,,,,
Cash & Carry Pharmacy,pharmacy,23.731480493717,90.4206454552863,,,,
"Momotaj homeo Hall, Pharmacy",pharmacy,23.9742803402296,90.3781500443869,,,,
"Kabir Medical Hall, Pharmacy",pharmacy,24.7821357956248,90.344181627405,,,,
Sheba Pharmacy,laboratory,25.932053869684,88.8538788240589,,,,
Akib Pharma,pharmacy,23.4081816873162,89.1352505964145,,,,
Model Community Hospital,clinic,23.3767039528622,91.05816555077,,,,
Razia Dental and Orthodontics,dentist,23.7695921692566,90.3577182333921,,,,
Dr. Khondakar Ehsanul Arefin,doctor,23.7919574338564,90.3881069909858,,,,
Meherun Homeo Pharmacy,hospital,23.7370731509714,90.3866516411377,,,yes,
Mah-Shishu and General Hospital,hospital,21.7615042543464,92.0763387985857,,,,
Chakaria DIGITAL Hospital pvt ltd,hospital,21.7633224567828,92.073899161848,,,,
Medicine Gallery(মেডিসিন গ্যালারী),pharmacy,23.8265171941073,90.3707456387615,,,,
Haque Homio Hall,pharmacy,23.808994741704,90.3698024231974,,,,
Nuo Dental kear,dentist,23.7825871366607,90.4086029235398,,,,
Safa Health,clinic,23.9241589900039,90.2616171989368,,,,
Soudia Dental Kior,dentist,21.7624206478204,92.075983322072,,,,
"Sajeda (Pvt) Clinic, Hospital",clinic,25.7786349505763,88.905141957135,,,,
Zagonnath Pharma,pharmacy,23.7839846513768,90.4104940485338,,,,
Abir Pharmay,pharmacy,23.8151521715943,88.7432771809325,,,,
M/S Basanti Pharmacy,pharmacy,23.6997874281705,90.4211008440857,,,,
ইসলামি ব্যাংক হাসপাতাল ভবন ৫,hospital,23.7396680205559,90.4205868657831,,,,
Nagorgola Hospital,hospital,25.0831604487133,88.7854115832622,,,,
Narsingdi Pharma,pharmacy,23.7707973192949,90.3678623478888,,,,
ACME Brahmanbaria Sales Center,pharmacy,24.0042941752943,91.1080458374604,,,,
Anik Medical,pharmacy,24.4380652920556,90.7797126923755,,,,
S A Medicine Corner,pharmacy,23.7605050965691,90.3677388824551,,,,
Bresba Medical Services LTD.,hospital,23.7299524727684,90.3340593896755,,,,
Goalanda Upazila Health Complex,hospital,23.7240228630064,89.7466980277057,,,,
Lima Pharma,pharmacy,23.802080090681,90.3778313644282,,,,
Roja Medical Hall,pharmacy,23.7068706392663,90.4179303892103,,,,
Sumaiya Drug House,pharmacy,23.8190961923136,90.365026079493,,,,
"Al-Shifa Homeo Hall, Homeopathic pharmacy",pharmacy,23.9977535247909,90.3840694282271,,,,
Dhara Dental Care,dentist,23.7542976267169,90.4157314807318,,,,
Community Clinic,clinic,26.0139740650743,89.2895049398115,,,,
Saad Dental,clinic,23.7935532644016,90.3882307916956,,,,
"PG Hospital Dhaka, Bus Stop, Shahbagh Rd, Dhaka",hospital,23.7396279550587,90.3958607543354,,,,
"Anwara Hashem Hospital, Hospital",hospital,24.3866507818082,89.9212921488007,,,,
"Central pharmacy, Pharmacy",pharmacy,24.9673352873481,90.2238093673872,,,,
Saim Drug House,pharmacy,23.8131396766424,90.369415849823,,,,
"Hazi And Sons Surgical House, Hospital",hospital,24.2206442557907,90.4113885652405,,,,
Karnaphuli EPZ Hospital,hospital,22.2603613521642,91.7915975849733,,,,
Asad Medicall Hall(আসাদ মেডিকেল হল),pharmacy,23.8280957579319,90.3696980685028,,,,
"Mirzapur uhAndfwc, Hospital",hospital,24.6360542269171,89.4344345835661,,,,
"Dr.Md. Nur Hossen Bhuiyan(Shahin), O.R. Nizam Rd, Chattogram",doctor,22.3593833960564,91.8230490840704,,,,
Shakti Pharma,pharmacy,23.8141836426826,90.3667680904295,,,,
"Mohajon Pharmacy, Shoroter Dokan, Pathan Para, Chittagong - Rangamati Hwy, Chattogram",pharmacy,22.531715828218,91.8870317552121,,,,
Neta Community Clinic,clinic,21.9389702669257,90.4454022444996,,,,
"New Rog Mukti Pharmacy, Pharmacy, Sattar Madbor Hat, Zajira",pharmacy,23.4057379434459,90.2815207823936,,,,
Vojendroganj up health and family welfare centre,hospital,24.7475303540017,91.2311955249137,,,,
Abedin Pharma,pharmacy,23.7568594716028,90.3612924445434,,,,
Radda HmSfp centre,clinic,23.8118077922281,90.3485805340094,,,,
Moulvubazar Physiotherapy and Rehabilitation Center,doctor,24.4754223448525,91.7653653293444,,,,
"Raju medical hall, Pathantuli Nazrul Bhandari Rd, Kapuria Para, Chowmuni Agrabad, Chattogram",pharmacy,22.3326013713983,91.813835696102,,,,
Anowara Medical Services,clinic,23.7387092984709,90.3801413331238,,,,
"Chhand Drug Addiction Counseling and Treatment Centre, Hospital department",hospital,24.6676062250332,89.9596306386402,,,,
Nurani Dawakhana,pharmacy,23.7853521588796,90.426333750056,,,,
"Garib Shah Clinic And Diagnostic Center, Hospital",hospital,24.835776455536,89.3761733995305,,,,
Moon Diagnostic Centre,clinic,24.3766936675713,91.4156181818509,,,,
"Sangalshi Govt. Hospital, Hospital",hospital,25.8469437734031,88.867935527138,,,,
Shifa Homio Hall,pharmacy,23.8108898900115,90.3741185165985,,,,
"SAP Medicare center, Hospital",hospital,25.780321892409,88.9144084863694,,,,
D.M Digilab,clinic,24.8786201345122,90.7307964921881,,,,
Rahmania Pharmacy রহমানিয়া ফার্মেসী,pharmacy,26.029817873729,88.4718081242622,,,,
The Square Diagnostic Center,clinic,25.0412077660444,88.760963918638,,,,general
Zanjira Upazila Health Complex,hospital,22.9109194980342,90.6232170280699,,,,
"Towhid Medicine Center, Ali And Brothers Super Market, Chunkutia Chowrasta, South Keraniganj, Dhaka",pharmacy,23.6956134918472,90.3991001922739,,,,
Tanima Medical Hall,pharmacy,23.7692389558569,90.3686096783758,,,,
"Click Pharma Limited, New Elephant Rd, Dhaka",pharmacy,23.7397451340651,90.3912820559079,,,,
Omar Pharma,pharmacy,23.8458542447286,90.3878866307513,,,,
Baba Mayer Doya Medical Hall,pharmacy,23.7854145202392,90.4115551974756,,,,
"Bhai Bhai Pharmacy, Pharmacy",pharmacy,24.8545035550633,89.3615895585609,,,,
We Dentist Dental Care,dentist,23.7647679648851,90.3640199996551,,,,
"Maa Diagnostic And Hospital, Bazar Road, Gopalpur, Natore",hospital,24.2058559802026,89.0037903357837,,,,
JMI Syringes & Medical Devices Ltd.,pharmacy,23.2640779963004,91.3069403531408,,,,
Dhorleshori Medical,pharmacy,24.2540566173161,89.9155683985805,,,,
Al-Shefa Hospital,hospital,24.0550342776123,90.977537425754,A.B Siddik,,no,
Tripti Pharmacy,pharmacy,23.7469204622768,90.4336117565815,,,,
Aminul Pharmacy,pharmacy,22.7983615187071,89.5631672890852,Dr.Aminul,,,
Proma Medicine Corner প্রমা মেডিসিন কর্নার,pharmacy,24.8414062446215,89.3471867666997,,,,
Asma Pharmacy,pharmacy,23.0404895556804,89.6357077995481,,,,
Delta Dygonestic & Health Service,hospital,23.702464440406,90.4194306660594,,,,
Shuveccha Enterprise,pharmacy,23.7598351310484,90.3658916786337,,,,
Daulatpur Upazila Health Complex,hospital,24.0006973330045,88.8731063232058,,,,
Fare Diagonestics,clinic,25.7632366400753,89.2338568979093,,,,
Shikder Pharmecy,pharmacy,23.040530794644,89.6352534165771,,,,
Taqwa Medicine,pharmacy,23.8095840733161,90.3684588879377,,,,
"Uttomsheba Hospital, Hospital",hospital,25.7621968649866,89.2344516777586,,,,
A Rahman Pharmacy,pharmacy,21.7623730386103,92.0759246487498,,,,
তারা মেডিকেল সেন্টার ফার্মেসি,pharmacy,23.815262225983,90.3713295221365,,,,
Muna Pharmacy,pharmacy,23.8126038215725,90.3675243895528,,,,
Mukti General Hospital মুক্তি জেনারেল হাসপাতাল লিঃ,hospital,23.6219646423276,90.5010422397747,,,,
Al Baraka Pharmacy,pharmacy,23.75116279493,90.4324941974314,,,,
M/S Jahanara Pharma(মেসার্স জাহানারা ফার্মা),pharmacy,23.8193600546255,90.3683984544158,,,,
"Nur General Hospital, Shariatpur",hospital,23.2099205920586,90.3474202271531,,,,
ACI Hospital,hospital,21.8842567234083,90.3343533430198,,,,
খালিয়াজুরী উপজেলা স্বাস্থ্য কমপ্লেক্স,hospital,24.6886046526825,91.1397979954243,,,,
Ohi Pharma,pharmacy,23.7596874419145,90.3658612523252,,,,
Dr. Abdus Shahid,doctor,23.7931366838139,90.3881715316402,,,,
"Ashraf Aleya Hospital, Hospital",hospital,23.9368261411749,90.2816325969819,,,,
"K.Rahman Pharmacy, Dhaka - Rajshahi Hwy, Natore",pharmacy,24.3472596925682,89.2942217720034,,,,
Ifra Poultry Feeds & Medicine,pharmacy,24.0348218210235,90.8335656658941,,,,
Family Pharma,pharmacy,23.7830526675629,90.4313276879668,,,,
Leed Pharma,pharmacy,23.7597583528154,90.3658848892921,,,,
Emon Medical Hall,pharmacy,22.3601365938756,91.8326071358971,,,,
Mokter Pharmacy,pharmacy,22.9142818984923,89.5031502639728,,,,
Bismillah Pharmacy,pharmacy,23.7480915817882,90.430137038621,,,,
Rony Surgical,pharmacy,23.8142780229123,90.3667337246265,,,,
Lifeline Diagonestic Center,clinic,24.3726079926884,88.5827968436772,,,,
Community Clinic,clinic,22.5712611444765,90.640189543806,,,,
Moonmoon Hospital,hospital,23.9638029612627,90.3790911644752,,,,
Drug House,pharmacy,23.6042541838362,89.8360679748175,,,,
Today's Dentistry,dentist,23.7628010674864,90.3619888968781,,,,
"Sumaiya Drug House Pharmacy, House No. 13, Road No. 1, East Nasirabad, Panchlaish, Chattogram",pharmacy,22.3643262881769,91.82801108693,,,,
"A.K Memorial Hospital, Hospital,",hospital,24.2182982449115,90.4131680432843,,,,
Leed Pharma-3,pharmacy,23.7586228563925,90.3639251165112,,,,
"Jamalpur Apollo Hospital, Hospital",hospital,24.9336695408898,89.9409042934841,,,,
মেসার্স আন্ওয়ার ফার্মা এন্ড জেনারেল ষ্টোর,pharmacy,23.7621169365494,90.4336533308213,,,,
Brahmanbaria General Hospital,hospital,23.9764610599783,91.1110049845568,,,,
Barakah Homio Clinic,clinic,23.7482265304293,90.4333966769461,,,,
Dardi Homeo Pharmacy,pharmacy,23.9538800451908,90.2721998546075,,,,
Kutupalong Hospital,hospital,21.213627439837,92.1680480510541,,,,
Fahad Medicine Corner,pharmacy,23.8203936271058,90.3822228949579,,,,
Sonika Pharmacy,pharmacy,23.8481926280759,90.2562504339729,,,,
Rizvy Pharma(রিজভী ফার্মেসী),pharmacy,23.8206812940227,90.3650448549561,,,,
"Sheba Hospital, Hospital",hospital,24.6743638830098,89.95325159123,,,,
Nimtala Pharmacy,pharmacy,23.2412230609171,89.0850672201053,,,,
Wellbeing,pharmacy,23.724098551592,90.3978259753535,,,,
Adarsho Homio Hall,pharmacy,23.8465316701431,90.2468165181321,,,,
Rupali Pharma,pharmacy,23.7830293658721,90.429532284307,,,,
Clinic,clinic,22.1462853263533,89.9282253238297,,,,
Jenious Dental Care,clinic,23.7557867556347,90.4113388605547,,,,
Sheba Pharmacy,doctor,23.7715567197224,90.3459493707842,,,,
Ahsan Clinic,clinic,25.6283701416328,88.6297733876513,,,,
Sonali Pharmacy,pharmacy,24.3132526350126,91.7379777960011,,,,
S.L Drag Pharma,pharmacy,23.7989275730784,90.3767336703887,,,,
Islamia Pharmacy,pharmacy,23.8446558840319,90.3880122754799,,,,
"Rasel Pharmacy, Pharmacy",pharmacy,25.3178401588885,89.3406139296882,,,,
"Bonolota Diagonstic & Clinic, Dhaka - Natore Hwy, Natore",clinic,24.4122782831232,88.9939732831488,,,,
Shahbagh P.G. Hospital,hospital,23.7380049671472,90.3970226537534,,,,
"Asma Pharmacy, Dhaka - Chittagong Hwy, Salimpur, Chattogram",pharmacy,22.4139909923177,91.7532212927505,,,,
Becon Pharmaceutical ltd.,pharmacy,23.7724496438675,90.3648019474021,,,,
Al -Falah Genarel Hospital & Diagnostic Center,hospital,23.7219420555436,90.4289497420364,,,,
Anantamoi Oushodhaloy,pharmacy,22.3746946185835,91.8327989976608,,,,
Atgao community clinic,clinic,24.7513509931062,91.1865636507144,,,,
Union Heath and Family Development Center,clinic,22.5328951619946,89.4845243340168,,,,
"Anam Pharmacy, Pharmacy",pharmacy,25.7780946530978,88.8976933788798,,,,
Cosmic Health And Dental Care(কসমিক হেলথ এন্ড ডেন্টাল কেয়ার),clinic,23.8252044204322,90.3655816320353,,,,
Rangdhono Drugs,pharmacy,22.3596968792351,91.833269641524,,,,
Asfia Pharmacy(আসফিয়া ফার্মেসি),pharmacy,23.8162252228386,90.3726018950383,,,,
Batiaghata Upazila Health Complex,hospital,22.7385302365691,89.5144785737499,,,,
"Ibrahim General Hospital, Specialized hospital",hospital,23.8604645725123,90.264594283306,,,,
Sheba Medical Hall,pharmacy,23.7713025804182,90.4249678351148,,,,
Mukta Pharmacy(মুক্তা ফার্মেসী),pharmacy,23.8266441799404,90.3704712990706,,,,
Pabna Homeo Pharmacy,pharmacy,23.7441660850749,90.4246916514052,,,,
Amena Pharma,pharmacy,23.77245894778,90.3517894618204,,,,
Kazi Pharmacy,pharmacy,23.2141165727872,89.6967870632496,,,,
Medicine House,pharmacy,23.7403703402228,90.433670932818,,,,
pharma plus(ফার্মা প্লাস),pharmacy,23.8251697193531,90.3687253486395,,,,
Central Lab Hospital,clinic,24.8189689794734,88.9364380557471,,,,
Debidwar Upazila Health Complex,hospital,23.6041874638869,90.9872412388769,,,,
Pomra Family Planning center,hospital,22.4627317592717,92.0073930349367,,,,
Farjana Pharmacy and Business Point(ফারজানা ফার্মেসী এন্ড বিজনেস পয়েন্ট),pharmacy,23.828447127313,90.3695758603546,,,,
"Health Fair Bangladesh, Hospital",hospital,23.749345598322,90.4082093931858,,,,
"Astha Clinic and Diagnostic Center (anup), Hospital",hospital,25.7562778164226,88.6758925467497,,,,
"Norohori Pharmacy, Pharmacy",pharmacy,25.0868483184715,90.1900788288173,,,,
Messrs Anowara Pharmacy,pharmacy,24.9120997189011,91.8515777297117,,,,
"Al-Ehsan Digital Diagnostic Centre, Hospital",hospital,23.8454710241155,89.8214979639881,,,,
Akiz Match Factory Ltd. আকিজ ম্যাচ ফ্যাক্টরি,pharmacy,23.5752312573647,90.5149281196671,,,,
Urban Primary Health Care Center,hospital,23.74546846519,90.3625364866124,Meri Stopes,,,
Habib Pharmacy হাবিব ফার্মেসী,pharmacy,24.2208868280685,90.4118270225955,,,,
"Shajinaz Hospital Limited, Arefin Nagar, Bayezid Link Road, Bayazid Bostami Rd, Chattogram",hospital,22.3862626507913,91.8065471283784,,,,
Amin Homeopathy,pharmacy,23.8113490506674,90.3702251225744,,,,
Takiya Pharmacy,pharmacy,24.7176756912783,91.0196530526206,,,,
Dhaka Central International Medical College & Hospital,hospital,23.7736171591605,90.3615434825434,,,,
Emon Pharmacy,pharmacy,23.7104597702052,90.4118650764359,,,,
Sujon Pharmacy,pharmacy,24.2534231968933,89.9209369237441,,,,
Dacope Upazila Health Complex,hospital,22.5998476252498,89.5177705662213,,,,
Shibpur Upazila Health Complex,hospital,24.0372455321452,90.7325734556609,,,yes,general
Madarganj Upazila Health Complex,hospital,24.8937935585511,89.717365725188,,,,
"Matri Pharmacy, Pharmacy",pharmacy,24.923012956833,89.9500893506197,,,,
"RUET Central Hospital, Rajshahi",hospital,24.3687088989702,88.6266258991906,,,,
KC Hospital,hospital,23.860704294943,90.4229602854857,,,,
Holy Dental Clinic,doctor,23.820396896048,90.3669808231321,,,,
Sheba Drugs House,pharmacy,24.4380187724929,90.7797782388583,,,,
Messers Haque Pharmacy,pharmacy,23.8092505573889,90.3613108847304,,,,
Hasan Dental Care,clinic,23.7919054660568,90.3880931608455,,,,
"Holy Cressent Hospital, Naogaon",hospital,24.8180429468108,88.9385953899859,,,,
Appolo,pharmacy,23.7028260357089,90.4194178417475,,,,
Universal Medical College Hospital Ltd.,hospital,23.7762028924705,90.3957477662806,,,,
Gangni Upazila Health Complex,hospital,23.8162205289728,88.7444091569561,,,,
Karim Pharmacy(করিম ফার্মেসী),pharmacy,23.8181917849612,90.3686743866683,,,,
Kalam Medical,pharmacy,23.7076026308704,90.4209441863154,,,,
Dr. Saleh Uddin Ahmed,doctor,23.7915610536554,90.3880940828549,,,,
ST. Pauls Hospital,hospital,22.4672326736378,89.6096924675733,,,,
SHUMAYA PHARMACY,pharmacy,23.7631154726744,90.4138494920122,,,,
New Sunview Medicine Corner,pharmacy,23.7571726195054,90.4067380339027,,,,
Janasheba Pharmacy জনসেবা ফার্মেসী,pharmacy,22.6859741949286,91.7913276876911,,,,
দত্ত ফার্মেসী,pharmacy,24.6620727440151,90.8421383411838,,,,
Sarker Madecal center,pharmacy,24.1951979712223,88.851261574793,,,,
Jononi Pharmacy,pharmacy,23.7831968362975,90.4099747896322,,,,
Jahanara Medical Hall জাহানারা মেডিকেল হলের,pharmacy,24.7445356676358,90.4084962219124,,,,
Osmani Dental,dentist,23.8101193416528,90.3680142279743,,,,
Al Chemi Medical center,clinic,23.7671266324381,90.3583614606416,,,,
"Nur & Sons Pharmacy, Sheikh Mujib Road, Chowmuhoni, Agrabad, Chattogram",pharmacy,22.3323071665969,91.8127650756097,,,,
"Health Care Medical Hall, Zakir Hossain Road, Akbarshah, Pahartali, Chattogram",pharmacy,22.362678489832,91.7837322584924,,,,
"BSMMU Outdoor 1 (Medicine), Hospital, BSMMU, Shahbagh Rd, Dhaka",hospital,23.7387403953317,90.3938151508659,,,,
Mymensingh Depot Opsonin Pharma Ltd,pharmacy,24.7114779444337,90.4102607801685,,,,
Mihirima Medicine Corner,pharmacy,23.7743722848174,90.356703687832,,,,
Bismillah Drug And Medicine,pharmacy,23.7831014502394,90.4289287872785,,,,
Agran Community Clinic,clinic,24.3162299708389,89.1335608885537,,,,
Munni pharmacy,pharmacy,23.7570177219347,90.4098677527287,,,,
Sandhani Eye Hospital,hospital,23.7345563169055,90.3864570971651,,,,
Chandina General Hospital,hospital,23.485956947768,91.0067377971156,,,,
QPS,pharmacy,23.8160830657608,90.3658014893555,,,,
"Rana Pharmacy and Photostat, Rajshahi - Dhaka Hwy, Natore",pharmacy,24.4062913411435,88.9562557246964,,,,
Ronak Pharma,pharmacy,23.7726519830101,90.3545760255304,,,,
City Pharma,pharmacy,23.8516058228672,90.4155026547751,,,,
Prime Diagonestics,hospital,24.3720545356219,88.5809549204549,,,,
Muniras Dental Care,dentist,23.7631841204614,90.3621681857869,,,,
"Warim medicine shop, Pharmacy, Dhaka - Mawa Hwy, Ekuria",pharmacy,23.6647066488184,90.3911811377937,,,,
Islam Pharma,pharmacy,23.7439806773767,90.372606421266,,,,
ADC Sergical,pharmacy,23.6047237380519,89.8363566475628,,,,
Alam Medicine Corner,pharmacy,23.2140267187852,89.6966424754199,,,,
Priya Pharmacy,pharmacy,22.581314985876,91.6795101656904,,,,
"Union Health Complex, Hospital",hospital,25.1163025776804,90.0807412605085,,,,
"Utsaw Medicine Mart, Pharmacy",pharmacy,24.7754755353631,90.3804972287326,,,,
"M/S. Muhammad Ali Pharmacy, Eid Gha Kacha Rasta, Halishahor Road, Chattogram",pharmacy,22.3449504293439,91.7995865445261,,,,
Illora Phramacy,pharmacy,24.9050127359489,91.8695883441558,,,,
Madan Medical Center,pharmacy,24.7626848349394,90.8614369188696,,,,
N S Pharmacy,pharmacy,25.7617869899215,89.2354761977834,,,,
Chadpur Pharmacy(চাঁদপুর ফার্মেসি),pharmacy,23.8208755865383,90.3710774783081,,,,
Mukti Pharmacy,pharmacy,23.8478059708825,90.25656752137,,,,
Sefa General Hospital & Diagnostic Center,laboratory,23.7738928399559,90.3648672424278,,,,
Nova Diagnostic Centre,clinic,22.7221110940806,89.0702731610041,,,,
"Desh Pharmacy, Doctor",doctor,25.0872285215995,90.1904139373062,,,,
Alo Clinic,clinic,23.8285128414338,90.3569144926968,,,,
"Muktijoddha Memorial Hospital, Bhatiary, Dhaka - Chittagong Hwy, Chattogram",hospital,22.4237218789879,91.7479223373832,,,,
"Asian Pharmacy, Chan Miya Madrasha Road, Shuvadha, Purbapara, Dhaka",pharmacy,23.6953770383587,90.3976118177274,,,,
Nuo Dental kear,pharmacy,23.7826655912744,90.4085649535185,,,,
"Radia General Hospital, Hospital",hospital,25.1358231919812,89.3879626301631,,,,
Chowdhury Pharmacy,pharmacy,23.8441434982909,90.3873694673255,,,,
Jibon Pharmacy,pharmacy,25.7619641833545,89.2351581883771,,,,
"Famous Clinic, Hospital",hospital,23.9499143991613,90.2749972309727,,,,
Ishwarganj Upazila Health Complex,hospital,24.6899633591869,90.610991016463,Government,,,
BRAC TB Diagnostic Center Rangamati,hospital,22.6577766344626,92.1733985551259,,,no,radiology
Shadiya Medical,pharmacy,23.7722368273459,90.3508788518596,,,,
"Doctors Chamber, Bon Belghoria Bazar, Natore",doctor,24.4128385295313,88.9570485689176,,,,
"Dr. A.B.M. Hasanuzzaman Helal & Dr. Fida Hasans Dental Clinic, Natore",doctor,24.4121846572648,88.9904892612757,,,,
Right Pharma,pharmacy,23.7908234461761,90.3661533616508,,,,
Shufiya Medical Hall,pharmacy,23.7708412404675,90.3462120596297,,,,
Marie Stopes Clinic,hospital,22.3591835714847,91.8265209521838,,,no,
Abdullah pharmacy,pharmacy,23.8606154467694,90.2601796187236,,,,
DigiLab,hospital,23.81160679419,90.3675654608784,,,,
"M/s Afser Pharmacy, East Side Of Buriganga Setu, Rajbari, Postogola Brg, Dhaka",pharmacy,23.6902110199757,90.4309573754845,,,,
Dipti Pharmacy,pharmacy,26.4102079181203,88.5584044996139,,,,
Ekushey Drug House,pharmacy,23.4080078466444,89.1353013907478,,,,
Bismillah Drug House,pharmacy,23.7013812470589,90.4279429916463,,,,
Eden Pharma,pharmacy,23.8515267815203,90.417615229651,,,,
Mehedi Pharmacy,pharmacy,23.7059024456307,90.4230657298277,,,,
Drug House,pharmacy,23.6024040463487,89.8340596708171,,,,
Modan Clinic,clinic,22.3439877677644,89.1002501995138,,,,
"DIGI Care Nilphamari, Hospital",hospital,25.9305865337145,88.8483353685761,,,,
Alam Pharmacy,pharmacy,25.9317385424867,88.8540502339789,,,,
M/s. Rinti Pharmacy মেসার্স রিন্তী ফার্মেসী,pharmacy,23.8937031771849,90.4039025198782,,,,
Sunamganj General Hospital,hospital,25.065123095998,91.4106469588977,,,,
Sangana Nursing home and Clinic,clinic,22.7262257703484,89.0653541573077,,,,
Bokho Bidhi Clinic,hospital,23.0101348286137,91.3772860622578,,,,
Rainbow,clinic,23.7916257619478,90.3880803365337,,,,
Haque Pharma,pharmacy,23.7379652369262,90.4354204874674,,,,
Abdullah Unani Pharmacy,pharmacy,23.9773824825941,90.3815503310473,,,,
Keya medical hall,pharmacy,22.6678152207983,89.789525864885,,,,
Jahanara Medical Hall,pharmacy,23.8553060978422,90.4140170462567,,,,
ইউনিকেয়ার ফার্মা,pharmacy,23.8103626683019,90.3772776559046,,,,
Romman Pharmacy,pharmacy,22.3735464654868,91.3709132174559,,,,
"The Economic Homeo Pharmacy, Pharmacy",pharmacy,25.1340408640904,89.3883623631255,,,,
"Janoni Hospital,Thana mure, Baraigram, Dhaka - Rajshahi Hwy, Natore",hospital,24.318324692261,89.1521387902047,,,,
Ma-Moni Hospital,hospital,22.0198628409868,92.1023006540182,,,,
"Matri Sodon Hospital, Hospital",hospital,24.9271755775871,89.9458159211057,,,,
Army Medical College আর্মি মেডিক্যাল কলেজ,clinic,24.7508188260737,89.3975241185702,,,,
Trust Dental Care,dentist,22.357438375425,91.8376376189058,,,,
"Bara Uthan Union Health and Family Welfare Centre, Chittagong-Anwara-Banshkhali Rd, Chattogram",hospital,22.2496871661108,91.8726641673443,,,,
Poshu Shastha,pharmacy,25.6256821491041,88.6365258488478,,,,
Bellevue Diagnostic Center,hospital,22.3446544643428,91.834014373621,,,,
"Mumtaz Pharmacy - 2, Pharmacy",pharmacy,23.9639431905028,90.2678809951784,,,,
Community Clinic of Howlader house,clinic,22.5671224959655,90.7294159927355,,,,
"Macca Pharmacy, Sheikh Mujib Road, Choumohoni, Agrabad, Chattogram",pharmacy,22.3336776915849,91.8127744633412,,,,
Mesars Dhaka Pharmacy,pharmacy,23.7514395653727,90.4324284833105,,,,
Mother Teresa Diagnostic Centre,clinic,22.7223279339157,89.0707357582402,,,,
Booshra Dental Clinic,pharmacy,23.7657108451731,90.3644540984204,,,,
Podma Sarjical & Clinic,pharmacy,23.0289391254693,89.3962377478902,,,,
"Islamia Digital Lab And Hospital, Hospital",hospital,23.8437241516751,90.2568355746334,,,,
"Sadek Medical Hall, Chand Ghazi Road, Ichapur Faizia Bazar, Hathajari, Chattogram",pharmacy,22.5103204336344,91.8393821444133,,,,
Haluaghat Upazila Health Complex,hospital,25.1179718336974,90.3387210689445,,,,
"Al Jihan Medical Hall, Pharmacy",pharmacy,23.9573227442812,90.3796154525187,,,,
Shariatpur medical hall(শরিয়তপুত মেডিকেল হল),pharmacy,23.8207527916568,90.3756714317994,,,,
Haji Medicine Korail,pharmacy,23.7830544277626,90.4106558192651,,,,
S Homeo Chikitsaloy,pharmacy,22.8031627566639,89.5669212920595,,,,
Jnanada Pharmacy,pharmacy,24.1676296402276,89.1410471853732,,,,
Dhaka Dental Care,dentist,23.8121888335463,90.3696814723345,,,,
Bagerhat Sadar Hospital,hospital,22.6706928957959,89.7660495790195,BDRCS,,,
Satota Pharmacy,pharmacy,23.8190848767443,90.3781145889365,,,,
Rouza Pharmacy,pharmacy,23.7668523765663,90.3602394260477,,,,
Ityadi Medical Centre,pharmacy,23.7394601493572,90.3956856563781,,,,
Bismillah Pharmacy & Departmental Store,pharmacy,23.7727753646248,90.3672001775381,,,,
Dr. Farjana Akter,doctor,23.7919889498124,90.3881000340061,,,,
"Elias Ahmed Chowdhury Trauma Center, Hospital, Daulatpur, Shibchar",hospital,23.3885601549012,90.1262640471961,,,,
Life Care Pharma(লাইফ কেয়ার ফার্মা),pharmacy,23.8284943174278,90.3705996260082,,,,
"M/S. Jemi pharmacy, Pharmacy",pharmacy,24.8902735783134,89.3598269281425,,,,
Hamdard,pharmacy,24.368700433248,88.5790232270495,,,,
Rashed Pharmacy,pharmacy,23.7338396641842,90.3819698453011,,,,
Messers Jarif Medico,pharmacy,20.6332889392602,92.3264788453454,,,,
Appollo Diagonestics Center,clinic,25.7642510179974,89.232466675449,,,,
Dr. Meher Afroja,doctor,23.7917316253849,90.3880955915974,,,,
Sony drug house,pharmacy,23.7034718613485,90.4203221652809,,,,
Al-Madina Pharmacy(আল-মদিনা ফার্মেসী),pharmacy,23.8271911829414,90.3706105224823,,,,
Rohoman Medicine Point,pharmacy,23.7622963930963,90.3630988284963,,,,
Dr. Md Yousuf,doctor,23.7916195593395,90.3881197314786,,,,
"M/S SIMUL PHARMACY, Pharmacy, Chittagong - Rangamati Hwy, Raozan, Chattogram",pharmacy,22.5358338572472,91.9250836677822,,,,
Janasheba Pharmacy,pharmacy,24.9109044595086,91.9337272539728,,,,
"AK Medicine Centre, Hospital",hospital,25.1205202675382,90.0504751301582,,,,
Ma Baba Medicine,pharmacy,25.7609771304368,89.2368394305156,,,,
Labzone Diagnostic Center,hospital,25.7778893802891,88.902289595485,,,,
"Super Lab Diagnostic Cenret, Chittagong - Rangamati Hwy, Raozan, Chattogram",pharmacy,22.5350104190794,91.9203982677272,,,,
Tarik Medical Hall,pharmacy,24.4418854282459,90.7767523718127,,,,
Choya Medicine Corner,pharmacy,23.7094403631412,90.4174098730232,,,,
Sohel Medicine Corner,pharmacy,23.7178048319561,90.425256172584,,,,
Alam Pharmacy,pharmacy,23.8481016844265,90.2587101872782,,,,
Al Biruni medical hall,pharmacy,23.7550241700839,90.4092949334658,,,,
AK Pharmacy একে ফার্মেসি,pharmacy,22.2717880654845,91.7868511646633,,,,
Samir Pharmacy(সমির ফার্মেসি),pharmacy,23.8230324178629,90.3693057954343,,,,
Janasheba General Hospital,hospital,23.0321031262792,90.7654156801325,,,,general
Rangpur Sergical,pharmacy,25.7626900561694,89.2348327190768,,,,
Shorola Medical Hall,pharmacy,23.7710787836035,90.4248749636276,,,,
supreme dental clinic,dentist,23.7853656537437,90.3674527242807,,,,
"Anjuman Pharmacy, Sunnia Madrasha Rd, Chattogram",pharmacy,22.3741177760071,91.8332506984228,,,,
Regent Hospital Ltd(রিজেন্ট হসপিটাল লিমিটেড),hospital,23.8277467354838,90.3638622522373,,,yes,general
"Sharmin drug house, Pharmacy",pharmacy,25.1763964648448,89.3863648717801,,,,
Asha Pharmacy,pharmacy,23.7608439769144,90.3654562387638,,,,
"Surma General Hospital and diagnostic centre, Hospital",hospital,26.2028596663562,88.5548580325622,,,,
Bhai Bhai Torkari Pharmacy,pharmacy,23.9001350305851,89.1170649678322,,,,
Boalmari Upazila Health Complex,hospital,23.3927364381574,89.6848320385723,,,yes,
Chadpur Homio Hall,pharmacy,23.7599494602077,90.3658516969556,,,,
"Swadesh Hospital and Diagnostic Center, Private hospital",hospital,24.220626569975,90.4120031263812,,,,
Shishu Dental Care,dentist,23.7505251835556,90.3871242966577,,,,
"Sheikh Pharmacy, Pharmacy",pharmacy,24.6528411673169,89.4242675864737,,,,
Patiya Upazila Health Complex,hospital,22.2996375255117,91.9705668918868,,,,
"Yogania Union Health and Family Welfare Center, Yogania Hospital",hospital,25.0604907533902,90.1781985707163,,,,
"Starmass International Business Consultants, Sadat Mansion, Sadarghat Rd, Chattogram",pharmacy,22.3308918822461,91.8312682945033,,,,
Jamjam Madical,pharmacy,23.1824178913656,89.1904358734425,,,,
Ma Medical,pharmacy,23.8465551394719,90.2487381532536,,,,
"Adarsha bikrampur mishtanno vandar, Keraniganj - Hashara Rd, Solepur",pharmacy,23.5863413862021,90.3095508724342,,,,
একতা ক্লিনিক,clinic,24.4113925674149,89.0048403367942,,,,
AALOK HEALTHCARE,hospital,23.8090462904085,90.3674566637752,,,,
Tanore Upazila Health Complex,hospital,24.5752482970781,88.5749685652083,,,,general
Floss And Gloss Dental Care,dentist,23.7446398302423,90.4340007607078,,,,
Fahim Pharma,pharmacy,23.7695239405648,90.3589510437109,,,,
Hamdard Laboratories (WAQF) Bangladesh,doctor,24.3265146498518,90.6797163360584,,,,
Samorita Hospital,hospital,23.7523916657542,90.3853286415408,,,,
Medicine Point,pharmacy,23.8468210972596,90.3877155561075,,,,
Rajon's Dental,dentist,23.7859534766132,90.3670900393304,,,,
"Ali Hossain Homeopathic Clinic, Homeopathic pharmacy",pharmacy,25.7961311676227,88.9574939832522,,,,
Rahid Pharmacy,pharmacy,23.860611758732,90.26011499425,,,,
Maria Pharma,pharmacy,23.7940345532818,90.3652603536867,,,,
"Apollo Dental Care, Mohadevpur, Naogaon",hospital,24.9236886220478,88.7500540334673,,,,
Nowga Dental Care,pharmacy,24.8176747298044,88.9384547416507,,,,
Laz pharma Limited,pharmacy,24.7592157328539,90.4087621797001,,,,
Das Medical,pharmacy,23.0412289233593,89.631880371102,,,,
pankhali community clinic,clinic,22.6309765887127,89.5000589342634,,,,
National Institute of Kidney Diseases & Urology,hospital,23.7715606592169,90.3686504982442,Government of the People's Republic of Bangladesh,,,
Olympic Digital Diagnostic And Consultation Center,doctor,24.9221073760142,88.7504966817739,,,,
"Noren Musical House, Uttor Nalapara, Lane No.1, Sadarghat Road. Kali Barir Mor, Chattogram",pharmacy,22.331641643485,91.8310903466989,,,,
Nasirnagar Upazila Health Complex,hospital,24.1940442860696,91.1962985606982,,,,
"Dolon Medical Store, Pharmacy",pharmacy,26.3225458675992,88.5536816324518,,,,
J Pharma,pharmacy,23.7480265382195,90.4333628978763,,,,
Hena Medicine Point(হেনা মেডিসিন পয়েন্ট),pharmacy,23.8265395737888,90.3706611491775,,,,
Ushaeyr Pharma,pharmacy,23.759213361471,90.3636523693818,,,,
কিশোরগঞ্জ উপজেলা স্বাস্থ্য কমপ্লেক্স,hospital,25.899408536118,89.0128046535517,,,,
Incepta Pharmaceuticals Ltd,pharmacy,23.9122654884959,90.3028210423762,,,,
"PROFESSOR DR T.ISLAM SHAMIM EYE HOSPITAL, New Road, Dhaka",hospital,23.7100554271961,90.4257407304065,,,,
Bappi Medical,pharmacy,22.6853567839408,90.361338880287,,,,
Union Health and Family development Center,clinic,22.4617672536735,89.4392164593265,,,,
Friends pharma,pharmacy,24.9049962235996,91.8697528809151,,,,
Chandpur Pharma,pharmacy,23.7865336719509,90.4105356227736,,,,
"Al Bayt Hospital, Hospital, Dhaka - Mawa Hwy, Dhaka",hospital,23.705327363254,90.4345380407012,,,,
Alvi Medical Hall(আলভী মেডিকেল হল),pharmacy,23.8299480747143,90.3627633847313,,,,
Shikdar Homeo Hall,pharmacy,23.7606344293351,90.3636717315782,,,,
"Niruponi Pathology Laboratory, CDA Ave, Chattogram",doctor,22.3526016820178,91.8222599278866,,,,pathology
Tripti Pharmacy,pharmacy,23.7469482901953,90.433607649449,,,,
A G Homeo Clinic,clinic,23.7384594339373,90.3910145893776,,,,
"Millennium Orthopaedic Hospital, Hospital",hospital,23.8615333489859,90.4004706334428,,,,
"Hamdard Laboratories (WAQF) Bangladesh, Dhaka - Chittagong Highway, Chattogram",pharmacy,22.3308263357633,91.7888670961955,,,,
Ma Pharmecy and Doctor\'s Chember(মা ফার্মেসি এন্ড ডক্টরস চেম্বার),pharmacy,23.8200590215311,90.3757507246035,,,,
"Bismillah Pharmacy, Pharmacy",pharmacy,26.1410500874312,88.7035479657184,,,,
Gaibandha General Hospital,hospital,25.327254796352,89.5376380236754,,,,
Sami Diagnostic Center,hospital,24.5771825888735,90.3961505167281,,,,
Singra Upazila Health Complex,hospital,24.5135662907194,89.1461037361007,,,,
Jakwan Pharmacy,pharmacy,24.6473430579303,89.255302667731,,,,
Altaf Medical Hall,pharmacy,24.4372465477536,90.780820444699,,,,
Reliance Pharmacy-2,pharmacy,23.7739242720928,90.3565366365017,+88001676028048,,,
Al-madina Pharmacy(আল-মদিনা ফার্মেসী),pharmacy,23.8265946428926,90.3699374556575,,,,
Ahasan Medical Hall,pharmacy,22.3390119347645,91.7841738171516,,,,
Belabo Upazila Health Complex,hospital,24.1070292346543,90.8513709237104,,,yes,general
Ortho Dental care,dentist,23.7905598353213,90.4078209757927,,,,
Chittagong Metropolitan Hospital,hospital,22.3589377302647,91.8234565283836,,,yes,
"G.S Agro vet Pharmacy, Nazirhat, Chittagong - Khagrachhari Rd, Chattogram",pharmacy,22.6310610782967,91.8003705877489,,,,
Janata Drug House,pharmacy,22.3604199860219,91.8332770175988,,,,
Lazz Pharma Limited,pharmacy,23.7754441625952,90.364532385396,,,,
দৌলতদিয়া গণস্বাস্থ্য কেন্দ্র,hospital,23.7611396904584,89.7807366850362,,,,
Gunners Medical Facility,clinic,22.3316316690202,91.7793961323427,,,,
Anwar khan modern diagnostic center,clinic,23.7906121383971,90.4052547723172,,,,
Iran Medical Hall,pharmacy,23.028859329751,89.3962788192158,,,,
Al-amin Medical Hall,pharmacy,23.7834737743784,90.37517363057,,,,
Hosen Pharmacy,pharmacy,22.37266494073,91.3715918163368,,,,
Shikdar Dental Home,clinic,22.8120188241,89.5566336793805,,,,
Hasan Pharma,pharmacy,23.2141473343719,89.6968633385685,,,,
Norail Medical Hall,pharmacy,23.7730256482536,90.3578134518121,,,,
"Ottar Lakkharchar Union Parishad Community Hospital, Chakaria Upazila, Chittagong Division",hospital,21.7795350691771,92.0804664668034,,,,
Allahar Dan Kobiraj,pharmacy,23.879092346487,90.2596147622687,,,,
Spondom Diagonistic Consultation and Cancer Center,doctor,25.6303651184072,88.6353629436015,,,,oncology
JIC Health care centre & Pharma,pharmacy,23.7834469522882,90.4104151748249,,,,
Dr. Rokey Rahman,doctor,23.7919399994978,90.3881038896816,,,,
Uttar Chor Sajai Mandalpara Community Clinic ( উত্তর চর সাজাই মণ্ডলপাড়া কমিউনিটি ক্লিনিক ),clinic,25.5091330427619,89.7702365911118,,,,
"Animal Hospital, Hospital",hospital,23.9691357795188,89.8298882490648,,,,
Mayar Doya Pharmacy,pharmacy,23.7856029454225,90.4066552206994,,,,
Upazila Animal Resources Department and Veterinary Hospital,hospital,23.2215643966711,91.3128154805323,,,,
Sohag Homeo Hall সোহাগ হোমিও হল,pharmacy,25.8123872820945,89.6426073631454,,,,
Memory Medical Centre,hospital,23.7477467502916,90.3999754306033,,,,
As Shifa Pharmacy,pharmacy,23.7726775478148,90.3604037951689,,,,
Dental Squard,dentist,23.8120519570675,90.4222712930448,,,,
"Mondira Pharmacy, C And B Colony, Nasirabad, Chattogra",pharmacy,22.3634178575109,91.8206450704212,,,,
Khan Pharma,pharmacy,23.7549985214602,90.4436086848585,,,,
Apical Dental Surgery,clinic,23.7451885934431,90.4275625370612,,,,
Surovi maternity general hospital,hospital,23.8285384900576,90.3920901551928,,,,
Monir Medical hall,pharmacy,24.2295859862772,90.0519831183582,,,,
Owshod Ghor,pharmacy,24.2530450892411,89.9187862950279,,,,
MARKS DENTAL COLLEGE AND HOSPITAL,dentist,23.7989143296714,90.3867285870089,,,,
"Bogura Impulse Hospital, Hospital",hospital,24.8343532921961,89.3748239969386,,,,
Diabetic Care & Advice,doctor,23.757290385245,90.3678104639082,,,,
"Star Pharmacey, Chittagong - Khagrachhari Rd, Anayetpur, Chattogram",pharmacy,22.5834768463426,91.7944391339682,,,,
"Aporna Medical Hall, Pharmacy",pharmacy,25.1222648768648,90.3388449534734,,,,
Savar Upazilla Health Complex,hospital,23.8386648349195,90.2478718835606,,,,
Swapna Clinic,clinic,22.7218662586889,89.0692133531668,,,,
Sumon Pharmacy,pharmacy,24.1272006199175,89.0707592275691,,,,
Medico Pharmacy,pharmacy,24.2528024331443,89.9193249999449,,,,
Monohorgonj Upazila Health Complex,hospital,23.1537677919472,91.0581441769169,Government,,,
Lions Charitable Eye Hospital,hospital,22.361220541594,91.8160555593385,,,,
Shah Ali Medical Hall(শাহ আলি মেডিকাল হল),pharmacy,23.8174109268615,90.3741188518746,,,,
Narail General Hospital,hospital,23.1721884490946,89.499296935446,,,,
M/s Adorsh Pharmacy,pharmacy,21.7781379735562,92.194441239224,,,,
Bangladesh diabetes care and Physiotherapy center,clinic,22.722656253063,89.0704218559664,,,,
"Gramin GC Eye Hospital, Hospital",hospital,24.8032753745236,89.3816215527743,,,,
Azma Care and Prevention Center,hospital,24.8547280224303,89.3727215641656,,,,
"SPBK Hospital And Diagnostic Center, Hospital",hospital,23.788113325423,90.3273051682793,,,,
Sojib Homeo Hall,clinic,23.774624663922,90.357643885911,,,,
R.K Humio Hall,pharmacy,23.7516268170897,90.4113882299644,,,,
Meristop Clinic,clinic,22.3596145689459,91.8270803604017,,,,
Al-Aksha Hospital,hospital,22.7177098405432,89.0702928584765,,,,
Roshidpur pharmacy,pharmacy,24.8113459738132,91.7920932907271,,,,
BRAC Health Service Center,clinic,22.7235643484528,90.6384998359453,,,,
Chitalmari Upazila Health Complex,hospital,22.7953507390872,89.8719258404128,,,,
Omi Drug House(অমি ড্রাগ হাউজ),pharmacy,23.8169142990985,90.3742442451461,,,,
MS Phramacy,pharmacy,23.8064426198257,90.3808473408282,,,,
banani pharmacy,pharmacy,23.7910937625534,90.4032263517491,,,,
Cure N Care,dentist,23.7559611830397,90.3706509232556,,,,
Banna Medicine Corner(বান্না মেডিসিন কর্নার),pharmacy,23.8171704500595,90.3776711862586,,,,
Roshanara Medical Hall,pharmacy,23.7708135801871,90.3455648928856,,,,
"International Hospital, Hospital",hospital,25.7578759939007,89.2317899205868,,,,
"M/S Masud Pharmacy, Pharmacy",pharmacy,25.7834239509545,88.9304464199016,,,,
"Mohadevpur Eye Hospital, Mohadevpur, Naogaon",hospital,24.92334563457,88.7499841283949,,,,
Kanika Pathology Clinic,clinic,22.6849437237524,90.3603500671696,,,,
Khulna Sadar Hospital,hospital,22.8173747764088,89.5676427224657,,,,
Akan Medical Hall,pharmacy,22.6854076620931,90.3614431511624,,,,
"Jononi Pharmacy, Ershad school ground, Korail",pharmacy,23.7831498976398,90.4103626202921,,,,
Bhola General Hospital,hospital,22.6763676957014,90.6551901330014,,,,
Bismillah Pharmacy,pharmacy,23.8516350757093,90.3873352691606,,,,
Dhaka Central & Pharmacy,pharmacy,23.773409790876,90.3617700453862,,,,
Nagar sastha kendra,clinic,23.7568748943046,90.4112624175978,,,,
Mamun's Dental Care,dentist,23.772672937768,90.3639297265579,Mamun,,,
People's Hospital,hospital,22.3596953704925,91.8365025415781,,,,
Union Health Family Planning Center,clinic,22.724690038049,90.643292943456,,,,
Biplob pharmacy,pharmacy,23.5501780840551,90.3896059267303,,,,
কমিউনিটি ক্লিনিক,clinic,22.188425093101,91.0725331386378,,,,
Unique Medicine Service,pharmacy,24.8274107294356,90.4328064233246,,,,
"Uttara Specialized Hospital, Hospital",hospital,25.0277881714255,90.0144815615506,,,,
"Patenga Pharmacy, Bazar, Nizam Market Rd, Chattogram",pharmacy,22.2409914444824,91.8125495768791,,,,
"Al Medical Pharma, Pharmacy, Nazimuddin Rd, Charkarpul",pharmacy,23.7237035963145,90.4007000461327,,,,
Aiko Dental,dentist,23.7907754178709,90.4069086894514,,,,
মাহি হোমিও,pharmacy,24.6421858405457,90.8881666404519,,,,
Upazilla Livestock Office & Veterinary Hospital,hospital,25.8569423780607,88.6548920236245,,,,
"Kriya, Drug Rehabilitation Center",clinic,23.761497765362,90.3714351341166,,,,
Goshairhat Upazila Health Complex,hospital,23.0796824967294,90.4289938308471,,,,
White Dental Care,dentist,23.7833923860986,90.3748410366521,,,,
Dinajpur General Hospital,hospital,25.625658176861,88.6371366381321,,,,
"Apon general hospital, Hospital",hospital,23.9363312736115,90.2801103595466,,,,
Daulatkhan Health Complex,hospital,22.6046686444981,90.7463455931273,,,yes,
Mim Nurnahar Pharmacy,pharmacy,23.7755213599235,90.4326614163997,,,,
"Kalpana Diagnostic center, Chitalmari",clinic,22.7953167923793,89.872570827862,,,,
Professor's Dental,dentist,23.7127848263265,90.4116811774803,,,,
Ash Shifa Pharmacy(আশ শিফা ফার্মেসী),pharmacy,23.8267201199831,90.3681541219383,,,,
Royal Hospital,hospital,22.3593153350026,91.8242979876432,,,yes,
R P Pharma,pharmacy,23.7753768559128,90.3577748950576,,,,
Liza pharmacy,pharmacy,22.9993465648581,89.817979660131,,,,
Tushar Pharmecy,pharmacy,23.7581388853032,90.4115327339751,,,,
ন্যাশনাল হোমিও ফার্মেসি,pharmacy,23.8096978995612,90.3774232495627,,,,
Niramoy Oushodh Ghor,pharmacy,23.7845968655846,90.4257151656018,,,,
Pran Dental Care & pharmacy,pharmacy,23.7727644681507,90.3545030191538,,,,
Khadiza Pharmacy,pharmacy,23.7074612281639,90.4217640202648,Firoz,,,
kishor homio hall(কিশোর হোমিও হল),pharmacy,23.8197590332165,90.3682926747978,,,,
Quality General Hospital কোয়ালিটির জেনারেল হাসপাতালে,hospital,24.7568223642218,90.4019914459546,,,,
Central Lab,clinic,22.3607872810189,91.8297077517704,,,,
Kurigram Civil Surgeon Office,hospital,25.8092679568284,89.6449539607578,,,,
Medinova Clinic,clinic,22.6849012275033,90.3602279428403,,,,
"Zaman Modern Hospital, Hospital",hospital,25.021963167815,90.0157593826893,,,,
Farida Medical hall,pharmacy,23.588763169486,89.8335307727269,,,,
Health centre,clinic,22.0718794233391,90.039426440671,,,,
"Jamal Clinic Hamayetpur, Hospital",hospital,23.7930925950032,90.2689559742604,,,,
District Veterinary Hospital,hospital,24.8547881206761,89.3589881510919,,,,
Anwar Memorial Clinic,clinic,22.7223474637501,89.0703266375463,,,,
wali pharmacy(ওয়ালী ফার্মেসী),pharmacy,23.8206089581983,90.3642532680204,,,,
Comfort Hospital,hospital,24.2614480309916,89.9223598356269,,,,
Shah Amin Pharmacy,pharmacy,21.7604342205873,92.076067644018,,,,
Checkup Diagnostic Centre,hospital,22.3614482779032,91.8289752572521,,,,
Life Care Pvt Hospital,hospital,24.4788831488538,91.7650812666459,,,,
"Loknath Drug House, Pharmacy",pharmacy,24.7169067354811,90.1718021727665,,,,
Jobayer Homio Hall,pharmacy,23.8127204976646,90.3681311555236,,,,
"Mozid Pharmacy, Pharmacy",pharmacy,25.9904360884014,88.8395276647214,,,,
"Jilani Medical Hall, Pharmacy, Bashar Market Rd, Chattogram",pharmacy,22.3732757300143,91.8331360339874,,,,
Bismillah Pharmacy(বিসমিল্লাহ ফার্মেসী),pharmacy,23.8280534293209,90.3614939454956,,,,
Dr. khaja Habib Salim (ডা: খাজা হাবিব সেলিম),doctor,23.7728169388646,90.3486871518178,,,,
Jaintapur Upazila Health Complex,hospital,25.1361744775432,92.126580764398,,,,
Redwan Medicine Corner (রেদোয়ান মেডিসিন কর্নার),pharmacy,23.7724540862762,90.3492478173211,,,,
Medicare Medicine Hall (মেডিকেয়ার মেডিসিন হল),pharmacy,23.7700827620494,90.3539893761273,,,,
Raninagar Upazila Health Complex,hospital,24.7420816978437,88.9602004997869,,,,general
Liakat Pharmacy,pharmacy,24.3733001702525,91.4167935761329,,,,
Sadek Pharmacy সাদেক ফার্মেসি,pharmacy,24.8233611805554,89.3639474717426,,,,
Munnaf Medical,pharmacy,23.7838048595538,90.4096743822225,,,,
"M/s. Feroza Pharmacy, Pharmacy",pharmacy,25.7748363558771,89.2245732695924,,,,
"Jahanara general hospital, Molla tower, Abdullahpur south, Kalakandi",hospital,23.6605235762206,90.3639398686607,,,,
Ripon Pharmacy,pharmacy,24.4378882662605,90.7799283587442,,,,
Rub Pharmacy,pharmacy,23.8603311326137,90.2622945405323,,,,
Najma Medicine নাজমা মেডিসিন,pharmacy,23.8390882886679,90.2566067486768,,,,
"Rahat Pharmacy (That Pharmacy), Pharmacy",pharmacy,23.7381557575853,90.4221010565914,,,,
"Mirza Clinic, Hospital",hospital,24.4603881442253,89.8738194799778,,,,
Jonosheba Pharmacy,pharmacy,23.7222685306722,90.4280458375982,,,,
"Sabbir Islamia Pharmacy,",pharmacy,23.7478739875818,90.3605992611509,,,,
Ma Medical,pharmacy,22.4193415802085,91.8682579684841,,,,
Rawnal Oishudh Pharma,pharmacy,23.7726952336305,90.3545534782109,,,,
Somadhan Pharmacy,pharmacy,24.3785498400291,88.5802971925128,,,,
Mudi family shop and pharma,pharmacy,23.7918802365282,90.3654391396814,,,,
Poresh Medicine,pharmacy,23.8465227853257,90.2465741973113,,,,
"Labaid Ltd Diagnostic savar branch, Hospital",hospital,23.8425256233403,90.2570516600973,,,,
N Pharmacy,pharmacy,24.9674054438777,92.0264335338238,,,,
"Shohag Pharmacy, Pharmacy",pharmacy,25.1621984428782,89.3886706495242,,,,
"Multi Clinic, Bagerhat",clinic,22.6532017917105,89.7936136352437,,,,
Community Clinic,clinic,22.8173735191234,89.4212394563142,,,,
"Bismillah Pharmacy, IFIC Bank Ltd, Sirajdikhan - Nimtola Rd, Nimtola",pharmacy,23.615758681218,90.3327088974362,,,,
Samota Medical,pharmacy,24.2528316859863,89.9192088267669,,,,
Labiba Dental Care,dentist,23.7685946389599,90.356959922612,,,,
Dr.Md.Mizanur Rahman,doctor,22.360090074313,91.8330014206225,,,,
Rahman Pharmacy,pharmacy,23.7713659476062,90.4265884760934,,,,
"Zainab Medical Hall, Pharmacy",pharmacy,24.3739956167588,89.382421270156,,,,
"Maliha Poultry Feed - medicine corner, Veterinary pharmacy",pharmacy,24.4572907795456,89.8763832527015,,,,
Kanaighat Upazila Health Complex,hospital,25.0120630505197,92.2558594670899,,,,
Jamuna dagonestics Center,clinic,24.4378505476963,90.7799732857452,,,,
Chapai Nawabganj General Hospital,hospital,24.5978493446142,88.2654597497277,,,,
"Sheikh Hasina Medical College & Hospital, Tangail.",hospital,24.2641528711457,89.9242869189855,,,,
Anex Diagonestics Center,clinic,25.7644252777644,89.2321505938803,,,,
Aysha Medical Hal,pharmacy,23.699704195872,90.4212000858193,,,,
Shah Jalal Hospital,hospital,24.8984468559169,91.8595488358107,,,,
Shahi Ali Pharmacy(শাহি আলি ফার্মেসী),pharmacy,23.8278116952334,90.3706875521725,,,,
Sheba Hospital,hospital,25.7642013971306,89.2325456329769,,,,
Dhamairhat Upazila Health Complex,hospital,25.1508889923833,88.8518581986609,,,,general
Saint Vincent Hospital Dinajpur,hospital,25.6119889691657,88.6304180398243,,,,
Aziznagar general hospital,hospital,21.9031656264155,92.06064309816,,,,
Community Clinic,clinic,26.0349072815169,89.2988328245772,,,,
Anuwara General Hospital,hospital,24.0470908317938,90.9863186427946,,,yes,general;clinic
"Ababil Hospital Limited, Hospital",hospital,24.763814296392,90.2532066296545,,,,
Prime Pharma,pharmacy,23.7431735839201,90.3844273354926,,,,
"Bar Auliya Pharmacy, Chattagram Community Hospital, Chittagong-Coxs Bazar Hwy, Chattogram",pharmacy,22.2967282507392,91.8668370682581,,,,
"Maya Traders/Aroti Pharmacy / Jononi Homio Hall, Sultana Mondir, Chattogram",pharmacy,22.5345941737678,91.6975818842086,,,,
Sharkar's dental Care,dentist,23.7635742980542,90.3590870819993,,,,
Mousumi Pharmacy,pharmacy,23.7077999408712,90.4177573867289,,,,
Messrs Bangladesh Medical Store মেসার্স বাংলাদেশ মেডিকেল ষ্টোর,pharmacy,25.1162558904797,88.9379664957908,,,,
Bokkhabadhi Hospital,hospital,22.6676905818981,89.7891833803213,,,,
"Bismillah Medical Hall 1, Pharmacy",pharmacy,23.7709794580508,90.3453192193036,,,,
Nagarpur Hospital Ground,hospital,24.051684533828,89.8734033184852,,,,
"Islami Bank Hospital, Sheikh Mujib Rd, Chattogram",hospital,22.3224711708609,91.8119538750205,,,,
Hakim Center,clinic,22.8602416732569,89.0387209952499,,,,
Binnadangi Digital pharmacy,pharmacy,23.7981735370689,90.2351097654267,,,,
Harun Pharmacy,pharmacy,23.7351310640061,90.3849582452396,,,,
Premier Hospital,hospital,22.3600100271377,91.8277581210922,,,,
Lakshmipur Upazila Health Complex,hospital,22.9344194208667,90.8326513678959,,,,
Mirpur Pharma,pharmacy,23.7926895930986,90.3653041910403,,,,
Thakurgaon BGB Hospital,hospital,26.0191094895106,88.4669857639094,,,,
Prime Diagonestics,clinic,25.7624735516104,89.2347471398454,,,,
Malancha Govt. Hospital,hospital,23.7062421641664,90.3472973484526,,,,
Prime Lab Diagonistic and Consultaion Center,clinic,23.7795544802735,88.6408775653375,,,,
"Mondol Pharmacy, Doctor",doctor,24.6901391276965,89.4075929635764,,,,
Nachole Upazila Health Complex,hospital,24.7347878495212,88.4174942298882,,,,
Ma Pharmacy,pharmacy,23.4069617851283,90.2639429256104,,,,
"Bismillah Homeo Hall, BEPZA College Rd, Chattogram",pharmacy,22.2841699804905,91.7821159761035,,,,
Mediprime Orthopedic & Trauma Consultant Center,clinic,23.7698243479745,90.3677420675783,,,,
Tropical Clinic,clinic,24.3712969792131,88.5835638716367,,,,
Nilphamari General Hospital,hospital,25.9306734540504,88.8453771434891,,,,
আল খিদমাহ ডেন্টাল কেয়ার,dentist,23.7502661827475,90.4128004968301,,,,
Himel Medical Hol,pharmacy,24.7168495709015,90.9474635762625,,,,
Sheba Medical,pharmacy,23.8881984460947,90.2614873632567,,,,
Police Line Hospiotal,hospital,22.6950619381684,90.3650365568719,,,,
Bangladesh Pharma,pharmacy,23.7706117439586,90.3679316662281,,,,
Dental Island,dentist,23.7596534952067,90.3624498177335,,,,
Jabed Pharma,pharmacy,23.4081048252641,89.1352664382115,,,,
"Chittagong Port Hospital Colony, Port Hospital, Chattogram",hospital,22.3137599427117,91.7966020840821,,,,
jaitiyo jolatonko protiroth o niyotnron kendro,hospital,23.7757492638708,90.4057841733216,,,,
Sitakund General Hospital,hospital,22.6168194704336,91.6603574331198,,,,
"EKOTA ENGINEERING SOHEL MISTRI GARAGE,Madanhat Bridge, Bhatiari, Chattogram",pharmacy,22.4587428953704,91.7303847975543,,,,
Sayed Drug House,pharmacy,23.6031849882673,89.83674556787,,,,
Ma Pharmacy,pharmacy,23.7846378530911,90.4113649282735,,,,
Live Strong Pharma(লিভ স্ট্রং ফার্মা),pharmacy,23.8204479418384,90.3568051926794,,,,
মিতু ফার্মেসি,pharmacy,23.8201252385662,90.3805257272033,ফরিদ,,,
Dhaka Central Diagnostic & Imaging Center,laboratory,23.7733708988453,90.3617700453862,,,,
"Populr pharmacy, Housing Colony Rd, Chattogram",pharmacy,22.2684933908041,91.7829171184088,,,,
Magura General Hospital,hospital,23.4863526574169,89.4217503333126,,,yes,
"Aysha clinic And diagnostic center, Hospital",hospital,24.2226502966772,90.4117548544092,,,,
Sohan Pharmacy,pharmacy,23.3590744635555,88.9148179423394,,,,
Messrs Sofi Pharmacy,pharmacy,22.7557124675225,91.5858184254832,,,,
Hanara Pharmacy,pharmacy,23.7779828734284,90.3614389602108,,,,
Bhuiyan Medical Hall ভূইয়া মেডিক্যাল হল,pharmacy,24.2591888566293,90.3981167435746,,,,
"M.D.S Medicine Corner Pharmacy, Dhaka Trunk Road, Chattogram",pharmacy,22.3651221498832,91.7812201182923,,,,
"Mitra Medical Hall, Chittagong-Anwara-Banshkhali Rd, Anowara, Chattogram",pharmacy,22.2325855690659,91.873035569474,,,,
Max Hospital,hospital,22.3551429912409,91.825338181827,,,,
Boikali Medical Center,clinic,24.3722200782096,88.5828555169995,,,,
Anwar Khan Modern Medical College Hospital,hospital,23.7452959656227,90.3819717731388,,,yes,
Al Sami Hospital,hospital,23.7803830314022,90.4261228613721,,,,
J R Pharmacy,pharmacy,26.3376016935365,88.555282743596,,,,
MedEasy Pharmacy,pharmacy,23.7625276498049,90.4284734822981,,,,
Adila Homeopathic,pharmacy,26.2522084565664,89.0735706855316,,,,
"Haque Daoa khana, Pharmacy",pharmacy,24.2433061559438,89.9110662269289,,,,
Megacity Dental,dentist,23.8097815509549,90.3680852226942,,,,
"MS Sumona Medical Hall, Pharmacy",pharmacy,24.0596651952966,89.8773179187243,,,,
Doctors Diagonestics and Consultants,clinic,23.5538967992171,90.5324753825038,,,,
Bagerhat Sadar Hospital,hospital,22.6721141312979,89.7657680308919,BDRCS,,,
Lazz Pharma,pharmacy,23.8065211582585,90.3723345961461,,,,
"Janani Homeo Pharmacy, Homeopathic pharmacy",pharmacy,23.9939651560136,90.3832068465715,,,,
"Suprovat Drug House, Pharmacy",pharmacy,24.8462289402504,89.3474556581535,,,,
Hasmot Ali Mir Comunitty Clinic,clinic,22.4393937748085,90.729433343275,,,,
আল-বারাকাহ জেনারেল হাসপাতাল,hospital,23.7410272299745,90.4186837546676,,,yes,
Central Hospital & Diagnostic Centre,clinic,24.380926696312,91.4129220588761,,,,
"Dhaka Homeo Research, Pharmacy",pharmacy,25.0235453358581,90.0065146464032,,,,
The National Diagnostic Center,clinic,24.3765643348054,91.4156922778749,,,,
"Hazi.Md.Nurislam Mahmud Sabuj, Pharmacy, Sayedabad Bridge New Rd, Dhaka",pharmacy,23.7107492811408,90.4273563422431,,,,
Bhangura Upazila Health Complex,hospital,24.2189872373523,89.3911296484582,,,,
Royal Aid Hospital Ltd,hospital,23.7470313548557,90.4269106764514,,,,
অভি ফার্মা,pharmacy,23.8101147316061,90.3745167408183,,,,
Shapla Drug House,pharmacy,24.7987479733434,91.7897129978638,,,,
Rangopaldi Community Clinic,clinic,22.2254510607226,90.4802387751932,,,,
Dhaka EPZ Hospital,hospital,23.946839330344,90.2759218387118,,,,
Bismillah Pharmacy (বিসমিল্লাহ ফার্মেসী),pharmacy,23.7704213909376,90.3460193596757,,,,
Islam Pharmacy,pharmacy,23.7620771225093,90.3629218865203,,,,
রাজিয়া ফার্মা,pharmacy,23.8127524327157,90.3735909596128,,,,
Juhi Phermacy,pharmacy,24.706671844973,91.7333507339922,,,,
Boda Upazila Health Complex,hospital,26.2034806815623,88.5532584301606,,,,
Angina Medicine Corner,pharmacy,23.7738055843439,90.3538640666749,,,,
Al Islam Pharma,pharmacy,23.7491649683085,90.4329453952793,,,,
Ema Medicine Corner ইমা মেডিসিন কর্ণার,pharmacy,23.9021665524573,90.4127869181469,,,,
Nurjahan memorial clinic and Diagnostic Centre,clinic,22.5925175671055,89.3165664171214,,,,
Najifa Dental Care,dentist,23.7996499254939,90.3634907662887,,,,
Badda General Hospital,hospital,23.784484464263,90.425670992972,,,,
মা মেডিকেল ডিপার্টমেন্টাল স্টোর,pharmacy,23.7580742608297,90.387188585855,,,,
"Azad Pharmacy, Pharmacy",pharmacy,25.851827154011,88.8719652947267,,,,
Public Medicine Corner,pharmacy,23.8190914984478,90.3791966926362,,,,
"Bhai Bhai Pharmacy, Pharmacy",pharmacy,24.7006535546754,89.4030789734414,,,,
Shimanto Clinic,clinic,23.7513632900539,90.4324252981873,,,,
Manobic Heath Center,hospital,23.7155563864299,90.3808214407474,Manobig Oganijation,,,
Manob Sheba Hospital,hospital,24.2664749936009,89.926290361482,,,,
Hoque Pharma,pharmacy,22.37520566322,91.8325267534457,,,,
Bangladesh Dental Clinic,dentist,23.7935968502981,90.3654516287171,,,,
"Pan Pacific Hospital,Training & Research Institute Ltd",hospital,23.7384425863119,90.4220056705333,,,,
মক্কা চক্ষু হাসপাতাল,hospital,23.8560462198924,90.4030895590894,,,,
Safir Medical Hall,pharmacy,24.4550824833355,90.5504675567609,,,,
"Tajmohol Medical, Hospital",hospital,24.0134897936279,90.3093159276883,,,,
Faridpur Drugs House,pharmacy,23.588876744274,89.8333862687161,,,,
Shuvo Pharmacy,pharmacy,23.8509438201546,89.996485699256,personal,,,
Mim Pharma,pharmacy,23.7576185367542,90.3604908831429,,,,
Al amin Pharmacy,pharmacy,22.6862226345386,90.3636704742927,,,,
Belkuchi Community Hospital,hospital,24.666298396681,89.5362694265253,Ministry of Health and Family Welfare (MOHFW),,,community;emergency
Square Hospitals,hospital,23.7530277683861,90.3817095872076,,,,
Madent Dental and Implant Center,dentist,23.7946808818356,90.3654473539465,,,,
"Khan Pharmacy, Homeopathic pharmacy",pharmacy,24.8621955437866,89.944633234568,,,,
Mazumder Pharmacy(মজুমদার ফার্মেসী),pharmacy,23.8158656391924,90.3664253544088,,,,
Dr. Asif Iqbal,doctor,23.791921978406,90.3880942504929,,,,
"Khorshed Medicine Corner, Pharmacy",pharmacy,24.0615125667561,90.3870714906677,,,,
Mamun Drug House,pharmacy,24.1274537533934,89.0708502550376,,,,
M/s Medico,pharmacy,21.7623756370003,92.075824568826,,,,
Sheba Pharmacy,pharmacy,23.807193470712,90.3781341187708,,,,
"Singuriya Community Clinic, Hospital",hospital,24.4216729716572,89.8966835516355,,,,
Mim Medicine Corner,pharmacy,25.7531576529663,89.2522354779027,,,,
Nagda Shimla Health Center,hospital,24.6140872703561,89.9164749852278,,,,
Sudin Dentals,dentist,23.743461083199,90.384534120939,,,,
Al Noor Hospital,hospital,22.7232926909709,89.0672652312313,,,,
"Cant. General hospital bogura, Hospital",hospital,24.7550161479069,89.3968442624038,,,,
Hira Medicine House,pharmacy,22.6851085957879,90.360744854809,,,,
"Mifta pharmacy, Pharmacy",pharmacy,24.9143464880468,89.3528425396851,,,,
Jalalabad Pharmacy(জালালাবাদ ফার্মেসি),pharmacy,23.8254238586573,90.3664770707513,,,,
Popular pathological laboratoryHospital,hospital,25.0185450277009,90.0134566224305,,,,
Nova Medical and Diagonestic Center,clinic,23.4860234162602,89.4217538537119,,,,
Haque Pharmacy,pharmacy,24.3446767252862,91.9769131660556,"Medicine,",,,
"Medi Bangla General Hospital, Hospital, New Road, Dhaka",hospital,23.7056675847038,90.4323284872057,,,,
"250-bed District Headquarters Hospital, Government hospital",hospital,25.0183573568888,90.0250619541075,,,,
Farmacity,pharmacy,23.1079781254626,90.8606557254938,,,,
Al-Madina Pharmacy,pharmacy,24.3129599389538,91.7375861934848,,,,
"Dr. Badal Kanti Debnath (Charu Homoeo Pharmacy), Chuna Factory Lane, Chattogram",pharmacy,22.3441908612783,91.7824809241677,,,,
Dhaka Central International Nursing College & Institute,hospital,23.7736634272661,90.3621911522016,,,,
"Shilpe Pharmacy O Cikithsaloy, Pharmacy",pharmacy,24.8755482508182,89.3670709879602,,,,
Mathbaria Upazila Health Complex,hospital,22.2860999975152,89.9534842728621,,,,
Ibn Sina Hospital,hospital,23.7452370408434,90.3723767571191,,,,
"Shanti Medical Hall, Pharmacy",pharmacy,23.9361236538699,90.278711671364,,,,
Dr Suja Uddin Ahmed,doctor,23.8093685745856,90.3724059261421,,,,
Ma Dental Care,pharmacy,24.4382356961471,90.7797623970613,,,,
Mamun Medical Hall,pharmacy,23.7334524202575,90.415526124104,,,,
Makka Medical Hall,pharmacy,23.8532528668408,90.412422472997,,,,
Govment Hospital,hospital,24.2221009467432,89.9784918486183,,,,general;child_psychiatry
"Abdullah Pharmacy, Naogaon Highway, Naldanga, Natore",pharmacy,24.4694118497248,88.9624778628792,,,,
Monowara Hospital,hospital,23.7449621982383,90.4266089279371,,,,
One Pharma,pharmacy,23.844822683905,90.3895004823884,,,,
"Bismillah Pharmacy, Naogaon - Natore Hwy, Mirat, Naogaon",pharmacy,24.6526690868448,88.9423866924294,,,,
Shanjida Pharma,pharmacy,23.7622909448592,90.4305827882317,,,,
Bismilla pharmacy,pharmacy,22.3710941720753,91.0847082720924,,,,
Eden Multicare Hospital,hospital,23.7472930378728,90.3702312413637,,,yes,
Khan Pharma,pharmacy,23.8270952939692,90.3580882944172,,,,
Rehean Medical,pharmacy,23.5883895880616,89.8339768576138,,,,
Barguna General Hospital,hospital,22.15637663486,90.1279306210041,,,,
UK MEDI MART,pharmacy,23.802088053489,90.3621143739686,,,,
Sufi drug house(সুফি ড্রাগ হাউজ),pharmacy,23.8180447663795,90.3689136900039,,,,
Phulpur Upazila Health Complex,hospital,24.9484440701566,90.3648298591397,,,,
LabAid hospital,hospital,24.7429266775027,90.4077593688044,,,,
"Zarif Medicine Corner, Pharmacy",pharmacy,23.8908795654628,89.87780046489,,,,
Sensitive Dental Clinic,dentist,23.7888635895761,90.3761955522049,,,,
"District Animal Resources Office, Animal hospital",hospital,25.9566166178389,88.8385263625683,,,,
"Bardem Hospital Keraniganj Branch, Aganagar Brijghat, Keraniganj",hospital,23.7071302268076,90.4009236753093,,,,
Siam Drug House(সিয়াম ড্রাগ হাউজ),pharmacy,23.8169484972634,90.3742426525845,,,,
Raninagar Upazila Health Complex,hospital,24.7428419364616,88.9607747439733,,,,
lucky,pharmacy,25.7608999331086,89.2372292728322,,,,
Pran Surgical Pharma,pharmacy,23.7708039409984,90.3678617611556,,,,
Alimon Nessa Diabetic Hospital.,hospital,23.1071107661222,89.1077141166518,,,,
Al Barak Diagonestics,clinic,24.3722274542844,88.5805639884908,,,,
"Ibn Sina Pharmacy, Doyagonj, Hut lane, Dhaka",pharmacy,23.7103320300008,90.4249217346473,,,,
Medicare Pharma,pharmacy,23.7682032879007,90.3593325879434,,,,
"Sheba Susrusha Hospital, Seba Hospital",hospital,23.8934271611134,90.403276140254,,,,
"AIG Hospitals Bangladesh, Enayet Bazar Rd, Chattogram",hospital,22.3406202543454,91.8289537995799,,,,
"S I Pharmacy, 12 No., Airport Road, Potenga, Chattogram",pharmacy,22.2579659718753,91.8289941165342,,,,
Rabeya Medical Hall রাবেয়া মেডিকেল হলের,pharmacy,23.8395562503221,90.2574959847844,,,,
Jamuna Surgical,pharmacy,23.7731081261808,90.3650107406102,,,,
Adarsha Homeo Pharmacy,pharmacy,23.7681161999268,90.3623180542157,,,,
Subah Dental Care,dentist,23.7931603207809,90.387677166991,,,,
Khan Medical Corner,doctor,23.770050240265,90.3507083639491,,,,
"Central Hospital, Hospital",hospital,24.0114049628516,90.3187424674543,,,,
"Mayer Dowa Pharmacy, Humayun Kabir Rd, Humayun Bagh, Chattogram",pharmacy,22.2769798163102,91.7741156171624,,,,
Nogor Matresodon,clinic,23.7460553660502,90.4275863416662,,,,
"Mother And Child Care Hospital, Plot No 2 and 3, 2nd - 5th Floor M.K Plaza, Chattogram",hospital,22.3291755199332,91.7922181810843,,,,
Doctors Dental Zone,dentist,23.7737512696113,90.3538513261821,,,,
Community Dental Clinic,clinic,23.7875592816232,90.3883120961564,,,,
Belayet Pharmacy,pharmacy,24.0969006266785,90.1195873584042,,,,
Mahi Medical Hall,pharmacy,23.8191428795143,90.379911920434,,,,
Shurjer Hashi Clinic,clinic,23.7403623774148,90.432332091424,,,,
Taslima Medical,pharmacy,24.2622340858712,89.9239319453861,,,,
Pirozpur General Hospital,hospital,22.5782999314855,89.9764491788149,,,,
Patwary Pharmacy,pharmacy,22.9634506454223,91.056068482415,,,,
Bismillah Homeo hall,pharmacy,23.8179347958099,90.3738222163213,,,,
"Germany Homeo care, Ali Monshi Rd, Chattogram",pharmacy,22.2870437998126,91.7859668738785,,,,
"Advanced Dental Solution, Dentist",dentist,24.7380759863171,90.4074696902308,,,,
Surjer Hasi Paribarik Health Clinic,clinic,22.888885821524,89.5139437245084,,,,
Shamim Drug House,pharmacy,24.1275472954328,89.0708794240606,,,,
"The Popular Hospital Naogaon, Naogaon",hospital,24.8204420989562,88.9341025222469,,,,
"Jahangir Pharmacy, Homeopathic pharmacy",pharmacy,24.862397296196,89.9445613178387,,,,
সেন্ট্রাল বাসাবো জেনারেল হাসপাতাল,hospital,23.7408208675184,90.4345622644014,,,,
"Central Lab & Hospital, Naogaon",hospital,24.818925645034,88.9365817215675,,,,
Lifeline Community Hospital,hospital,25.7611216344475,89.2393684183411,,,,
Maa-Babar Dowa Pharmacy and Dental Care,pharmacy,23.8199181217388,90.3780434265785,,,,
Jhenaidah Eye Hospital,hospital,23.5417660898492,89.1917140298575,,,,
"Bushra Clinic, Hospital",hospital,23.7993510268268,90.3554909940809,,,,
কবিরাজ ঘর,doctor,23.7463817573598,90.4323264755489,,,,
Morder Diogonistik Centre,clinic,24.7169186377836,90.9462190312793,,,,
Anowara Dental Care,dentist,23.766228343875,90.4179503381399,,,,
Mojumder Pharmacy,pharmacy,23.7516680560533,90.4323409762414,,,,
Fazia Pharmacy(ফাজিয়া ফার্মেসী),pharmacy,23.8161650407738,90.3709047272837,,,,
Safe Plus,hospital,24.8874330351469,89.3836807349269,,,,
"Bismillah Model Pharmacy & Dental Care, Dhaka - Chittagong Hwy, Chattogram",pharmacy,22.368140640854,91.7786999314651,,,,
City Diagonestic Center,clinic,24.3726964217669,88.5828505716766,,,,
Muksudpur Medical Hall,pharmacy,23.6044540922269,89.8361390533564,,,,
Anwara Nursing Home(আনোয়ারা নার্সিং হোম),hospital,23.8264831635804,90.3627321202325,,,,
Satkhira Medical College,hospital,22.6901883643871,89.0468984638051,,,,
Desh Specialised Hospital And Diagnostic,hospital,24.7419969568026,90.4076924812171,,,,
Abdullah Pharmacy (আব্দুল্লাহ ফার্মেসি),pharmacy,23.7715568873605,90.3466456554809,,,,
Sumaiya Medicine Corner,pharmacy,23.8185087885392,90.3813205830813,Mohammad Bashir Ahmed,,,
Dentist Point,clinic,25.7612162661344,89.2364103608921,,,,
Shoily Pharmecy,pharmacy,23.7513329475644,90.4095843605824,,,,
Unnayon Clinic,clinic,22.545257128071,89.1745876223791,,,,
"New Popular Medico, Rahman Mension, kazir golir shesh matha, Kazi Goli, Chattogram",pharmacy,22.276326949872,91.7822379327947,,,,
Ayesha Pharmacy,pharmacy,23.8152274410848,88.7434154823349,,,,
"Mojumder Homeo Hall ,Hazi Makbul Ahmed Society Road, Khejurtola, Chattogram",pharmacy,22.2679670911038,91.7817232839398,,,,
"Siraj Pharmacy And Stationery, Hathazari, Gopaler Ghata, Kuwaish Oxygen Sonjog Sarak, Chattogram",pharmacy,22.4051589809437,91.8596474908111,,,,
Sangram Hospital,hospital,22.7199186396675,89.0692383312383,,,,
Niramoy Diagnostic Centre,clinic,24.7164717985254,90.9472556212448,,,,
"Bangladesh Institute of Dermatology STD And AIDS, Hospital",hospital,23.7840521256974,90.3518565170458,,,,
Chittagong Pharmacy & Surgical,pharmacy,22.3609135962998,91.8306974868972,,,,
The salvation army(দি সালভেসান আর্মি),clinic,23.8185466747415,90.3678748369246,,,,
Mayer Dowa Pharmacy,pharmacy,23.7721269405953,90.345898492632,+8801716916199,,,
Mirpur Eye Hospital,hospital,23.8093238990416,90.3681970372825,,,,
Mayer duya Pharmacy,pharmacy,23.860511427351,90.2621586698818,,,,
New Appollo Diagonestic Center,clinic,23.9046072788423,89.1196305845746,,,,
Faisal Pharmacy,pharmacy,23.7570363297598,90.4140147831428,,,,
Shefa Pharmacy,pharmacy,24.2524182905218,89.9204016554075,,,,
"Sapon Hospital and Diagnostic Centre, Hospital",hospital,24.7452615404507,90.4075612206134,,,,
সেবা ক্লিনিক,clinic,22.6550540246737,89.7966450343454,Private,,,
Brac Maternity Center,clinic,23.7850485663466,90.4113596476745,Brac,,,
Index Laboratory's ltd,pharmacy,23.8281947482084,90.3797672487852,,,,
Medex Pharma,pharmacy,23.808022692393,90.3700850609724,,,,
বিধান ফার্মেসি,pharmacy,22.6287048414956,90.0583309850886,,,,
Khaja Pharmacy খাজা ফার্মেসী,pharmacy,24.3060085751949,89.5646124968304,,,,
"Cwch Help Desk, Hospital",hospital,23.9367169249765,90.2999075766521,,,,
"Horchoki Medical Hall, Pharmacy",pharmacy,24.694810194697,90.4122223969682,,,,
"Metro Hospital, Hospital",hospital,25.7587183751696,89.2310046200784,,,,
Elahi Dental Care,dentist,23.7718769922427,90.4251183740958,,,,
"Bokul Pharmacy, S Alam B Alam Rd, Chattogram",pharmacy,22.27386258652,91.7822842847192,,,,
SRI KISNA PHARMACY,hospital,23.7440832718715,91.0029586484318,,,,
Moon Light Pharmecy,pharmacy,25.9321503453896,88.8537269439735,,,,
Sujon Homeo Clinic,clinic,23.7620670642255,90.3629439309256,,,,
Sulov Pharmacy(সুলভ ফার্মেসী),pharmacy,23.818484648658,90.377225855743,,,,
Matiranga Upazila Health Complex,hospital,23.0395168358171,91.875399349988,,,,
"New Janata Pharmacy, Station Road, Chowdhury Hat, Hathazari, Foteyabad, Chattogram",pharmacy,22.4453942954714,91.8183255463559,,,,
Metro Dental Care,clinic,25.7628287766669,89.2346117721091,,,,
"Nirjon Clinic And Nursing Home, Hospital",hospital,25.7582563646667,89.231161948401,,,,
Dhaka Ahsania Mission,pharmacy,23.7723089955322,90.3643841933479,,,,
dighalia upazila health complex,hospital,22.8729880334128,89.5245852211394,,,,vaccination
National medical Institute of Cardiovascular Diseases &Hospital,hospital,23.7704766276795,90.3692775484207,,,,
"Shuveccha Pharmacy, Pharmacy",pharmacy,24.8133046569468,89.3799659592594,,,,
"Mia Haji Daulat Pharmacy, Shah Amanat Brize,South side, overbrize beside, Karnaphuli, Chattogram",pharmacy,22.3165428183843,91.8564044486542,,,,
Bithy Pharmacy,pharmacy,24.8195453191356,88.9357912242792,,,,
Seva general hospital and Diagnostic Centre,hospital,24.9475721845885,90.3640424631556,,,,
Sahera Drug House,pharmacy,23.7142455405925,90.4061671424776,,,,
"Popular Medical College, Road No. 2, Dhaka",hospital,23.7385646268221,90.3797505687979,,,,
Bahar Pharmacy,pharmacy,25.7622654289546,89.2349965852839,,,,
"Mondol pharmacy, Naogaon - Natore Hwy, Mirat, Naogaon",pharmacy,24.6934713533031,88.9251417648402,,,,
Ekota Pharmacy,pharmacy,24.2536696248466,89.9154869264817,,,,
ইকরা ডেন্টাল কেয়ার,dentist,23.8137442633183,90.3725439760873,,,,
Dental Mirror,dentist,23.7523431345349,90.4180564530341,,,,
Sensive Diagnostics Center,hospital,22.3461642965615,91.8339181493726,,,,
Infertility Care and Research Centre (ICRC),clinic,23.7680358174754,90.3672760337618,,,,
Monir Drug House(মনির ড্রাগ হাউজ),pharmacy,23.8278815164868,90.3617658544346,,,,
"Malibag Dental Clinic, Hospital",hospital,23.7437935932979,90.4136199955034,,,,
Merina Dental Care,dentist,23.7622225485294,90.3631310988235,,,,
Maa Medical Hall (মা মেডিকেল হল),pharmacy,23.7734984714116,90.3491876352563,,,,
"Chittagong Health Point Hospital, O.R. Nizam Rd, Chattogram",hospital,22.3595060232998,91.8265096366146,,,,
Chandan Drag House,pharmacy,23.0380975281528,89.6326801723028,,,,
Crescent Dental Centre,pharmacy,23.7640065528008,90.3654791213595,,,,
"Muna Pharmacy & Maternity, Old BMA Rd, Bhatiari, Bhatiari Union, Chattogram",pharmacy,22.4213285941748,91.7515695549112,,,,
"Mithila Model Medicine Sop, Pharmacy",pharmacy,24.1296966668636,90.0437072462598,,,,
Patwary General Hospital,hospital,24.2894758579184,89.081936495451,,,,
Lokhipur Pharmacy,pharmacy,23.7706170245576,90.3455454468703,,,,
Anisha Medicine(আনিশা মেডিসিন কর্নার),pharmacy,23.8287621192342,90.370633488897,,,,
Oyesis Pharma,pharmacy,24.887747440335,91.8802236381785,,,,
"Munmun Medical Hall, 1 NO. Panir Kol, Halishahar Road, Bou bazar, Chattogram",pharmacy,22.3445831343468,91.7949024855756,,,,
Check Up Diagnostics And Hospital,hospital,25.628764091082,88.6420203540162,,,,
Jorna pharmacy,pharmacy,23.7475684672111,90.4303280621943,,,,
"Konabari Eye Hospital, Hospital",hospital,24.0108685210485,90.3196929752742,,,,
Asia Health Care and Diagonistic Centre(এসিয়া হেলথ কেয়ার অ্যান্ড ডায়াগনিস্টিক সেন্টার),hospital,23.824303198203,90.363525886463,,,,
"Health Narinda, Hospital",hospital,24.4065423791435,89.9116372859922,,,,
Homeopathy pharmacy,pharmacy,23.037982025527,89.6327044798221,,,,
"Maa Pharmacy,Damam Petrol Pump, Rashid Building, Strand Road, Chattogram",pharmacy,22.3207540541768,91.8140049267271,,,,
Aakon Medicine Corner আকন মেডিসিন কর্ণার,pharmacy,23.9021090526015,90.4128142431513,,,,
Ekushe Hospital,hospital,22.3661027487354,91.8334819551314,,,yes,
Crescent Pharma,pharmacy,23.771053889351,90.3672463618246,,,,
Jamalganj Upazila Health Complex,hospital,24.9987898877493,91.2356037354307,,,,
Royal Pharma,pharmacy,23.7526395186311,90.4230647239993,,,,
Savar Specialized Hospital,clinic,23.838887961182,90.2576965637274,,,,
Jaman Pharmacy,pharmacy,23.6965887262814,90.4206689246152,Jaman,,,
International Organization of Migrarion (IOM),clinic,23.7984011895591,90.4161214906865,,,,
PATHOLOGY CENTRE প্যাথলজি সেন্টার,pharmacy,23.0419826240927,91.8735951453298,,,,
Turna Medical Hall,hospital,22.24261736606,91.8192664988062,,,,
"Mithun Medicare Centre, Hospital",hospital,25.0931290461575,90.1882809944056,,,,
"Emon Drug House, Pharmacy",pharmacy,25.1853042486235,90.0668769221072,,,,
Afiyat Medical center,pharmacy,23.7705395757723,90.3555453926325,,,,
Shohag pharmacy,pharmacy,23.7594389184854,90.4123822398617,,,,
"Friends Care Hospital Ltd, Hospital",hospital,23.7306095301582,90.4287922460758,,,,
Nepchun Pharma,pharmacy,23.771560826855,90.3656412273669,,,,
Rima's Dental,dentist,23.791195518858,90.3877940945403,,,,
Prime Dental,dentist,23.7605890832389,90.3677639443455,,,,
Mirsarai Sheba Adhunik Hospital,hospital,22.7790078719175,91.5701385668546,,,,
Kendua Upazila Health Complex,hospital,24.6534534653437,90.8242870667191,,,,
Ma Pharmacy,pharmacy,24.1273034658695,89.0707788412225,,,,
"Rakib Homeo Center, Taltola Rd, Chattogram",pharmacy,22.2835068881304,91.7856215394677,,,,
Al-Karim General Hospital limited,hospital,23.7131854812982,90.430620590615,,,,
Unique Pain & Paralysis Centre,hospital,23.8182924516183,90.3657784391218,"Dr.Faruqul Islam, Dr. Mukhlesur Rahman(Mukul), Dr. A.K.M Minarul Tawhid",,yes,physiotherapy
Shariatpur Dental Hospital,hospital,23.2125146234527,90.347742176054,,,,
Pancha Bhai Medical Hall,pharmacy,24.8190950432972,88.936250049659,,,,
The Child Care Center,doctor,23.7612441289719,90.3840082403339,,,,
Sonatola Community Clinic,clinic,22.253005142482,89.8097193783725,,,,
Safe Maternity Hospital,hospital,22.3691272746766,91.8491599697413,,,,
Dhaka General Hospital,hospital,23.767567352907,90.3673493754146,,,,
Koushik Medical,pharmacy,24.2532690536939,89.9173149357448,,,,
"Nursing Court Kaderiya Medical Center, Dhaka Trunk Road, Chattogram",clinic,22.3416722670127,91.8060022208531,,,,
Ahona Pharmacy,pharmacy,23.744110932152,90.3661917507673,,,,
২৫০ শয্যা বিশিষ্ট যক্ষা হাসপাতাল,hospital,23.7741899784234,90.368174573782,,,,
Dr. Md. Abdur Rashid Khan,doctor,23.8201673995391,90.3774894665978,,,,
Ma Pharmacy,pharmacy,23.8789895843541,90.259702688433,,,,
কুয়েত বাংলাদেশ মৈত্রী সরকারি হাসপাতাল,hospital,23.870967935379,90.4035773858541,,,,
Life Pharmacy,pharmacy,25.7424772643045,89.2342603189091,,,,
Janata Pharmacy জনতা ফার্মেসী,pharmacy,22.1035293220842,92.0741767704811,,,,
Khan Pharmacy - 2,pharmacy,23.7727539907717,90.3602188903849,,,,
"Uttam Drug House, Pharmacy",pharmacy,24.7639005461757,90.2535768583176,,,,
Green Pharmacy(গ্রিন ফার্মেসি),pharmacy,23.8282078239774,90.3681122962415,,,,
"Government Hospital, Pharmacy",pharmacy,24.8128782695324,89.3805609905657,,,,
"Khan pharmacy, Pabna Rd, Lalpur, Natore",pharmacy,24.1988330349906,88.8929769657831,,,,
"Al Amin Hospital (Pvt.) Limited, Zakir Hossain Rd, Chattogram",hospital,22.3627002827802,91.7840195901332,,,,
Life Care,hospital,23.7805549442363,90.4101086486259,,,,
Marzia Pharmacy,pharmacy,23.7610626607682,90.3553361803292,,,,
Kalihati Upazila Health Complex,hospital,24.3899050557154,89.9905505574379,,,,
Konika Pharmacy,pharmacy,23.8203371330784,90.3810295634031,,,,
"R S pharmacy, Akmol Alli road pocket gate C P Z Bondortila, Chattogram",pharmacy,22.2763688593879,91.7777966975791,,,,
"Marristop clinic, Charpara, Hospital",hospital,24.7491078281789,90.4070183247449,,,,
Fahim Medicin,pharmacy,23.1810100669086,89.1910256241498,,,,
Ras Health Care,clinic,23.7315752930419,90.4207382429544,,,,
Hasan Pharmacy,pharmacy,23.848176953917,90.2634365748397,,,,
Adam Hawa Medical Hall,pharmacy,22.3753333196053,91.8322357337676,,,,
Adamdighi Upazila Health Complex,hospital,24.8219948465191,89.044243831251,,,,
LAZ Pharma,pharmacy,23.7630840405375,90.360691965,,,,
Adil Pharmacy,pharmacy,23.3592048859688,88.9147631246927,,,,
"Seba Pharmecy, Strand Rd, Chattogram",pharmacy,22.3316732432599,91.8319557782016,,,,
Samin Drug House,pharmacy,23.8079666174607,90.3758529838222,,,,
Sharif Pharmacy,pharmacy,23.4773074942453,89.1433987283085,,,,
"City Medical Hall, Pharmacy",pharmacy,24.9173186270931,89.9508891518205,,,,
Nabiganj Upazila Health Complex,hospital,24.5636260339568,91.5139363973337,,,,
Ayesha Medical Hall,pharmacy,24.4379883461844,90.7798039713011,,,,
Betagi Upazila Health Complex,hospital,22.413582374538,90.1601988527463,,,,
Abeer General Hospital,hospital,23.7480290527905,90.3988159619373,,,,
"Saju Medicine Corner, Pharmacy",pharmacy,25.7810074482696,88.9170545693822,,,,
Al Manar Hospital Pharmacy,pharmacy,23.7558211214377,90.3635106313992,,,,
Truth Craft Dental Care,dentist,23.7919622953603,90.3880921550171,,,,
Amin Pharma,pharmacy,23.7156846295484,90.4254063762888,Amin,,,
Sunflower Medical Hall,pharmacy,22.3608875285809,91.8301878671842,,,,
Atm corner pharmacy,pharmacy,22.3597269702675,91.8363377533616,,,,
Digilab Medical Service,clinic,23.7918116725602,90.3880947534071,,,,
S Drug House,pharmacy,23.8417777899392,90.3872868217602,,,,
Brac neuro developmental disability center,clinic,23.7864535409566,90.412179481624,,,,
Mukti Medical Hall,pharmacy,25.8927438334477,88.2649926262638,,,,
"Amina Pharmacy, Fulchari Para Rd, Chattogram",pharmacy,22.2389740880267,91.7944012477658,,,,
"Nisro Enterprise, Pharmacy",pharmacy,24.7159554732899,90.1709366574448,,,,
Naz-E-Noor Hospital,hospital,23.7458502608796,90.3703426368569,,,,
Fatema Phaarmacy,pharmacy,23.8067408479407,90.3621785793468,,,,
Dream Pharmacy,pharmacy,23.786378187647,90.3471412774155,Dream Pharmacy,,,
"The Barakah General Hospital Limited,",hospital,23.7408309258022,90.4192602619678,,,,
"Diabetic Hospital Oxygen Branch, Oxygen Mor, Hathazari Rd, Chattogram",hospital,22.3948725417311,91.8202601734274,,,,
Moulvibaza Sadar Hospital,hospital,24.4811473523581,91.7662743467436,,,yes,general;surgery
PC LAB,clinic,23.8002711921571,90.3562896218152,,,,
Shadhona Owshadholoi,pharmacy,23.7980349842095,90.3525827251368,,,,
Sondhani Medicine and surgical store,pharmacy,24.8314609488681,89.3766173889416,,,,
Bangladesh Clinic(বাংলাদেশ ক্লিনিক),pharmacy,23.8284726921177,90.3631802167761,,,,
Care Digonosis Center and Clinic,clinic,22.7204664808589,89.0687837806292,,,,
Ma Moni Pharmacy,pharmacy,23.0405067385819,89.6355086455287,,,,
Avenue Dental Care,dentist,23.7525754808908,90.3670949846533,,,,
Dhansagor Community Clinic,clinic,22.3698532313105,89.8235368619351,,,,
Maa Babar Dowa Pharmacy,pharmacy,23.7987181931371,90.3768037430992,,,,
Jalalabad Eye Hospital,hospital,24.8993353376533,91.9095546834106,,,yes,
Sheba Homeo hall,pharmacy,23.7671792707901,90.3604716885846,,,,
Hazi Pharmacy,pharmacy,24.4417094920983,90.7768253781894,,,,
ফেজ ফার্মা,pharmacy,23.8093806445261,90.3729846965562,,,,
"Halim Pharmacy, Pharmacy",pharmacy,25.1105703617381,90.1302272624736,,,,
"Mahin Pharmacy, Pharmacy",pharmacy,23.9389107204942,89.8493865675031,,,,
UNDP-UPPR Toilet,pharmacy,23.8154426883583,90.3585927173502,,,,
Kiur Diagonestics,clinic,23.5538556440725,90.5301532600486,,,,
Anton Pharmacy,pharmacy,23.8447173233821,90.3885228172022,,,,
"The Lab-Aid Diagnosis Centre, Anowara, Chittagong-Anwara-Banshkhali Rd, Chattogram",hospital,22.2338491409693,91.8723448168334,,,,
Rafa Dental Care,dentist,23.7403719327844,90.4336984254604,,,,
Sono Diagonistic and Clinic,clinic,23.7790320362487,88.64181658995,,,,
Lokhipur Pharmacy,doctor,23.7706151805389,90.3455300241685,,,,
Pallabi Pharmacy,pharmacy,23.2607890213141,89.0236394368699,,,,
BSBA,hospital,22.4298441887039,91.7478987842353,Bhatiary Hospital,,yes,general;gynaecology;emergency
Chakaria Upazila Health Complex,hospital,21.7619197452867,92.0748609852371,,,,
Saiful Medical Hall(সাইফুল মেডিক্যাল হল),pharmacy,23.8275737330023,90.3568865809592,,,,
জেনারেল মেডিক্যাল হসপিটাল,hospital,23.7383956476541,90.3877203337923,,,,
Prime Pharma,pharmacy,23.771368126901,90.3650305219016,,,,
"MCWC Tangail, Hospital",hospital,24.2450873941872,89.9135413191171,,,,
"Haque Homeo Hall, Homeopathic pharmacy, Doyaganj New Rd, Dhaka",pharmacy,23.7116071689306,90.4235277403306,,,,
"Rahman Pharmacy, Chittagong - Rangamati-Khagrachhari Rd, Chattogram",pharmacy,22.4158652696863,91.8195206381104,,,,
"Niramoy Nursing Home and Diagnostic Centre, Hospital",hospital,23.8616003203923,90.0005523472187,,,,
Singer Kach Pharmacy,pharmacy,24.9118899198647,91.8515395920523,,,,
Oral Dental Care(ওরাল ডেন্টাল কেয়ার),clinic,23.828238585562,90.3680953647971,,,,
Sobhan Medical hall,pharmacy,24.4420946405491,90.7766309180357,,,,
Singhodhuli Pharmacy,pharmacy,23.2467548655545,89.0623390190981,,,,
Oxygen Medical Service,pharmacy,24.8339099733373,89.375762853913,,,,
G.M Pharmacy,pharmacy,24.8996348230537,91.8690256669958,,,,
Al-Shifa Homeo Pharmacy,pharmacy,24.0977659743621,90.1580073203426,,,,
Alok health Care(আলোক হেলথ কেয়ার),hospital,23.8234675224566,90.3640548683722,,,,
"M.T.M SHADHIN Pharmacy, Housing Colony Rd, Chattogram",pharmacy,22.2671829640619,91.7803012940664,,,,
Hazrat Hafsa Pharmacy,pharmacy,23.7854052163267,90.4121376559271,,,,
"Modina Medical Hall, Pharmacy",pharmacy,24.9157591740076,89.9508324901551,,,,
Ma Pharmacy,pharmacy,23.705892471166,90.4198093604447,,,,
"National Medical Hall, Pharmacy",pharmacy,24.7751541731955,90.3815666757585,,,,
Noor Medical Hall,clinic,22.8269962792426,90.2518773436302,,,,
রাজু হোমিও হল,pharmacy,26.210389129977,88.9079231564269,,,,
Pirgacha Pharmacy,pharmacy,25.7616609260977,89.2355712485654,,,,
Al Rabbi Pharmacy(আল রাব্বি ফার্মেসি),pharmacy,23.8213172290165,90.371071946252,,,,
Apollo Medicine And Dental Corner,hospital,23.9070320796114,90.3978970538924,,,,
Shirazul Islam সিরাজুল ইসলাম,pharmacy,23.911397039508,89.114661038002,,,,
BRAC Metarnity Centre(ব্রাক মেটারনিটি সেন্টার),hospital,23.8173442907313,90.3732097506564,,,,
"Bariarhat Eye Hospital, Old Dhaka-Chittagong Hwy, Baraiyarhat, Chittagong",hospital,22.8941175540278,91.5341549727117,,,,
"Bismillah Pharma, Chattogram - Rangamati-Khagrachari Highway, Chattogram",pharmacy,22.4415513605044,91.8199172697686,,,,
Bashna Community Clinic,clinic,24.7134237194364,90.294616919369,,,,
Sumon Pharmacy সুমন ফার্মেসী,pharmacy,23.8478119220338,90.2565031483535,,,,
Southkhali Unione Health Family Planning Center,doctor,22.2634964354082,89.8298811244471,,,,
Islam Pharmacy,pharmacy,23.8472065809866,90.3877019774244,,,,
Titash Drug House,pharmacy,23.7487534168627,90.4331679348085,,,,
Union Health Family Planning Center,clinic,22.7246652276156,90.6432714857838,,,,
Center Amorbunia Community Clinic,clinic,22.4104135960432,89.7413277423424,,,,
Sharif Medical,pharmacy,24.4384726525498,90.7794776638106,,,,
Mayer Doa Pharmacy,pharmacy,23.8471756517639,90.3877099402324,,,,
Dental Care,hospital,21.4423626204626,91.9769885193651,,,,
Sara Pharmacy,pharmacy,23.6046096603498,89.8364432326226,,,,
Jannat Dental Zone,dentist,23.7932440559936,90.3881891336368,,,,
"Shikdar clinic,Fakirhat",clinic,22.7749188442734,89.7100649198858,,,,
Monira General Hospital,clinic,23.7790678269752,90.3684376817226,,,,
Majumdar Drug Hosue,pharmacy,23.5889741419889,89.833298677828,,,,
Star Pharmacy,pharmacy,25.742489082788,89.2338066903093,,,,
Rash Medical,pharmacy,24.8171020781796,88.939031416589,,,,
Charfasson Upazila Health Complex,hospital,22.1839999511396,90.762889542154,Govornment of The People's Republic of Bangladesh,,yes,general
"Debiganj Sadar Hospital, Hospital",hospital,26.1164543983969,88.7551738675638,,,,
"Kazi Medical holl, Pharmacy",pharmacy,24.1648855727666,90.4287968561225,,,,
Kanak Pharmacy,pharmacy,22.9702130810837,89.9421963638583,,,,
Durgapur Upazila Health Complex,hospital,25.127952081987,90.6780242812648,,,,
Palash Medical care,pharmacy,23.8477950744084,90.2580960452327,,,,
Brac Maternity Centre(ব্র্যাক মেটার্নিটি সেন্টার),hospital,23.8277310613249,90.3700975500081,,,,
Bangladesh Eye Hospital,hospital,23.7445819951104,90.4139697723228,,,,
"Konika Homeo Clinic, Commerce College Road, Chattogram",clinic,22.3274291504071,91.8172520760165,,,,
লাইফ ফার্মা এন্ড সার্জিক্যাল,pharmacy,23.7301220386696,90.4081202935551,,,,
National Institute of Mental Health and Hospital,hospital,23.7723045531235,90.3683021463484,,,,
Mehedi pharmacy,pharmacy,23.7677435405117,90.3604180444043,,,,
Sikder Pharmacy,pharmacy,23.7717799298039,90.3472148705254,,,,
Siraj Pharmacy,pharmacy,23.8100307449363,90.368047755587,,,,
Nabab Sirajuddaula Manasik and Madakasakta Hospital,clinic,23.7699483163225,90.367643580216,,,,
"Rashedul Hospital, Dhaka - Rajshahi Hwy, Natore",hospital,24.2984357771347,89.0966392756267,,,,
Janami Medical Hall,pharmacy,23.7217039256744,90.4046887423959,,,,
"Jilerdanga Community Clinic., Hospital",hospital,23.3087040869865,89.9982402830474,,,,
Nasima Pharmacy,pharmacy,22.3596454981686,91.8364296190204,,,,
"Monir Drugs, Pharmacy",pharmacy,24.4839957745135,89.9733706734174,,,,
Chandpur Sadar Hospital,hospital,23.2233560284744,90.6531701781557,,,,
G M homio Hall,pharmacy,23.8481398220859,90.261802690454,,,,
"Dhaperhat Sub-District Health Center Office, Hospital",hospital,25.345196260095,89.3427609541861,,,,
Ma Medicine Corner,pharmacy,23.8270965512546,90.3569908518347,,,,
Gauchia Pharmacy,pharmacy,23.7772244788293,90.4319423329264,,,,
Koyarpara Govt Primary School,pharmacy,23.2573918359579,89.0689658355661,,,,
"Aganee Medical Hall, Kotwali, Chattogram",pharmacy,22.3292153339733,91.8368520669404,,,,
"Ma o Shishu Hospital And Diagnostic Center, Hospital",hospital,24.0268769502815,90.3840443663366,,,,
"Ibn Sina Medimart And Departmental Store, Pharmacy",pharmacy,23.8044299572357,90.3635245453585,,,,
"The College Homeopathic Pharmacy,Homeopathic pharmacy,Toyenobi Circular Rd, Gulistan Flyover,Dhaka",pharmacy,23.7221010602468,90.4165214751059,,,,
"Saiyad Pharmacy, Doctor",doctor,25.9410485737986,88.8451672606336,,,,
Dental Square,dentist,23.768769066365,90.3563299387695,,,,
Nabila Diagonostic Center,clinic,24.871245317005,90.7309337877621,Private,,,
Asia Pacific Medicals Ltd,pharmacy,22.3609061364059,91.8305150966841,,,,
Digilap Diagonestics Center,clinic,24.4381293297958,90.7796376743422,,,,
One Pharma,pharmacy,23.8501958191154,90.3876867223606,,,,
AIMS Hospital,hospital,23.7733798674817,90.4258622680024,,,,
জামান ফার্মেসি,pharmacy,23.7379238303245,90.422440775127,,,,
"Life Line General Hospital, Hospital",hospital,24.6661472709668,89.4166165852569,,,,
"Hazi Rani Medicine Market, Haybot Nagar, Dewan Saheb Ln, Babubazar Bridge, Dhaka",pharmacy,23.7111027459976,90.4037988357359,,,,
Health Mart,pharmacy,23.7577692433733,90.3655023392313,,,,
Bathars Pharmacy,pharmacy,23.7710306714793,90.3536405213172,,,,
"Railway Bokkho Badhy Hospital, Bangladesh Railway Hospital, C.R.B. Rd, Chattogram",hospital,22.3421529691597,91.8232183985145,,,,
Al Madina Harbal,pharmacy,23.7930780943107,90.3876458186731,,,,
Choto Baishdia Union Health Center,clinic,22.0099728657943,90.4334261812453,,,,
Amin Pharma,pharmacy,24.4382430722219,90.7797357426093,,,,
Manowara Pharmacy,pharmacy,21.7623847732748,92.0757232316166,,,,
Nasim medical hall,pharmacy,23.7665491193095,90.3598701193939,,,,
দিপক হালদার,doctor,22.6548965287131,89.7992253194183,,,,
Ergon pharmacy,pharmacy,22.3684295650564,91.8455443519884,,,,
Maa Dental Care(মা ডেন্টাল কেয়ার),clinic,23.816751857815,90.3665073294218,,,,
Sohel Medical Hall,pharmacy,23.7597541618638,90.3658908404434,,,,
দক্ষিণ বালাপাড়া কমিউনিটি ক্লিনিক,hospital,26.2114328445601,88.9067915994985,,,,
Chaya Bithi Medicine Corner(ছায়া বিথি মেডিসিন কর্নার),pharmacy,23.8209535382378,90.3756404187577,,,,
Maruf Medicine,pharmacy,24.2537523542309,89.9156324363208,,,,
Rana Pharmacy,pharmacy,23.7922867588321,90.3653429992519,,,,
Popular Pharmacy,pharmacy,23.8109856951648,90.3672509718713,,,,
Sahan Medico,pharmacy,22.3600100271377,91.832651476165,,,,
"Sadia Pharmacy, Pharmacy",pharmacy,23.9353263672401,90.2811772920016,,,,
"Salam Pharmacy, Hathazari, Chittagong - Rangamati Hwy, Chattogram",pharmacy,22.5030614540291,91.8154154333931,,,,
"Rabeya Medical Hall, Pharmacy",pharmacy,24.9280255863879,89.9473601191274,,,,
Romoni Medical Hall,pharmacy,24.4377161857884,90.7801155266421,,,,
Anima Homio Hall,clinic,23.7387354500088,90.4357231579909,,,,
Prottasha Pharmacy,pharmacy,24.3611990490028,88.6173216513919,,,,
"Hira Pharmacy, Pharmacy",pharmacy,24.669140197133,90.4036284316444,,,,
Rahmaniya Pharmacy,pharmacy,22.5346392684069,91.9201873790433,,,,
M Pharma,clinic,23.7482120297368,90.4323567342194,,,,
Cure Dental Care,dentist,23.7856970741952,90.425557334365,,,,
Bulbul Pharmacy বুলবুল ফার্মেসী,pharmacy,23.2522689843763,92.0674900234054,,,,
Allahr Dan Pharmacy,pharmacy,23.8191880579724,90.3718964740672,,,,
"Apollo Hospital Information Center, Health consultant",hospital,23.7522204234724,90.3806899286865,,,,
"Zarine Medicine Centre, F.M Sawdagar Rd, Chattogram",pharmacy,22.2936402737911,91.7857443343492,,,,
Maa Pharmacy,pharmacy,23.7831198904264,90.4267310522664,,,,
Oral Dental,dentist,23.9242083594136,90.2625437345136,,,,
Asia Hospital,hospital,24.2616989851726,89.9224148209117,,,,
Fair Hospital,hospital,23.3746982472518,91.0627068659094,,,,
Bright Dental Care,clinic,25.7611039486318,89.23665033478,,,,
Brac Clinic,clinic,23.8175968374739,90.3733864411753,,,,
Goodlife Pharmacy,pharmacy,23.7890474885317,90.3665533460702,,,,
Nur Medical Hall(নুর মেডিকেল হল),pharmacy,23.8165095369942,90.377352757757,,,,
Medical Square,hospital,22.3942638479227,91.8689779739667,,,,
"Digpait Sub-Health Centre, Hospital",hospital,24.7650470228917,89.9250662683426,,,,
"Hasan Diagnostic Center, Hospital",hospital,24.7648849168844,90.255384331918,,,,
Jarin Pharmacy,pharmacy,21.7623595437462,92.0759440947652,,,,
Mouth dental clinic,dentist,22.3497306287237,91.7864585563186,,,,
"CGD Railway Hospital Port, Port Colony Rd, Chattogram",hospital,22.3167836304625,91.7917885247276,,,,
"Elasin Union Health and Family Welfare Centre, Hospital",hospital,24.1383885328164,89.8994429579792,,,,
Onanna Agriculture Upohar Bitan,pharmacy,23.0440902536457,89.6306708624741,,,,
Jahan Medicine Center,pharmacy,21.4271025275449,92.1807475563714,,,,
"Hafisons & Company, Homeopathic pharmacy, Akashmoni Market, BCC Road, Wari, Dhaka",pharmacy,23.7216293267361,90.4163939863586,,,,
"M/s. A,S, Medico, Kabi Nazrul Islam Road, Firingi Bazar, Katwaili, Chattogram",pharmacy,22.3330808162599,91.8369757838312,,,,
JANNAT DENTAL CARE CHITTAGONG,dentist,22.3438139270926,91.7854517221094,,,,dentist;dental_oral_maxillo_facial_surgery;dentistry;dental
Sindabad Pharma,pharmacy,23.7715157322159,90.4255570829079,,,,
Ma Amina Pharmacy,pharmacy,23.7699609729962,90.356106896326,,,,
Al Hera Pharmacy,pharmacy,24.1274330500925,89.0708423760486,,,,
Mohanagar Clinic,clinic,24.3694802855192,88.5735113713416,,,,
Chief Medical,pharmacy,23.6045668288245,89.8362430727748,,,,
Mazumder Nursing Clinic,hospital,24.3108309355477,91.7337184480845,,,,
Saim Dental Care,dentist,23.7392005618159,90.3878651730792,,,,
Narsingdi Sadar Hospital,hospital,23.9201434716506,90.71845372067,,,,
Ahmed Dental Care,clinic,25.764265937785,89.2324424517488,,,,
Raj Pharma,pharmacy,23.7754136524677,90.3575730588291,,,,
Sheba Pharmacy,pharmacy,22.3741552431142,91.8331476848329,,,,
Nikita Drug House(নিকিতা ড্রাগ হাউজ),pharmacy,23.8197634756252,90.3757586874115,,,,
Ma Pharmacy,pharmacy,23.2140290657181,89.6975278558521,,,,
Farhana Medical hall,pharmacy,23.588789572481,89.8334844208023,,,,
Sun Diagonestics Center,clinic,25.7640958689696,89.2326620576119,,,,
"M/S ROBEL MEDICAL HALL, Jublee Road, Chattogram",pharmacy,22.3423156619003,91.8274970248084,,,,
Magura Drug House,pharmacy,25.7608311176836,89.237434880917,,,,
Akon Medical Hall,pharmacy,23.7719619847408,90.3471132818589,,,,
Health Point Diagnostic,clinic,23.7681119251562,90.3668556813177,,,,
Snigdha Medicine Point,pharmacy,23.822823959931,90.3784469313973,,,,
Kanon Pharmacy,pharmacy,23.2487329947035,89.0593846496865,,,,
Ayan Medicine Corner,pharmacy,23.7695779200212,90.368457127738,,,,
Madan Upazilla Health Complex,hospital,24.7167995309395,90.9453271967817,,,,
"Nalitabari Upozila Health Complex, Government hospital",hospital,25.0931886414891,90.1892465896512,,,,
Madhabpur Upazila Health Complex,hospital,24.0971493177456,91.2875088384708,,,,
Bhai Bhai Pharmacy,pharmacy,23.7945215418563,90.352263793721,,,,
Church's Community Center,clinic,22.5341072690125,89.4847744500075,,,,
"Ultra Assay Health center , Pahartoli , OS",doctor,22.4588995531407,91.9654763944515,,,,
Oreo Dental Surgety,dentist,23.7801112901013,90.4075477257493,,,,
Union Health and Family Planning Center,clinic,21.7580494853154,92.1449129924669,,,,
"23.541480, 89.165644",pharmacy,23.5415022275373,89.1656550281671,,,,
Medicine Mart,pharmacy,23.851494259736,90.4171505369391,,,,
"Akhi Medical Store, Pharmacy",pharmacy,25.3476626351038,89.34388857162,,,,
Sundarban Clinic,clinic,22.7218468964925,89.0682388731039,,,,
Jaman Pharmacy,pharmacy,23.7843094501248,90.4111191708725,,,,
"Emergency And Casualty, Hospital",hospital,25.7673748694911,89.2303716187508,,,,
"M/s. Ferdous Pharmacy, Chittagong - Rangamati Hwy, Hathazari, Chattogram",pharmacy,22.4996999755804,91.80816491951,,,,
"Haji Guest House, Hospital",hospital,25.0071145425241,90.0216286427486,,,,
Surjer Hashi Clinic,clinic,23.7075572847743,90.422366679103,,,,health_Complex
"Al Modina Pharmacy, Pharmacy",pharmacy,23.7144714328831,90.4294936437333,,,,
Nirapod Diagonostic Center,clinic,24.8800439684043,90.7314072814724,,,,
Rohanpur Animal Hospital,hospital,24.8189077915802,88.3268948252189,,,,
"Sha Jabbaria Pharmacy, Sharaipara Bus Stop, Port Connecting Rd, Chattogram",pharmacy,22.3497852787324,91.7863217636589,,,,
"Ruposi Bangla Hospital, Hospital",hospital,23.8367149527843,90.258926272742,,,,
"Soudia Medicine Store, Pharmacy",pharmacy,24.9292763339794,89.9467999565383,,,,
"Equria General Hospital, Dhaka - Mawa Hwy, Dhaka",hospital,23.6097069471267,90.3272581458025,,,,
"AKRAM PHARMACY, Pharmacy",pharmacy,25.8021451831497,88.8875238672165,,,,
Planet Hospital,hospital,23.1696378359589,90.2030110995857,,,yes,paediatrics;general;otolaryngology;blood_check
"Kazi Hospital Complex, Hospital",hospital,24.1652466651553,90.4303019944754,,,,
Ahmed Dental Care,dentist,23.7389531280342,90.3872721534296,,,,
Renesha Diagonestics Care,clinic,23.5542639265761,90.5326478820711,,,,
Porsha Upazila Health Complex,hospital,25.0229352171261,88.4552039931707,,,,
"SEBA Homeo Hall, Homeopathic pharmacy",pharmacy,24.9177096428761,89.9514299522133,,,,
আল্পনা ক্লিনিক,clinic,24.3742756561439,89.2467152402917,,,,
Mesars Poli Pharmacy,pharmacy,23.7741390164521,90.3653714977228,,,,
Puraton Haar Vanga Dokan-1,clinic,23.7477006498241,90.4301797863271,,,,
Fare Hospital,hospital,24.2667561226333,89.9255899696529,,,,
T32 Dental Solution,pharmacy,23.7650677855616,90.3647175416372,,,,
"Shodesh Pharma, Pharmacy",pharmacy,23.9538853257898,90.3821059674087,,,,
Ahmad Pharmacy,pharmacy,23.8608144331507,90.2603744979723,,,,
Abu Bakkar Homio Hal,pharmacy,23.0444952672071,89.6306535957535,,,,
President's Pharma,pharmacy,23.7482159692313,90.4312390912502,,,,
Jahan Drug House,pharmacy,23.7331334888418,90.4153413869581,,,,
New Mukta Clinic,clinic,23.743284225042,90.3844724301317,,,,
"Saila Pharmacy, Bir Uttam A.T.M Haider Road, Saidabad, Dhaka",pharmacy,23.7134494274291,90.4267983589489,,,,
Medicine Point,pharmacy,23.7758479188711,90.3646610476098,,,,
"Niramoy Hospital, Hospital",hospital,24.9341598822254,89.9405656645959,,,,
Tanjin Pharmacy,pharmacy,23.7147312718814,90.3698777765069,,,,
"Pallyshasthya Hospital., Hospital",hospital,23.8711367469089,90.0034645556573,,,,
Nadia Medicine Corner,pharmacy,23.8089480545033,90.3627056334184,,,,
Community clinic of Tildanga Kachari Bari,clinic,22.5959237210981,89.4672542607181,,,,
Cipital Medicine,pharmacy,23.7011707774703,90.4208555895989,,,,
Jamjam Islami Hospital,hospital,24.3704560228677,88.5816461760096,,,,
"Anwara Pharmacy, Colonel Jones Road, Chattogram",pharmacy,22.3629587806741,91.7680461972554,,,,
Shamim Medicine Point and Departmental store,pharmacy,23.8189999680651,90.3684965226829,,,,
BRAC (nurse)(ব্রাক (নার্স)),clinic,23.819662473692,90.3673123274026,,,,
"Radda MCH-FP Centre (Mirpur-10), Hospital",hospital,23.8073457698927,90.3700319197063,,,,
Hamdard Lab,pharmacy,23.7931451495361,90.3881241738873,,,,
"Pirganj General Hospital And Diagnostic Center, Hospital",hospital,25.4173104669625,89.3167108373131,,,,
Haque Pharmacy,pharmacy,23.2146234264721,89.6970531886754,,,,
Robi Farmacy,pharmacy,23.5949406321249,88.9470389839668,,,,
দিনা মেডিসিন কর্নার,pharmacy,23.809731678631,90.3745047546967,,,,
Dr Misbahul Alam Khan,doctor,23.7901529777412,90.4100155256817,,,,ophthalmology
Famous Medicine and Optics,pharmacy,23.7596157766424,90.3639874778708,,,,
Sohel homio hall(সোহেল হোমিও হল),pharmacy,23.816173422677,90.3711165379769,,,,
"Zazira Pharmacy, Oriental medicine store, Mawa - Munshiganj Hwy, Mawa",pharmacy,23.4732627230498,90.2664207838265,,,,
Horihorpur Community Clinic,clinic,22.274309090502,89.3234019429784,,,,
Nurjahan Medicine Center,pharmacy,23.8241464566137,90.3572641856972,,,,
Nalitabari Upazila Health Complex,hospital,25.0934152881509,90.1888859163577,,,,
Udoy Pharmacy,pharmacy,23.7692553843871,90.3563800625504,,,,
Sonagazi Upazila Health Complex,hospital,22.8501266439642,91.3965812871822,,,,vaccination
"Akota Specialized Pvt., Hospital",hospital,25.0187207962104,90.022282263558,,,,
Sarishabari Upazila Health Complex,hospital,24.7553590515657,89.8351513298865,,,,
উপশম ফার্মেসী,pharmacy,22.6227753993716,90.0594227279769,,,,
Seba Medical Store,pharmacy,23.8542879480637,90.3866556644513,,,,
Kobir Pharmacy,pharmacy,24.1273599598969,89.0708073396933,,,,
Doctors Chamber,pharmacy,23.699754487291,90.4213120680457,,,,
Nahid Dental Care,dentist,23.7386661316695,90.388097016521,,,,
Kurmitola General Hospital Pharmacy,pharmacy,23.8191145486815,90.4097953330853,,,,
"Kanchonpuri Hospital, Hospital",hospital,23.7889072592916,90.3270699720762,,,,
"Ruma Medical Hall, Pharmacy",pharmacy,23.8456378239886,89.8296462635201,,,,
Ismi Pharmacy,pharmacy,23.7694805223063,90.368504485491,,,,
"The Renaissance Hospital, Hospital",pharmacy,24.9075175838933,89.9499346206871,,,,
M Pharma,pharmacy,23.7482051565762,90.4324538804772,,,,
Rahman Medicine Point,pharmacy,23.7621579240559,90.3631427496689,,,,
Rana Pharmacy,pharmacy,23.7775684721356,90.370654527474,,,,
"RS Dental Surgery, Hospital",hospital,24.0282639876186,90.2418229993164,,,,
Munshigonj General Hospital,hospital,23.5543664372519,90.5309552405442,Government,,,
Ma Medicine Corner,pharmacy,23.7611238486614,90.3570385448638,,,,
Doctor's Point Pharma,pharmacy,23.8090478829701,90.3637700513024,,,,
Tushar Pharmacy,pharmacy,25.7618421428443,89.2351882794094,,,,
Ma Pharmacy(মা ফার্মেসি),pharmacy,23.8198339674309,90.3713137641586,,,,
"National Veterinary Hospital, Bangabazar Chakkar, Dhaka",hospital,23.7227259311283,90.405278074008,,,,
"Bismilla Homeo complex, Homeopathic pharmacy",pharmacy,24.0113596167554,90.3202149163848,,,,
ওভি ফার্মেসী,pharmacy,22.2285124670377,91.1402636939646,,,,
Hakimpur Upazila Health Complex,hospital,25.2866263705655,89.012406764608,,,,
Habib Model Pharmacy,pharmacy,23.8236018843645,90.3535133678461,,,,
"Monami Hospital, Hospital",hospital,23.836141043874,90.2606956925019,,,,
JRRMC Pharmacy,pharmacy,24.9131106602429,91.8520812306353,,,,
"Surjo pharmacy, Pharmacy",pharmacy,23.9717390310065,89.8326631619294,,,,
National Diagnostic Complex Specialist Consultant Center,clinic,23.7693936857895,90.3667498178806,,,,
Adib Medical Hall,pharmacy,24.2670734614875,89.9262540678413,,,,
Nur Pharmacy,pharmacy,23.7908673673487,90.3753998581366,,,,
Ramgonj Adunik Hospital,hospital,23.1030896318937,90.8601958942857,Abdul Quder,,yes,
Hatiya Homio Hall(হাতিয়া হোমিও হল),pharmacy,23.8174320492575,90.3684550322622,,,,
"Mashiur Pharmacy, Medical Center",pharmacy,25.8584556468597,88.8718136660984,,,,
Dental City,dentist,23.7379003609956,90.3872230354771,,,,
Fast Dental,dentist,23.7135295584235,90.4117520883811,,,,
Skylab Dental Care,dentist,23.7835442661841,90.3754493951844,,,,
Kotchandpur Upazila Health Complex,hospital,23.4114859173662,89.0054198615796,,,,
Nurjahan & Co,pharmacy,23.7663042839178,90.3622269429282,,,,
vatpara Hospital,hospital,23.3689658636715,91.2493841709812,,,,
"Asia General Hospital, Hospital",hospital,23.9106426682224,90.3979799509148,,,,
Suhail Pharmacy(সুহাইল ফার্মেসী),pharmacy,23.8283770546024,90.3680617533653,,,,
Greet Pharma,pharmacy,23.7944619465247,90.4146523945172,,,,
Aria Dental Care,dentist,23.7404021914548,90.433816358838,,,,
Akon Medical Hall (আকন মেডিকেল হল),pharmacy,23.7719912375829,90.3470405269394,,,,
Uk Physiotherapy and Rehabilitation Center,laboratory,23.7689861576572,90.3562825810166,,,,
"Islamia Medicine Corner, Pharmacy",pharmacy,25.0469902734057,90.0232095535061,,,,
Mir Homeo Pharmacy,pharmacy,23.7824540320383,90.407863891137,,,,
Aroggo Corner,pharmacy,25.7424967941389,89.2337134835461,,,,
Mukti Pharmacy,pharmacy,23.8189342539443,90.3717497907617,,,,
Uttara Cresent,hospital,23.8673069715299,90.3966707814581,,,,
Holy Family Red Crescent Medical College and Hospital,hospital,23.7465979266426,90.4027317356429,,,,
Pakundia Upazilla Health Complex,hospital,24.3293627367311,90.6794940479863,,,,
"Ayesha Khanam Memorial Hospital, Hospital",hospital,24.2484444302273,89.9137096277328,,,,
Patuakhali General Hospital,hospital,22.3620186664142,90.3345062289337,,,,
Ashraf Medical Hall,pharmacy,23.7845386951766,90.4103089761118,,,,
হাতিয়া উপজেলা স্বাস্থ্য কমপ্লেক্স,hospital,22.2881155937714,91.141606558672,,,,
Halima Pharmacy,pharmacy,24.3672256373846,88.6437627840479,,,,
Chandpur Pharmacy,pharmacy,23.8283262602692,90.3789230234976,,,,
"Chest Diseases Hospital, Hospital",hospital,24.8624238668291,89.3596466334052,,,,
Monira General Hospitl,hospital,23.7792817331442,90.3682135496318,,,,
Mitul Pharmacy,pharmacy,23.7000591694714,90.4210183661585,,,,
Rahman Medical Hall,pharmacy,23.8446729831143,90.3879604753183,,,,
Khan Medicine,pharmacy,23.8177671577464,90.3540336325761,,,,
Community clinic beside Monu Matbor house,clinic,22.579410617475,90.7321169772141,,,,
Kollayni Pharmacy,pharmacy,24.9125709494975,91.8514708604463,,,,
Afaz Uddin's Pharmacy,pharmacy,24.2230531309437,90.7572552268408,Md. Afaz Uddin,,,
DOCTORS Diagnostic Center,clinic,23.7800715598803,90.4075415231409,,,,
"The Mukul Medical Hall, Pharmacy",pharmacy,24.4689644237334,89.5324005914775,,,,
"Ayesha Homeo Treatment Center, Karnaphuli City Garden, Next to New Bridge, Chattogram",doctor,22.332383861011,91.8521043646881,,,,
Ali Phermacy,pharmacy,24.7057402802543,91.7323642678077,,,,
Physical Medicine Center,pharmacy,22.3590938851208,91.8263572536149,,,,
A Mohammodia Medical Center,clinic,23.7337175398549,90.4160931598537,,,,
Uttara Cresent Hospital,hospital,23.8668615571953,90.3955095525924,,,,
Pathology House,clinic,25.742341226016,89.2339445726166,,,,
City Medical College And Hospital,hospital,23.989064173409,90.3682462390541,,,,
প্রাইম ব্যাংক চক্ষু হাসপাতাল,hospital,23.7442513290302,90.3723241187671,,,no,
"Chowdhury General Hospital, Nazimuddin Rd, Dhaka",hospital,23.7232824894991,90.4003720622615,,,,
Nirmoy Clinic,clinic,22.7193059225455,89.0695209690133,,,,
Maa Pharmacy,pharmacy,24.7701997978677,88.9532975834284,,,,
"Rangpur Good Health Nursing College, Hospital",hospital,25.767601599972,89.235588599105,,,,
Baliakandi Upazila Health Complex,hospital,23.6320112752904,89.5489779842979,,,,
Life Gard Institute Medical,clinic,24.369801731506,88.5812889392963,,,,
Health Home Private Clinic,hospital,22.3604531783585,91.8337378546353,,,,
Dhaka Healthcare Hospital,clinic,23.7682743664397,90.3688097544045,,,,
"DR.PRANOB KARMAKER, MD (Cardiology), Medical Center",hospital,24.2444667980763,89.9133369683177,,,,
Popular Diagonestics,hospital,24.372044142062,88.5815737563661,,,,
"Bodor Uddin General Hospital,",hospital,24.5991664768789,92.1166465327568,,,,
"Remedy General Hospital, Hospital",hospital,23.8941731504958,90.3326469551718,,,,
Kanika Medical Hall,pharmacy,22.2591573755923,90.3361958529754,,,,
"Government Medical Hall, Pharmacy",pharmacy,24.4752160662154,90.3851697206567,,,,
Sarkar medicine corner,pharmacy,23.7595631382905,90.4121580239518,,,,
Jakir pharmacy,pharmacy,23.7120795729935,90.4117221649868,,,,
"Unique Pharmacy, Pharmacy",pharmacy,23.9365705769471,90.2816389672283,,,,
"Surya Hasi Vaccination Centre, Hospital",hospital,23.7467383235208,90.4097430300095,,,,
Tuhin Medical Hall,pharmacy,22.6857389987255,90.3622612249122,,,,
Medi Zone,pharmacy,23.8119046870288,90.4232415821562,,,,
Susowma Medicine House,pharmacy,21.7623781515713,92.0759986609548,,,,
Adarsha Medical,pharmacy,23.5887070945538,89.8336216325573,,,,
Himel Pharmacy,pharmacy,24.819353541191,88.9359768834345,,,,
J & JW PHARMA,pharmacy,23.7907829615838,90.4067710586012,,,,
"Health care hospital, Dhaka - Rajshahi Hwy, Bonpara, Natore",hospital,24.298663681082,89.0829729177784,,,,
"Bhagkola Sub Health Center, Hospital",hospital,25.0144651363312,89.358058765668,,,,
Shopno Medical Hall,pharmacy,24.2672669996318,89.9265382981779,,,,
MSF BKL Health Post 2,clinic,21.1999398757737,92.159513764881,,,,
Amena Hospital,hospital,24.2664450702066,89.925870176676,,,,
Haydar Pharmacy,pharmacy,23.8514452256024,90.4132854737477,,,,
Haque Medicine Corner হক মেডিসিন কর্নার,pharmacy,25.7502877731387,89.2309489642413,,,,
Mostan Nagar Hospital,hospital,22.8409528185788,91.5469434938406,,,,
"Veterinary Pharmacy, Pharmacy",pharmacy,25.1802395674499,90.2605337541326,,,,
Uposhom Medicine Store,pharmacy,23.6978499512519,90.4231440168033,,,,
Khan Pharma,pharmacy,23.7597884438478,90.3658882420534,,,,
"Sherpur ibnasina general pvt hospital, Hospital department",hospital,25.0232644582827,90.0145058690698,,,,
Ogropothik Medical Centre,pharmacy,23.8241290222551,90.3578541878616,,,,
Nipa pharmacy Comilla,pharmacy,23.4492462235248,91.1843132773504,,,,
Ajij Pharmacy,pharmacy,23.7571564424323,90.4069522753479,,,,
Sufiya Pharmacy (সুফিয়া ফার্মেসী),pharmacy,23.7742565307346,90.3499839998768,,,,
Oreo DentalSergery,hospital,23.7802049997788,90.4063998241097,,,,
Niramoy Clinic,hospital,22.3624484904089,91.8346560921279,,,,
Swadesh Pharma,pharmacy,23.7708348702211,90.3679083645372,,,,
Bhai Bhai Pharmacy Arjunhar,pharmacy,25.9905255233083,88.6383368428475,,,,
Pollipran Oshodhaloi,pharmacy,24.2573988173875,90.3936338503003,,,,
Medico Sarjical,pharmacy,23.0282002607045,89.3959688564364,,,,
DiaLab Medical Services,doctor,23.7204309660394,90.3857241835516,,,,
"Adi Pharmacy,Zahir Mansion, Katagor Mor, Word 40 , Uttar, Chattogram",pharmacy,22.2601921215391,91.7925309937107,,,,
Taiyeba Pharmacy,pharmacy,23.7888304810585,90.3671177834299,,,,
Dental Surgery,dentist,23.7386320173236,90.3880516704248,,,,
Sreemangal Upazila Health Complex,hospital,24.300897961192,91.7364248808001,,,,
Iqbal Pharmacy,pharmacy,23.7926692250739,90.3752101756678,,,,
Mukti Pharmacy মুক্তি ফার্মেসী,pharmacy,23.847743693342,90.2565077584003,,,,
Shekh Pharamcy,pharmacy,23.8078319202768,90.3783080432617,,,,
Trisha Medicare Center,pharmacy,23.796897979044,90.3731176335406,,,,
Soiyod Homio Hall,clinic,23.7483676816787,90.4319432549358,,,,
Apurba Medical,pharmacy,24.4383759253872,90.7795734689638,,,,
Uttara Pharmacy,pharmacy,25.6344145834684,88.6371038648907,,,,
Health Care,hospital,23.7194238803731,90.4165135961169,,,,
Nur Physiotherapist,pharmacy,23.846391440903,90.2463626380752,,,,
BRAC Health Service Center,clinic,22.7235841297443,90.6385239758264,,,,
"Jononi Pharmacy, Ershad school ground, Korail",pharmacy,23.7832255862254,90.4099892903247,,,,
Rafi Hospital,clinic,24.3728308674938,88.582931037947,,,,
Azad Pharmacy,pharmacy,25.7423399687305,89.2336372920462,,,,
Tania Medical Hall তানিয়া মেডিকেল হলের,pharmacy,24.0761256605678,89.6094509849429,,,,
Mrinal Medical Hall(মৃনাল মেডিকাল হল),pharmacy,23.8151421971295,90.3746388651475,,,,
দিদার ফার্মেসী,pharmacy,23.8586443584191,90.2620380542951,,,,
SK Pharma,pharmacy,23.7934530168397,90.3882209848689,,,,
"Somota (Pvt)hospital, Hospital",hospital,24.7396275604136,90.4072790857526,,,,
Community clinic,clinic,22.1886094949708,90.0449135697646,,,,
"Rana Pharmacy, Pharmacy",pharmacy,25.7098295838056,89.2602689453614,,,,
"Rural Hospital, Rubir more, Naogaon",hospital,24.8187843261465,88.9377427827951,,,,
"C R Pharmacy, East Mother Bari, Commerce College Road, Motiarpool, Chattogram",pharmacy,22.3310033615583,91.8204284820432,,,,
EverCare Hospital Dhaka,hospital,23.8101879894398,90.4313552644282,,,,
"Azimpur Maternity Hospital, Azimpur Rd, Dhaka",hospital,23.7246435429364,90.3878289632575,,,,
United Pharma,pharmacy,23.7640473726693,90.359004184977,,,,
Jahan Pharmacy,pharmacy,23.8079191758888,90.3758250720846,,,,
Al-Biruni Medicine Store,pharmacy,25.3901485744526,88.9911138807002,,,,
MSF Health Post,clinic,21.2019341819958,92.1622542281235,,,,
Shapla Sarjikal,pharmacy,25.7629259229247,89.2344407812844,,,,
"M/S. Janosheba Pharmacy, Rahaman Bhaban, P.C Road, Neemtola, Bandar, Chattogram",pharmacy,22.315934376033,91.7998184717869,,,,
Inani Health Sub Center,hospital,21.2361111407287,92.0491454739388,,,,
Al Madina Pharmacy,pharmacy,23.7943758643791,90.4146826531877,,,,
Azad Swakalpa dental,laboratory,23.7633269480915,90.3590949609884,,,,
Shoikot Medical Hall,pharmacy,24.2285912220085,90.0536967984621,,,,
Dr. Umme Salma,doctor,23.7930780943107,90.3881109304803,,,,
Shasid Homio Hall,pharmacy,23.786367626449,90.4109097909312,,,,
"Chowdhury Pharmacy, Sonaichhari, Chattogram",pharmacy,22.4898616329114,91.7187788791441,,,,
Zikra Pharmacy,pharmacy,23.8056335985314,90.3730803340714,,,,
Khan Pharmacy(খান ফার্মাসি),pharmacy,23.8257153812497,90.3664509192134,,,,
Lalmatia Dental Surgery,dentist,23.7567708748863,90.3660019844795,,,,
"Tongi Central Hospital, Hospital",hospital,23.9135591514317,90.396026045466,,,,
"Faruk Medical Hall, Pharmacy",pharmacy,25.117199692777,90.0825178887051,,,,
Ahammed Pharma,hospital,23.7590271994015,90.3647401727757,,,,
Brain and Mind Hospital,hospital,23.7607195894713,90.3892702315082,,,,
"Hazem Child Care Centre, Childrens hospital, Chittagong - Khagrachhari Rd, Chattogram",hospital,22.6860748615857,91.7903947818679,,,,
Al Shefa Pharmacy,pharmacy,23.7738779201682,90.355538854748,,,,
"Reliance General & Renal Hospital, Corner, Green Rd, Dhaka",hospital,23.7458216785897,90.3863443605674,,,,
"Sherpur Government Hospital, Hospital",hospital,24.6657812332552,89.4156775606444,,,,
Pioneer hospital and diagnostic center Ltd.,hospital,22.4413748376236,91.9079264987192,,,yes,
Al Amin Pharmacy,pharmacy,23.7482900652553,90.4321986515255,,,,
Rafi Medical,pharmacy,24.2623580542192,89.9242903555658,,,,
Sirajdikhan Upazila Health Complex,hospital,23.5499680335616,90.38763483838,,,,
Bismillah Pharmacy,pharmacy,23.783089799394,90.4269305415619,,,,
Dhap Scientific and Sergical Center,pharmacy,25.7627455443684,89.2347642389279,,,,
Medical Store,pharmacy,23.8543823282934,90.3862340547216,,,,
"M/S City Pharmacy, Joramtal Bazar, Joramtal, Sitakund, Chattogram",pharmacy,22.4979540251493,91.7144452675653,,,,
Bengle City Scan,clinic,24.3728033748514,88.5831656474169,,,,
Moner Bikash,doctor,23.750418146652,90.4090152293569,,,,
DL Pharma,pharmacy,23.7682121727181,90.3678527925192,,,,
Panchagarh General Hospital,hospital,26.3392355779222,88.5573100745166,,,,
Analysis Physiotherapy Hospital,clinic,23.7728159330362,90.3668832577791,,,,
Taoha Drugs(তাওহা ড্রাগস),pharmacy,23.818500490455,90.368737250942,,,,
Metro Oral And Dental Care,pharmacy,23.7665414917776,90.3641905713847,,,,
Unique Medical Centre,clinic,23.77003163244,90.3677790317713,,,,
Aroggo niketon homio center,hospital,23.7035506512383,90.4247765600844,,,yes,
"Sreerampur Square Hospital, Private hospital",hospital,23.9195442493927,90.1262676514144,,,,
"Mamta Pharmacy, Shuvadda, Mahtab Saban Factory Rd, Dhaka",pharmacy,23.6901414501794,90.4000818807736,,,,
Bangladesh Medical College Hospital,hospital,23.750410183844,90.3698920257423,,,,
Family Welfare Center. Wazirpur Union,hospital,23.2440314175754,91.3086349225055,,,,
United Dental Surgery,dentist,23.7681694250119,90.3688324693621,,,,
MSF KTP Health Post 3,clinic,21.2037318487694,92.1506564401594,MSF,,,
"Hasan homoeo hall, Doctor",doctor,25.7386927512026,89.2299565469056,,,,
দোহার জেনারেল হাসপাতাল,hospital,23.6147160562822,90.1203358623576,,,,
"Upazila Health Complex, Rampal",hospital,22.5879579794172,89.6499932447648,,,,
Nabinagar Upazila Health Complex,hospital,23.8862863663428,90.9676657231104,,,,
Al-bar Pharmacy(আল- বার ফার্মেসি),pharmacy,23.8197647329107,90.3713278457559,,,,
মহসিন মেডিকেল হল,pharmacy,23.8150107688878,90.3730984389823,,,,
"The Zaman Pharma Limited, Pharmacy",pharmacy,24.7510725462828,90.4053937442717,,,,
Padma Nursing,clinic,24.3608342685767,88.6249600797539,,,,
Dhanmondi Pharmacy,pharmacy,23.7384914528074,90.3832837924426,,,,
Star Clinic,clinic,25.7644886449523,89.2316224501614,,,,
"New Pharmacy, Bhatiari, Chattogram",pharmacy,22.4376396939314,91.7386441573034,,,,
Crescent Hospital,pharmacy,23.7708252310325,90.3678617611556,,,,
Akash Pharmecy,pharmacy,23.80916908529,90.3681889906555,,,,
"Shodesh General Hospital, Dhaka - Mawa Hwy, Kalakandi",hospital,23.660226186296,90.362538079174,,,,
Al-khidmah pharmacy(আল-খিদমাহ্ ফার্মেসি),pharmacy,23.8245509672608,90.3673945538727,,,,
New Amanillah Pharmacy,pharmacy,23.7482246864106,90.4313220720916,,,,
Reshma Drug House,pharmacy,23.8151976853285,88.7433544620798,,,,
the dental INN,dentist,23.7847082610778,90.3677041813759,,,,
Bashar Medicine Centre,pharmacy,23.7474938682729,90.4297179434623,,,,
"Laily pharmacy, Pharmacy",pharmacy,25.3802868462738,89.3262772710431,,,,
"J. S. Medicine Point, Swamibagh, Dariyaganj New Road, Dhaka",pharmacy,23.7112854714868,90.4237056881349,,,,
Community clinic,clinic,22.2015483874427,90.0939255751052,,,,
"Asgar Ali Hospital Parking Area, Hospital, Distillery Road, Dhaka",hospital,23.7085835649988,90.4229144364754,,,,
Mia Pharmacy,pharmacy,23.7742447960701,90.3500571738915,,,,
"Makka madina pharmacy, Pharmacy",pharmacy,24.0311550736612,90.2638079769693,,,,
Nahar Diagnostic Center,clinic,22.7225218911551,89.0704611670923,,,,
Shikdar Medical Hall,clinic,22.5704836391381,91.6844582545908,,,,
"Bangladesh Phermacy, Hospital",hospital,25.0191377958933,90.0139949920713,,,,
Dr. Abdul Baki,doctor,24.0803639699075,89.6329828428264,Dr. Abdul Baki,,,general
Haimchar Upazila Health Complex,hospital,23.0950907816953,90.6620769561059,,,,
Madina Drug House,pharmacy,25.7617594972791,89.2352063843203,,,,
যীবা মেডিকো,pharmacy,22.4250877939291,91.7450546368505,,,,
Nadim Medical Hol,pharmacy,24.7167279494864,90.9473514263981,,,,
Thanks Medicare,pharmacy,23.7752574976116,90.3594509404161,,,,
Shiru Pharmacy,pharmacy,23.7841547201922,90.3582635600126,,,,
Dr. Md. Abu Hanif,doctor,23.7431543893619,90.3844189535894,,,,
Gournadi Upazila Health Complex,hospital,22.9629212444179,90.2267734598065,,,,
Nageswari Upazila Health Complex,hospital,25.9647601396861,89.6895086376289,Bangladesh Government,,yes,general;clinic
Sukpukuria Helth Center,clinic,23.2536107594363,88.9435700495194,,,,
Jahanara Pharmacy,pharmacy,25.5450691953328,88.8370299413947,,,,
রিয়া জেনারেল হাসপাতাল এন্ড ডায়াগনস্টিক সেন্টার,hospital,23.9074920784576,90.0558143186607,,,,
Mukti Pharmacy(মুক্তি ফার্মেসি),pharmacy,23.8172896407226,90.3755711842375,,,,
Bhai Bhai Store,pharmacy,24.8546008689592,89.3615722918403,,,,
"M/S The Jamuna Pharmacy, Doyagonj Bazar Road, Genderia, Dhaka",pharmacy,23.7111385367242,90.4244199939234,,,,
Comfort Dental,hospital,24.2529083804004,89.9188990316256,,,,
"Moonlight Pharmacy, Pharmacy",pharmacy,25.9324148782537,88.853535585124,,,,
Labbaik Pharma and Departmental Store,pharmacy,23.789373293108,90.3663278728749,,,,
Ghatail Animal Hospital,hospital,24.4778884684042,89.9737775309974,,,,
Homeo hall,pharmacy,23.7842508606216,90.4109098747502,,,,
Meri Stap Clinic,clinic,26.3377274220841,88.5552879403759,,,,
"Hamdard Treatment and Sales Centre, Hospital",hospital,25.7806191985146,88.9147318601938,,,,
Khaled General Hospital,hospital,24.9218233971346,91.4433541509092,,,,
Bhola Medicine Corner,pharmacy,23.8278645850424,90.3581264320767,,,,
"Newton maternity clinic, Hospital",hospital,23.7995460737136,90.3525701522819,,,,
Mridul Medicine,pharmacy,23.865762270594,90.2589561961363,,,,
R K Pharmacy,pharmacy,23.7704492188561,90.3634680513311,,,,
Ma babar dua medical,pharmacy,23.8879025649127,90.2624510306645,,,,
"Jhum Pharmacy, Pharmacy",pharmacy,24.8833744338113,89.3643078935791,,,,
Aushad gallery,pharmacy,24.885333452221,91.8657551321965,,,,
Holy Crecent Diagonetics,clinic,24.3722563718503,88.580498442008,,,,
Tamanna Pharmacy,pharmacy,23.7548594656866,90.4159325625889,,,,
Choudhury pharmacy,pharmacy,23.862513361105,90.259895639844,,,,
মৈশাতুয়া কমিউনিটি ক্লিনিক,clinic,23.1872774673685,91.0669763559289,Government,,,
"M/S sorna pharmacy, Pharmacy",pharmacy,24.6377894485121,92.160182221659,,,,
Akib Medicine,pharmacy,25.7629460394923,89.2343968601118,,,,
Dream Pharmacy,pharmacy,23.7715472481718,90.3466033268699,,,,
Litu Pharmacy,pharmacy,23.7866038284805,90.4105086330454,,,,
"Ridhi Medicine Corner, Pharmacy",pharmacy,24.716916961403,90.1727539378718,,,,
"Habiba Pharmacy, Madam Bibir Hat ,Batiari, Shitakundo, Chattogram",pharmacy,22.4381412670173,91.7376345570661,,,,
"Mahabub Pharmacy, Korail",pharmacy,23.7845710493228,90.4130678795413,,,,
Silver Dental Care,dentist,23.8105460643434,90.3622481491432,,,,
"Sherpur Diabetic Hospital, Hospital",hospital,25.0133284664418,90.0166179410314,,,,
"TMC Diagnostic And Hospital, Private hospital",hospital,24.5672077888208,90.3975691538403,,,,
সুপ্রভাত মাদকাসক্তি সেন্টার,hospital,24.8331181349445,88.9196325913413,,,,
"Sweety Medical Hall, Pharmacy",pharmacy,24.7294832782788,90.4088977988935,,,,
Chemon Ara Homeo Hall,pharmacy,22.3234917513913,91.7783648229762,,,,
"Doctor Beni Madhob Shorma, Doctor, Chattogram - Rangamati-Khagrachari Highway, Chattogram",doctor,22.4212870199351,91.8198712531202,,,,
Government Outdoor Dispensary (GOD),hospital,23.8191075917019,90.380530169612,,,,
"Apex Medical and Diagnostic Centre, Hospital,",hospital,23.9914820171984,90.382320795587,,,,
Unique Hospital,hospital,23.1682799676448,89.2087457218299,,,,
D B pharmacy,pharmacy,22.361817416919,91.1229510405977,,,,
Kakoli Pharmacy,pharmacy,23.4665695219087,91.168266878096,,,,
Sifa Homio Hal,pharmacy,23.7001076168717,90.4220643438555,,,,
Niramoy Pharmacy,pharmacy,22.3595480166347,91.8346248276291,,,,
Cumilla Pharmacy,pharmacy,23.7734987228687,90.3554554548114,,,,
"MCWC Sherpur, Hospital",hospital,25.0219399499433,90.0179249311932,,,,
Seba clinic and consultation center,clinic,22.6104594499436,89.6453193279172,,,,
Bagmara Hospital,hospital,23.3385321790768,91.14363757763,,,,
Srabon Medical Hall,pharmacy,23.0282745243666,89.3960065750006,,,,
Osman Pharmacy,pharmacy,23.7848784975313,90.413082966967,,,,
Kazi Drugs,pharmacy,23.8128554463057,90.3693743594023,,,,
Medical Center,hospital,22.2675090200954,91.8005780398525,,,,
Ma Pharmacy,pharmacy,25.1056931837385,90.6707993321863,,,,
"BASIC Amzad Tower, Hospital",hospital,24.8401664773231,89.3743929994774,,,,
S T Sarkar Pharmacy,pharmacy,23.8540100879735,90.3862042989654,,,,
Arit Medical,pharmacy,23.7982615470523,90.3371133360968,,,,
Dhap Bio Lab,hospital,25.7619000617953,89.2354473640365,,,,
Femous Pharmacy,pharmacy,24.891931183485,91.8778393220018,,,,
Hammad Pharmacy,pharmacy,23.7135339170131,90.4120746240152,,,,
S P Pharmacy(এস পি ফার্মাসি),pharmacy,23.8230767581307,90.3639235239496,,,,
Gobra community clinic,hospital,22.97752997964,89.8100169359352,,,,
Bismillah Drug And Medicine,pharmacy,23.7827651682841,90.428861396777,,,,
Dr M A Mukit,doctor,22.3596485994728,91.8365195568415,,,,
Al-Hera medicine Corner,pharmacy,23.8101392905824,90.3726722192059,,,,
Fatema Ma o Shishu General Hospital,hospital,23.7849605563633,90.3673675641445,,,,
"Fatema Pharmecy, Madrgi, Shah Road, Chattogram",pharmacy,22.2817909449128,91.7832535680022,,,,
Amin Medical Hall,pharmacy,22.338305591784,91.784444133529,,,,
Surgiscope Hospital unit 2,hospital,22.3597998928251,91.8374697293852,,,,
Community clinic,clinic,22.1368794898881,90.0554304274954,,,,
Community Clinic,clinic,25.4752778652918,89.8170276435686,,,,
Moni Pharmacy,pharmacy,23.7216958790474,90.4057462871193,,,,
Ma Pharmacy,pharmacy,25.3955098911794,88.996134389244,,,,
Maliha Pharmacy,pharmacy,23.8137970693082,90.3719666305968,,,,
Sanjida Herbal Medicine,pharmacy,23.7059764578357,90.4241559639734,,,,
Jebun Homeo Hall (জেবুন হোমিও হল),pharmacy,23.7731981478209,90.3498382385806,,,,
Hossain Medical Hall,pharmacy,23.7003981336357,90.4242259528649,,,,
"Baimail shasto kendro, Hospital",hospital,23.8146781749699,90.096035216315,,,,
Agrabad Eye Hospital,hospital,22.3288888588447,91.8027233879698,,,,
Tahia Dental Care,dentist,23.7931254520637,90.3881104275661,,,,
"Medicare Hospital, Bongobondhu Avenue, Oxygen - Kuwaish Rd, Chattogram",hospital,22.3960243828652,91.8244641169641,,,,
জাতীয় মানসিক স্বাস্থ্য ইনস্টিটিউট এন্ড হসপিটাল,hospital,23.77235853258,90.3681049201667,,,,
The Popular Pharmacy,pharmacy,24.3726566915459,91.4146061508617,,,,
Shadiya Medical Corner (সাদিয়া মেডিকেল কর্ণার),pharmacy,23.7722352347843,90.3509175762523,,,,
Aysha Pharmacy,pharmacy,23.8161278251237,90.3658598274017,,,,
"National Heart Foundation, Heart Hospital",hospital,23.7885152376802,90.3536691874261,,,,
ইউনিয়ন স্বাস্থ্য ও পরিবার কল্যাণ কেন্দ্র,hospital,25.0785963347972,88.8432330526573,,,,
Galachipa Upazila Health Complex,hospital,22.1659772667549,90.4194580748828,,,,
Al-Helal Hospital,hospital,23.8027631319706,90.3706419546192,,,,
Ayesha Pharmacy,pharmacy,22.8005845670668,89.5630315860728,Privet,,,
Gomoti Hospital,hospital,23.4592155753404,91.1779088327736,,,,
Sabiha Dental Clinic,clinic,23.784970279371,90.4104401528964,,,,
Community clinic beside Mosharref Member house,clinic,22.5759000249689,90.7430603899974,,,,
Jarif Medicine,pharmacy,25.764387475381,89.2325929907298,,,,
Dr. Selina Akter,doctor,23.7919316175947,90.388118138917,,,,
Khondokar Pharmacy,pharmacy,25.7646764834025,89.2318072711263,,,,
Manikchari Upazila Health Complex,hospital,22.8501898435141,91.8411781348063,,,,
Islami Bank Community Hospital,hospital,25.7618481778146,89.2350025364351,,,,
Shandhani clinic,clinic,22.8117314924592,89.5673461707314,,,,
Bismillah Pharmacy,pharmacy,23.770393646838,90.3509735673655,,,,
"Rampart Power Bangladesh Limited, Pharmacy",pharmacy,24.0460439320874,90.3899729702703,,,,
Kalaruka Mohammadi Pharmacy,pharmacy,24.9123992881205,91.8514708604463,,,,
"Dr. Dipnagkar Medcal Hall, Kumira, Chattogram",hospital,22.5368595507385,91.6990029520726,,,,
Salman Drugs(সালমান ড্রাগস),pharmacy,23.8227299987964,90.3630594335514,,,,
Ma Daintiest,dentist,23.7727432619357,90.3477167788874,,,,
SB Pharmacy,pharmacy,23.7679142798793,90.3626255862431,,,,
Rita Dental Care,dentist,23.7483603894229,90.4309209980248,,,,
"Bagerhat Eye Hospital, Bagerhat",hospital,22.6555583637877,89.7775094846764,,,,
Royal Multispecialist Hospital &Diagnostic Centre,clinic,23.7682850952757,90.368903464082,,,,
Nargis-Nasrin-Delowara Future Hospital,hospital,23.4508698819886,91.1453605616463,,,,
Ma Medical Corner,pharmacy,24.8167629463772,88.9393015653283,,,,
হামদর্দ (ওয়াকফ) লিমিটেড,pharmacy,23.7512899484011,90.3870726641341,,,,
LMRF Hospital,hospital,23.450717750446,91.1993927402547,,,,
Madhukhali Upazila Health Complex,hospital,23.5447203754418,89.6295834781754,,,,
Maula Buksh Sardar Datobbo Chokkhu Hospital,hospital,23.7034276887187,90.415293777748,,,,
Mourashi Community Clinic,clinic,22.2635246824219,89.8383311724934,,,,
Araf Homeo Hall,pharmacy,23.7932722191882,90.3881250958966,,,,
"Ajij Pharmacy, Pharmacy",pharmacy,25.1887639629773,90.2386963817946,,,,
"Naureen Medical Hall, Hospital",hospital,23.7488833363619,90.4179960195122,,,,
Shahin Pharmacy(শাহীন ফার্মেসি),pharmacy,23.8177033714632,90.3706597242539,,,,
Zafor Pharmacy,pharmacy,23.7866392839309,90.4122618757322,,,,
Sarwars Dental Clinic,clinic,23.7698468952941,90.3673258222667,,,,
Satellite Clinic,clinic,25.5932070519916,89.8595476972633,,,,
"Kaviraj Hospital, Hospital",hospital,25.005524160216,89.3699545302899,,,,
Tamim Pharmacy,pharmacy,25.396430559424,89.1160670184403,,,,
Oishi,pharmacy,25.6348220277816,88.6374538931672,,,,
Habib ENT,clinic,23.7916111774363,90.3880841922091,,,,
Shafali Pharmacy,pharmacy,23.8607212263874,90.0036239794557,,,,
Chittagong Medical College,hospital,22.360605058444,91.8303822435188,,,yes,
Ma Moni Medical Hall,pharmacy,23.8281738772695,90.3660125456774,,,,
"RK Hospital, Hospital",hospital,25.7609427646338,89.2359599174156,,,,
Jela Sadar Hospital,hospital,21.4415556946441,91.9769159320837,,,,
Rifat pharmacy,pharmacy,23.7835653885801,90.4066414743782,,,,
Fahim Pharmacy,pharmacy,23.7835294302155,90.4115132879597,,,,
Feni General Hospital,hospital,23.0300436926695,91.4053963671118,,,,
"Upazila Livestock Department and Veterinary Hospital, Hospital",hospital,24.9271977896305,89.9480597565853,,,,
Satkhira Health care,clinic,22.7225546643965,89.0703645237487,,,,
Tuhin Homeo Hall তুহিন হোমিও হলের,pharmacy,24.0241073180159,89.2466065270075,,,,
Shakira physiotherapy Point,hospital,22.7302591421555,89.0629179571503,,,,
Joy Pharmacy (জয় ফার্মেসি),pharmacy,23.7725922200405,90.3476227339338,,,,
Rajshahi Shishu Hospital রাজশাহী শিশু হাসপাতালের,hospital,24.367493439191,88.5886685344884,,,,
National Institute of Traumatology & Orthopaedic Rehabilitation (NITOR),hospital,23.7735110442663,90.3695890199426,,,,
Ibn Sina Pharmacy,pharmacy,23.7390707261357,90.3758901994723,,,,
Mir Homeo Pharmacy,pharmacy,23.7824495896296,90.4078060560051,,,,
BDM Hospital,clinic,23.7682546689672,90.367992267388,,,,
"Rahman Medical Hall, Pharmacy",pharmacy,24.7709486370972,90.3865512259377,,,,
Reliance Medical Service,clinic,23.7805381804299,90.4079029508058,,,,
Christian Memorial Hospital,hospital,21.681722869189,92.0772638254199,,,,
Jalil Pharmacy,pharmacy,25.3859015479336,88.9882184360679,,,,
Sheba Dental,dentist,23.7987073804821,90.3537380866701,,,,
Khandakar Pharmacy,pharmacy,23.8515264462442,90.4174656964984,,,,
nahar medicine corner(নাহার মেডিসিন কর্নার),pharmacy,23.8261285252571,90.3707036454266,,,,
Mandarbaia Community Clinic,clinic,23.2939653484462,88.9540874939835,,,,
Bismillah Pharmacy,pharmacy,22.3608379915331,91.8303769629198,,,,
"Muktagacha Model Hospital, Private hospital",hospital,24.7665164543371,90.2582713946471,,,,
Unihealth Specialised Hospital,hospital,23.7503397758574,90.3870928645208,,,,
আলহাজ্ব দেলোয়ার ফার্মেসি,pharmacy,23.8130800813108,90.3735078949523,,,,
"Ekarchali FWC, Hospital",hospital,25.8116055858045,89.0826038625817,,,,
Arman Medical Store,pharmacy,25.6258127391555,88.6366129368218,,,,
Piyas Medical Hall,pharmacy,23.7693779278115,90.3562032882126,,,,
Kajal Medicine Corner,pharmacy,23.7477383683884,90.4302576542077,,,,
Anando Medical,pharmacy,23.6037923409713,89.8389697896962,,,,
Akash Pharmacy,pharmacy,24.2544627205249,89.915601423279,,,,
"Nurpur Medicine Market, Babubazar Bridge, Dhaka",pharmacy,23.7107725828316,90.4036569301152,,,,
Bogi Shoronkhola Community Clinic,clinic,22.2242753311645,89.8313292658584,,,,
"Sheba pharmacy, Pharmacy",pharmacy,23.9696087703149,90.3787068542147,,,,
কেয়া'স ফিজিও কেয়ার,doctor,23.7715557977131,90.3521654739968,,,,physiotherapy
Jaspus Habiganj Adhunik Eye Hospital,hospital,24.3705762193592,91.4122199906663,,,,
সেভেন স্টার ডেন্টাল কেয়ার,dentist,23.808939253505,90.3790505960638,,,,
Dia Dental Surgery,dentist,23.7591031394443,90.3733761314344,,,,
Chauddagram Medinova Diagnostic Centre,hospital,23.2303923847315,91.313575383874,,,,
মা ক্লিনিক,clinic,22.6215398230248,90.0606136287798,,,,
"S. Ahammad pharmacy, Chittagong - Rangamati Hwy, Hathazari, Chattogram",pharmacy,22.5027761340451,91.8138490233281,,,,
"Dr. Tamiz Uddin Diagnostic Center and Three-Star Clinic, Mohadevpur, Naogaon",doctor,24.9224658700129,88.7503601405712,,,,
"Moktijodda Pharmacy, Doctor",doctor,24.1970232982764,90.4277840707621,,,,
Adarsha Homeo Pharmacy,pharmacy,23.7681807405812,90.3622825987653,,,,
Al Araf Pharma,pharmacy,23.7708252310325,90.3679316662281,,,,
Anoyara Pharmacy,pharmacy,23.7717300574801,90.3470505852232,,,,
Sheba Hospital,hospital,24.2665985428537,89.9252293801783,,,,
"Metarnity Hospital, Hospital",hospital,24.2454303816651,89.913356246695,,,,
"Zakia memorial Hospital LTD, Hospital",hospital,23.7992344345536,90.3551562208681,,,,
"Mary Pharmacy, Pharmacy",pharmacy,25.4260325915858,89.3103865237306,,,,
"Bodor Uddin General Hospital, Hospital",hospital,24.5991519761864,92.1166583512402,,,,
"Haji Pharmacy, F.M Sawdagar Road, Opp. Bay-Shopping Center, South Halishahar, Bandar, Chattogram",pharmacy,22.2930026624167,91.7824806727106,,,,
"Tania Hospital (Pvt), Private hospital",hospital,24.7434151748196,90.4074949197593,,,,
Sigma Medical Services,clinic,23.772582999947,90.3669299449798,,,,
SHAFIA PHARMA,pharmacy,23.8091573506256,90.3669387459781,,,,
Nazmul Pharmacy,pharmacy,23.7639211412075,90.3639806885292,,,,
"Internal Hospital, Nilphamari Jail, Hospital",hospital,25.9227617756449,88.8664292991377,,,,
Anonna Medical Hall,pharmacy,24.437303041781,90.7807560716826,,,,
"Hawa Pharmacy, Pharmacy",pharmacy,25.7091853507277,89.2612926271959,,,,
Kalkini Upazila Health Complex,hospital,23.0751000264455,90.2292063910216,,,,
"Maa Hospital And Diagnostic Centre, Hospital",hospital,25.7779909689555,88.8939318321926,,,,
Khan Medicine Corner (খান মেডিসিন কর্নার),pharmacy,23.7702206443566,90.3486712262018,,,,
Arian Pharma,pharmacy,23.8466123878706,90.2491599306213,,,,
Afia Medical Hall(আফিয়া মেডিকেল হল),pharmacy,23.8284541681116,90.3615966238095,,,,
Era Pharmacy,pharmacy,22.3596571490141,91.8364018749209,,,,
Dipa Pharmacy,pharmacy,23.7941732737794,90.3521980796001,,,,
Seba pharmacy,pharmacy,24.3800744243973,88.5646817907196,,,,
"Harun Medical Hall, Pharmacy",pharmacy,24.1734899316504,90.0178089256534,,,,
গণস্বাস্থ্য হাসপাতাল,hospital,24.0257941760295,90.3240475416109,,,,
Ekota Pharma,pharmacy,24.328041748791,90.6799234528858,,,,
"Bangladesh Spine And Orthopaedic Hospital -BSOH, General hospital",hospital,23.7780668600982,90.3604469619702,,,,
Sarkar Hospital,hospital,24.260809832884,89.9223755936048,,,,
"Medicine Store, Pharmacy",pharmacy,24.6694903930476,89.4165578281157,,,,
"Kader Homoeo Hall, Doctor",doctor,24.2488893416477,89.9133446796686,,,,
"Medicare Medical Services, Hospital",hospital,23.9925301741903,90.3816037237705,,,,
SP Hospital,hospital,23.7666101395646,90.3584818247712,,,,
Rx Medimart,pharmacy,22.3596522875102,91.8364809162679,,,,
Holy Family Red Crescent Medical College Hospital,hospital,23.7467688336484,90.4031951710693,,,,
"Jhilmil Hospital, Shuvadda High School Rd, Keraniganj",hospital,23.6941830362516,90.3989301234586,,,,
Dhaka Diagnostic Center,clinic,23.7571836836176,90.3619178183391,,,,
Medisun Diagnostic Cente & Medical Services,clinic,24.4819784180577,91.7653306282653,,,,
Janani Digital Diagnostic center,clinic,22.7951939974978,89.8758279516162,,,,
Atia Dental Care,dentist,23.7085419907591,90.4145326171209,,,,
"Tawheeda Pharmacy and Veterinary, Pharmacy",pharmacy,25.1140160783137,90.31818968094,,,,
"Ma-Moni Medical Hall, Pharmacy",pharmacy,25.1757938898257,90.3230472452861,,,,
General Health Care,doctor,23.8060451499773,90.3520890310398,,,,
"Lamiea Pharmacy, Pharmacy",pharmacy,26.2537237370221,88.5597779582679,,,,
Mahi Medical Hall,pharmacy,23.8607262555293,90.0035281743025,,,,
Saiful's Dental,dentist,23.8061270411713,90.3732778955292,,,,
Achanpur community clinic,clinic,24.7125291189107,91.3315986549919,,,,
SR Pharma and Departmental Store,pharmacy,23.7744655753997,90.3612087931497,,,,
Rahamat Medical Store,pharmacy,25.6112867333178,88.6544536500886,,,,
"Syria Memorial Ma o Sisu General Hospital, Bagerhat",hospital,22.6643444423322,89.788543422014,,,,
"City Digital Diagnostic And Consultation Center, Hospital",hospital,23.9460544489309,90.3826163414929,,,,
"The South View Hospital, Hospital",hospital,24.9058472382288,89.9499710819659,,,,
Monira Dental Care,clinic,22.8580014419957,89.0413196366908,,,,
Jamuna Diagnostic Centre,clinic,23.7479124605173,90.4270165398885,,,,
Niramoy Pharmacy,pharmacy,23.8063892271025,90.3605744507175,,,,
Holy Crescent Hospital,hospital,22.362018079681,91.8093556526748,,,yes,
"Mohsin Medicine shop, Pharmacy",pharmacy,24.1647057809435,90.4285134639762,,,,
RAF pharmacy(আর এ এফ ফার্মেসি),pharmacy,23.8159772861427,90.3750505842314,,,,
"Roots Hospital And Diagnostic Center, Hospital",hospital,25.9387644213648,88.8457029480654,,,,
Sumaiya Medicine Corner,pharmacy,23.8192886408104,90.371621296186,,,,
"Shan Pharmacy, Pharmacy",pharmacy,23.9135139729736,90.3955438345765,,,,
East Khada Animal Hospital,hospital,22.3102297365521,89.8405774387248,,,,
Khan Medical Corner,pharmacy,23.7700598794537,90.3507053464639,,,,
Doctor's Chamber,doctor,23.7957116882878,90.3522236444048,,,,
"Siraj Medico, Majhirghat Road, Chattogram",pharmacy,22.3306688398027,91.8237701792004,,,,
"M/s Ifti Pharmacy, Pharmacy",pharmacy,24.0015948671963,90.3819175422253,,,,
Bosunia Trade,pharmacy,23.8151780716751,90.366550160947,,,,
Dinajpur Pharmacy,pharmacy,25.7642228548027,89.2325178888774,,,,
Med Shoppi,pharmacy,23.7586845471998,90.4442072365641,,,,
Feni Dawat Khana,pharmacy,23.7474116418027,90.4283312414013,,,,
Maymuna Medicine Hall,pharmacy,23.7603049367213,90.3570335995409,,,,
Bismillah Pharmacy,pharmacy,23.7727752808058,90.3470095977166,,,,
Bikash Hospital,hospital,24.1050128840269,90.0959945640846,,,,
Popular Drag House,pharmacy,23.698143317863,90.42264135407,,,,
Majid Medico,pharmacy,23.7606239519561,90.3677639443455,,,,
2 No Showlmari union Council & Health Center ( ২ শোলমারী ইউনিয়ন পরিষদ ও স্বাস্থ্য কেন্দ্র ),clinic,25.6095455605716,89.8493536266237,,,,
"Mother and Child General Hospital, Hospital",hospital,23.9659517459603,90.3802884355245,,,,
Ma Medical,pharmacy,23.6048203813955,89.8364677915989,,,,
Sahara Dental Care,dentist,23.8135020263165,90.3752289511309,,,,
Al Noor Pharmacy,pharmacy,23.8122800286529,90.3696973979506,,,,
আমেরিকান সুপারস্পেসটিটি হাসপাতাল,hospital,23.8704896639839,90.4035460375362,,,yes,
"Basumoti General Hospital, General hospital, Dhaka - Mawa Hwy, Dhaka",hospital,23.6147680240819,90.3323743756806,,,,
Rahmania Pharmacy,pharmacy,24.8915439395584,91.870426199197,,,,
Gonoshasthaya Nagar Hospital mirpur (গণস্বাস্থ্য নগর হাসপাতাল ২ মিরপুর),clinic,23.8218001942774,90.363930061834,,,,
Mawna City Hospital & Digital Lab মাওনা সিটি হাসপাতাল এন্ড ডিজিটাল ল্যাব,hospital,24.2210128918923,90.4117211591584,,,,
আনোয়ারা ড্রাগ হাউজ,pharmacy,23.828029876173,90.3615006510182,Md. Shojib Hossain,,,
Shekh Parmacy 2,pharmacy,23.8075345303521,90.3782572489285,,,,
"Bandhu Pharmacy, Niscintapara, Chattogram",pharmacy,22.3077591705917,91.7879889242001,,,,
"Modern clinic and diagnostic, Doyaler mor, Naogaon",clinic,24.8196368495183,88.9352505915245,,,,
বারাকপুর কমিউনিটি ক্লিনিক,clinic,23.7575206361252,88.6157302632553,,,,
"Life Care Digital Lab and hospital, Private hospital, Bazar Road, Tekerhat",hospital,23.2269929362614,90.0214967954116,,,,
Ma drug house(মা ড্রাগ হাউজ),pharmacy,23.8239984322036,90.359513888509,,,,
A B Pharma,pharmacy,23.7599019348167,90.3659266311699,,,,
"Tesla Neuroscience Hospital, Hospital",hospital,24.8382232168914,89.3751089816465,,,,
Help pharma health Care Center,doctor,23.77008184004,90.349786522238,,,,
Hassan Medical Hall,pharmacy,23.7706964849997,90.3472210731337,,,,
The Cash and Carry Pharma,pharmacy,23.7058844245389,90.4218266330815,Bappy,,,
Pharmacy,pharmacy,23.6981203514483,90.4279901817611,,,,
Maa O Shishu Hospital Pvt.,hospital,22.8715570749031,91.0894674328953,,,,general;gynaecology;ophthalmology;paediatrics;dentist;endocrinology;diabetes;neurology;urology;surgery;gastroenterology;hepatology;cardiology;internal
Imran Medicine Corner,pharmacy,23.8072851687327,90.3617707997575,,,,
Doctors Care,doctor,23.7609519358273,90.3570653669539,,,,
Institute of Nuclear Medicine,hospital,23.739121520469,90.3942606490196,,,,
"Natore Sonography & Clinic, Dhaka - Natore Hwy, Natore",clinic,24.4122992378811,88.9936081674466,,,,
A.B Pharmacy,pharmacy,22.4694031674645,92.1290751349634,,,,
"Sherpur Model Clinic, Hospital",hospital,24.6658827381027,89.4171262887889,,,,
"Tulatuli Medico, Tulatuli Road, Chattogram",pharmacy,22.409570544222,91.7540764983313,,,,
Maa Medicine Plus,pharmacy,23.7576271701145,90.4146485388418,,,,
"Combined Care Hospital LTD, Hospital",hospital,23.7911555371798,90.387634922199,,,,
Hasib Pharmacy,pharmacy,24.3672516212845,88.6438863333007,,,,
ঝাউগড়া স্বাস্থ্য কেন্দ্র,clinic,24.8944724927082,89.8747723347306,,,,general
Shapla Clinic,clinic,22.8140304808616,89.5571514295395,,,,
Smile Signature Dental Care,dentist,23.7587784245154,90.3658983841563,,,,
"Chayanica Hospital And Diagnostic Center Ltd., Hospital",hospital,23.9095853749561,90.2263606510751,,,,
U Bangla Pharma And Telecom,pharmacy,23.7833701740552,90.4279966358266,,,,
Jaan Homeo Hall,pharmacy,23.8118073731329,90.3711196392811,,,,
Shonali Traders,pharmacy,21.7622359944934,92.0756848425,,,,
SD Hospital,hospital,22.7176693559508,89.0702089556258,,,,
Aroggo Niketon,pharmacy,23.8513124562561,90.413552940278,,,,
"Ideal General Hospital, Hospital",hospital,25.7597383689668,89.2311889381292,,,,
Community clinic,clinic,25.6423218194651,89.8581835425218,,,,
Saturia Upazila Health Complex,hospital,23.9684566777237,90.0353449567398,,,,
Al Madina Pharmacy,pharmacy,23.7690985589787,90.3686618976325,,,,
Dogma Hospital Limited,clinic,23.7874681703357,90.4255433365867,,,,
Care Dental,pharmacy,23.7504495787889,90.4090087752915,,,,
"Community Health Care and Immunization Centre, Mohadevpur, Naogaon",hospital,24.9069891887172,88.7593163717502,,,,
R S Medico,pharmacy,21.7623534249569,92.0759610262096,,,,
Sikdar pharma(সিকদার ফার্মা),pharmacy,23.8238238371605,90.3646516598782,,,,
Mother's Dental Care,dentist,23.7402334637439,90.4331683539037,,,,
Shapla Medical Store শাপলা মেডিকেল স্টোর,pharmacy,25.0565381831297,89.3696627562405,,,,
"Green Life Lab and Hospital, Hospital",hospital,25.7776058205047,88.8928505666833,,,,
Munnaf Medical Hall,pharmacy,23.7837374690522,90.4097248412796,,,,
"Khan Medical Store, Pharmacy",pharmacy,24.652529779614,89.4242274371575,,,,
Nurunnahar Diogonostic Center,clinic,24.0750984583339,89.6101081261517,,,,general;orthopaedics;dentist;x-ray;ultrasonography
Arpon medical,pharmacy,23.887161269396,90.2629550345023,,,,
Medicine Corner,pharmacy,23.5882007437831,89.8341989780479,,,,
BRAC Delivery Centre,clinic,23.7393898251895,90.3619674392059,,,,
Jinil Pharmecy,pharmacy,23.8119579959329,90.3565904483201,,,,
Sazzad Medical Hall,pharmacy,24.4372773931572,90.7805877630669,,,,
General hospital,hospital,22.3669882968057,89.8709937727799,,,,
Institute Of Cardio-Vascular Diseaqses,hospital,23.770367160024,90.3694313563439,,,,
Asad Pharmacy আসাদ ফার্মেসী,pharmacy,22.1613280765217,92.0660793491012,,,,
Burichang Upazila Health Complex,hospital,23.5572320423089,91.1271727537691,,,,
Sakti Owshodhaloy,pharmacy,24.4381692276549,90.7798264348016,,,,
Bahaddar Hat Eye Hospital,hospital,22.3684293974184,91.8470763962504,,,,
"Ellenga Hospital Limited, Hospital",hospital,24.3346360434747,89.9242677244272,,,,
Imran Pharmacy,pharmacy,23.7625661227405,90.3647768855116,,,,
"S.M Medical Hall, Chittagong - Khagrachhari Rd, Anayetpur, Chattogram",pharmacy,22.583443737825,91.7948629229926,,,,
Sreepur Health Complex,clinic,25.155895754606,91.1337348619447,,,,
"Arpita Medical Hall, Abdul Mabud Swodaghor Road, Barrister College, Bondor, Dokhin Halisohor, Chattogram",pharmacy,22.2962723590256,91.7851333774269,,,,
Bhola Pharmacy,doctor,23.7719605598173,90.3461081240304,,,,
Vet-RX,hospital,23.7381222299726,90.3908268347465,Dr. asaduzzaman,,,veterinary
"Hahnemann Homoeo Clinic, Hospital",hospital,24.2091064822533,89.9785793556874,,,,
"The Life Pharmacy, Mohiuddin Market,Abdul Barek Road, C.D.A Market, Pahartali, Chattogram",pharmacy,22.3586900450259,91.7874535720443,,,,
R K Pharmacy,pharmacy,23.8388252645463,90.255418865359,,,,
Crital Diagonestic Center,clinic,22.7215746522774,89.0684466604836,,,,
"Unico Hospitals PLC, Green Rd, Dhaka",hospital,23.7442874550329,90.3849570717732,,,,
Hope Bangladesh Matri Seba Dan Kendro(হোপ বাংলাদেশ মাতৃসেবাদান কেন্দ্র),clinic,23.8277279600207,90.3582016177481,,,,
"Islam Fermacy, Ali Monshi Rd, Chattogram",pharmacy,22.2872726257692,91.7864907428268,,,,
Nilphamari Diabetes Hospital,hospital,25.9306587857199,88.8595024943551,,,,
Delta Health Care,hospital,23.8164662863738,90.3657760921889,,,,
Sonika Pharmacy সোনিকা ফার্মেসী,pharmacy,23.8483147524051,90.256226964644,,,,
Taz Pharmacy(তাজ ফার্মেসী),pharmacy,23.8163645300693,90.3709172163195,,,,
Nowshin Pharmacy,pharmacy,23.8176813270579,90.3808778509557,,,,
Nahar Medicine Corner,pharmacy,23.7504104353011,90.4089847192294,,,,
Rafi Dental Care,dentist,23.8545386507876,90.3862850166929,,,,
"ALAM Homoeo Hall, Doctor",doctor,24.0278255302636,90.3859733775329,,,,
Shovo Madical Hall,pharmacy,24.7186421247142,90.9429663499338,,,,
"Rabia clinic, Rajshahi - Dhaka Hwy, Natore",clinic,24.4064268765178,88.9555808976719,,,,
Shofic Health Care Senter,pharmacy,23.6992596197277,90.4216610904938,,,,
Anonna Medicine,pharmacy,23.9242705531352,90.2627959459801,,,,
"Kodda Primary Health Center, Government hospital",hospital,23.9942298565158,90.3505305837828,,,,
Munhiganj Care Hospital,hospital,23.5538889202281,90.5323875401585,,,,
Refat Medical Hall,pharmacy,23.7841758425882,90.4117931597067,,,,
Delta Pharmacy,pharmacy,22.3574215277996,91.8377878226107,,,,
Niramoy Pharmacy,pharmacy,23.7482102695371,90.4322389684798,,,,
Pharmacy 24,pharmacy,23.7945173509046,90.4146241475036,,,,
"Ma Moni Medical Hall, Faculty of Pharmacy, Unnamed Road",pharmacy,22.024857868545,90.098296067058,,,,
Trauma Surgical,clinic,23.7726836666041,90.3668295297798,,,,
National Center For Prevention Of Rheumatic Heart Diseases,hospital,23.7683617896898,90.3707509193605,,,,
"World Chemical Industries Ltd., Chemical plant",pharmacy,24.0033218745262,90.3833229359304,,,,
"Sheba Homeo Hall, Homeopathic pharmacy",pharmacy,24.7644642291641,89.925537582758,,,,
"Momo Medical Hall, Pharmacy",pharmacy,24.4117602815071,90.3879192363547,,,,
S.Din Dental Care,dentist,23.8125351737855,90.4254456874148,,,,
Apan Pharma,pharmacy,22.3589735209912,91.8258283555246,,,,
Mohona Medical,pharmacy,24.8168226255278,88.939065698573,,,,
General Dental Surgery 1/A/2,laboratory,23.7730727545494,90.3591886706658,,,,
Advance Dental,dentist,23.7771828207705,90.4256105594501,,,,
"Monwara model farmacy, Pharmacy",pharmacy,24.076820939436,89.8853499612594,,,,
Aziz Pharmacy,pharmacy,23.7898400812958,90.3880533468055,,,,
Shaon Mesical,pharmacy,23.6033501955789,89.8371696921706,,,,
Maa Medicine Corner,pharmacy,23.8092868510296,90.3766433972914,,,,
Naogaon General Hospital,hospital,24.8232288303043,88.9381036237267,,,yes,
Kbushbu Pharmacy,pharmacy,24.9129008612064,91.8238296907129,,,,
Songkramok Badhi Hospital,hospital,23.774043630394,90.4052250165609,,,,
Asia Diagnostic & Medical Centre,clinic,23.7347591589623,90.4174310792383,,,,
Khan Medicine Corner (খান মেডিসিন কর্নার),pharmacy,23.7752509597271,90.3560533359648,,,,
Ahasan Pharmacy,pharmacy,23.8076003282921,90.3784240488017,,,,
Fair Dental,dentist,23.8098158329389,90.3680620886415,,,,
Adorsho Medical Hall(আদর্শ মেডিক্যাল হল),pharmacy,23.8168701264688,90.3725842930416,,,,
মাতৃ মেডিকেল হল,pharmacy,22.1691903855175,91.092147294978,,,,
"Ma o Shishu General Hospital and Diabetes Center, Hospital",hospital,24.3957839549632,89.8191455828624,,,,
Rakib Pharmacy,pharmacy,24.8171007370751,88.9392178301156,,,,
"Islam Medical Hall, Pharmacy",pharmacy,25.1138243841881,90.3175203859716,,,,
Riya Pharmacy(রিয়া ফার্মেসি),pharmacy,23.8177618771474,90.3690028734537,,,,
Lalmonirhat Drug House,pharmacy,25.7643490862645,89.2323155497348,,,,
Surjer Hashi Clinic,hospital,23.1737358322395,89.5033817721385,,,,
Bismillah Pharmacy,pharmacy,23.7775435778831,90.3707959301805,,,,
"Sherpur Diagnostic Centre, Hospital",hospital,25.032686220364,90.0165746904111,,,,
KOrim pharmacy,pharmacy,23.818254733054,90.3686757277728,,,,
Mridula Clinic,clinic,24.075529455795,89.6153092647089,,,,general;orthopaedics;surgery
Adhunik Dental Care,pharmacy,23.5882650329804,89.8341229541861,,,,
"New Super Diagnostic Centre, Hospital",hospital,23.996464890997,90.2561045888577,,,,
Farazy Pharma,pharmacy,23.7625771868526,90.4363493699771,,,,
Priyangon Pharmacy(প্রিয়াঙ্গন ফার্মেসি),pharmacy,23.8152831807409,90.3730094231706,,,,
Central Hospital Cox's Bazar,hospital,21.4423115746723,91.9770313508903,,,,
Ruonagar Central Hospital and Diagnoatics Center,hospital,23.8170643351653,90.3561060581357,,,,
"TB Medicine Savar, Hospital",hospital,23.7926544729243,90.2725630424721,,,,
"Mukti Dental Surgery, Dentist, Mir Hajirbag New Rd, Dhaka",dentist,23.7032976854005,90.4347071875073,,,,
Fatema Medical Hall,pharmacy,22.3029867663818,90.1961662698161,,,,
Lima Pharma,pharmacy,24.4820419528838,91.7653306282653,,,,
Mukta Pharmacy,pharmacy,23.8070074762806,90.3549316696821,,,,
"M/s Haque Medical Hall, Madam Bibir Hat, Bhatiyari, Sitakunda, Chattogram",pharmacy,22.4384036205867,91.7383779480586,,,,
"Islam Medicine Center, Veterinary, Veterinary pharmacy",pharmacy,23.8485643654817,90.2587842833022,,,,
Makka Pharmacy(মক্কা ফার্মেসী),pharmacy,23.8242340475018,90.3620513420567,,,,
Pabna Sadar Hospital,hospital,24.0166140642168,89.2447364405905,,,,
Rokeya Pharmacy(রোকেয়া ফার্মেসী),pharmacy,23.8278922453229,90.3630975712108,,,,
ডিমলা উপজেলা স্বাস্থ্য কমপ্লেক্স,hospital,26.1563387626387,88.9249712769296,Government,,no,
Majher Deur Community Clinic,clinic,21.8861159971703,90.3420701421765,,,,
TR Pharma,pharmacy,23.7737943525936,90.3561392504723,,,,
হাবিব মেডিকেল হল এন্ড চিকিৎসালয়,hospital,24.116917030552,90.881236650546,ডাঃ হাবিবুর রহমান,,,pharmacology
Maa Pharmacy,pharmacy,23.8094315226784,90.3764352746356,,,,
Jahan Ara Clinic,hospital,23.8554417170355,90.4039788790161,,,,
Khandakar Chamber(খন্দকার চেম্বার),hospital,23.8278870485429,90.3588366307325,,,,
Bina's Dental Care,dentist,23.798271437698,90.3645471375456,,,,
Islam's Homio & Harbal Care,doctor,23.7613031375703,90.3624026276187,,,,
Active Social welfare Society Health Clinic(একটিভ সোশাল ওয়েলফেয়ার সোসাইটি হেলথ ক্লিনিক),clinic,23.8174320492575,90.3683610711277,,,,
Janani D Lab,hospital,23.6052962220387,89.8371980230033,,,,
University Dental College and Hospital,hospital,23.7477632626409,90.4091273792214,,,,
Kabir Pharmacy,pharmacy,23.8153166245346,88.7436674423442,,,,
"M/S Be Alam Pharmacy, Rangamati Road, Ichapur Fauzia Bazar, Rangamati Hwy, Hathazari, Chattogram",pharmacy,22.5101932801633,91.8397715676347,,,,
Free Friday Clinic,hospital,23.7302624355478,90.4072650879743,,,,
Bhandaria Upazila Health Complex,hospital,22.4898149457107,90.058786373888,,,,
Joya Telecom Pharmacy,pharmacy,23.7098599612141,90.4125285878911,,,,
Arafat Pharmacy,pharmacy,25.7618405502827,89.2354706657273,,,,
Taha Medicine Corner,pharmacy,23.8091692529281,90.3642590515336,,,,
"Hasan Drug House, Jamai bazar, Korail",pharmacy,23.7867074288037,90.4130692206458,,,,
Insaf dental care,dentist,23.7675376809698,90.3592112179854,,,,
Mim Pharmacy,pharmacy,24.8264404403242,89.3776874227007,,,,
Lily and Diji Farmacy,pharmacy,24.9180338548909,91.8741676293166,,,,
Laksham Upazila Health Complex,hospital,23.2339428750967,91.1177263488926,,,,
Aesthetic amd Baby Care,doctor,23.8236208274657,90.3536406889553,,,,paediatrics;dermatology
Medicine Plus,pharmacy,23.757208661689,90.4115252740813,,,,
Janayed private hospitalAndDiagnostic Centre,hospital,24.7466564567768,90.4084962219124,,,,
Nagar Shastho Kendro,clinic,23.7014310355638,90.4286415394567,,,,
Medilab Pharma,pharmacy,24.7372249716879,90.5081060886742,Pharmacy,,,
সূর্যের হাসি ক্লিনিক,clinic,22.6606447540905,89.796057630571,,,,
Arpa Drug House,pharmacy,22.3593409836263,91.8373855750773,,,,
M/S Jahanara Pharmacy,pharmacy,23.7619820717273,90.3572875712071,,,,
Compath Lab,pharmacy,25.7642272972114,89.232506321851,,,,
Rad homeo,pharmacy,23.7836511354495,90.4064081221939,,,,
"Ibn Sina Diagnostic Center, Hospital",hospital,24.827242923734,89.3556838372228,,,,
Amen Pharma,pharmacy,23.771355051132,90.3459828983969,,,,
Gafargaon Upazilla Health Complex,hospital,24.4627159663747,90.5451622311472,,,yes,
New Palli Pharmacy,pharmacy,23.366862257432,89.6618490277086,,,,
Alikadam Upazila Health Complex,hospital,21.652360643277,92.3119345669587,,,,
Botul Bazar Community Clinic,clinic,22.3174381732813,89.3234314472776,,,,
Litu Pharmacy,pharmacy,23.7866039961185,90.4105086330454,,,,
"S Pharma, Rangamati Khagrachhari Rd, Chattogram",pharmacy,22.3999119933762,91.8196452770106,,,,
Seif Medical Corner,pharmacy,21.7623872878457,92.075653075087,,,,
Nazima Medico,pharmacy,22.3786829795705,91.8311735789974,,,,
Swapna Pharmacy,hospital,23.758175346582,90.3669771350947,,,,
Sherpur General Hospital,hospital,25.0180854479499,90.0245385880733,,,,
Ideal Digital Dental X-ray,dentist,23.7567495848522,90.3610283307744,,,,
"Alhamdulillah Pharmacy And Departmental Store, Pharmacy",pharmacy,25.76956162421,88.853670282308,,,,
ফাতেমা মেডিকেল হল,pharmacy,24.6308017911125,90.6098107606771,,,,
"Jonota Pharmacy , New Road, Dhaka",pharmacy,23.7055294509395,90.4324937783363,,,,
Belal Medical Store,pharmacy,24.7252435440155,89.3966785521781,,,,
Nobi Nagar General Hospital,hospital,22.9011618730929,90.9414340542147,Al haz Nurun Nobi Saheb,,yes,
Ma Durga Pharmacy,pharmacy,22.4812430247923,89.7062519921322,Ranjit Mistry,,,
Jannat Medical Hall,pharmacy,23.7681155293745,90.3682803534001,,,,
OGSB HOSPITAL ওজিএসবি হাসপাতাল,hospital,23.8081809427249,90.3821495533052,,,,
Surjya Pharmacy,pharmacy,23.0413181906281,89.6319784393692,,,,
Tamim Drags,pharmacy,22.8077575483456,89.5609117189412,,,,
Medilife Pharma,pharmacy,23.7768172859732,90.4265276234764,,,,
Meherun Medicall Hall,pharmacy,23.7573224879341,90.410769058777,,,,
Samrat Medical Store,pharmacy,25.7643261198498,89.2323562857842,,,,
Nur Medical Hall নূর মেডিকেল হল,pharmacy,22.8926878528035,91.6742012358583,,,,
The Apollo Hospital Consultancy & Diagnostic Center.,hospital,23.3347760806267,91.2714190209579,,,,
Anik Diagonestics Center,pharmacy,23.5893314625212,89.8329751363655,,,,
Tanvir Medical,pharmacy,24.2531416487657,89.9184058404429,,,,
Bhola Medicine Corner(ভোলা মেডিসিন কর্নার),pharmacy,23.8277907404755,90.3580601312225,,,,
Desh Clinic,clinic,26.3376352211492,88.5554907824327,,,,
Patient Cure Hospital,hospital,22.3598413832458,91.833261678716,,,,
"Ghior Upazila Parishad Hospital, Hospital",hospital,23.8901546984764,89.8795735726874,,,,
Rushdi Homeo Hall,pharmacy,24.4591831618251,89.7188163811703,,,,
Sensive,doctor,22.3450864676324,91.8342055648324,,,,
Desh Pharma,pharmacy,23.6025952375601,89.8355117517229,,,,
"Providing Ayurvedic treatment, Pharmacy",pharmacy,25.8533286881455,88.6560716926772,,,,
Life Pharma,pharmacy,24.4381040164482,90.7796828528002,,,,
Monowara Pharmecy,pharmacy,23.7580992389012,90.4115338236225,,,,
Messrs drug house,pharmacy,22.6974056859337,89.0743172616473,personal,,,
Aziza Pharmacy,pharmacy,23.7117789979457,90.411693582697,,,,
"Amena Pharmacy, Pabna Rd, Natore",pharmacy,24.2001314756112,88.8847694900146,,,,
White Dental Care,dentist,23.7693431429133,90.3562540825458,,,,
Habiganj General Hospital,hospital,24.3735428263494,91.4176424952863,,,,
Loularchar Commuinity Clinic,clinic,24.7425586281343,91.2599729454413,,,,
A Rahman Pharmacy,pharmacy,21.7623730386103,92.0759246487498,,,,
Compath Medical,clinic,24.8171896690677,88.9391876552642,,,,
Sun Pharmacy,pharmacy,25.7646196540989,89.2319105361734,,,,
Madinova Hospital,hospital,24.2445778582933,89.9132334518135,,,,
Progga Pharma,pharmacy,23.7974811918668,90.3750358320818,,,,
"M/S. Rahomania Pharmacy, Jugi Chand Mosjid Ln, Chattogram",pharmacy,22.3276523604886,91.8193829234413,,,,
"Master Pharmacy, Pharmacy",pharmacy,24.1806899864764,89.9007689750613,,,,
"T.R Road Saidpur Nillphamary, Medical clinic",clinic,25.7773621585795,88.8920250330397,,,,
Rajshahi Diagonestic Center,clinic,24.3724017978704,88.5829729474629,,,,
"Niramoy Pharmacy, Pharmacy",pharmacy,25.772015258726,89.2276236956143,,,,
বাডাস ফার্মেসী,pharmacy,23.7710497822185,90.3536394316698,,,,
Rogmukti Pharmacy,pharmacy,23.7705559204835,90.3466543726602,,,,
"Rangpur Talukdar Hospital Private Limited, Hospital",hospital,25.7633038629388,89.2318679561053,,,,
Oadud Pharmacy ওয়াদুদ ফার্মেসী,pharmacy,24.8593259992352,88.44342498846,,,,
Mehjabin Medical Hall,pharmacy,23.7703526593315,90.361119861157,,,,
"M/S R.AW Medical Hall, Chattogram - Rangamati-Khagrachari Highway, Chattogram",pharmacy,22.4739812791589,91.814443132625,,,,
Farazy Hospital Ltd,hospital,23.7625548909902,90.4362530619096,,,,general
S.B Dental Care,dentist,23.7830592892664,90.4104914501439,,,,
Magura Homiohall,pharmacy,23.7558425791098,90.4113160617781,,,,
Janata Pharmacy,pharmacy,22.3596609208705,91.8363689340414,,,,
Lubi Pharmacy,pharmacy,25.7629071474616,89.2344576289098,,,,
"Public General Hospital, Hospital",hospital,24.8296307603101,89.3769763858545,,,,
"Momenshahi Homeo Hall, Pharmacy",pharmacy,23.9919390823785,90.3818600423696,,,,
"Popular Diagnostic Centre, Hospital, Chittagong - Khagrachhari Rd, Bibir Hat, Chattogram",hospital,22.688354990706,91.7897533986371,,,,
Move Pharma,pharmacy,23.854016625858,90.412430435805,,,,
Al Hera Diagnostic Pvt. Ltd,clinic,23.8093314427545,90.3682159803837,,,,
Nalchithi Upazila Health Complex,hospital,22.6341366500281,90.2698803305424,,,,general
"Best One Hijama Center, Hospital, Samiullah Plaza, Sahid Faruq Sarak, Dhaka",hospital,23.7100309520388,90.4332147896473,,,,
Adiba Consultation Centre,doctor,23.8074568301097,90.3790759932305,,,,
Jaki Medical Center-2,pharmacy,23.7698305505829,90.3560429424048,,,,
Masud Medical Hall,pharmacy,23.9454354453815,90.3830541282957,,,,
Aziz Pharmacy,pharmacy,23.331781729537,88.9868972804898,,,,
Care and Fare,pharmacy,23.786370057201,90.3672049552229,,,,
Tamanna Pharmacy,pharmacy,23.8119327664044,90.4306396175352,,,,
Masud Pharma,pharmacy,23.588815975476,89.8334550841412,,,,
Boba Compacny Drug House,pharmacy,24.8175170662057,88.9387189392387,,,,
Medicine Corner,pharmacy,23.7682796470387,90.3625297810898,,,,
Special Physiotherapy Center,clinic,23.5542130484238,90.5326802362173,,,,
"CMH Chittagong Hospital, CEPZ, Chattogram",hospital,22.2833912178666,91.7796066857504,,,,
"Nibir Pharmacy, Pharmacy",pharmacy,23.9068371165436,90.2046259570511,,,,
Shariatpur Medical Hall(শরিয়তপুর মেডিকাল হল),pharmacy,23.8181048646252,90.3753186374949,,,,
"Yeachmin Homeo Pharmacy, Edgah Baro Pukur Par, East Rampur, Halishahar, Chattogram",pharmacy,22.3416849236865,91.79900534336,,,,
Garden - Nalitabari Animal Hospital,hospital,25.0916642247589,90.1903672501055,,,,
Mymensingh Divisional Specialized Hospital,hospital,24.7434992453084,90.4079159427557,,,,
"Diabetic Hospital Panchagarh, Hospital",hospital,26.3442634625408,88.5569406840437,,,,
"Prabhati Medicine Corner, Pharmacy",pharmacy,24.7411558328192,90.4072979450347,,,,
Liton Pharmacy,pharmacy,24.2186410647513,90.7508083698339,,,,
"Life Care Specialized Hospital, Hospital",hospital,23.8555321577708,90.2604823730662,,,,
"Nova Hospital, Hospital",hospital,24.2293705713656,90.4112214300912,,,,
"Freshdent Dental Solution, House-13, Block-L, 2nd Floor, Road-1 Halishahar Rd, Chattogram",dentist,22.331092293551,91.789359533007,,,,
"New City Hospital, Hospital",hospital,24.927555780715,89.9478250632964,,,,
Ma Pharmacy,pharmacy,23.7550557698589,90.4053318858263,,,,
Holy path Clinic,clinic,24.8170711489569,88.9392243680001,,,,
Harbang Helth Subcenter,hospital,21.846520892407,92.056234971462,,,,
"Lata Pharmacy, N Nalapara Rd, Chattogram",pharmacy,22.331681373706,91.8276694405567,,,,
"Chayapath Maternal and Child Health Services Clinic, Hamjarbag Rd, Hathazari, Chattogram",clinic,22.376943734662,91.83117768613,,,,
BIO-XIN,doctor,23.7906695544338,90.4046356849487,,,,dermatology
Community Clinic,clinic,25.4154442362209,89.7774114164092,,,,
community clinic,clinic,25.5399202760324,89.8453947699358,,,,
"Tanjim Medicine Corner, Rajshahi - Dhaka Hwy, Ahmedpur, Natore",pharmacy,24.3440991283386,89.0701161679577,,,,
Tetlark Petwell Clinic,clinic,23.7723825886421,90.3646696809701,,,,
Barisal Pharmacy,pharmacy,23.6995689957738,90.4293974194849,,,,
"Aftab Master Pharmacy, Pharmacy",pharmacy,24.2984454163234,90.3885335460383,,,,
Unique pain and paralysis center,clinic,23.818291781066,90.3657295726263,,,,
Bakshiganj General Hospital,hospital,25.1776695921178,89.8705622724045,,,,
"S.N Pharmacy, Pharmacy",pharmacy,24.0024008710055,90.3827031780098,,,,
Domar Upazila Health Complex,hospital,26.1139116642501,88.8537948373892,,,,general
Hasan Drug House,pharmacy,24.1271594647729,89.0708608162356,,,,
Kona Drug House কনা ঔষধালয়,pharmacy,26.3400444315784,88.5558862406245,,,,
Uzangao community clinic,clinic,24.4359439161814,91.1484413301577,,,,
Standard Dental Lab,clinic,25.7534135524701,89.2517355811975,,,,
Jibon Pharmacy,pharmacy,22.3608168691372,91.8301697622733,,,,
Bhuiyan Pharmacy,pharmacy,23.8166163224407,90.3657686322951,,,,
Sajib Pharmacy,pharmacy,23.7841834701201,90.4112655189019,,,,
Dina Dent 2,clinic,24.3718983807658,88.5817312523268,,,,
Dr Rezaul Hasan,doctor,21.8791725962194,91.8574475765041,,,,
Hashi Khushi Pharmacy,pharmacy,24.9121608229752,91.8515929847755,,,,
Sujanagar Upazila Health Complex,hospital,23.9386037751999,89.4095873536176,,,,
"City Heart Hospital, Hospital",hospital,24.4587780644447,89.8754465750218,,,,
মোহাম্মাদ ফার্মেসি,pharmacy,25.3950975853624,88.9880966470149,,,,
Lab one diagnostic center,hospital,22.3446668695595,91.8335530336703,,,,
টাইম ফার্মা,pharmacy,23.80126645934,90.3541489675637,,,,
"Mostafapur Medical Center, Hospital, Bhanga - Barisal Hwy, Madaripur",hospital,23.1609727920962,90.1375173389397,,,,
Medimax diagnostic and consultation center,hospital,22.6661949989149,89.7909207812111,,,,
"Ekushey Hospital,Mirzapul(OS)",hospital,22.3660704784082,91.8334145646299,,,,
"Ms madina pharmacy, Halishahar Housing Estate, Chattogram",pharmacy,22.3382032487463,91.7759503319481,,,,
My Dentist Point,doctor,23.8093557502737,90.3684445548832,,,,
Shopon Pharmacy,pharmacy,23.7956717904287,90.3522416654966,,,,
Dipto Medicare,clinic,23.7402085694915,90.4329295534823,,,,
Gondadula Community Clinic,clinic,21.9539719457686,90.4355048932323,,,,
Mim Homeo Clinic (মীম হোমিও ক্লিনিক),pharmacy,23.7756307437599,90.3511140480626,,,,
Mubassara Pharmacy,pharmacy,26.3377604467827,88.55531702558,,,,
Ankur Diagonastic,clinic,22.8068355389965,89.568338085153,Privet,,,
Aroggo Clinic,clinic,25.7423406392828,89.2338698898592,,,,
"Aricha Medicine Market, Pharmacy",pharmacy,23.8350826609603,89.7809295526283,,,,
Balaganj Upazila Health Complex,hospital,24.6549968251751,91.8365115940335,,,yes,general;vaccination
"Raihan Medical Hall, South, Patenga, Chattogram",pharmacy,22.2488389175096,91.7955095868225,,,,
Rain Medical,pharmacy,23.738403359005,90.3756943982141,,,,
Achinto Medical,pharmacy,23.6032690587562,89.8369873857766,,,,
Ayesha Dental And Maxillofacial Surgery,dentist,23.7523359260981,90.4180187344698,,,,
The Medipath Health Care,clinic,24.4436840170289,90.7762079672016,,,,
Health Care Pharmacy,pharmacy,24.9102897307298,91.8447494961105,,,,
Rajanagar Upazila Health Complex,hospital,24.5277417653664,91.8529605760973,,,,
Anil Pharmacy,pharmacy,23.1280436472887,89.2852259782414,,,,
Appollo Diagonestics Center,clinic,25.764690984095,89.231750944737,,,,
Doctors Point,pharmacy,25.7608360630064,89.23737662669,,,,
Mahbub Medical Hall,pharmacy,24.2294193540421,90.0523332304538,,,,
Alif Dental Clinic,clinic,26.3375441936808,88.555486172386,,,,
Al Shefa Medicine Centre,pharmacy,23.7607697970713,90.357139630616,,,,
"Sherpur Ever Care Hospital, Hospital",hospital,25.01900737348,90.0216319955098,,,,
Arko Pharma,pharmacy,23.809858245369,90.3727267853956,,,,
Afreen Medical Hall,pharmacy,23.7374886419117,90.4494824711454,,,,
Dhaka Madical Store,pharmacy,25.6264414657126,88.6325239929967,,,,
"SuperCare Hospital And Trauma Center, Hospital",hospital,23.7992471750464,90.3548048514871,,,,
Ruma Dental Care,dentist,23.8118178505119,90.3696616910431,,,,
"M/S MUMU MEDICINE STORE, Pharmacy",pharmacy,25.7738774661541,88.7837747652105,,,,
Nishat Medical Corner,pharmacy,23.7394154738133,90.3956794537698,,,,
Classic Dental,pharmacy,25.7623893973025,89.2349012830448,,,,
"Enayetpur Dental Center, Doctor, Chittagong - Khagrachhari Rd, Chattogram",doctor,22.5770848908015,91.7952358338649,,,,
Lazz Pharma,pharmacy,23.8197910520867,90.3648667395136,,,,
Habiganj Hospital Pvt. Ltd.,hospital,24.3711349570247,91.4123931607859,,,,
"Rion Pharmacy, Amanat Ullah Shah Rd, Chattogram",pharmacy,22.3667303856451,91.7743471253281,,,,
Capital Dental Care,dentist,23.7922748565296,90.3655548937642,,,,
ধীমান হোমিও হল,pharmacy,24.6634993439353,90.842215370874,,,,
Masoom Pharmachy,pharmacy,24.6307644916434,90.6093361773194,,,,
"Mashuk Medicine Particle Pharmacy, Keraniganj",pharmacy,23.6906436938175,90.4008661754536,,,,
Jerin Pharma,pharmacy,23.774442525166,90.3656937818998,,,,
"S.A Shanto Pharmacy, Mashjid-e-Tayeba Complex, Wapda Gate, Oxygen, Chattogram",pharmacy,22.3962029174028,91.8202097981894,,,,
Karial Medical Center,pharmacy,23.7825328219281,90.4079221453641,,,,
Save on Healthcare,hospital,23.8067581984802,90.3712721899188,,,,
"M/s Pritam Medical Hall, Sultan Kolony Rd, Chattogram",pharmacy,22.3344156343402,91.8142650171825,,,,
Juel pharmacy(জুয়েল ফার্মেসি),pharmacy,23.8284032899594,90.3616011500372,,,,
Khuriakhali Community Clinic,clinic,22.2173738397294,89.8125832232298,,,,
সরকারি দিবাযত্ন কেন্দ্র,clinic,23.7137285448048,90.3712968327142,,,,
Ira Enterprise (Pharmacy),pharmacy,23.8228680487417,90.3788315769339,,,,
Japan Dental Care,dentist,23.8125066753147,90.4253623712972,,,,
"SKN Health services, Hospital",hospital,23.7374780807137,90.4075687643262,,,,
Surjer Hashi Clinic,clinic,22.5450863887033,92.001538191751,,,,
"A.D. Pharmacy, Madraji Shah Road, Chattogram",pharmacy,22.2812928922262,91.7804544314374,,,,
Shikder Clinic,clinic,23.0405357399669,89.6352226549924,,,,
Kalaroa Upazila Health Complex,hospital,22.8605567489972,89.0359396283199,,,,
"Apollo Eye Hospital, Hospital",hospital,25.7492179908367,89.2307624668957,,,,
Medicine Plus,pharmacy,23.7591425343892,90.3733676657122,,,,
Shuvo Drug House,pharmacy,23.7836711681981,90.4262147270309,,,,
"T&T Colony Clinic, Government hospital",hospital,23.7348890784615,90.4191968947799,,,,
Bismillah pharmacy,pharmacy,23.8175319615433,90.3722889985928,,,,
"Adarsha Homeo Hall, Pharmacy, Par Gendaria, Mir Hajirbag, Jatrabari, Dhaka",pharmacy,23.7084816410562,90.4275758642872,,,,
লগ গেইট সরকারি হাসপাতাল,hospital,22.5028238270741,92.2095286649363,Government,,,general
Tareq Pharmacy,pharmacy,23.8092396609148,90.3751982733653,,,,
Square Hospital,hospital,24.3723405261582,88.5804994478364,,,,
Shahin Pharmacy,pharmacy,23.7814620337977,90.3719122320452,,,,
Upazila Health Complex,hospital,23.7291781525533,90.323432393737,Govt,,,
Elite Clinic,clinic,23.7716037421992,90.3656752578938,,,,
Health & Family Wlfare Center,hospital,25.1063119358308,90.6728522279116,,,,
"Harekrishna Pharmacy, Pharmacy",pharmacy,25.3466935194588,89.3429142591951,,,,
সেবিকা মেডিকেল হল,pharmacy,22.8575319715989,90.1021885390728,,,,
Meah Bazar Medical Cente,hospital,23.3366076941082,91.2699758248695,,,,
Tinku's Drag Store,pharmacy,23.7085464331678,90.4154193386576,,,,
Real Pharmacy,pharmacy,23.7836643788565,90.4062931224823,,,,
Confort Medical Center,clinic,23.485954265559,89.4216231798415,,,,
Lacky Pharmacy লাকী ফার্মেসী,pharmacy,22.2989547356792,91.9704876829018,,,,
Mahin Poultry Feed And Medicine Corner,pharmacy,24.2421094716277,90.903583726416,,,,
Nargis Medico,pharmacy,22.3781099926696,91.8314055900772,,,,
Ideal Pharmacy,pharmacy,23.7554938919378,90.4073786627623,,,,
Bismillah Pharmacy,pharmacy,23.7690717368886,90.3686659209461,,,,
"Doctors Clinic, Bhaluka",clinic,24.4061305762406,90.3844772916355,,,,
Star Pharmacy,pharmacy,25.7424842212841,89.2340585664997,,,,
Asha Pharmacy,pharmacy,24.3615991172413,88.6124361753081,,,,
Medinet Health Care,clinic,23.7993592410919,90.354870817065,,,,
Riverside Hospital,hospital,23.7100253361637,90.3675050273565,,,,
Dr Omor's Dentals,dentist,23.8104402847253,90.3623482290671,,,,
"Poli Clinic, Bagerhat",clinic,22.6658578787693,89.7915817780953,,,,
Community Clinic Eastern Kuruper Dyer,clinic,22.481387444984,89.7402843630354,,,,
Lucky Pharmacy,pharmacy,23.7473691455536,90.4282622583381,,,,
"Joy Medical Hall MC Bazar, Pharmacy",pharmacy,24.2397428412667,90.4032619748377,,,,
Jahirul Pharmacy,pharmacy,23.8154434427296,90.3587842438377,,,,
"Lalon Medical Hall, Pharmacy",pharmacy,24.0579962745557,89.8749881687373,,,,
"New Shafipur General Hospital, Hospital",hospital,24.026022499072,90.2737225949571,,,,
Aleya Islam General Hospital,hospital,23.7171693998766,90.3719976436385,,,,
Mim Specialized Dental Physiotherapy Pharmacy,pharmacy,23.746181597512,90.428333253058,,,,
Amiyo Pharmacy,pharmacy,24.8511185234667,89.3769554310966,,,,
Liton Pharmacy,pharmacy,23.4086281912982,89.1358139441268,,,,
Gonoshastha Nagar Hospital,hospital,23.7434832952424,90.382584825537,,,yes,
Lab Aid Pharma,pharmacy,23.7421662467967,90.3828348577086,,,,
Pharmaland,pharmacy,23.8745526239092,90.393564531961,,,,
Lab Zone Hospital,hospital,24.2625840303287,89.9245515356687,,,,
Rafshan pharmacy,pharmacy,23.786549849024,90.4124034460767,,,,
"Meghna General Hospital, General hospital, Islampur Rd, Dhaka",hospital,23.7113790973453,90.4038417510802,,,,
"Taragonj Upazilla Health Complex, Hospital",hospital,25.8108782880662,89.0314113889494,,,,
Shoha Pharmacy,pharmacy,23.1826782332782,89.1900632978465,,,,
Schuchi Pharma,pharmacy,23.8119090456184,90.3705882266199,,,,
Niramoy Hospital নিরাময় হাসপাতাল,hospital,23.1701963221674,90.2065302416331,,,yes,
"Disability Service and Assistance Center, Hospital",hospital,25.9284004495478,88.8452042248266,,,,
Akondo Medicine Corner(আকন্দ মেডিসিন কর্নার),pharmacy,23.8167399555125,90.374333847691,,,,
"Galaxy Hospital (pvt) Ltd. Monipur, Hospital",hospital,24.0096186954663,90.3857509218227,,,,
Sadesh Hospital,hospital,24.2623405360415,89.9246251287786,,,,
Ruma Dental Care (রুমা ডেন্টাল কেয়ার),clinic,24.919885836397,89.9449521659837,Dr. MD. Jaman (ডাঃ মোঃ জামান),,no,dentist
Blackstone Pharma,pharmacy,23.8102266300134,90.3674420792637,,,,
Community Clinic in front of Talukdar house,clinic,22.4467974260627,90.7010435857692,,,,
"New Rupali Pharmacy, Chittagong - Rangamati Hwy, Chattogram",pharmacy,22.5350962497679,91.9097503170307,,,,
Lalmonirhat General Hospital,hospital,25.9198853579329,89.4559008890506,,,,
Ranjon Medical Hall,pharmacy,24.4376209673683,90.7802084819483,,,,
Mir Medicine Centre,pharmacy,23.7863937779869,90.4107528817038,,,,
Community Oncology Center,clinic,23.7576045389759,90.3690387479992,,,,
Jeesan Medicine Corner,pharmacy,23.7971350192657,90.3651784624927,,,,
Oracle Dental Planet,dentist,23.8598072636654,90.4024540431907,,,,
ফয়সাল ড্রাগ সেন্টার,pharmacy,24.6618736738148,90.8446433567663,,,,
"Master medical hal, Pharmacy",pharmacy,24.4038712342402,89.9124578743128,,,,
Janata General Hospital,hospital,24.9135264864593,89.9526936917547,,,,
Shuveccha Pharmacy;City Medicine Corner,pharmacy,23.7797021694074,90.3548640277235,,,,
Begumganj Upazila Health Complex,hospital,22.9443847493687,91.11085494849,goverment,,,
"Medical Store, Pharmacy",pharmacy,24.7605216333684,90.2347616649879,,,,
"M/s Iskandar Medical Hall, Pharmacy, Chittagong - Rangamati Khagrachhari Rd, Chattogram",pharmacy,22.4023808829559,91.8192535906753,,,,
Nirupoma Medical Hall,pharmacy,24.6306655851859,90.6093442239465,,,,
"Irin Medico Pharmacy, Bakalia Access Rd, Chittagong - Coxs Bazar Hwy, Chattogram",pharmacy,22.3510292369824,91.8522637884865,,,,
Modern Harbal Group,doctor,23.7619549981801,90.3658155709529,,,,
Kamal Dental,dentist,23.8168995469489,90.3674694880871,,,,
takwa pharmacy,pharmacy,23.785392894929,90.3674416601685,,,,
Popular Pharmacy পপুলার ফার্মেসী,pharmacy,22.4781122163189,91.7209984909235,,,,
Tufan Dental Clinic,clinic,22.7112940803971,89.070737853716,,,,
Anamika Dental,clinic,23.7482480719204,90.4266780786384,,,,
Tetul Bariya Community Clinic,clinic,22.4423624772745,89.8023533618637,,,,
সামাদ সুপার মার্কেট,pharmacy,23.9446838401239,90.3830359395658,,,,
মানুরবাগ ফার্মেসি,pharmacy,23.6833239454142,90.4236804586064,,,,
"Pure Homeo Hall, Homeopathic pharmacy",pharmacy,24.760465139341,90.4466432690834,,,,
Aroggo Clinic,clinic,23.4860211531464,89.422926733423,,,,
Panchbibi Upazila Health Complex,hospital,25.1946878730452,89.0414076466742,,,,
"Shreshtha Chikitsha Niketan Homeopathy (শ্রেষ্ঠ চিকিৎসা নিকেতন, হোমিও বিভাগ)",doctor,23.7699637390243,90.3523902766399,,,,
Ovi Pharmacy,pharmacy,22.3054337791943,91.1691580420414,,,,
"Bismillah Pharmacy, Pharmacy",pharmacy,26.2775726823027,88.5594443585217,,,,
মেডিনোভা,hospital,22.7033783786781,90.3723579816559,,,,
Amana Hospital,hospital,24.3727349785215,88.5785241685346,,,,
"Mercas Bismillah Poultry Complex, Pharmacy, Chittagong - Khagrachhari Rd, Bibir Hat, Chattogram",pharmacy,22.6852249366039,91.790194119106,,,,
I Pharma,pharmacy,23.7483272809054,90.4311263546525,,,,
Anik Drug House,pharmacy,23.8191328212305,90.3799571827111,,,,
Sealena Pharmacy,pharmacy,23.7725770487957,90.3473013717662,,,,
Ujalpur Community Clinic,clinic,23.8176442790459,88.6257782373227,,,,
Chittagong Medical College Hospital,hospital,22.3593345295609,91.8306569184858,,,,
Tanjila Medicine Corner(তানজিলা মেডিসিন কর্নার),pharmacy,23.8143751691701,90.3748308945492,,,,
Uzzal Drug House,pharmacy,23.8152999445473,88.7436054162608,,,,
Takwa Pharma,pharmacy,23.8483965597801,90.3876102794037,,,,
"Deposit Pharmacy, Pharmacy, Chittagong - Rangamati Hwy, Raozan, Chattogram",pharmacy,22.535001282805,91.919771636646,,,,
"Atish diponkor sarak, Hospital",hospital,23.737425945276,90.4288234267556,,,,
Doctors' Clinic,hospital,23.0286329345463,89.3959634920183,Dr. Abdul Gaffar,,yes,general;surgery;gynaecology
"Palash Homeopathic Hall, Homeopathic pharmacy",pharmacy,24.9168972688205,89.9507916702866,,,,
Abid Hearing,doctor,23.7905463404572,90.38793608398,,,,
punam Pharmacy,pharmacy,23.7524552843993,90.4054121844588,,,,
"Green Health Hospital And Diagnostic Center, Hathazari, Rangamati-Khagrachhari Rd, Chattogram",hospital,22.473949847022,91.8147847789984,,,,
S Habibur Chamber,clinic,22.8140914172977,89.557150256073,,,,
Enatia Community Clinic,clinic,22.38273864724,89.7900610494026,,,,
Ad-din Hospital,hospital,23.7488456177977,90.4052351586637,,,,
Jalalabad Pharmacy,pharmacy,24.3098213353105,91.7319910216594,,,,
Aloja Drugs,pharmacy,23.6026561739961,89.8356421741363,,,,
Halima Pharmacy,pharmacy,23.7538563195148,90.4107350282501,,,,
Patowary Medicine Corner,pharmacy,23.7558512962891,90.4072645850601,,,,
Uttara Hospital,hospital,23.168629073912,89.2119375505583,,,,
Mallik Medical and Dental,pharmacy,23.8150126967255,90.3712851818688,,,,
আম্বিয়া হাসপাতাল,hospital,22.7071358182327,90.3607675697666,,,,
"KULSUM PHARMACY, Pharmacy",pharmacy,25.7788668778371,88.8968109321137,,,,
"M/S. Chowdhury Pharmacy, Jilana Market, Baluchura, Hathazare Road, Chattogram",pharmacy,22.4080709379252,91.8177962291705,,,,
"Karatoya Pharmacy, Pharmacy",pharmacy,24.9143099429489,89.3524502666166,,,,
Harun Hat North Batamara Model Clinicn,clinic,22.5454484869204,90.7340534483043,,,,
Rafia Medical Hall,pharmacy,23.8206851496982,90.3782975658827,,,,
"M/S. Muradnagar Pharmacy,1 No., Supariwala Goli, Dewanhat, Chattogram",pharmacy,22.3356823913668,91.8148647423546,,,,
"Nimrat Diagnostic and Pain Centre, Mirsharai, Chittagong",clinic,22.8394163319081,91.5501850272549,,,,
ASEAB Health Clinic,hospital,23.9676210857963,89.3210622185266,,,,
Aerina dental care,dentist,23.7656654990769,90.3588307634003,,,,
Sad Medical Hall,pharmacy,23.768372853802,90.3598770763735,,,,
Azad Pharmacy,pharmacy,21.7622368326838,92.0757157717227,,,,
Jaker Pharmacy,pharmacy,23.8647416900637,90.2597464419675,,,,
Medivision Pharma,pharmacy,23.8485694784426,90.3875996343867,,,,
Alam Pharmacy আলম ফার্মেসী,pharmacy,22.1622500858708,92.0655095473235,,,,
Takwa Dental care and Pharmacy,laboratory,23.7753825556069,90.3508339248586,,,,
Perfect Dental - Branch 2,dentist,23.7085223771057,90.414477464198,,,,
"CMH Bhatiari, Bhatiari, Bhatiari Union, Chattogram",hospital,22.4229133606078,91.7552281718274,,,,
S Ali Pharma,pharmacy,23.7680124319655,90.3619800958797,,,,
মেডিসিন্স সান্স ফ্রন্টিয়ার্স,hospital,23.7162140305528,90.3677163351355,Medicins Sans Frontier,,,
"Al-Baraka Model Hospital, Keraniganj",hospital,23.7023187629289,90.3971869390555,,,,
Sundarban Nursing Home,clinic,22.3445556417044,89.2899596580587,,,,
Hasnabad Specialized Hospital and Lab Limited,hospital,23.683595435258,90.4237308338444,,,,
Sultana Diagonestic Center,pharmacy,22.6857788965847,90.3623551860467,,,,
Nilu Pharmacy,pharmacy,23.7418112731974,90.3739907763941,,,,
Monoara Dental Care(মনোআরা ডেন্টাল কেয়ার),clinic,23.8285518172836,90.3679192610114,,,,
Pharmacy. Com.BD,pharmacy,23.7707932959814,90.3680016551195,,,,
Pabon Medical,pharmacy,24.8171860648494,88.9390045944988,,,,
"Satata Clinic and Diagnostic Centre, Dhaka - Natore Hwy, Natore",clinic,24.4124315881323,88.992993857763,,,,
"Islamia Medical Hall, Keraniganj",pharmacy,23.7010224177841,90.3980574835192,,,,
"M/S ABIR PHARMACY, Pharmacy",pharmacy,24.7013302257186,92.1890305530874,,,,
"Sorker Pharmacy, Pharmacy",pharmacy,23.7882433287412,90.3403194978797,,,,
Ma Medical Hall(মা মেডিক্যাল হল),pharmacy,23.8277066699866,90.3581552658236,,,,
"New Hathazari Medical Hall, Rangamati Road, Hathazari Pourshaba, Chattogram",pharmacy,22.499307953969,91.8076401285523,,,,
Polash Medical Hall,pharmacy,23.7567366767213,90.3615860626115,,,,
"Family Medical And Diagnostic Center, Medical Center",laboratory,23.9189998447816,90.3931116577326,,,,
Kaji Medicine Corner,pharmacy,23.7494359552382,90.432870963979,,,,
M/s Maliha Pharma,pharmacy,23.7598588518344,90.4115838635844,,,,
Lazz Pharma Ltd.,pharmacy,23.7802303969454,90.4132104557143,,,,
Ayurvedic Pharmacy আয়ুর্বেদীয় ফার্মেসি,pharmacy,23.8431109316389,90.2534540634362,,,,
"SM Homoeopathy Medical Center-2, Medical Center",pharmacy,24.3349704814113,89.9244315906343,,,,
"S Hoque Pharmacy, Agrabad Access Rd, Chattogram",pharmacy,22.3298186633638,91.7914890393272,,,,
Shukhi Pharmacy,pharmacy,23.6042901422008,89.8359817250338,,,,
City Dental,pharmacy,25.7425015718237,89.2336264793911,,,,
Ma Pharmacy,pharmacy,23.7837244771023,90.4060550764322,,,,
hadda chok clinic,clinic,22.460738626516,89.400193670912,,,,
Comilla Meghna General Hospital কুমিল্লা মেঘনা জেনারেল হাসপাতালে,hospital,23.46511509407,91.1751602390849,,,,
New Dental Hall,dentist,23.8465191811073,90.2471285763872,,,,
Metro diagnostic center,hospital,22.3583033878325,91.8254632398224,,,yes,
M/s Sawsti Niketon Pharmacy,pharmacy,21.7776844287754,92.1945304226738,,,,
Fare Hospital,hospital,24.3723633249348,88.5801142993856,,,,
Vision Eye Hospital,clinic,24.8173290601175,88.938825557047,,,,
Araz Pharma,pharmacy,23.747605179947,90.4287550304257,,,,
"Shadhona Ousudhloy, Pharmacy",pharmacy,23.7975254483156,90.3525229621671,,,,
Janakalyan Pharmacy,pharmacy,22.360005752367,91.832955236336,,,,
Popular Medicine Corner,pharmacy,23.7217430691622,90.4058629632114,,,,
"Genome Hospital, Jurain Railgate, Haji Khorshed Ali Sarkar Road., Dhaka",hospital,23.6936731650815,90.4353273645231,,,,
Bismillah Pharmacy(বিসমিল্লাহ ফার্মেসি),pharmacy,23.8243153519626,90.3668785639134,,,,
"Progoti Medical Hall, Pharmacy",pharmacy,23.945103941111,90.3833617441421,,,,
Eva Pharmacy,pharmacy,24.9118689651067,91.8513717863507,,,,
Ujjal Pharmacy,pharmacy,23.8547823965319,90.4143730256845,,,,
City General Hospital,hospital,26.3374409286337,88.5554523933162,,,,
Mohila Medical,clinic,23.8583465493994,90.4007199950622,,,,
Johara Pharmacy,pharmacy,22.3608236584787,91.8300892960029,,,,
"Potiya Homeo Hall, Homeopathic pharmacy, River City Market, Notun Bridge, Choktai, Chattogram",pharmacy,22.3310413315797,91.8498459446971,,,,
PQ Pharma,pharmacy,23.792334032766,90.3655448354804,,,,
M/S Gram Mongol Pharmacy,pharmacy,22.4712575797226,91.7942452605478,,,,
Cb Hospital,clinic,22.7224455320172,89.0726108737992,,,,
Babugonj Medical Hall,pharmacy,23.7727420884692,90.348576594515,,,,
Pharmacy,pharmacy,24.2762192913162,90.394103236878,,,,
"Taj Hospital and Diagnostic Center, Private hospital",hospital,24.1468953263472,90.0202399290308,,,,
UNDP Toilet,pharmacy,23.8154587816124,90.3584511470056,,,,
সততা ক্লিনিক,clinic,22.72210422092,89.0707547851604,,,,
Jahangir Dental Care,dentist,23.8121221974161,90.3652147561334,,,,
"Shathy Privete Hospital And Diagnostic Centre, Private hospital",hospital,24.7464530279868,90.4085138239091,,,,
Kushtia Homeo Hall,pharmacy,23.7510912972959,90.4093526847787,,,,
Modina Pharmacy,pharmacy,23.8446612484499,90.3878007162438,,,,
Chittagong Medical College,hospital,22.3601024795297,91.8315437238415,,,,
Joyrumkura Hospital,hospital,25.1451948302814,90.3244778685198,,,,general
Mollah pharmacy(মোল্লাহ ফার্মেসি),pharmacy,23.8254077654032,90.3570510338995,,,,
"Bishwas Homeo Clinic, Cornel Hat, Akbar Shah, D.T. Road, Chattogram",pharmacy,22.3693281888957,91.7776653531564,,,,
Srithi First Aid,pharmacy,24.3708168637993,91.4106151914847,,,,
Ramedy Pharma,pharmacy,23.7473110589646,90.3803248968034,,,,
Hasan Pharma,pharmacy,23.733823487111,90.3828870769654,,,,
Akib Pharmacy,pharmacy,23.3590241721364,88.9148410763922,,,,
B Alam Pharmacy,pharmacy,22.4994732450995,91.8075012404167,,,,
"Halim Medical Hall, Pharmacy",pharmacy,24.3993406479368,89.4883259462011,,,,
"Sajib Medical Store, Pharmacy",pharmacy,24.8662152530916,89.3719799333728,,,,
Dr. Syed Asif Iqbal,doctor,23.7915703575679,90.3880962621497,,,,
Ma Pharmacy,pharmacy,23.7846548683546,90.4113664370161,,,,
Progoti Mesical Hall,pharmacy,23.6029814756583,89.8361292465297,,,,
Sahadat Pharma,pharmacy,22.3607413481895,91.8304934713739,,,,
"Hazrabari, Sub-health center, Dhaka-Mawa Highway, Mawa",doctor,23.5007857917675,90.2698261834478,,,,
"MA Medical Holl, Pharmacy",pharmacy,24.3943626356421,90.3820172868731,,,,
shakti foundation(শক্তি ফাউন্ডেশন),clinic,23.8167587309756,90.3667309585985,,,,
Unesa Pharma,pharmacy,23.7347880765282,90.4169361278559,,,,
Shahina Pharmacy,pharmacy,23.9053174774982,90.3977974768827,,,,
"Germany Homio Center, Hospital",hospital,24.4292892717948,89.5490439498759,,,,
Hasan Dental Surgery,dentist,23.7732058591718,90.3588630337276,,,,
"M/S. Shahjalal Medical Hall Pharmacy, Sahid Jame Alam Sharak, Muradpur, Chattogram",pharmacy,22.3683377832167,91.8306194513786,,,,
Adittopur community clinic,clinic,24.631088452201,91.1978825727599,,,,
"Panna medical hallAndsergical, Pharmacy",pharmacy,24.4862411187356,89.9739131501908,,,,
কুমিল্লা ইসলামিয়া হসপিটাল Cumilla Islamia Hospital,clinic,23.4495480558581,91.1837531985803,24 hours,,,
Ayesha Sergical,pharmacy,23.6048896997348,89.8365607469051,,,,
Shapla Clinic and Diagnostic Centre,clinic,22.3123747493932,89.8482212315049,,,,
"M/S. Ma Medical Hall, angabondhu Avenue, Kuwaish Road, Oxygen, Bayejid, Chattogram",pharmacy,22.3961033403931,91.8248544621949,,,,
Shefa Pharmacy,pharmacy,23.8162299167043,90.3629627902078,,,,
Marzia Pharmacy মার্জিয়া ফার্মেসি,pharmacy,25.710438026157,89.2607591190589,,,,
Anko Pathology,clinic,25.7632131707464,89.2338961252162,,,,
"City health Centre, komolapur, comilla",hospital,23.387431866915,91.2285151599169,,,,
Gazi Medicine House,pharmacy,23.7744823392061,90.353415383398,,,,
Bablu Medicine Centre,pharmacy,25.9799825978586,88.2646759579619,,,,
Rainbow Community Hospital and Diagnostic   Centre,hospital,24.8284505883433,89.3778511212697,,,,
Appolo Clinic,clinic,24.8170129785488,88.9392354321122,,,,
Dove Pharmecy,pharmacy,23.7187562617854,90.3923102639702,,,,
Dental Citadel,dentist,23.7569456375674,90.3665687687721,,,,
Star Medical Hall,pharmacy,23.7577222208965,90.413677243902,,,,
Sharif Physiotherapy,pharmacy,24.4373657384167,90.7807131563383,,,,
Rayhan Hospital,hospital,25.3966504167443,88.989964554137,,,,
Jewel Pharmacy জুয়েল ফার্মেসী,pharmacy,25.2986286691768,89.2200876941091,,,,
Chenoara Pharmacy,pharmacy,22.3235616564638,91.7782138649001,,,,
Adorsha Homio Reacher Complex,doctor,23.7600678964996,90.3653803825401,,,,
Ms. Muntaha Pharmacy,pharmacy,26.0624320266152,88.8308712542189,,,,
Jibon Dru House,pharmacy,23.6026095706145,89.8355471233543,,,,
Naoshad Pharmacy,pharmacy,23.756833571522,90.3662904895867,,,,
Molla Medical Hall,pharmacy,23.8440590925259,90.387362761803,,,,
"Manikganj Apollo Hospital, Hospital",hospital,23.8591418243724,90.0015068783521,,,,
DOYAMOY PHARMACY,hospital,23.7441572840766,91.0027707261627,,,,
Fakirhat Upazila Health Complex,hospital,22.7775290527406,89.7005197761899,,,,
"MJ PHARMACY, Pharmacy",pharmacy,24.7111560793518,92.1951286391032,,,,
"Sunflower Medical Center, Hospital",hospital,24.1672886644065,90.4288071658634,,,,
Ma Pharmacy,pharmacy,25.7424925193683,89.2335270700195,,,,
"Baraiyarhat General Hospital,Dhaka-Chittagong Hwy, Baraiyarhat, Chittagong",hospital,22.8926763695961,91.5332518226448,,,,
"Babar Doya Pharmacy, Shahid Nurjaman Rd, Chattogram",pharmacy,22.2864518698104,91.7820712167405,,,,
Naz Pharma & Surgical,pharmacy,23.7708359598685,90.3679083645372,,,,
"S.R Pharmacy, Momota Goli, Chattogram",pharmacy,22.2834234881938,91.7838984716324,,,,
Belvue Hospital,hospital,23.7449848293769,90.4266177289355,,,,
Fahim Pharmacy,pharmacy,23.7835945576031,90.4115260284526,,,,
Dupchachia Upazila Health Complex,hospital,24.8758067487121,89.1717126295906,,,,
"Moon Nursing Home, Hospital",hospital,24.4784130917238,89.9740906789,,,,
Padma Digital Clinic,hospital,24.2625359182045,89.9247264659879,,,,
KR Dental Care,hospital,22.329010983174,91.7919410753654,,,,
Al Mokka Pharmacy(আল মক্কা ফার্মেসী),pharmacy,23.8280065744822,90.3679824605613,,,,
Arafat Pharmacy and Medicine,pharmacy,23.8201384819732,90.3780184485071,,,,
"Zakir Medicine Corner, Pharmacy",pharmacy,23.9295939836597,90.3085929885395,,,,
Labaid Pharmacy,pharmacy,25.7620666940304,89.2353578453106,,,,
"Mouno general hospital, Hospital",hospital,25.9300164804797,88.8468938488683,,,,
Dr. Shamima Sharmin,doctor,23.7920375648508,90.3881011236535,,,,
Ishwardi Upazila Health Complex,hospital,24.12738133375,89.0715237409576,,,,
Sadia Pharmacy,pharmacy,23.8447904973968,90.3894379533907,,,,
Ramedy Centre,pharmacy,24.9050175974527,91.8695628631702,,,,
Beanibazar Cancer Hospital,hospital,24.8221818467788,92.1502706211563,,,yes,
"Grameen Pharmacy, Rajshahi - Pabna Hwy, Natore",pharmacy,24.2452857938353,89.0962730702771,,,,
Rafi Pharmacy,pharmacy,23.7326694666821,90.3668784800943,,,,
Satkhira General Hospital,hospital,22.7225444384746,89.068619662965,,,,
রায়হান ড্রাগ হাউজ,pharmacy,22.995617037041,91.2332128813695,,,,
"SAAD medical hall, Medical Center",pharmacy,24.257975743783,90.3995053734733,,,,
Damurhuda Upazila Health Complex,hospital,23.6142024970748,88.7627065163077,,,,
Life Pharma,pharmacy,23.7833941462982,90.3748209200845,,,,
Bashir Medical Hall বশির মেডিকেল হল,pharmacy,23.322407995761,91.2811729578619,,,,
CWW OTP Center,hospital,21.1820037764488,92.1535748512064,Concern Worldwide,,yes,SAM_Management
Aitam Metarnity and General Hospital,hospital,23.7695238567457,90.3580594606703,,,,
National Heart Foundation Research ন্যাশনাল হার্ট ফাউন্ডেশন হসপিটাল,hospital,23.788794690332,90.3534826900805,,,,
Shapla Diagonestic Center,clinic,24.3722338245308,88.5826074964846,,,,
Bismillah Pharmacy,pharmacy,23.8175123478899,90.3724284734616,,,,
Insaf Medical Hall,pharmacy,23.7551542572212,90.4093468174465,,,,
"Central Homeopathic Pharmacy, Homeopathic pharmacy, Joykali Mandir Ward, Dhaka",pharmacy,23.7215935360096,90.4167480379487,,,,
"Nazirhat Pharmacy, Nanupur Road, Chittagong - Khagrachhari Rd, Chattogram",pharmacy,22.6313727174567,91.8005989946104,,,,
Fardam Dental Care,dentist,23.773607939067,90.3626920547352,,,,
"Taj Poultry Feed And Medicine, Pharmacy",pharmacy,24.2755863738076,90.3943588849248,,,,
"VENUS HOSPITAL, Hospital",hospital,24.744617977925,90.4139131944764,,,,
Khan Pharmacy,pharmacy,23.8063042346043,90.3733509857249,,,,
ইসলামী ব্যাংক কেন্দ্রীয় হাসপাতাল,hospital,23.7375743887812,90.409823580099,,,,
Mozzammels Pharmacy,pharmacy,24.8753903357624,88.451602289377,,,,
Beauty Medical Hall,pharmacy,23.8196825902596,90.3806811276882,মমতাজ উদ্দিন,,,
"Janata Clinic and Diagnostic Centre, Horishpur, Natore",clinic,24.4102132336384,89.0077686384869,,,,
Medical Hall,pharmacy,23.6028068806152,89.8359593453524,,,,
St Marry's Pharmacy,pharmacy,23.7104503824737,90.4119069859518,,,,
"Rasel Medicine Shop, Pharmacy",pharmacy,25.2133532817652,89.3761485890971,,,,
"M/s Islamia Pharmacy, Baghdad Hotel Er Ultodike, Oxygen Square, Chattogram",pharmacy,22.3890713427257,91.8245820503417,,,,
"Maa Raziya Medical Store, Pharmacy",pharmacy,25.2759185730804,89.3548317329463,,,,
South Tapurre Community Clinic,clinic,25.604737030359,89.8339551484846,,,,
Lab Aid Hospital,hospital,23.554258226882,90.533468973306,,,,
Adorsho Dental Care(আদর্শ ডেন্টাল কেয়ার),clinic,23.8171763173917,90.3682996317774,,,,
noakhali drug house,pharmacy,23.7821597434179,90.3686083372713,,,,
Khan Dental Care,dentist,23.8191015567316,90.3782319355809,,,,
Police Lines Hospital,hospital,24.8995779937502,91.8592554691996,,,yes,
Abir Pharmacy,pharmacy,23.249032647742,89.0583813358767,,,,
Islamia Pharmacy ইসলামিয়া ফার্মেসি,pharmacy,24.7824458422232,88.2824812995973,,,,
Poli Dental Care,dentist,23.7142401761745,90.409752250103,,,,
pharmacy,hospital,23.7425941429537,90.992737755702,,,,
"Rezia Pharmacy, Haji Manson, Chattogram",pharmacy,22.2956123679697,91.7891590378831,,,,
M/S Mime Medical Hall,pharmacy,23.7704893681723,90.3506363634008,,,,
"Saha Pharmacy, Noya Bazar, Chattogram",pharmacy,22.3444496944483,91.7898909456682,,,,
Famous Health Care,pharmacy,23.7728268295103,90.359841453285,,,,
Usha Pharmacy,pharmacy,23.7923942986498,90.4248273544176,,,,
Leager Dental,pharmacy,23.6048546633795,89.8365261296449,,,,
Anita Pharmacy,pharmacy,23.7742943331179,90.3500300165252,,,,
Master Pharmacy,pharmacy,23.8175123478899,90.3539555970575,,,,
Christian Mission Hospital,hospital,25.2008995338491,90.1850063524738,,,,
Shanti Sheba Sadan,clinic,22.7955547546104,89.8755296396823,,,,
Al Amin Medical Shop,pharmacy,23.7597568440728,90.3658048421168,,,,
Nagorik Hospital,hospital,25.9360084516013,88.8511915859015,,,,
Muksudpur Upazila Health Complex,hospital,23.3192130657283,89.8721498886846,,,,
"National Homeo Pharmacy, Eidgah Mor Kacharasta, Chattogram",pharmacy,22.3445084515895,91.8012084427901,,,,
Zia Heart Foundation Hospital & Recharch Institute,hospital,25.6197521202469,88.6462515387382,Zia Heart Foundation,,yes,
Hospital and Diagnostics মিঠাছড়া জেনারেল হাসপাতাল,hospital,22.8038052295422,91.5555515407618,,,,
Holy Health Hospital,hospital,22.3618529561884,91.8304007675248,,,yes,
Banggobondu Community Clinic/Autisom Centre,clinic,23.7864508587476,90.4121590297802,,,,
Arifa Sergical,pharmacy,23.60493253126,89.8366176600276,,,,
Meherpur General Hospital,hospital,23.7779627568608,88.642099227725,,,,
Ma Homio Medical,pharmacy,23.8131920635372,90.3685026414723,,,,
Homeopathy Pharmacy,doctor,23.8093599412253,90.3704858835821,,,,
Raju medical,pharmacy,24.7167280333055,90.9473930844568,,,,
"Kharna Union Parishad Hospital, Hospital",hospital,24.7347553277368,89.331406325233,,,,
Dr. Sadia Afrin Mahbuba,doctor,23.7918728604534,90.3880990281777,,,,
Manpura Upazila Health Complex,hospital,22.2580013435066,90.9666386885145,,,,
Dr. Umme Salma,doctor,23.7920905384788,90.3880963459687,,,,
"Rokeya Hospital & Moli Digonist, Hospital, Dhaka - Barisal Hwy, Tekerhat",hospital,23.229263258555,90.0203491452291,,,,
Spondon Dayaganistic Centre,clinic,22.7198445436434,89.0686359238572,Clinica Sante,,,
Hayat Pharmacy,pharmacy,26.3380840720642,88.5555737632742,,,,
"Bhuapur Hospital Staff Quarter, Doctor",doctor,24.4635781289351,89.8743464502303,,,,
Prand Medicade,pharmacy,23.7645873348717,90.3609204556805,,,,
Babul Pharmacy,pharmacy,23.6426148857191,89.4735912309744,,,,
Sibnath Medical,pharmacy,24.2625518438205,89.9231715391302,,,,
Arafat Pharmacy,pharmacy,23.8543168656296,90.385704234622,,,,
"S. B. Madina Pharmacy, Hathazari Rd, Chattogram",pharmacy,22.3819037258649,91.8294510978952,,,,
Ma Bhuban pharmacy,pharmacy,23.8652176983449,90.2594645585638,,,,
M/S Habib Medico,pharmacy,21.4271426768611,92.1805863723733,,,,
Anto Medical,pharmacy,23.7119783196031,90.4034018688016,,,,
"Saki Daigonostic Center, Hospital",hospital,23.9461058299973,90.3825216259871,,,,
Zakiganj Upazila Health Complex,hospital,24.8842776676973,92.3642291770392,,,yes,
"Hridoy Medical Hall, Pharmacy",pharmacy,23.9149063747288,90.3949368171486,,,,
Naria Upazila Health Complex,hospital,23.3085293243053,90.4285327423535,Bangladesh Government,,yes,emergency
Lazz Pharma (Dhanmondi Branch),pharmacy,23.7458523563554,90.3713837530501,,,,
"Aveda Pharmacy, Nilambar Talukdar Road, Salimpur, Chattogram",pharmacy,22.3758674982945,91.7704645439591,,,,
উত্তরা আধুনিক মেডিকেল কলেজ ও হাসপাতাল,hospital,23.8747992195006,90.3967329751797,,,yes,
"Dhaka Imperial Hospital, Hospital",hospital,23.9137235205529,90.3954194471333,,,,
Sardar Pharmacy,pharmacy,25.0974111928508,89.0404767525077,,,,
Rupsha Upazila Health Complex,hospital,22.7978476242236,89.6411665978089,,,,general
"Insaf General Hospital Bogura, Hospital",hospital,24.8888606408954,89.3598089908697,,,,
Clinic,clinic,22.0355775683327,90.0236516988985,,,,
Sinclair Pharmaceuticals Ltd.,pharmacy,23.9023265629888,90.3955443374907,,,,
Bhuiyan Medicine Corner,pharmacy,24.9098796880266,91.8435286719132,,,,
Salua West Pharmacy,pharmacy,23.2395594207753,89.0964333322657,,,,
Sardar pharmacy,pharmacy,23.7669080324034,90.3602547649305,,,,
Islam Pharmacy,pharmacy,23.8516031406582,90.414966129153,,,,
Payra e-Pharma,pharmacy,25.6348849758745,88.6374766919438,,,,
Sardar Medicals,pharmacy,25.538725435735,89.2830373795038,,,,
Milon Pharmacy(মিলন ফার্মেসী),pharmacy,23.8279634914999,90.3628149334358,,,,
Swastha Kendral,clinic,22.6466938306295,89.7802013328806,,,,
Shaheen Pharmacies শাহীন ফার্মেসী,pharmacy,25.74248371837,89.2333074641563,,,,
PDAP Clinic(পি ডি এ পি ক্লিনিক),clinic,23.8172100964615,90.3663514260228,,,,
Lazz Pharma Ltd,pharmacy,23.7987831528868,90.3639471609165,,,,
"S. D. Pharmacy, Majhirghat Road, Chattogram",pharmacy,22.3298412945023,91.8237795669319,,,,
Tooth Fairy,hospital,23.8128941706984,90.4302237913188,Dr. Alvee Rahman,,yes,dentist;dental_oral_maxillo_facial_surgery;dentistry;paediatric_dentistry
"M/s. Health Pharmacy, Abdul Latif Road, Sholakbahor, Pachlaish, Chattogram",pharmacy,22.3630657337586,91.8367856822672,,,,
"Holy Lab Health Care, Hospital department",hospital,23.9370066873693,90.2973153892767,,,,
Joy Pharmacy,pharmacy,23.7723258431576,90.3476176209729,,,,
"Bogra National Hospital and Fatema Kidney Dialysis Center, Hospital",hospital,24.8327331541317,89.3762732279973,,,,
"B Four General Hospital, Hospital",hospital,26.2029129752604,88.5550294424821,,,,
Mithila Pharmacy,pharmacy,23.7795107267389,90.3538005318488,,,,
Al Ehsan Drug House,pharmacy,24.1273372449393,89.0707938448292,,,,
"Ma Medicine And Veterinary Corner, Pharmacy",pharmacy,24.2434871212334,89.9122089317886,,,,
Bosihakhi Pharmacy,pharmacy,23.9801271367883,90.2079373955378,,,,
Joypurhat General Hospital,hospital,25.0954902282815,89.0425419696306,,,,
CWAP Clinic,clinic,23.7354985266412,90.3649070564679,,,,
Bangladesh Eye trust Hospital,hospital,23.7437863848612,90.3602518312643,,,,
Saleha Pharmacy,pharmacy,24.253887135234,89.9153694960182,,,,
Royal Diagonestics,clinic,25.7628440317307,89.2345886380564,,,,
Millennium Specialized Hospital Ltd,hospital,23.7025306574411,90.4175197597739,Millennium Specialized Hospital Ltd,,yes,nephrology;intensive;neunatal;diabetology;allergology;community
Modok Pharamacy,pharmacy,24.3850384389138,91.4134800421704,,,,
Bhuapur Upazilla Health Complex,hospital,24.4630501528542,89.874704776591,,,,
Priota Bonowzi & Aurvedalaya,pharmacy,24.7310582378851,88.1690216789457,,,,
"Medical Squadron, BAF ZHR, BAF Rd, Chattogram",hospital,22.2618586953471,91.8144038214991,,,,
New Rogmukti Pharmacy,doctor,23.4058020650052,90.28142933583,,,,general
"Popular Model Pharmacy, Pharmacy",pharmacy,23.8635432455479,90.4007486611711,,,,
Boishakhi Pharmacy,pharmacy,23.7723200596444,90.4257132377641,,,,
Appolo Pharmacy,pharmacy,23.7008597250435,90.4280896749518,,,,
Heart Foundation,clinic,22.7220618923089,89.0699683950047,,,,
Melon Pharmacy,pharmacy,23.8154663253252,88.7441654950308,,,,
Rashed Pharma,pharmacy,23.759004652082,90.4292886223817,,,,
Ashikpur Open Eye Hospital,hospital,24.2484293428016,89.9328599295514,,,,
Jaif pharmacy(জাইফ ফার্মেসী),pharmacy,23.8164038411952,90.3662394437964,,,,
Kanan Drug House,pharmacy,23.7582705650021,90.4115334883464,,,,
Chadpur Pharmacy,pharmacy,23.8286894481337,90.3788206804598,,,,
Kumarkhali Upazila Health Complex,hospital,23.8595980513622,89.2367707827286,,,,
Rina Pharmacy,pharmacy,23.7590479865214,90.4138205744463,,,,
Farhad Medicine Corner,pharmacy,23.758230583324,90.4137681875515,,,,
Bangladesh Private Clinic Association,clinic,24.3688764532146,88.5810019429317,,,,
Tarail Upazila Health Complex l,hospital,24.5501972192444,90.8872961798073,,,,
Swili Pharmacy,pharmacy,23.7512952290001,90.4092660997189,,,,
"SAHIC Sub-Center and Integrated Pre-School for Hearing Impaired Children,Zakir Hossain Rd,Chattogram",hospital,22.3612459387606,91.8019703577886,,,,
A S Pharmacy,pharmacy,25.7643005550451,89.2323877179211,,,,
"Bepari Medical Hall, Pharmacy",pharmacy,23.83528265317,89.7810759844767,,,,
Dadu pharmacy(দাদু ফার্মেসি),pharmacy,23.8190297238214,90.3734315358144,,,,
Khan Pharamcy,pharmacy,23.8067507385864,90.3778621260129,,,,
"A.P PHARMACY, Pharmacy",pharmacy,23.9674276314711,89.8283182347813,,,,
"Jahanar medical center, Pharmacy",pharmacy,24.7654842229613,90.4507569395229,,,,
TB Hospital,hospital,23.7739207516935,90.4099112548062,,,no,
Parjoy Nagor Community Clinic,clinic,22.5353682425259,89.4489803706953,,,,
"Pranto Specialized Hospital, Private hospital",hospital,24.7427642362192,90.4078401703511,,,,
Kapatakkho Pharmacy,pharmacy,23.2379646798775,89.1019518934961,,,,
Niyaj Medicine Corner- 1,pharmacy,23.7454675431807,90.3646318785867,,,,
"Medicine Corner, Pharmacy",pharmacy,23.7889616578432,90.34849998392,,,,
Active Dental Care,dentist,23.7578929602641,90.4115202449394,,,,
Muktagachha Animal Hospital,hospital,24.7657965326735,90.2553539894284,,,,
Mukti Clinic,hospital,24.3715912678335,88.5830928924973,,,,
Tahzib Dental Clinic,dentist,23.7683600294901,90.3688097544045,,,,
আল সেফা ক্লিনিক,hospital,24.2517015539815,89.9199652935283,,,,
JB Medicine Corner,pharmacy,23.7837736788739,90.3776076514325,,,,
Laily Dental Clinic -2,hospital,24.0767753418828,90.2094294581217,,,,
Haque Nurcing Home,pharmacy,25.7643771656401,89.2326090839839,,,,
Satellite clinic.,clinic,22.5641799450375,90.743505636694,,,,
"Pioneer hospital And diagnostic center Ltd. , OS",hospital,22.4413764301852,91.9079268339954,,,,
ডাক্টার কাউসার চেম্বার,doctor,23.6883665821824,90.5129511639846,,,,general;paediatrics
Al Madina Medicine Corner,pharmacy,23.7628371934891,90.3671776302186,,,,
Al Shefa Medical Hall(আল শেফা মেডিকেল হল),pharmacy,23.8199622943685,90.3712484691329,,,,
Hamdad,doctor,23.7542780968825,89.6442629566602,,,,
Haque Pharmacy,pharmacy,23.8478008579216,90.2581459175565,,,,
M.M Corpooration Drug,pharmacy,25.7607983444422,89.2374566738653,,,,
Bhomik Pharmacy,pharmacy,23.0433324457798,91.8731584481745,,,,
"Patenga model pharma, Moslimabad more katgor, Chattogram",pharmacy,22.2586130548002,91.7862973723206,,,,
Arafat Medical Hall,pharmacy,22.6854722865666,90.3615906726583,,,,
United Hospital Limited,hospital,23.8048568475643,90.4155844621502,,,,
Dr Z H Basunia,doctor,23.8194002877607,90.3649287655971,,,,
"Badalgachhi Upazila Health Complex, Naogaon - Badalgachhi Hwy, Badalgachhi, Naogaon",hospital,24.9606389849028,88.9056316279184,,,,
Desh Bondhu Hospital,hospital,24.2620180842264,89.9225092849605,,,,
Haque Pharma,pharmacy,25.7627663314883,89.2347226646881,,,,
"City Corporation Bandartila Matrisadan Hospital, Ward No 39, Chattogram",hospital,22.2866633452275,91.7840474180517,,,,
Amin Medecal Store,pharmacy,23.735312867486,90.3851871550153,,,,
Dental Smile,dentist,23.760636860087,90.3677000742434,,,,
"Poly Ultrasono and Diagonostic Center, Hospital",hospital,25.1351486164138,89.3901290168573,,,,
Pharmacy,pharmacy,23.7089043404333,90.423721781389,,,,
Novo Health Care,hospital,23.814641629872,90.3663084268595,,,,
"Familiar Medicine Center, Hathazari Road, Fatehabad, Chowdhury Hat, Chattogram",pharmacy,22.4448349710727,91.819107577922,,,,
"District Veterinary Hospital, Hospital",hospital,24.8553666396331,89.359080854941,,,,
Priti Pharma,pharmacy,23.8017292242142,90.378168652212,,,,
Faith Dental Care,dentist,23.7014877810483,90.427884066867,,,,
Rokeya Drug House,pharmacy,23.7001022524537,90.4225008733728,,,,
"Parvez Medicine Corner, North Golapbag",pharmacy,23.7201882261235,90.4283945247702,,,,
Aloke Narsing Home and oncology Centre,hospital,24.8341598378709,89.3766631541329,,,,
Public Health Engineering (Laboratory),laboratory,23.8960116371379,90.4023026660195,,,,
Ma - Pharmacy,pharmacy,23.7444359823571,90.4340211287325,,,,
"Seva Homeo Hall, Faculty of pharmacy",pharmacy,25.0216794403926,90.005930343933,,,,
Al Noor Eye Hospital ( Permanent Building ),hospital,23.7520447387819,90.3580385897314,,,,
C R P,hospital,23.8562495648634,90.2659139301416,,,yes,
"Lucky Hospital, Hospital",hospital,25.7401328459869,89.2344235983829,,,,
"Al Mani Pharmacy and Medical Center, Pharmacy",pharmacy,25.7813549619752,88.9186426885765,,,,
"Madina Medical Hall, Pharmacy",pharmacy,24.693140854861,90.4113350886983,,,,
"Janata Pharmacy, Pharmacy",pharmacy,23.9185456294486,90.3120032496647,,,,
Tazin Pharmacy,pharmacy,25.7423440758631,89.2337196861544,,,,
"Soasso Sheba Hospital, Hospital",hospital,24.8289373254606,89.3786676862769,,,,
Kajol Pharmacy,pharmacy,23.8421711526551,90.2540792695938,,,,
Aziz Medical Hall,pharmacy,23.8446859750642,90.3884125951755,,,,
Messrs Somadhan Surgical and Medical store,pharmacy,24.8355102462912,89.374328542642,,,,
"Bismillah Medicine Corner And Telecom Center, Pharmacy",pharmacy,24.2959704917733,90.3890833988864,,,,
"Ad-din Berrister Rafiq-ul- Haque hospital,Jurain",hospital,23.6948661613602,90.4328300602916,,,,
Twelve Reverse,pharmacy,23.8101337585263,90.3663286272462,,,,
Hashem Homeo Hospital,hospital,24.7635040821556,90.2631029750934,,,,
ল্যাব এইড হসপিটাল লিমিটেড,hospital,23.7537553175816,90.4152782712272,,,,
Mithamoin Upazila Health Complex,hospital,24.4156448745329,91.0541000762737,,,,
Kamalganj Upazila Health Complex,hospital,24.3659436252942,91.8570805329642,,,,
Mamun Medical,pharmacy,23.2142414631445,89.6967287252036,,,,
"Juvenile Development Center (Boy),Child care agency",doctor,23.9083627905592,90.3989293690873,,,,child_psychiatry
Prime Hospital,clinic,23.7682314510954,90.368903464082,,,,
Department Public Health Engg. (DPHE),pharmacy,23.5442557665489,89.1647255589242,,,,
Fatima hospital and Diagnostic Center,clinic,22.8106566810152,89.5619583671905,,,,
MARYAM MEDICINE CORNER,pharmacy,23.8088280256499,90.3670411728349,,,,
Khadija pharmacy(খাদিজা ফার্মেসী),pharmacy,23.8266279190482,90.368877144906,,,,
Ma Pharmacy,pharmacy,23.8278699494604,90.3579970993107,,,,
Janani Medical Hall,pharmacy,23.8074084665284,90.378173932811,,,,
Ultar kalabagi Community Clinic,clinic,22.4584370397236,89.4549314381295,,,,
Friends Dental Care,dentist,23.7601979836368,90.363842890041,,,,
"Ashiq spelalista Hospital, Hospital",hospital,23.7729341178709,90.3670523207662,,,,
Shellmark Pharma,pharmacy,23.8171627387085,90.3538622226562,,,,
Sylhet Pet Care,hospital,24.9067000968767,91.86203767432,,,,
"Sadhona Oushodhaloy, Homeopathic pharmacy",pharmacy,23.9938137788423,90.2560440715167,,,,
Aysha Medicare,clinic,24.8955821728693,91.8627784669225,,,,
"M/S Joy Medicine & Feed Center (Unit-2), Chittagong - Khagrachhari Rd, Nazirhat, Chattogram",laboratory,22.6307592459634,91.799691988868,,,,
Venas Pharmacy,pharmacy,23.6024673297176,89.8341158295684,,,,
"S.n.anterprise, Hospital",hospital,24.6284567860616,90.4005657680438,,,,
Community Clinic,clinic,25.4711057729872,89.6843736322878,,,,
"Muradpur Community Clinic, Hospital",hospital,25.0050147919601,89.3703919818166,,,,
Shikder Pharmacy,pharmacy,23.7499751630693,90.4327515218588,,,,
Matri Mangal Hospital,clinic,24.4896608514114,91.7719260964154,,,,
"Polash Hospital And Diagnosis, Hospital",hospital,23.8403271339569,90.2577661335237,,,,
Dr.Oshin’ Dental Surgery,dentist,23.8004943184196,90.3631288357096,,,,
Dr. Sajjad Hossain,doctor,23.7921386506031,90.388115456708,,,,
Suborna Phermacy,hospital,23.7197591565001,90.4158602267646,,,,community
Gazaria Upazila Health Complex,hospital,23.5529683358026,90.6529190563365,,,,
Popular Diagnostic Center,hospital,22.3609103273575,91.8317714601508,,,yes,
হিকমাহ চক্ষু হাসপাতাল,hospital,23.7487360663232,90.4223595544853,,,,
Impulse Hospital,hospital,23.767839345665,90.3988244276595,,,,
আস্থা ডেন্টাল ক্লিনিক,dentist,23.8082462377506,90.372812364627,,,,
আলিফ ফার্মেসি,pharmacy,26.2099932526901,88.9082287606166,,,,
Shahin Pharmacy,pharmacy,24.8190483560965,88.9363119919234,,,,
"M/s Sagar Pharmacy, Shop no. 32, Naval welfare foundation market, Chattogram",pharmacy,22.2827798418492,91.7832149274286,,,,
City Dental Surgary,dentist,23.7344604279332,90.3840803247012,,,,
Matree Medicine House,pharmacy,23.7057773876354,90.4217016589052,01741-115712,,,
Rawshon Medicine Hall,pharmacy,23.7616998530474,90.3572104576979,,,,
Top One Pharmacy,pharmacy,23.7735148999418,90.425869057344,,,,
Suchona Homeo Hall,pharmacy,23.7674079291086,90.3591295782485,,,,
সাহারা মেডিকো,pharmacy,23.7765935729774,90.3521111592642,+8801976-009601,,,
Sadia Pharmacy(সাদিয়া ফার্মেসী),pharmacy,23.8186450782848,90.3686845287711,,,,
S. Alam Pharmacy,pharmacy,23.784975727608,90.4121164497121,,,,
"Madina Pharmacy, Love Ln, Chattogram",pharmacy,22.3421619377961,91.8282676569862,,,,
Drug Supply,pharmacy,23.7558128233536,90.4113153912258,,,,
Prime Hospital,hospital,23.1675546815632,89.209707377581,,,,
Jhikorgacha Upazila Health Complex,hospital,23.1052436971903,89.1090705600424,,,,
IBN SINA Hospital,hospital,24.8918060416706,91.8777266692231,Private,,yes,
"Arifs Medicine, Pharmacy",pharmacy,25.7075599320643,89.2613651306584,,,,
Janata Medical Hall,pharmacy,23.7008871338668,90.4278723322025,,,,
"New world Rehabilitating Center, Hospital",hospital,24.7850197570497,89.3509922345596,,,,
Beauty Pharmacy,pharmacy,21.7622263553048,92.07573764849,,,,
DR. RAHIM HOMEOPATHY FOUNDATION,hospital,22.8089984891104,89.5559856744462,DRHF,,,Classical_Homeopathy
Ibn Sina Pharma,pharmacy,24.8916652256973,91.8778703350435,,,,
"Bismillah Pharmacy, Pharmacy",pharmacy,26.2536898741333,88.5581340994175,,,,
Prety Drug house,pharmacy,23.6029504626165,89.8360384705183,,,,
Jamal Drugs House,pharmacy,23.5889455596991,89.833319884043,,,,
Hasan Medicine and Sergicla,pharmacy,25.7611761168182,89.2392929812125,,,,
Sun Health Care Diagnostic and Consultation Center,clinic,23.7834750316639,90.4259879965501,,,,
"Al Nur Hospital, Chittagong - Khagrachhari Rd, Bibir Hat, Chattogram",hospital,22.6878890407086,91.7906450654967,,,,
"25.539267, 89.282983",pharmacy,25.5392040424062,89.2829695699072,,,,
Nuvista Pharmaceuticals Ltd.,pharmacy,23.8991391766691,90.3993717659367,,,,
"Mazhira Dental Care, Dental clinic",dentist,24.7728799952264,89.3962745444451,,,,
Bipu Pharmacy বিপু ফার্মেসী,pharmacy,24.502229347582,89.1479735710606,,,,
N R Pharma,pharmacy,23.7680756315154,90.3620294652894,,,,
Tuberculosis Hospital Khulna,hospital,22.8981360898663,89.5170119201651,,,,
Physiotherapy Centre,clinic,23.7475065249467,90.4287785835736,,,,
Shamarchar commuinity Clinic,clinic,24.749464478159,91.2452852526913,,,,
A B Medicine Center,pharmacy,21.7756903740105,92.1947281517696,,,,
Shaheed Tajuddin Ahmad Medical College Hospital,hospital,24.0097256485508,90.4236420694899,,,,
M/S Amin Pharmacy,pharmacy,24.3740398732076,91.4169673329857,,,,
Icddrb field office(আই সি ডি ডি আর বি ফিল্ড অফিস),clinic,23.8173687658885,90.3739715818359,,,,
Tara Medicine,pharmacy,23.7594807441823,90.4358480483482,,,,
আল মুন ডায়াগনস্টিক সেন্টার,laboratory,24.6614213863195,90.8411373743069,,,,
"Moniza Homoeo Hall, Homeopathic pharmacy",pharmacy,25.0194946973305,90.0138059801548,,,,
Debiganj Upazila Health Complex,hospital,26.1162243989738,88.7560235410885,,,,
Rajshahi Diagonestics,hospital,24.3719076846783,88.5815279911748,,,,
আল আমিন ডেন্টাল কলেজ ও জেনারেল হাসপাতালে,hospital,24.8866371734406,91.8833746470385,,,,
Arko Medical Hall,pharmacy,22.3603852849427,91.8331677175814,,,,
Health Care Pvt. Hospital,hospital,25.6186069846354,88.6483020875305,,,,
Zaber Pharma,pharmacy,23.7702583629208,90.367313333231,,,,
Tamim Pharma,pharmacy,23.774384354758,90.3656400539004,,,,
Maa Medicine Center,pharmacy,23.8073237254874,90.3779446877592,,,,
Islampur Upazilla Health Complex,hospital,25.0780215876966,89.799515081811,,,,
Kalihati Upazilla Health Complex,hospital,24.3896743857401,89.9902749604616,,,,
Caynika Pharmacy,pharmacy,22.8065176972282,89.5674555545678,Privet,,,
"Gausia Medicale Center, Chittagong-Anwara-Banshkhali Rd, Chattogram",pharmacy,22.2480358473666,91.8697715725592,,,,
Salamabad Pharmacy,pharmacy,23.0425672618391,89.6307800786724,,,,
Sobukta Dental Care,dentist,23.7582166693647,90.3661583907927,,,,
Nova Pharma,pharmacy,23.7306899964287,90.4162302877896,,,,
Hamja Kha (Rh:) Pharmacy,pharmacy,22.3778315458462,91.8314732320359,,,,
Jhohora Dedicine,hospital,22.7503147733359,89.2593559884677,,,,
"Unicare Diagnostic Centre, Hospital",hospital,24.7441804425793,90.408389520285,,,,
Ruma Health Complex,hospital,22.0478321622294,92.4081617490568,,,,
Raj Pharmacy রাজ ফার্মেসী,pharmacy,23.8480021912358,90.2564589757238,,,,
Digital Hospital Coxbazar pvt ltd ডিজিটাল হাসপাতাল,hospital,21.8701374913316,92.0785144891924,,,,
Sunail Tola Health & Family Center.,clinic,22.5069371622375,89.6593298467098,,,,
Popular General Hospital,hospital,23.5504162977433,90.3898362614295,,,,
"M/S. The Medical Point, Sheikh Mujib Road, North Agrabad, Chattogram",pharmacy,22.3342437215061,91.8100948527157,,,,
Nowshin medical hall(নউশিন মেডিকেল হল),pharmacy,23.8165412205882,90.3674840725986,,,,
Sagor Medical,pharmacy,23.8480274207644,90.2581405531385,,,,
surjer hasi satellite clinic,clinic,25.5701195187953,89.8371375894815,,,,
Altra Lab Medical Services,clinic,23.486030624697,89.4231572357603,,,,
Biswas Medical Hall,pharmacy,24.1670997363089,89.1406167746453,,,,
Al Haz Clinic,hospital,22.84718375776,89.539108041854,,,,
The Care Medicine Karnar,pharmacy,24.0979786232456,91.2923408380123,,,,
Green View Diagonestic Center,clinic,23.4859156249854,89.4210414757612,,,,
ইসলামিয়া হাসপাতাল,hospital,22.6885157556088,90.3703660223667,,,,
Rog Mukti Pharma,pharmacy,23.7701634797769,90.3682816945046,,,,
Rajshahi Metropalitan Hospital,hospital,24.3685844277081,88.5809740311941,,,,
বদরুদ্দোজা ফার্মেসি,pharmacy,24.6622008194956,90.8421914824499,,,,
Gopinathpur Union Health Complex,hospital,23.1021397946261,89.7569936870118,,,,
Jonosheba Pharmacy,pharmacy,24.9130223988024,91.8233285367222,,,,
Maa Medicine Corner,pharmacy,23.7221205900811,90.5037217665812,,,,
Lalmohan Upazila Health Complex,hospital,22.3463170986563,90.7344689392446,,,,
Shamoly Eye Hospital,hospital,23.7736376948233,90.3620237655953,,,,
"Anwara Homeo Medical Centre, Rahman Mansion, Jatrabari Chowrasta, Dhaka",pharmacy,23.7097545168722,90.4341177720761,,,,
Medi fair Pharma(মেডি ফেয়ার ফার্মা),pharmacy,23.8159772861427,90.3745275534733,,,,
Nurjahan Medical(নূরজাহান মেডিকেল),pharmacy,23.8215074982185,90.3746504321739,,,,
"Chamber Of Dr. Mozammel Hossain, Kathgor Bazar, Chattogram",doctor,22.2588683675709,91.7918488744305,,,,
Shandhi Diagnostic Center,clinic,23.7705866820681,90.3672028597471,,,,
Noor Medical Hall,pharmacy,24.4421959777585,90.7765847337492,,,,
Taj Medical Hall,pharmacy,22.6868312445281,90.3652464397274,,,,
Niramoy Pharamcy,pharmacy,23.8076915233986,90.378356490662,,,,
Noshirdhi Pharma,pharmacy,23.7826504200297,90.4287299685352,,,,
"Path Drug Addiction Information Support and Rehabilitation Centre, Hospital",hospital,23.8713920596796,90.0032106678102,,,,
Meghna Diagnostic Center,clinic,23.7505982737512,90.4248888775869,,,,
DPRC Hospital & Diagnostic Lab,hospital,23.7745900466619,90.3638346757759,,,,
Parfect Pharma,pharmacy,23.8245236422565,90.3639027368296,,,,
ওয়েলকেয়ার হসপিটাল লিমিটেড,hospital,23.7699695225375,90.3552317418157,,,,
"M/s Faizia Pharmacy, Ichapur Faizia Bazar, Rangamati Road, Hathazari, Chattogram",pharmacy,22.5099659629492,91.8399408820788,,,,
Bushra Hospital,clinic,22.7220812545053,89.0701141563009,,,,
"Rifat Pharmacy, Pharmacy",pharmacy,26.1055312698192,88.8203899357575,,,,
"Asia Digital Eye Hospital, South Jatrabari, West Side of Dholaipar Flyover Toll Plaza, Dhaka",hospital,23.7038554172377,90.4348528649845,,,,
Kahkasha Pharma,pharmacy,23.7567715454385,90.3613164167865,,,,
Maa Medical Hall (মা মেডিকেল হল),doctor,23.7727776277387,90.3480433378351,,,,
Javed Pharmacy জাভেদ ফার্মেসী,pharmacy,24.6018460875044,88.250661834951,,,,
Ma-Moni Hospital,hospital,22.3595542192431,91.8329880933964,,,,
Chuadanga General Hospital,hospital,23.6356793637572,88.8473985232584,,,,
Oboshorprapto Govt. Employees Hospital,hospital,23.7415662701676,90.3733622174752,Bangladesh Retired Government Employees Welfare Association,,no,general
Rokeya Diagnostic Centre,pharmacy,23.0412374729006,89.6328353213306,,,,
"Bondhon Model Pharma, Pharmacy",pharmacy,24.4785985832411,89.9737429975563,,,,
Clinic beside Munsir Hat,clinic,22.5845879514272,90.7004481353678,,,,
"Al-Noor Eye Hospital, Hospita",hospital,23.7538136556276,90.3657716497802,,,,
Community center,clinic,21.9184125597452,90.0626704639996,,,,
Chayabithi Pharmacy,pharmacy,23.7420945815246,90.4345789443887,,,,
কাদির ফার্মেসি,pharmacy,23.8132606275051,90.3765563931365,,,,
"L. Harun Health Complex, Hospital",hospital,24.7485055884359,90.4067125529171,,,,
Monir Drug House,pharmacy,23.7328417986114,90.4155738171331,,,,
Asha Pharma,pharmacy,23.763750988573,90.360655084626,,,,
Ash Shikha Pharmacy,pharmacy,23.7102290164108,90.4246442936523,,,,
Jinat Pharmacy,pharmacy,22.3385823622268,91.7758847854652,,,,
Reshmi Medicine Corner,pharmacy,23.7568185679153,90.3615860626115,,,,
Borna pharmacy,pharmacy,23.6036260440123,89.8384315876934,,,,
Bushra Pharmacy,pharmacy,26.3376913799005,88.5554899442424,,,,
Dental and Maxilofacial Surgeon,doctor,23.8168299771525,90.3676412332831,,,,
পাল ফার্মেসী,pharmacy,22.2333998709591,91.1405049251379,,,,
Azam Homeo Hall,pharmacy,23.757554582833,90.3555780820548,,,,
Recent Diagonestics,clinic,25.7626259346101,89.2349444498461,,,,
"Hossain Medico, Pharmacy, Chowdhury Market, Aman Bazar, Hathazari Road, Chattogram",pharmacy,22.420346738037,91.8200549844377,,,,
Seaside Hospital,hospital,21.4416510807022,91.9761225849483,,,,
"Evercare Information Centre Mymensingh, Hospital",hospital,24.7492977621048,90.4064245507241,,,,
Medi Centre Pharmacy,pharmacy,24.8958284331846,91.9001718971792,,,,
Abdul karim kobiraj,pharmacy,23.7834444377173,90.4111490942668,,,,
Polas Surgecal Store,pharmacy,25.0995173974802,89.0355011709649,,,,
Paritran Pharmacy,pharmacy,25.764588221962,89.2319829558168,,,,
"Hasan Medical Hall, Housing Colony Rd, Chattogram",pharmacy,22.2686048701163,91.7833692382659,,,,
Kashipur Community Clinic,clinic,24.7224119694855,91.2118391959151,,,,
City Lab diagnostic and specialized consultation center,hospital,22.6606976438995,89.7949073819985,,,,
"Afia medical Hall, Pharmacy",pharmacy,24.470061950135,89.5332642627804,,,,
"Hossainpur Community Clinic, Hospital",hospital,24.9602820834657,90.2748839914608,,,,
Karim Pharmacy,pharmacy,23.7732568211431,90.3501105666147,+8801711391906,,,
Chowdhury Clinic চৌধুরি ক্লিনিক,hospital,23.1650996221236,90.2100595257833,,,yes,
Akhaura Upazila Health Complex,hospital,23.8645378421785,91.2032729746908,,,,
Jahir Drug House,pharmacy,23.8156039561754,88.744453664862,,,,
Halima Eye Care And Pharmacy,pharmacy,23.7792023565212,90.3537382543082,,,,
Kalia Surgical Clinic,clinic,23.0407718581793,89.6338249726383,,,,
Ideal Homio,pharmacy,23.7349556307727,90.4168093934799,,,,
"Alif Pharmacy, Pabna Rd, Lalpur, Natore",pharmacy,24.1952885795957,88.9038644712722,,,,
Smile Makers Dental,dentist,23.7649664483522,90.358964622394,,,,
Popular Diagnostic Centre,doctor,23.8610834922426,90.4005823642121,,,,
Cadet Academy,pharmacy,24.2536563814396,89.9161221909232,,,,
AFC Pharmacy,pharmacy,23.7178571350319,90.4252480421379,,,,
Darus Shifa Homeo Pharmacy,pharmacy,24.7239348774731,91.7545038915741,,,,
"Chan medical Hall, Pharmacy",pharmacy,25.0184859352835,90.0261299762098,,,,
Janasheba Nursing Home & Diagnostic Centre,clinic,23.7713422268202,90.3648608721814,,,,
Premium Dental Sergery,dentist,23.7523238561576,90.4172630220797,,,,
Eurasia Pharmacy,pharmacy,23.7207540884068,90.4297233916993,,,,
Mamun Medical Store,pharmacy,23.8516028892011,90.4153785187892,,,,
Mery Stops,clinic,23.810598032143,90.367786240208,,,,
"Kanuria kominiti kilinik, Hospital",hospital,23.2964032249842,89.9913735765105,,,,
Clasic Dental,hospital,23.6048572617695,89.8367286364256,,,,
শহীদ সোহরাওয়ার্দী মেডিক্যাল কলেজ হাসপাতাল,hospital,23.7687482792451,90.369521377984,,,,
Batisa Union Health and Family Welfare Centre,hospital,23.1977994380603,91.3128819490244,,,,
Basic Homoeo Hall,pharmacy,22.3760737769316,91.8320479791365,,,,
Lata Medicine,pharmacy,24.2537396975571,89.915717428819,,,,
Sitakund Upazila Health Complex,hospital,22.6095162343794,91.6646558407053,,,,
Bhai Bhai Farmacy ভাই ভাই ফার্মেসী,pharmacy,23.7665466885576,88.6334873251284,,,,
Himel Phamacy,pharmacy,24.1272213232184,89.0708902367157,,,,
"Dhaka Medical College Hospital, Government hospital, Secretariat Rd, Dhaka",hospital,23.7260306640926,90.3976560741762,,,,
Sikder Dental Surgery,pharmacy,23.8153248387997,90.3621397711352,,,,
Dharani Medical Hall,pharmacy,24.7164656797361,90.9558156398608,,,,
"Sunmoon Nursing home And Diagnostic Centre, Hospital",hospital,24.8437825979902,89.3552029674378,,,,
Popular Fasio Dental Clinic,dentist,23.7680373262179,90.3620740570143,,,,
Khan Pharma,pharmacy,23.7682865201993,90.3680386193126,,,,
Sattar Medical Hall,pharmacy,24.4046495777689,90.3850170861999,,,,
Surgicare Hospital Ltd.,hospital,22.36009552255,91.7918280873106,,,,
"Nirupoma Oushod ghor, Zahir Raihan Rd, Dhaka",pharmacy,23.7242352604328,90.3974224705347,,,,
Goran Dental Surgery,dentist,23.7482637460793,90.433137759957,,,,
Ma Pharmacy,pharmacy,22.8015417804092,89.5629162510851,,,,
"Jharna Medical Hall, Pharmacy",pharmacy,25.1109938993054,90.1306279174453,,,,
"Khagrachari Medico, Fokir Mohammad Sawdagar Road, Abu Zohur Building, New Mooring, Chattogram",pharmacy,22.2934808499927,91.7871320422386,,,,
"4R Adhunik Hospital, Hospital",hospital,24.8132790921421,89.3768518307734,,,,
Jewel's Dental Avenue,dentist,23.7417782484988,90.4115803431851,,,,
"Makka Madina Agro, Kaptai Rd, Chattogram",pharmacy,22.407510356241,91.8618575472208,,,,
Yousuf Pharmacy,pharmacy,23.7704371489155,90.3462765164651,,,,
Thanchi Upazila Health Complex,hospital,21.8238194296709,92.4383494247933,,,,
Huda Homeo Pharmacy,pharmacy,23.0305134983423,89.3988088966886,,,,
Hill View Clinic (Pvt) Ltd,clinic,22.3594302508951,91.8332710664475,,,,
Noor Jahan Pharmacy,pharmacy,23.8072417504743,90.3754270993219,,,,
Chatkhil Upazila Health Complex,hospital,23.0601568532867,90.9693019544289,,,,
Ibn Sina Pharmacy,pharmacy,22.3657170973704,91.8501220445876,,,,
Betagi Medical Hall,pharmacy,22.6867458329347,90.3650307733587,,,,
"Digpait Upo-Shahor, Hospital",hospital,24.7666673285942,89.9262062909932,,,,
Japan Bangladesh Friendship Hospital,hospital,23.7395452256744,90.3750453874515,,,,
Faridpur Medical College Hospital,hospital,23.5881290785109,89.8352580315138,,,,general
"Dhaka EPZ Hospital, Hospital",hospital,23.9519353598355,90.2731816269263,,,,
Crescent Specialized Dental Service,doctor,23.8091983381321,90.3681875657319,,,,
"Upazilla Veterinary Hospital, Veterans hospital",hospital,24.9700048396899,90.1793899744334,,,,
Maya Pharmacy মায়া ফার্মেসি,pharmacy,23.9042176879829,89.1194806323268,,,,
Jom Jom Pharmacy,pharmacy,23.0405132764664,89.6353036241771,,,,
M/S Mayer Doya Pharmacy,pharmacy,23.6935968897627,90.5141938649491,,,,
"Eye Hospital KIDS CORNER, Foys Lake Approach Rd, Chattogram",hospital,22.3602637473467,91.7957446992065,,,,
শামসুল হক মেমরিয়াল হসপিটাল,hospital,24.2441111539246,89.9137033413054,,,,
Janata Pharmecy(জনতা ফার্মেসী),pharmacy,23.8186416417045,90.3777837552182,,,,
"Cantonment Board General Hospital, Tiger Rd, Chattogram",hospital,22.4088861618279,91.8165061704531,,,,
Fatema Pharmacy,pharmacy,24.8167246410797,88.9391018245756,,,,
Shapon Medical,pharmacy,24.8194902500318,88.9362628739708,,,,
"Amina Dental Surgery, Motin Commandar Goli, Dhaka",dentist,23.7061456884608,90.4316210545778,,,,
"Saida Pharmacy, Pharmacy",pharmacy,23.9498313345009,90.3822693307015,,,,
Modern Diagonestic Center,clinic,23.1681464439272,89.2091762163769,,,,
Help pharma health Care Center,pharmacy,23.7700717817562,90.3497905455516,,,,
"Apel Physiotherapy And Paralysis Center, Hospital",hospital,23.8547458514341,90.2626302357544,,,,
"Natore Eye Clinic, Dhaka - Natore Hwy, Natore",clinic,24.4118883569876,88.9916498195891,,,,
Institute of Nuclear Medicine and Allied Sciences,hospital,25.6266020629774,88.6382549516535,,,,
Time Pharma,pharmacy,23.8100918490104,90.3644182238748,,,,
Sharankhola Upazila Health Complex,hospital,22.3128591395776,89.8501540983767,,,,
City Health Care,clinic,23.5541664450422,90.5328327868551,,,,
Islamia Dental Surgery,dentist,23.7403753693647,90.4332237582836,,,,
Dr. Rifat's Dental Care,dentist,23.7970702271542,90.3652244791411,,,,
M/S Antora Pharmacy,pharmacy,23.7698602225201,90.3694401573422,,,,
Ma Dental Care,dentist,23.2153220581016,89.697635730946,,,,
Advance Healthcare For Women,clinic,23.7770013525668,90.364659035953,,,,
Fatima Pharma,pharmacy,23.7750655520289,90.3529291491949,+8801629-881795,,,
"Al-Baraka Hospital, Hospital",hospital,25.0171541346883,90.0265796653151,,,,
Lazz Pharma,pharmacy,23.7508534188838,90.3787284795249,Pharmacy,,,
"Bangladesh China Friendship 1000 Bed Hospital, Hospital",hospital,25.8823972959893,88.8681802787107,,,,
"M/S. Shahin Pharmacy, F.M Sawdagar Rd, Chattogram",pharmacy,22.2927993174457,91.7873093194908,,,,
"Boda Upazila Health Complex, Hospital",hospital,26.2026185190019,88.5540559682475,,,,
"Nahar Pharmacy, Joramtol Bazar, Joramtol, Sitakunda, Chattogram",pharmacy,22.4977084353864,91.7140272620541,,,,
Busra Medicine,pharmacy,23.7870714548585,90.4258237950669,,,,
Green Diagonestic Center,clinic,24.3713024274501,88.5835448447165,,,,
Mahir Pharma,pharmacy,23.8068246669724,90.3544697429982,,,,
Desh Pharma(দেশ ফার্মা),pharmacy,23.8277888964568,90.3644726224264,,,,
বাঘাইছড়ি উপজেলা স্বাস্থ্য কমপ্লেক্স,hospital,23.1634293602783,92.188033525705,,,,
Epic Health Care,clinic,22.3426851361922,91.8359882279993,,,,
"Happy Medicin Corner, Pharmacy, Mitford Rd, Dhaka",pharmacy,23.7116355835824,90.402304090943,,,,
Paralysis And Disabled Rehabilitation Hospital,hospital,25.6595464628487,88.6486524510831,,,,
Healthy Smile Dental Care,dentist,23.7557435888333,90.3754141911911,,,,
Jannat Arysha Medicine Corner Care & Dental Care,pharmacy,23.7182728774293,90.3800985854177,,,,
"Zishan Pharmacy (Dr. Narayon), Chittagong-Anwara-Banshkhali Rd, Chattogram",pharmacy,22.2504224266571,91.8710614636386,,,,
"Al Madina Pharmacy, Pharmacy",pharmacy,23.935397445779,90.2787654831824,,,,
Aziz Medical Hall,pharmacy,23.8116039443429,90.3707803398406,,,,
Messrs Ayesha Medicine  Corner,pharmacy,24.9128303694008,91.8239974964144,,,,
Hazi Pharmacy,pharmacy,23.8513801820338,90.4128244690731,,,,
Salma Medical Hall সালমা মেডিকেল হল,pharmacy,23.8343013837655,90.2620162613469,,,,
Rafa Medical Service and Cancer Home,clinic,23.7804879728299,90.4078896235798,,,,
Adorsho Pharmacy,pharmacy,25.7424793597803,89.2341602389852,,,,
Mir Medical Hall,pharmacy,23.7836615290095,90.4062930386633,,,,
Tabligh Pharmacy,pharmacy,24.6875037735197,88.1579069400615,,,,
Ma medical,pharmacy,23.7828650805699,90.4117133639885,,,,
"Sahiba Dental Clinic,korail",dentist,23.7849706984661,90.410420623062,,,,
Chowdury Doctors Chamber(চৌধুরী ডক্টরস চেম্বার),hospital,23.8231798555397,90.3640020623823,,,,
Mirpur Pharma,pharmacy,23.7656803350455,90.3606056313973,,,,
"Darber Pharmacy, Housing Colony Rd, Chattogram",pharmacy,22.2687421656903,91.7843199975429,,,,
Raozan Drug House,pharmacy,22.3607312899057,91.8315638404092,,,,
LIFE CARE Medical & Dental Centre,hospital,26.2051635162624,89.1112586558658,Health Care,,yes,family_medicine;dentist;internal_medicine
Community clinic at 7 no. ward,clinic,22.5748499401393,90.6497060213931,,,,
Potuakhali Pharmacy,pharmacy,23.7654284588552,90.3597132939855,,,,
Community clinic,clinic,22.3459626279711,89.8759263551595,,,,
Clinica Dental,dentist,23.7629830386043,90.4278071209958,,,,dentistry;surgery;tooth_whitening
Dighalia Hospital,hospital,22.8916047432754,89.5352106245164,,,,
Bhawal Homeo Clinic,clinic,23.9066281556975,90.3967354897507,,,,
Tawhid Medical,pharmacy,24.2626518399254,89.9239967374976,,,,
Arafat Pharmacy 1,pharmacy,23.8542388301111,90.3853272166173,,,,
Nolsity Medical Hall,pharmacy,22.6860400766875,90.3631076294946,,,,
"Bismilla pharmacy, Pharmacy",pharmacy,25.7752391901437,88.8850172590724,,,,
আইসিডিডিআরবি যক্ষ্মা নির্ণয় ও চিকিৎসা কেন্দ্র,hospital,23.7579477779109,90.4173442427214,ICDDRB,,,
Jhalakati Medical Hall,pharmacy,22.6856083248551,90.3619304750129,,,,
বিসমিল্লাহ ফার্মেসী,pharmacy,23.7837270754923,90.3774620577744,,,,
Mesars Homio Pharmacy,pharmacy,23.7740636631426,90.3653864175104,,,,
Jharna Pharmacy,pharmacy,23.6819276879835,90.4222569599904,,,,
Mother Care Hospital,hospital,23.7567969426051,90.3744591571435,,,,
Surgiscope hospital unit 1 OS,hospital,22.360462649909,91.8334487627948,,,,
Lazz Pharma,pharmacy,23.7849815949403,90.3673799693612,,,,
"Doctor's Agro Vet Ltd.,Plot No Naogaon - Mohadevpur Hwy, Naogaon",doctor,24.8688204324169,88.8324946612256,,,,
"Chittagong Diabetic General Hospital, Zakir Hossain Road, Khulsi, Chattogram",hospital,22.3612727608507,91.8024664826375,,,,
popular diagonstic center,hospital,21.9732493172393,92.0653344493662,,,,
"Akota medical store, Pharmacy",pharmacy,26.1062745769926,88.8195953313367,,,,
Munnaf Medical Holl,pharmacy,23.783699918126,90.4097451254852,,,,
New Sharmin Homio Hall,pharmacy,23.7444939851271,90.426679838838,,,,
Al Maha Diagnostic Center & Medical Center,clinic,23.7336485567918,90.4156461529575,,,,
Dumuria Janata Hospital,hospital,22.8075198375716,89.4181813189413,,,,
Abdul Kader Pharmacy,pharmacy,23.70414953822,90.4223597221234,,,,
Sujoy Medical Hall,pharmacy,24.2671295364197,89.9265587500217,,,,
Rupali Pharma,pharmacy,23.7482119459177,90.4320603501232,,,,
Nafir Homeo Healthcare,pharmacy,23.7682538307769,90.3608937174094,,,,
NAHAR MEDICAL HALL,pharmacy,22.5702513766012,90.1336722246779,,,,
মেরী স্টোপস ক্লিনিক,clinic,23.8137564170779,90.3725726421962,,,,
Digital General Hospital Panchagar,hospital,26.3398040385954,88.556341797062,,,,
Noor Pharmacy,pharmacy,23.7896062261972,90.388081258543,,,,
আধাইপুর কমিউনিটি ক্লিনিক,hospital,24.9714838265048,88.9320840761436,,,,
Cumilla Medical Hall,pharmacy,23.7702704328614,90.3606802303356,,,,
Sheikh Pharmacy,pharmacy,23.0404893880423,89.6356720926406,Bappy Sheikh,,,
Munni Medical Hall,pharmacy,23.8089240822603,90.3712421827055,,,,
Shikdar Pharmacy,pharmacy,23.8479652270428,90.387621594973,,,,
"City General Hospital and Diagnostic Center, Kazi Goli, Chattogram",hospital,22.2763728827014,91.7860018264147,,,,
Ullubonneya Community Clinic.,clinic,22.5230872456341,89.6409996302977,,,,
Kamarkandi Community Clinic,clinic,25.1615075225996,91.1741208830914,,,,
ahammed oushodhaloy,pharmacy,23.7887478354932,90.3664430402245,,,,
Al Arabi General Hospital,clinic,24.0758946553163,89.6153468994542,,,,general;surgery;orthopaedics
Leed Pharma,pharmacy,23.7629421349168,90.3602410186093,,,,
Crescent Dental Chamber,dentist,23.7752708248376,90.3655255571031,,,,
"Liaquat Pharmacy, Shariatpur Road, Shibchar",pharmacy,23.3964827297808,90.2761559452674,,,,
Biswas Pharma(বিশ্বাস ফার্মা),pharmacy,23.8234322346443,90.3688028812439,,,,
Hossainpur Upazila Health Complex,hospital,24.4171737336717,90.6567039885336,,,,
Zahir Medical Hall জহির মেডিকেল হল,pharmacy,23.8954904503986,90.4064553961277,,,,
Allahr Dan Pharmacy,pharmacy,23.8191630799009,90.3716708332338,,,,
"Nasir Medicine Corner, Pharmacy",pharmacy,24.0277697906075,90.3866045348419,,,,
দাগনভূঁইয়া উপজেলা স্বাস্থ্য কমপ্লেক্স,hospital,22.9383619328434,91.310437786059,,,,
New Dhaka Pharmacy,pharmacy,23.8515230934829,90.4152612559637,,,,
"Homeopathic Charitable Hospital, Hospital",hospital,23.7993963729229,90.3819768860998,,,,
Barlekha Upazila Health Complex,hospital,24.6938787976164,92.1848569520403,,,,
"Aziz Pharmacy, Shahi Jamme Mosjid Market, Women College Mor, East Nasirabad, Chattogram",pharmacy,22.3623791720697,91.8164079345479,,,,
Farmacity,pharmacy,23.7110388758954,90.4243082631541,,,,
Hearing Care Centre,doctor,23.8091429337521,90.3682154774695,,,,
ROHMAN MEDICARE I,pharmacy,23.7649754169886,90.3589738424875,,,,
Mehedi Pharmacy,pharmacy,23.9450493749213,90.2725642997576,,,,
"Rokeya Eye Care center, Private hospital",hospital,24.2433405217468,89.9116299937364,,,,
"M/S. Chowdhury Pharmachy, Mirzapul Rd, Chattogram",pharmacy,22.3654977429644,91.8338750663902,,,,
"M/s. Prity Pharmacy, Pathantuli Rd, Chattogram",pharmacy,22.3333228856235,91.8168971862361,,,,
Classic Diagonestics,clinic,25.7628496476058,89.2343629972229,,,,
Soceton Pharmacy,pharmacy,23.7018089755779,90.4216888345933,,,,
কেয়ার মেডিকেল কলেজ,hospital,23.762012833312,90.3716451846101,,,,
Omar Madical Hall,pharmacy,22.8156761837307,89.5625374728808,,,,
"Anowara Hoapital And Diagnostic Centre, Hospital",hospital,24.2763883543032,90.3942408677281,,,,
Ibrahim Harbal and Co,pharmacy,23.7597725182317,90.3658841349209,,,,
জাকির মেডিকেল হল,pharmacy,23.3351006279176,91.2710162705105,,,,
Mirror Hospital Limited.,hospital,22.3602061636719,91.8332579906786,,,,
Tangail Medical College and Hospital,hospital,24.2639697265614,89.9252632430671,,,yes,
Liton Homio Hall,pharmacy,23.7514045290175,90.432424459997,,,,
Incepta Dhamrai Plant. Pond-1,pharmacy,23.9144694261163,90.0739134460023,,,,
Lalpur Upazila Health Complex,hospital,24.176840765082,88.9620061293685,,,,
"M/S. Mollah Pharmacy,Hazi Amanotullah Road,C.D.A Market, Pahartali, Chattogram",pharmacy,22.3583846922933,91.7858865752461,,,,
Public Health Centre,clinic,22.1575041684749,89.9301900419335,,,,
Surjer Hasi Clinic,clinic,23.7386029321196,90.3641259469111,comunity clinic,,,
Sariakandi Upazila Health Complex,hospital,24.8940961452557,89.5740238653516,,,,
Kalmakanda Upazila Health Complex,hospital,25.0741779821774,90.8931412999853,,,,
Rainbow Heart Limited,hospital,23.7500282205164,90.3686963472546,,,,
Ananda Oushodh Biponon,pharmacy,23.7483819309141,90.4332445454035,,,,
Upazila health complex Paikgacha,hospital,22.5943450734544,89.3182431330322,,,,
"S K Pharmacy, Chittagong - Rangamati-Khagrachhari Rd, Chattogram",pharmacy,22.4274206452203,91.8197767890714,,,,
Reversal,doctor,23.8468436445792,90.3876905780361,,,,
Jass Pharma,pharmacy,23.7708039409984,90.3678383756458,,,,
"Islamia Pharmacy, Chhadu Ullah Munsi Rd, Salimpur, Salimpur Union, Chattogram",pharmacy,22.3783287603424,91.7634330492058,,,,
Mohammad Dental Care,dentist,23.7109549730447,90.4237010780882,,,,
শশী ক্লিনিক এন্ড ডায়াগনষ্টিক সেন্টার,clinic,24.1694553863768,89.1402480547246,,,,
Rupa Homeo Hall (রুপা হোমিও হল),pharmacy,23.7724834229373,90.3461821362354,,,,
Chowdhury Clinic,clinic,24.0774651725139,89.6175506694366,,,,general;internal;dentist;surgery
Messers Rokeya International,pharmacy,23.7503755665839,90.4088106271005,,,,
New Sundarban Clinic,clinic,22.314064624892,89.8537292315373,,,,
Mukti Clinic,clinic,24.3712969792131,88.5835879276988,,,,
Sheba Medical,pharmacy,24.2625274524823,89.9233288674528,,,,
Pongu Hospital,hospital,23.1568698504927,89.2053372209044,,,,
Mia Bazar Clinic মিয়া ক্লিনিক,clinic,23.3370468220155,91.2694472620554,,,,
"Chowdhury Pharmacy, Md. Zaman Chowdhury Rd, Chattogram",pharmacy,22.3627650748918,91.8190948374292,,,,
Ruki Medical,pharmacy,24.8171458317141,88.9390166644394,,,,
Barura Upazila Health Complex,hospital,23.3765250830485,91.0589788468349,,,,
"Sourav Homeopathy Hall, Homeopathic pharmacy",pharmacy,25.291429368722,89.3496109807356,,,,
Taher Pharmacy,pharmacy,25.7645435464181,89.2320231889521,,,,
"Mukter General Hospital, Bazar Road, Gopalpur, Natore",hospital,24.2046887163667,89.0023400988966,,,,
Popular Diagnostic Center Ltd.,clinic,23.7882313426197,90.4251381553873,,,,
Ad-Din Medical College Hospital ~ MaghBazar,hospital,23.7484000358249,90.405595077586,,,,
জাতীয় হাসপাতাল,hospital,22.938316083833,91.3044742295891,,,,
"Balaka General Hospital, Hospital",hospital,23.8667626507378,89.9997918571438,,,,
Runa Medical Hall,pharmacy,22.6855382521445,90.3617650162443,,,,
M I Dental Care(এম আই ডেন্টাল কেয়ার),clinic,23.8233214258843,90.3640359252711,,,,
Double Hazi Daowat Khana,pharmacy,24.5944158656172,88.2602307832519,,,,
"M/S. B. B Pharmacy, Bus Stand, Hathazari, Chattogram",pharmacy,22.4989349592777,91.8069144233755,,,,
Sujon Medical Hall,pharmacy,22.3232814494407,90.9802073971908,,,,
Tarafdar Pharmacy,pharmacy,22.6676184975308,89.7896981968142,,,,
"Doctors Medical Center And Hospital, Hospital",hospital,24.6089477387872,90.0226623828669,,,,
"Upazila Health Complex, Mohadevpur",hospital,24.9216637218792,88.7509437724892,,,,
Madaripur Medical Hall,pharmacy,23.7569337352649,90.4073877990368,,,,
Dhania Community clinic,clinic,22.7084602427531,90.6664001741247,,,,
"Jhawoil Union Porishod Hospital, Hospital",hospital,24.4029900447595,89.6754426306373,,,,
Medilab Digital Physiotherapy,clinic,23.5542822829441,90.5330445975483,,,,
Yeasin Pharmacy,pharmacy,23.7826363384323,90.4288352452391,,,,
Arafat Hospital & Diagonostic Center,clinic,23.7304155729188,90.3368666566864,,,,
"Upazila Health Complex, Government hospital",hospital,24.6897978165993,89.9542715850271,,,,
"Afif Medical Centre, Jugi Chand Mosjid Ln, Chattogram",pharmacy,22.3289877653022,91.8194686703108,,,,
"Health cure hospital, fakirhat",clinic,22.7783480484997,89.7017436178723,,,,
World Mart Pharmacy,pharmacy,23.9226575396885,90.3920739781197,,,,
Bodhan Drug House,pharmacy,23.6031097187769,89.8364830466626,,,,
"Saila Pharmacy, Pharmacy",pharmacy,23.9670825485174,90.37992784605,,,,
Pabna Homeo Clinic(পাবনা হোমিও ক্লিনিক),pharmacy,23.8231178294562,90.3641154695322,,,,
"Mohammadia Hospital, Bhaluka",hospital,24.4024910700636,90.386171525724,,,,
Borsha pharmacy,pharmacy,23.8464845638472,90.2464680824172,,,,
Thyroid Centre,clinic,23.7431620168938,90.3844251561978,,,,
Razapur Community Clinic,clinic,22.3369778983214,89.7777331976721,,,,
Patuakhli Medical College Hospital,hospital,22.3634759440999,90.3271959520809,,,,
"Parimal Bakali, Tero Mile Garaya Hat, Pharmacy",pharmacy,25.8023195267357,88.6764813754476,,,,
Comfort medical services,doctor,24.8995028918978,91.8561448611129,,,,
"Begum Rokeya Medical College And Hospital, Hospital",hospital,25.7284914721263,89.2403484304601,,,,
Hamdard Bangladesh,pharmacy,25.7254496794646,89.2549337801724,,,,
Noishi Medical,pharmacy,24.816775770689,88.9390749186664,,,,
"Sheikh Drugs House, Korail",pharmacy,23.7865284751709,90.4104112353305,,,,
FaridpurUpazila Health Complex,hospital,24.1607051823779,89.457108972755,,,,
Al Madina Pharmacy,pharmacy,23.7695741481648,90.3684572953761,,,,
Companygonj Upazila Health Complex,hospital,25.0854566710877,91.7554135795255,,,,
"One Diagnostic Centre, Chattogram-Hathazari Raujan Highway, Hathazari, Chattogram",hospital,22.5014698982545,91.809165970206,,,,
Swadesh Medico,pharmacy,21.7775231609584,92.1945488628608,,,,
Nawabi,hospital,22.3277276299791,91.8114566605243,,,,
Masram Homio Pharma(মাশরাম হোমিও ফার্মা),pharmacy,23.8285083990252,90.3707218341565,,,,
Islamia Pharmacy,pharmacy,23.8544523171849,90.3862678337914,,,,
"Jannat Pharmacy, Pharmacy",pharmacy,25.7217209898379,89.2425325867891,,,,
Afif Medical,pharmacy,23.0412407418428,89.6320611687535,,,,
Fazilatunnesha Kuddus Hospital,hospital,23.5723857688753,90.4926734961892,,,no,gynaecology
Sunflower Pharmacy,pharmacy,25.7637132350898,89.2331474536247,,,,
Shafik Dental,dentist,23.84470366088,90.3887976598073,,,,
"Shapla Medical Center, Hospital",hospital,23.8673366434671,89.999644335648,,,,
Dr. Md. Nazmul Alam,doctor,22.8066011809838,89.5685447828852,,,,
Al-Macca Pharmacy,pharmacy,22.3587393306165,91.8374619342153,,,,
shishu Hospital(শিশু হাসপাতাল),hospital,23.8212391934979,90.3730251811485,,,,
"SS Pharmacy, Chittagong - Rangamati Hwy, Chattogram",pharmacy,22.3720167681576,91.8335355993117,,,,
Surjer Hasi Clinic,clinic,24.7168311307145,90.9527303451216,,,,
Life Care Hospital,hospital,25.6284711435661,88.6293332539156,Life Care Hospital,,yes,gynaecology;Obstetrics;general;surgery
Islam Pharma,pharmacy,23.7706544916648,90.3679550517379,,,,
"M/s Arfin & Arman Pharmacy, Chattogram - Rangamati-Khagrachari Highway, Chattogram",pharmacy,22.4836026981737,91.8101307272613,,,,
"Abdullah Esteel And Walksp, Homeopathic pharmacy",pharmacy,24.4677090660951,89.8744596897422,,,,
Jannat Drugs,pharmacy,23.5884418911374,89.8339168431871,,,,
"Safa Marwa Hospital Jatrabari, Mamtaz Market, North Jatrabari, Jatrabari, Dhaka",hospital,23.7108019194927,90.4338353857582,,,,
Babul Pharmacy,pharmacy,23.7564074355647,90.4148765266081,,,,
New Uttam Pharmacy,pharmacy,24.0258846167648,89.246494041867,,,,
Tech Care Lab,clinic,25.7632061299477,89.2342189961265,,,,
Progoty Pharmacy,pharmacy,24.7053445706055,91.7319895967358,,,,
Alamdanga Upazila Health Complex,hospital,23.7885457478077,88.9029475748841,,,,general
Upzila Livestock Hospital,hospital,24.7653352765419,90.2553719267013,,,,
"Biplab Model Medicine Shop, Pharmacy",pharmacy,24.4850796384129,89.9736340328151,,,,
"Akhira Pharma, Doctor",doctor,25.539544263856,89.2833453306264,,,,
"Seba Medical Centre, Hospital",hospital,23.9132301617321,90.2268289480054,,,,
"Module General Hospital, Poribagh Rd Number 2, Dhaka",hospital,23.7415009751419,90.3931103166281,,,,
"Sadar Upzila Complex, Chapai Nawabganj",hospital,24.5873223447805,88.2835668398773,,,,
Pran Demtal Clinic,dentist,23.7727351314896,90.3545316852627,,,,
Brother's Medical Hall,pharmacy,24.2231877443087,90.7573845596067,,,,
Dr Abdul Matin Medical Hall,pharmacy,23.7666043560514,90.3632201984543,,,,
Crescent Pharmacy,pharmacy,22.3574395488914,91.8377037521219,,,,
Nasir Medical Hall,pharmacy,23.7838427457561,90.406928973657,,,,
Unite Hospital,hospital,24.2670984395589,89.9252740557222,,,,
"Kusumhati, Sherpur Sadar, Hospital",hospital,24.9914704746221,90.0009974262773,,,,
"Prime Care Hospital And Diagnostic Center, Hospital",hospital,25.7606703527807,89.2379056924183,,,,
